,hgnc_symbol,human_ensembl_gene_id,mouse_ensembl_gene_id,mgi_symbol
0,C11orf58,ENSG00000110696,ENSMUSG00000030663,1110004F10Rik
1,C6orf118,ENSG00000112539,ENSMUSG00000023873,1700010I14Rik
2,C19orf12,ENSG00000131943,ENSMUSG00000054676,1600014C10Rik
3,SYCP3,ENSG00000139351,ENSMUSG00000054727,1700013H16Rik
4,C20orf144,ENSG00000149609,ENSMUSG00000038523,1700003F12Rik
5,C16orf74,ENSG00000154102,ENSMUSG00000043687,1190005I06Rik
6,C4orf19,ENSG00000154274,ENSMUSG00000060512,0610040J01Rik
7,C9orf85,ENSG00000155621,ENSMUSG00000035171,1110059E24Rik
8,C4orf36,ENSG00000163633,ENSMUSG00000029320,1700016H13Rik
9,KIAA1143,ENSG00000163807,ENSMUSG00000032551,1110059G10Rik
10,SPMIP6,ENSG00000164972,ENSMUSG00000028441,1110017D15Rik
11,C2orf68,ENSG00000168887,ENSMUSG00000058706,0610030E20Rik
12,SPMIP3,ENSG00000173728,ENSMUSG00000015962,1700016C15Rik
13,C9orf50,ENSG00000179058,ENSMUSG00000044320,1700001O22Rik
14,C3orf80,ENSG00000180044,ENSMUSG00000046999,1110032F04Rik
15,C8orf33,ENSG00000182307,ENSMUSG00000063236,1110038F14Rik
16,C6orf120,ENSG00000185127,ENSMUSG00000050088,1600012H06Rik
17,C1orf122,ENSG00000197982,ENSMUSG00000078570,1110065P20Rik
18,C19orf81,ENSG00000235034,ENSMUSG00000008028,1700008O03Rik
19,C12orf75,ENSG00000235162,ENSMUSG00000087651,1500009L16Rik
20,C4orf51,ENSG00000237136,ENSMUSG00000031682,1700011L22Rik
21,C11orf97,ENSG00000257057,ENSMUSG00000031927,1700012B09Rik
22,C17orf49,ENSG00000258315,ENSMUSG00000020831,0610010K14Rik
23,SPMAP1,ENSG00000275489,ENSMUSG00000018543,1700001P01Rik
24,C2orf81,ENSG00000284308,ENSMUSG00000030030,1700003E16Rik
25,CIMIP3,ENSG00000287363,ENSMUSG00000047150,1700001C19Rik
26,,,ENSMUSG00000020617,1700012B07Rik
27,,,ENSMUSG00000027973,1700006A11Rik
28,,,ENSMUSG00000028287,1700009N14Rik
29,,,ENSMUSG00000029766,1700012A03Rik
30,,,ENSMUSG00000039174,1700003H04Rik
31,,,ENSMUSG00000041399,1700013G24Rik
32,,,ENSMUSG00000043644,0610009L18Rik
33,,,ENSMUSG00000056508,1700001K19Rik
34,,,ENSMUSG00000057047,1700010B08Rik
35,,,ENSMUSG00000057818,1600029O15Rik
36,,,ENSMUSG00000058812,0610039K10Rik
37,,,ENSMUSG00000069118,1700008P02Rik
38,,,ENSMUSG00000071456,1110002L01Rik
39,,,ENSMUSG00000071721,1700010D01Rik
40,,,ENSMUSG00000072694,1500011B03Rik
41,,,ENSMUSG00000075511,1700001L05Rik
42,,,ENSMUSG00000079346,1700013D24Rik
43,,,ENSMUSG00000085114,1600025M17Rik
44,,,ENSMUSG00000085389,1700003M07Rik
45,,,ENSMUSG00000085457,1110046J04Rik
46,,,ENSMUSG00000085944,1700003D09Rik
47,,,ENSMUSG00000085972,1110028F11Rik
48,,,ENSMUSG00000085984,1700001G11Rik
49,,,ENSMUSG00000086330,1700007J10Rik
50,,,ENSMUSG00000087341,0610040F04Rik
51,,,ENSMUSG00000087361,0610043K17Rik
52,,,ENSMUSG00000087621,1700003G18Rik
53,,,ENSMUSG00000089730,1700007P06Rik
54,,,ENSMUSG00000089889,0610040B10Rik
55,,,ENSMUSG00000092203,1110038B12Rik
56,,,ENSMUSG00000092599,1700010K23Rik
57,,,ENSMUSG00000094690,1600014C23Rik
58,,,ENSMUSG00000094732,1500015L24Rik
59,,,ENSMUSG00000095040,1700001J03Rik
60,,,ENSMUSG00000095384,1700001F09Rik
61,,,ENSMUSG00000096573,1700009J07Rik
62,,,ENSMUSG00000097047,1110020A21Rik
63,,,ENSMUSG00000097048,1600020E01Rik
64,,,ENSMUSG00000097247,1500012K07Rik
65,,,ENSMUSG00000097290,1300002E11Rik
66,,,ENSMUSG00000097318,1700007L15Rik
67,,,ENSMUSG00000097616,1110019D14Rik
68,,,ENSMUSG00000097882,0610038B21Rik
69,,,ENSMUSG00000098659,1110015O18Rik
70,,,ENSMUSG00000098702,1500015A07Rik
71,,,ENSMUSG00000098912,1500004A13Rik
72,,,ENSMUSG00000099139,1110028F18Rik
73,,,ENSMUSG00000099146,0610031O16Rik
74,,,ENSMUSG00000099391,1700003C15Rik
75,,,ENSMUSG00000099419,1700001D01Rik
76,,,ENSMUSG00000099429,1600019K03Rik
77,,,ENSMUSG00000100010,1700010I02Rik
78,,,ENSMUSG00000100274,1700006F04Rik
79,,,ENSMUSG00000100314,1700010J16Rik
80,,,ENSMUSG00000100625,1700016G22Rik
81,,,ENSMUSG00000100666,1700007F19Rik
82,,,ENSMUSG00000100727,1700003P14Rik
83,,,ENSMUSG00000101012,1700008K24Rik
84,,,ENSMUSG00000101225,1700008J07Rik
85,,,ENSMUSG00000101404,1700009C05Rik
86,,,ENSMUSG00000101565,1700003L19Rik
87,,,ENSMUSG00000101585,1600010M07Rik
88,,,ENSMUSG00000101963,1700001J11Rik
89,,,ENSMUSG00000102000,1700006H21Rik
90,,,ENSMUSG00000102069,1700012I11Rik
91,,,ENSMUSG00000102099,1700011B04Rik
92,,,ENSMUSG00000103746,1700001G17Rik
93,,,ENSMUSG00000107121,1110006O24Rik
94,,,ENSMUSG00000109644,0610005C13Rik
95,,,ENSMUSG00000117232,1600002D24Rik
96,,,ENSMUSG00000118314,1700001K23Rik
0,C19orf44,ENSG00000105072,ENSMUSG00000052794,1700030K09Rik
1,C1orf21,ENSG00000116667,ENSMUSG00000032666,1700025G04Rik
2,CIMIP1,ENSG00000124237,ENSMUSG00000027518,1700021F07Rik
3,C12orf50,ENSG00000165805,ENSMUSG00000056912,1700017N19Rik
4,SPMIP5,ENSG00000165863,ENSMUSG00000026931,1700019N19Rik
5,C16orf46,ENSG00000166455,ENSMUSG00000031847,1700030J22Rik
6,C15orf39,ENSG00000167173,ENSMUSG00000032300,1700017B05Rik
7,C9orf131,ENSG00000174038,ENSMUSG00000028451,1700022I11Rik
8,C10orf53,ENSG00000178645,ENSMUSG00000072473,1700024G13Rik
9,C2orf88,ENSG00000187699,ENSMUSG00000043629,1700019D03Rik
10,C1orf146,ENSG00000203910,ENSMUSG00000089798,1700028K03Rik
11,CFAP96,ENSG00000205129,ENSMUSG00000071103,1700029J07Rik
12,C12orf71,ENSG00000214700,ENSMUSG00000040163,1700034J05Rik
13,C16orf90,ENSG00000215131,ENSMUSG00000005983,1700037C18Rik
14,,ENSG00000250803,ENSMUSG00000024532,1700034E13Rik
15,C16orf95,ENSG00000260456,ENSMUSG00000031809,1700018B08Rik
16,C17orf50,ENSG00000270806,ENSMUSG00000035085,1700020L24Rik
17,C13orf46,ENSG00000283199,ENSMUSG00000031452,1700029H14Rik
18,,,ENSMUSG00000027409,1700020A23Rik
19,,,ENSMUSG00000029620,1700018F24Rik
20,,,ENSMUSG00000032894,1700031F05Rik
21,,,ENSMUSG00000037884,1700017G19Rik
22,,,ENSMUSG00000037910,1700018B24Rik
23,,,ENSMUSG00000038165,1700022A21Rik
24,,,ENSMUSG00000038408,1700018A04Rik
25,,,ENSMUSG00000038782,1700028J19Rik
26,,,ENSMUSG00000050844,1700020N01Rik
27,,,ENSMUSG00000052075,1700029F12Rik
28,,,ENSMUSG00000055833,1700034H15Rik
29,,,ENSMUSG00000056821,1700028I16Rik
30,,,ENSMUSG00000059690,1700020N15Rik
31,,,ENSMUSG00000059695,1700019M22Rik
32,,,ENSMUSG00000060715,1700019A02Rik
33,,,ENSMUSG00000078492,1700045H11Rik
34,,,ENSMUSG00000078935,1700025C18Rik
35,,,ENSMUSG00000085333,1700030A11Rik
36,,,ENSMUSG00000085416,1700019G24Rik
37,,,ENSMUSG00000085561,1700046C09Rik
38,,,ENSMUSG00000086202,1700019E08Rik
39,,,ENSMUSG00000086348,1700017J07Rik
40,,,ENSMUSG00000086379,1700026D11Rik
41,,,ENSMUSG00000086391,1700042O10Rik
42,,,ENSMUSG00000086788,1700029M20Rik
43,,,ENSMUSG00000086823,1700028P15Rik
44,,,ENSMUSG00000087044,1700042G15Rik
45,,,ENSMUSG00000087343,1700021N21Rik
46,,,ENSMUSG00000087393,1700023C21Rik
47,,,ENSMUSG00000091071,1700030C10Rik
48,,,ENSMUSG00000092239,1700031A10Rik
49,,,ENSMUSG00000092369,1700039E22Rik
50,,,ENSMUSG00000097321,1700028E10Rik
51,,,ENSMUSG00000097424,1700030M09Rik
52,,,ENSMUSG00000097893,1700034P13Rik
53,,,ENSMUSG00000097962,1700034G24Rik
54,,,ENSMUSG00000098144,1700029N11Rik
55,,,ENSMUSG00000098304,1700027I24Rik
56,,,ENSMUSG00000099349,1700047G03Rik
57,,,ENSMUSG00000099353,1700031M16Rik
58,,,ENSMUSG00000099360,1700022H16Rik
59,,,ENSMUSG00000099417,1700028B04Rik
60,,,ENSMUSG00000099508,1700030L20Rik
61,,,ENSMUSG00000099747,1700025K24Rik
62,,,ENSMUSG00000099751,1700022A22Rik
63,,,ENSMUSG00000099759,1700030C10Rik
64,,,ENSMUSG00000099869,1700030F04Rik
65,,,ENSMUSG00000099911,1700044C05Rik
66,,,ENSMUSG00000099968,1700029J03Rik
67,,,ENSMUSG00000099983,1700022E09Rik
68,,,ENSMUSG00000099994,1700024B18Rik
69,,,ENSMUSG00000099995,1700036G14Rik
70,,,ENSMUSG00000100000,1700023F02Rik
71,,,ENSMUSG00000100075,1700018L02Rik
72,,,ENSMUSG00000100121,1700025N23Rik
73,,,ENSMUSG00000100146,1700020M21Rik
74,,,ENSMUSG00000100147,1700047M11Rik
75,,,ENSMUSG00000100175,1700025M24Rik
76,,,ENSMUSG00000100198,1700030O20Rik
77,,,ENSMUSG00000100253,1700020N18Rik
78,,,ENSMUSG00000100282,1700041C23Rik
79,,,ENSMUSG00000100294,1700034K08Rik
80,,,ENSMUSG00000100297,1700044K03Rik
81,,,ENSMUSG00000100315,1700031P21Rik
82,,,ENSMUSG00000100558,1700025F24Rik
83,,,ENSMUSG00000100759,1700029B22Rik
84,,,ENSMUSG00000100799,1700027H10Rik
85,,,ENSMUSG00000100857,1700041M19Rik
86,,,ENSMUSG00000100911,1700027F09Rik
87,,,ENSMUSG00000100969,1700030N03Rik
88,,,ENSMUSG00000101113,1700025B11Rik
89,,,ENSMUSG00000101334,1700028M03Rik
90,,,ENSMUSG00000101483,1700016L21Rik
91,,,ENSMUSG00000101683,1700028D13Rik
92,,,ENSMUSG00000101762,1700047L14Rik
93,,,ENSMUSG00000101801,1700020G17Rik
94,,,ENSMUSG00000101854,1700026F02Rik
95,,,ENSMUSG00000101894,1700016P04Rik
96,,,ENSMUSG00000111422,1700027J07Rik
0,C22orf23,ENSG00000128346,ENSMUSG00000033029,1700088E04Rik
1,C2orf69,ENSG00000178074,ENSMUSG00000038323,1700066M21Rik
2,C12orf42,ENSG00000179088,ENSMUSG00000047129,1700113H08Rik
3,C14orf119,ENSG00000179933,ENSMUSG00000040822,1700123O20Rik
4,C19orf67,ENSG00000188032,ENSMUSG00000046408,1700067K01Rik
5,PLSCR1,ENSG00000188313,ENSMUSG00000074139,1700057G04Rik
6,C3orf62,ENSG00000188315,ENSMUSG00000032611,1700102P08Rik
7,C2orf74,ENSG00000237651,ENSMUSG00000020286,1700093K21Rik
8,,,ENSMUSG00000008307,1700109H08Rik
9,,,ENSMUSG00000021545,1700067P10Rik
10,,,ENSMUSG00000028009,1700061I17Rik
11,,,ENSMUSG00000029526,1700123K08Rik
12,,,ENSMUSG00000042184,1700069L16Rik
13,,,ENSMUSG00000043773,1700048O20Rik
14,,,ENSMUSG00000043859,1700049L16Rik
15,,,ENSMUSG00000044854,1700056E22Rik
16,,,ENSMUSG00000058101,1700084J12Rik
17,,,ENSMUSG00000071265,1700086L19Rik
18,,,ENSMUSG00000078600,1700092K14Rik
19,,,ENSMUSG00000078957,1700060C20Rik
20,,,ENSMUSG00000079407,1700110I01Rik
21,,,ENSMUSG00000080980,1700071K01Rik
22,,,ENSMUSG00000084757,1700057H15Rik
23,,,ENSMUSG00000084811,1700092E19Rik
24,,,ENSMUSG00000084859,1700080N15Rik
25,,,ENSMUSG00000085044,1700109G15Rik
26,,,ENSMUSG00000085077,1700049E15Rik
27,,,ENSMUSG00000085197,1700125H03Rik
28,,,ENSMUSG00000085263,1700125G02Rik
29,,,ENSMUSG00000085580,1700061F12Rik
30,,,ENSMUSG00000085614,1700123M08Rik
31,,,ENSMUSG00000085637,1700048M11Rik
32,,,ENSMUSG00000085800,1700066O22Rik
33,,,ENSMUSG00000085889,1700054M17Rik
34,,,ENSMUSG00000086046,1700095A21Rik
35,,,ENSMUSG00000086080,1700123O12Rik
36,,,ENSMUSG00000086333,1700120E14Rik
37,,,ENSMUSG00000086781,1700092C02Rik
38,,,ENSMUSG00000086887,1700060C16Rik
39,,,ENSMUSG00000086951,1700051A21Rik
40,,,ENSMUSG00000087047,1700110K17Rik
41,,,ENSMUSG00000087204,1700073E17Rik
42,,,ENSMUSG00000090307,1700071M16Rik
43,,,ENSMUSG00000092066,1700121N20Rik
44,,,ENSMUSG00000092499,1700092C10Rik
45,,,ENSMUSG00000093616,1700055C04Rik
46,,,ENSMUSG00000094928,1700122O11Rik
47,,,ENSMUSG00000096655,1700065D16Rik
48,,,ENSMUSG00000096935,1700113A16Rik
49,,,ENSMUSG00000097080,1700086O06Rik
50,,,ENSMUSG00000097584,1700125G22Rik
51,,,ENSMUSG00000097675,1700101I11Rik
52,,,ENSMUSG00000098230,1700095B10Rik
53,,,ENSMUSG00000099378,1700067G17Rik
54,,,ENSMUSG00000099384,1700110C19Rik
55,,,ENSMUSG00000099435,1700065I16Rik
56,,,ENSMUSG00000099474,1700097N02Rik
57,,,ENSMUSG00000099579,1700120K04Rik
58,,,ENSMUSG00000099605,1700066N21Rik
59,,,ENSMUSG00000099630,1700096J18Rik
60,,,ENSMUSG00000099639,1700084F23Rik
61,,,ENSMUSG00000099681,1700052K11Rik
62,,,ENSMUSG00000099872,1700074H08Rik
63,,,ENSMUSG00000099923,1700105P06Rik
64,,,ENSMUSG00000099988,1700054A03Rik
65,,,ENSMUSG00000100062,1700063A18Rik
66,,,ENSMUSG00000100134,1700065O20Rik
67,,,ENSMUSG00000100211,1700064M15Rik
68,,,ENSMUSG00000100219,1700054K19Rik
69,,,ENSMUSG00000100364,1700121L16Rik
70,,,ENSMUSG00000100487,1700072B07Rik
71,,,ENSMUSG00000100511,1700111N16Rik
72,,,ENSMUSG00000100573,1700081H04Rik
73,,,ENSMUSG00000100585,1700108J01Rik
74,,,ENSMUSG00000100593,1700119H24Rik
75,,,ENSMUSG00000100599,1700120C14Rik
76,,,ENSMUSG00000100681,1700064J06Rik
77,,,ENSMUSG00000100717,1700120G07Rik
78,,,ENSMUSG00000100747,1700084E18Rik
79,,,ENSMUSG00000100837,1700063D05Rik
80,,,ENSMUSG00000100872,1700065J18Rik
81,,,ENSMUSG00000100890,1700085C21Rik
82,,,ENSMUSG00000101009,1700108F19Rik
83,,,ENSMUSG00000101051,1700100L14Rik
84,,,ENSMUSG00000101261,1700109I08Rik
85,,,ENSMUSG00000101481,1700123O21Rik
86,,,ENSMUSG00000101505,1700109G14Rik
87,,,ENSMUSG00000101553,1700049E22Rik
88,,,ENSMUSG00000101574,1700112H15Rik
89,,,ENSMUSG00000101634,1700066B17Rik
90,,,ENSMUSG00000101695,1700094J05Rik
91,,,ENSMUSG00000101856,1700096K18Rik
92,,,ENSMUSG00000101912,1700052I22Rik
93,,,ENSMUSG00000101978,1700063O14Rik
94,,,ENSMUSG00000102096,1700101O22Rik
95,,,ENSMUSG00000107341,1700065J11Rik
96,,,ENSMUSG00000107637,1700069P05Rik
97,,,ENSMUSG00000107744,1700072O05Rik
98,,,ENSMUSG00000107895,1700094M24Rik
99,,,ENSMUSG00000116852,1700102H20Rik
0,C1orf198,ENSG00000119280,ENSMUSG00000031983,2310022B05Rik
1,C19orf25,ENSG00000119559,ENSMUSG00000020133,2310011J03Rik
2,C10orf88,ENSG00000119965,ENSMUSG00000040177,2310057M21Rik
3,C10orf95,ENSG00000120055,ENSMUSG00000099655,2310034G01Rik
4,C1orf35,ENSG00000143793,ENSMUSG00000020441,2310033P09Rik
5,C11orf52,ENSG00000149300,ENSMUSG00000032062,2310030G06Rik
6,C12orf43,ENSG00000157895,ENSMUSG00000029559,2210016L21Rik
7,C19orf47,ENSG00000160392,ENSMUSG00000049643,2310022A10Rik
8,C1orf52,ENSG00000162642,ENSMUSG00000036873,2410004B18Rik
9,C4orf3,ENSG00000164096,ENSMUSG00000054091,1810037I17Rik
10,C19orf33,ENSG00000167644,ENSMUSG00000030587,2200002D01Rik
11,C11orf24,ENSG00000171067,ENSMUSG00000035372,1810055G02Rik
12,C11orf86,ENSG00000173237,ENSMUSG00000042041,2010003K11Rik
13,C6orf58,ENSG00000184530,ENSMUSG00000015519,2310057J18Rik
14,KIAA0825,ENSG00000185261,ENSMUSG00000071252,2210408I21Rik
15,CXorf38,ENSG00000185753,ENSMUSG00000044148,1810030O07Rik
16,C17orf58,ENSG00000186665,ENSMUSG00000078607,1810010H24Rik
17,C15orf61,ENSG00000189227,ENSMUSG00000032403,2300009A05Rik
18,C1orf53,ENSG00000203724,ENSMUSG00000079283,2310009B15Rik
19,C6orf15,ENSG00000204542,ENSMUSG00000039269,2300002M23Rik
20,C6orf136,ENSG00000204564,ENSMUSG00000050705,2310061I04Rik
21,C6orf226,ENSG00000221821,ENSMUSG00000062619,2310039H08Rik
22,C11orf98,ENSG00000278615,ENSMUSG00000071653,1810009A15Rik
23,,,ENSMUSG00000013083,2200002J24Rik
24,,,ENSMUSG00000013653,1810065E05Rik
25,,,ENSMUSG00000021977,1700129C05Rik
26,,,ENSMUSG00000025528,2010106E10Rik
27,,,ENSMUSG00000027713,1810062G17Rik
28,,,ENSMUSG00000028396,2310002L09Rik
29,,,ENSMUSG00000029384,2010109A12Rik
30,,,ENSMUSG00000031998,1700128F08Rik
31,,,ENSMUSG00000038311,2410017I17Rik
32,,,ENSMUSG00000044145,1810024B03Rik
33,,,ENSMUSG00000045331,2310079G19Rik
34,,,ENSMUSG00000045411,2410002F23Rik
35,,,ENSMUSG00000048830,2310057N15Rik
36,,,ENSMUSG00000050704,2310061N02Rik
37,,,ENSMUSG00000053353,2310001K24Rik
38,,,ENSMUSG00000063018,2010204K13Rik
39,,,ENSMUSG00000068078,2310034C09Rik
40,,,ENSMUSG00000071398,2410004P03Rik
41,,,ENSMUSG00000073164,2410018L13Rik
42,,,ENSMUSG00000074829,2010315B03Rik
43,,,ENSMUSG00000078257,2300003K06Rik
44,,,ENSMUSG00000081766,2210409E12Rik
45,,,ENSMUSG00000084925,1810062O18Rik
46,,,ENSMUSG00000085338,2410004I01Rik
47,,,ENSMUSG00000085394,2210414B05Rik
48,,,ENSMUSG00000085860,2410003L11Rik
49,,,ENSMUSG00000086390,1810019D21Rik
50,,,ENSMUSG00000086494,2210417A02Rik
51,,,ENSMUSG00000086841,2410006H16Rik
52,,,ENSMUSG00000087254,2310005A03Rik
53,,,ENSMUSG00000087331,1810021B22Rik
54,,,ENSMUSG00000087380,2210408F21Rik
55,,,ENSMUSG00000087410,2310065F04Rik
56,,,ENSMUSG00000090925,1810064F22Rik
57,,,ENSMUSG00000091575,2010016I18Rik
58,,,ENSMUSG00000094808,1810009J06Rik
59,,,ENSMUSG00000097101,1810034E14Rik
60,,,ENSMUSG00000097162,2310010J17Rik
61,,,ENSMUSG00000097354,2310001H17Rik
62,,,ENSMUSG00000097412,1810014B01Rik
63,,,ENSMUSG00000097729,2310015A10Rik
64,,,ENSMUSG00000099411,2310015D24Rik
65,,,ENSMUSG00000099446,2310005E17Rik
66,,,ENSMUSG00000099447,2310030A07Rik
67,,,ENSMUSG00000099528,2410012E07Rik
68,,,ENSMUSG00000099794,1700128A07Rik
69,,,ENSMUSG00000099825,1810012K16Rik
70,,,ENSMUSG00000100001,1810007D17Rik
71,,,ENSMUSG00000100084,2310068J16Rik
72,,,ENSMUSG00000100094,1810008I18Rik
73,,,ENSMUSG00000100157,2310034O05Rik
74,,,ENSMUSG00000100182,1810006J02Rik
75,,,ENSMUSG00000100277,1810053B23Rik
76,,,ENSMUSG00000100291,2310069B03Rik
77,,,ENSMUSG00000100335,2310008N11Rik
78,,,ENSMUSG00000100410,2310020H05Rik
79,,,ENSMUSG00000100550,2310039L15Rik
80,,,ENSMUSG00000100680,1810044D09Rik
81,,,ENSMUSG00000100691,2010320M18Rik
82,,,ENSMUSG00000100714,2010308F09Rik
83,,,ENSMUSG00000100738,2010106C02Rik
84,,,ENSMUSG00000100844,1810007C17Rik
85,,,ENSMUSG00000100860,2010009K17Rik
86,,,ENSMUSG00000101088,1810018F18Rik
87,,,ENSMUSG00000101268,2010310C07Rik
88,,,ENSMUSG00000101655,2310040G24Rik
89,,,ENSMUSG00000101746,2310043L19Rik
90,,,ENSMUSG00000101773,2210420H20Rik
91,,,ENSMUSG00000102047,2010010A06Rik
92,,,ENSMUSG00000102098,2310016D03Rik
93,,,ENSMUSG00000102106,2310043O21Rik
94,,,ENSMUSG00000107014,1700126H18Rik
95,,,ENSMUSG00000112701,2310002D06Rik
96,,,ENSMUSG00000113800,2210039B01Rik
97,,,ENSMUSG00000118322,2210409D07Rik
0,KIAA0586,ENSG00000100578,ENSMUSG00000034601,2700049A03Rik
1,KIAA2013,ENSG00000116685,ENSMUSG00000044496,2510039O18Rik
2,SYCP3,ENSG00000139351,ENSMUSG00000031125,3830403N18Rik
3,C18orf21,ENSG00000141428,ENSMUSG00000024273,2700062C07Rik
4,C1orf131,ENSG00000143633,ENSMUSG00000031984,2810004N23Rik
5,C7orf50,ENSG00000146540,ENSMUSG00000053553,3110082I17Rik
6,C21orf58,ENSG00000160298,ENSMUSG00000009114,2610028H24Rik
7,C15orf40,ENSG00000169609,ENSMUSG00000025102,3110040N11Rik
8,C5orf34,ENSG00000172244,ENSMUSG00000062822,4833420G17Rik
9,C19orf18,ENSG00000177025,ENSMUSG00000030385,2900092C05Rik
10,C10orf71,ENSG00000177354,ENSMUSG00000071540,3425401B19Rik
11,C3orf70,ENSG00000187068,ENSMUSG00000043391,2510009E07Rik
12,KIAA1671,ENSG00000197077,ENSMUSG00000051339,2900026A02Rik
13,C2orf72,ENSG00000204128,ENSMUSG00000026227,2810459M11Rik
14,C22orf39,ENSG00000242259,ENSMUSG00000071632,2510002D24Rik
15,C1orf210,ENSG00000253313,ENSMUSG00000028536,2610528J11Rik
16,,,ENSMUSG00000018570,2810408A11Rik
17,,,ENSMUSG00000020491,2810021J22Rik
18,,,ENSMUSG00000026388,3110009E18Rik
19,,,ENSMUSG00000037735,2810032G03Rik
20,,,ENSMUSG00000038917,3930402G23Rik
21,,,ENSMUSG00000041789,2700046A07Rik
22,,,ENSMUSG00000043833,2900005J15Rik
23,,,ENSMUSG00000045464,2810002D19Rik
24,,,ENSMUSG00000048106,4632415L05Rik
25,,,ENSMUSG00000049881,2810025M15Rik
26,,,ENSMUSG00000049916,2610318N02Rik
27,,,ENSMUSG00000051297,2410124H12Rik
28,,,ENSMUSG00000053714,4732471J01Rik
29,,,ENSMUSG00000054418,2900041M22Rik
30,,,ENSMUSG00000060301,2610008E11Rik
31,,,ENSMUSG00000062198,2700097O09Rik
32,,,ENSMUSG00000063364,3300002I08Rik
33,,,ENSMUSG00000064308,2410137M14Rik
34,,,ENSMUSG00000070282,3000002C10Rik
35,,,ENSMUSG00000071181,3830408C21Rik
36,,,ENSMUSG00000071793,2610005L07Rik
37,,,ENSMUSG00000073236,2500004C02Rik
38,,,ENSMUSG00000074024,4632427E13Rik
39,,,ENSMUSG00000074635,3110070M22Rik
40,,,ENSMUSG00000074782,4833422C13Rik
41,,,ENSMUSG00000079671,2610203C22Rik
42,,,ENSMUSG00000084885,3010001F23Rik
43,,,ENSMUSG00000084966,2810471M01Rik
44,,,ENSMUSG00000085236,2610206C17Rik
45,,,ENSMUSG00000085287,4833418N02Rik
46,,,ENSMUSG00000085421,4732490B19Rik
47,,,ENSMUSG00000085555,2610035F20Rik
48,,,ENSMUSG00000085562,2610028E06Rik
49,,,ENSMUSG00000085582,3110099E03Rik
50,,,ENSMUSG00000085622,3110056K07Rik
51,,,ENSMUSG00000085882,2610507I01Rik
52,,,ENSMUSG00000085936,2610307P16Rik
53,,,ENSMUSG00000086015,4833417C18Rik
54,,,ENSMUSG00000086224,2700069I18Rik
55,,,ENSMUSG00000086254,3100003L05Rik
56,,,ENSMUSG00000086283,2810433D01Rik
57,,,ENSMUSG00000086629,2810403D21Rik
58,,,ENSMUSG00000086815,3110082J24Rik
59,,,ENSMUSG00000087038,2900079G21Rik
60,,,ENSMUSG00000087213,2810408I11Rik
61,,,ENSMUSG00000087259,2610035D17Rik
62,,,ENSMUSG00000087497,2810001G20Rik
63,,,ENSMUSG00000089759,3632454L22Rik
64,,,ENSMUSG00000090260,2810442N19Rik
65,,,ENSMUSG00000092574,2810047C21Rik1
66,,,ENSMUSG00000096965,3300005D01Rik
67,,,ENSMUSG00000096995,2810029C07Rik
68,,,ENSMUSG00000097040,2610316D01Rik
69,,,ENSMUSG00000097180,2700038G22Rik
70,,,ENSMUSG00000097184,4632428C04Rik
71,,,ENSMUSG00000097277,2900076A07Rik
72,,,ENSMUSG00000097350,4732491K20Rik
73,,,ENSMUSG00000097503,3110045C21Rik
74,,,ENSMUSG00000097536,2610037D02Rik
75,,,ENSMUSG00000097537,2610020C07Rik
76,,,ENSMUSG00000097697,4833412C05Rik
77,,,ENSMUSG00000097709,2810429I04Rik
78,,,ENSMUSG00000098090,2700099C18Rik
79,,,ENSMUSG00000099696,2900052N01Rik
80,,,ENSMUSG00000099881,2810013P06Rik
81,,,ENSMUSG00000100119,2700089I24Rik
82,,,ENSMUSG00000100164,2610306M01Rik
83,,,ENSMUSG00000100572,2410021H03Rik
84,,,ENSMUSG00000100876,2810454H06Rik
85,,,ENSMUSG00000100891,2810049E08Rik
86,,,ENSMUSG00000101089,2610016A17Rik
87,,,ENSMUSG00000102014,2900009J06Rik
88,,,ENSMUSG00000102046,2810404M03Rik
89,,,ENSMUSG00000103562,2810405F15Rik
90,,,ENSMUSG00000104861,3110039M20Rik
91,,,ENSMUSG00000107402,4732416N19Rik
92,,,ENSMUSG00000107722,2900060B14Rik
93,,,ENSMUSG00000113331,3110009F21Rik
94,,,ENSMUSG00000113434,3200001D21Rik
95,,,ENSMUSG00000114824,3110015C05Rik
96,,,ENSMUSG00000117042,2700054A10Rik
97,,,ENSMUSG00000117401,4833419F23Rik
98,,,ENSMUSG00000117797,2900057B20Rik
0,KIAA1191,ENSG00000122203,ENSMUSG00000025871,4833439L19Rik
1,SPMIP4,ENSG00000153790,ENSMUSG00000029828,4921507P07Rik
2,C16orf87,ENSG00000155330,ENSMUSG00000036934,4921524J17Rik
3,C16orf92,ENSG00000167194,ENSMUSG00000045989,4930451I11Rik
4,C14orf39,ENSG00000179008,ENSMUSG00000021098,4930447C04Rik
5,C3orf38,ENSG00000179021,ENSMUSG00000059920,4930453N24Rik
6,C10orf67,ENSG00000179133,ENSMUSG00000026734,4921504E06Rik
7,C5orf52,ENSG00000187658,ENSMUSG00000020434,4921536K21Rik
8,C2orf78,ENSG00000187833,ENSMUSG00000091692,4930433I11Rik
9,C1orf141,ENSG00000203963,ENSMUSG00000028520,4921539E11Rik
10,C8orf89,ENSG00000274443,ENSMUSG00000067795,4930444P10Rik
11,,,ENSMUSG00000022116,4930449E01Rik
12,,,ENSMUSG00000022288,4930447A16Rik
13,,,ENSMUSG00000026736,4930426L09Rik
14,,,ENSMUSG00000027345,4921508D12Rik
15,,,ENSMUSG00000039540,4921524L21Rik
16,,,ENSMUSG00000042360,4930433N12Rik
17,,,ENSMUSG00000044544,4921513I03Rik
18,,,ENSMUSG00000049815,4921511C20Rik
19,,,ENSMUSG00000049902,4921517D22Rik
20,,,ENSMUSG00000061525,4921509C19Rik
21,,,ENSMUSG00000071818,4930417O22Rik
22,,,ENSMUSG00000074248,4930432M17Rik
23,,,ENSMUSG00000075042,4930431P03Rik
24,,,ENSMUSG00000075524,4930407I10Rik
25,,,ENSMUSG00000078618,4930456L15Rik
26,,,ENSMUSG00000079093,4930449I24Rik
27,,,ENSMUSG00000079421,4930402F06Rik
28,,,ENSMUSG00000080907,4930455H04Rik
29,,,ENSMUSG00000082843,4930448K20Rik
30,,,ENSMUSG00000085405,4930441J16Rik
31,,,ENSMUSG00000085528,4930401O10Rik
32,,,ENSMUSG00000085558,4930412C18Rik
33,,,ENSMUSG00000085704,4921531C22Rik
34,,,ENSMUSG00000085940,4930405D11Rik
35,,,ENSMUSG00000086066,4930423M02Rik
36,,,ENSMUSG00000086221,4930412B13Rik
37,,,ENSMUSG00000086638,4930405A21Rik
38,,,ENSMUSG00000086918,4930429F24Rik
39,,,ENSMUSG00000086923,4930406D18Rik
40,,,ENSMUSG00000086969,4930443O20Rik
41,,,ENSMUSG00000087223,4930442L01Rik
42,,,ENSMUSG00000087354,4930404I05Rik
43,,,ENSMUSG00000087358,4930453H23Rik
44,,,ENSMUSG00000087460,4930401O12Rik
45,,,ENSMUSG00000087609,4930442J19Rik
46,,,ENSMUSG00000087625,4930419G24Rik
47,,,ENSMUSG00000089879,4930448H16Rik
48,,,ENSMUSG00000092171,4833427F10Rik
49,,,ENSMUSG00000093472,4930438E09Rik
50,,,ENSMUSG00000097074,4833428L15Rik
51,,,ENSMUSG00000097898,4930455B14Rik
52,,,ENSMUSG00000098150,4921515E04Rik
53,,,ENSMUSG00000099933,4930452N14Rik
54,,,ENSMUSG00000100518,4930440C22Rik
55,,,ENSMUSG00000102699,4930433B08Rik
56,,,ENSMUSG00000104072,4930448I06Rik
57,,,ENSMUSG00000104585,4921511C10Rik
58,,,ENSMUSG00000104870,4930448I18Rik
59,,,ENSMUSG00000104956,4930429D17Rik
60,,,ENSMUSG00000105234,4930459L07Rik
61,,,ENSMUSG00000105838,4930425O10Rik
62,,,ENSMUSG00000106333,4930428O21Rik
63,,,ENSMUSG00000106583,4930447N08Rik
64,,,ENSMUSG00000106880,4930425K10Rik
65,,,ENSMUSG00000107144,4930413E15Rik
66,,,ENSMUSG00000108128,4922502N22Rik
67,,,ENSMUSG00000108129,4930417O13Rik
68,,,ENSMUSG00000108452,4930413G21Rik
69,,,ENSMUSG00000108885,4930402F11Rik
70,,,ENSMUSG00000110737,4930444F02Rik
71,,,ENSMUSG00000110754,4930405J17Rik
72,,,ENSMUSG00000112444,4930401C15Rik
73,,,ENSMUSG00000112654,4930455C13Rik
74,,,ENSMUSG00000112967,4930428E07Rik
75,,,ENSMUSG00000113211,4921525O09Rik
76,,,ENSMUSG00000113470,4930448F12Rik
77,,,ENSMUSG00000113591,4930447K03Rik
78,,,ENSMUSG00000113630,4930404H11Rik
79,,,ENSMUSG00000113644,4930448C13Rik
80,,,ENSMUSG00000114136,4921511I17Rik
81,,,ENSMUSG00000114384,4930455J16Rik
82,,,ENSMUSG00000114412,4930405A10Rik
83,,,ENSMUSG00000114790,4921509O07Rik
84,,,ENSMUSG00000115304,4930434J06Rik
85,,,ENSMUSG00000115422,4930452G13Rik
86,,,ENSMUSG00000115474,4930430F21Rik
87,,,ENSMUSG00000115526,4930413F20Rik
88,,,ENSMUSG00000115609,4930447J18Rik
89,,,ENSMUSG00000115727,4930432J09Rik
90,,,ENSMUSG00000116611,4930404A05Rik
91,,,ENSMUSG00000117264,4930452A19Rik
92,,,ENSMUSG00000117460,4921533I20Rik
93,,,ENSMUSG00000117684,4930449E18Rik
94,,,ENSMUSG00000118204,4930414N06Rik
95,,,ENSMUSG00000118333,4921531P14Rik
96,,,ENSMUSG00000120444,4930444M15Rik
0,C18orf54,ENSG00000166845,ENSMUSG00000044906,4930503L19Rik
1,C2orf73,ENSG00000177994,ENSMUSG00000040919,4930505A04Rik
2,C5orf47,ENSG00000185056,ENSMUSG00000020299,4930524B15Rik
3,C1orf185,ENSG00000204006,ENSMUSG00000060491,4930522H14Rik
4,C17orf107,ENSG00000205710,ENSMUSG00000087279,4930544D05Rik
5,KIAA0040,ENSG00000235750,ENSMUSG00000090394,4930523C07Rik
6,,,ENSMUSG00000020992,4930512B01Rik
7,,,ENSMUSG00000029564,4930519G04Rik
8,,,ENSMUSG00000031270,4930513O06Rik
9,,,ENSMUSG00000031325,4930519F16Rik
10,,,ENSMUSG00000035651,4930480E11Rik
11,,,ENSMUSG00000036463,4930544G11Rik
12,,,ENSMUSG00000043583,4930470P17Rik
13,,,ENSMUSG00000047938,4930483J18Rik
14,,,ENSMUSG00000050345,4930486L24Rik
15,,,ENSMUSG00000051758,4930544M13Rik
16,,,ENSMUSG00000060029,4930473A02Rik
17,,,ENSMUSG00000072595,4930503E14Rik
18,,,ENSMUSG00000074039,4930520O04Rik
19,,,ENSMUSG00000074136,4930513N10Rik
20,,,ENSMUSG00000082612,4930503H13Rik
21,,,ENSMUSG00000084798,4930533B01Rik
22,,,ENSMUSG00000085157,4930515L19Rik
23,,,ENSMUSG00000085238,4930479D17Rik
24,,,ENSMUSG00000085496,4930517E11Rik
25,,,ENSMUSG00000085641,4930465M20Rik
26,,,ENSMUSG00000086241,4930483K19Rik
27,,,ENSMUSG00000086263,4930519D14Rik
28,,,ENSMUSG00000086332,4930480G23Rik
29,,,ENSMUSG00000086377,4930529C04Rik
30,,,ENSMUSG00000086607,4930511M06Rik
31,,,ENSMUSG00000086799,4930502E09Rik
32,,,ENSMUSG00000086938,4930481A15Rik
33,,,ENSMUSG00000086947,4930522O17Rik
34,,,ENSMUSG00000087045,4930515B02Rik
35,,,ENSMUSG00000087137,4930509K18Rik
36,,,ENSMUSG00000087309,4930528P14Rik
37,,,ENSMUSG00000089914,4930486I03Rik
38,,,ENSMUSG00000090126,4930519F09Rik
39,,,ENSMUSG00000090160,4930480K15Rik
40,,,ENSMUSG00000090202,4930503B20Rik
41,,,ENSMUSG00000091686,4930471C04Rik
42,,,ENSMUSG00000092183,4930515G01Rik
43,,,ENSMUSG00000092578,4930488B22Rik
44,,,ENSMUSG00000093551,4930505G20Rik
45,,,ENSMUSG00000096405,4930474N05Rik
46,,,ENSMUSG00000096986,4930509E16Rik
47,,,ENSMUSG00000097032,4930539J05Rik
48,,,ENSMUSG00000097091,4930526L06Rik
49,,,ENSMUSG00000097129,4930507D05Rik
50,,,ENSMUSG00000097276,4930525G20Rik
51,,,ENSMUSG00000097370,4930467K11Rik
52,,,ENSMUSG00000097502,4930528D03Rik
53,,,ENSMUSG00000097516,4930467D21Rik
54,,,ENSMUSG00000097520,4930488L21Rik
55,,,ENSMUSG00000097651,4930461G14Rik
56,,,ENSMUSG00000097693,4930471M09Rik
57,,,ENSMUSG00000097841,4930511A02Rik
58,,,ENSMUSG00000098627,4930524O08Rik
59,,,ENSMUSG00000100589,4930533P14Rik
60,,,ENSMUSG00000101584,4930519F24Rik
61,,,ENSMUSG00000101701,4930521E06Rik
62,,,ENSMUSG00000102362,4930509J09Rik
63,,,ENSMUSG00000103116,4930539M17Rik
64,,,ENSMUSG00000103692,4930503O07Rik
65,,,ENSMUSG00000104819,4930515G16Rik
66,,,ENSMUSG00000105185,4930519H02Rik
67,,,ENSMUSG00000105765,4930539C22Rik
68,,,ENSMUSG00000106056,4930500L23Rik
69,,,ENSMUSG00000106741,4930513D17Rik
70,,,ENSMUSG00000106762,4930478P22Rik
71,,,ENSMUSG00000106932,4930487D11Rik
72,,,ENSMUSG00000107214,4930500F04Rik
73,,,ENSMUSG00000108187,4930511E03Rik
74,,,ENSMUSG00000109816,4930483O08Rik
75,,,ENSMUSG00000110009,4930543E12Rik
76,,,ENSMUSG00000111299,4930540M03Rik
77,,,ENSMUSG00000111303,4930502A04Rik
78,,,ENSMUSG00000112157,4930545H06Rik
79,,,ENSMUSG00000112364,4930503E24Rik
80,,,ENSMUSG00000112484,4930473O22Rik
81,,,ENSMUSG00000112493,4930486F22Rik
82,,,ENSMUSG00000113115,4930480M12Rik
83,,,ENSMUSG00000113210,4930474N09Rik
84,,,ENSMUSG00000113463,4930520P13Rik
85,,,ENSMUSG00000113652,4930518P08Rik
86,,,ENSMUSG00000115001,4930474H20Rik
87,,,ENSMUSG00000115177,4930523O13Rik
88,,,ENSMUSG00000115271,4930529K09Rik
89,,,ENSMUSG00000115320,4930524C18Rik
90,,,ENSMUSG00000115324,4930527F14Rik
91,,,ENSMUSG00000116628,4930478L05Rik
92,,,ENSMUSG00000116848,4930542D17Rik
93,,,ENSMUSG00000116975,4930470H14Rik
94,,,ENSMUSG00000117328,4930474M22Rik
95,,,ENSMUSG00000117554,4930527G23Rik
96,,,ENSMUSG00000117615,4930545E07Rik
97,,,ENSMUSG00000117852,4930471G03Rik
98,,,ENSMUSG00000118392,4930524O05Rik
0,C14orf93,ENSG00000100802,ENSMUSG00000022179,4931414P19Rik
1,C3orf20,ENSG00000131379,ENSMUSG00000034063,4930590J08Rik
2,C4orf17,ENSG00000138813,ENSMUSG00000012042,4930579F01Rik
3,C11orf65,ENSG00000166323,ENSMUSG00000005131,4930550C14Rik
4,C8orf74,ENSG00000171060,ENSMUSG00000021961,4930578I06Rik
5,C1orf105,ENSG00000180999,ENSMUSG00000086277,4930558K02Rik
6,C11orf54,ENSG00000182919,ENSMUSG00000031938,4931406C07Rik
7,ALYREF,ENSG00000183684,ENSMUSG00000086727,4931428L18Rik
8,C4orf46,ENSG00000205208,ENSMUSG00000027811,4930579G24Rik
9,C16orf96,ENSG00000205832,ENSMUSG00000022518,4930562C15Rik
10,C21orf62,ENSG00000205929,ENSMUSG00000039851,4932438H23Rik
11,C17orf100,ENSG00000256806,ENSMUSG00000053574,4930563E22Rik
12,,,ENSMUSG00000013353,4931406B18Rik
13,,,ENSMUSG00000024546,4930546C10Rik
14,,,ENSMUSG00000025961,4933402D24Rik
15,,,ENSMUSG00000026729,4930562F07Rik
16,,,ENSMUSG00000026882,4930568D16Rik
17,,,ENSMUSG00000029044,4930584F24Rik
18,,,ENSMUSG00000039138,4930591A17Rik
19,,,ENSMUSG00000040840,4930579G18Rik
20,,,ENSMUSG00000041068,4930596D02Rik
21,,,ENSMUSG00000047324,4931429P17Rik
22,,,ENSMUSG00000051074,4930579K19Rik
23,,,ENSMUSG00000051198,4930548G14Rik
24,,,ENSMUSG00000051788,4930564D02Rik
25,,,ENSMUSG00000055061,4931431C16Rik
26,,,ENSMUSG00000055159,4930583K01Rik
27,,,ENSMUSG00000055700,4933401B06Rik
28,,,ENSMUSG00000056617,4931429L15Rik
29,,,ENSMUSG00000060673,4930595M18Rik
30,,,ENSMUSG00000062036,4932415M13Rik
31,,,ENSMUSG00000062391,4932435O22Rik
32,,,ENSMUSG00000069925,4932416K20Rik
33,,,ENSMUSG00000070315,4930581F22Rik
34,,,ENSMUSG00000073141,4930567H17Rik
35,,,ENSMUSG00000073144,4930599N23Rik
36,,,ENSMUSG00000073722,4931408C20Rik
37,,,ENSMUSG00000074580,4931440P22Rik
38,,,ENSMUSG00000075070,4932412D23Rik
39,,,ENSMUSG00000078962,4932414J04Rik
40,,,ENSMUSG00000079324,4932414N04Rik
41,,,ENSMUSG00000084834,4930565N06Rik
42,,,ENSMUSG00000085084,4930570G19Rik
43,,,ENSMUSG00000085247,4930545L23Rik
44,,,ENSMUSG00000085522,4930556G01Rik
45,,,ENSMUSG00000086244,4930558G05Rik
46,,,ENSMUSG00000086257,4930548K13Rik
47,,,ENSMUSG00000086365,4930593C16Rik
48,,,ENSMUSG00000086396,4930555B11Rik
49,,,ENSMUSG00000086687,4930547E08Rik
50,,,ENSMUSG00000086796,4932702P03Rik
51,,,ENSMUSG00000086954,4930583P06Rik
52,,,ENSMUSG00000090457,4930571K23Rik
53,,,ENSMUSG00000093772,4931403E22Rik
54,,,ENSMUSG00000096197,4930555G01Rik
55,,,ENSMUSG00000096971,4930556M19Rik
56,,,ENSMUSG00000097216,4932441J04Rik
57,,,ENSMUSG00000097387,4930563E18Rik
58,,,ENSMUSG00000097519,4930558J18Rik
59,,,ENSMUSG00000097587,4930578M01Rik
60,,,ENSMUSG00000097725,4930593A02Rik
61,,,ENSMUSG00000099616,4932413F04Rik
62,,,ENSMUSG00000099724,4930554C24Rik
63,,,ENSMUSG00000100777,4930598F16Rik
64,,,ENSMUSG00000102004,4933402C06Rik
65,,,ENSMUSG00000102009,4933400F21Rik
66,,,ENSMUSG00000102368,4930590L20Rik
67,,,ENSMUSG00000102408,4930568G15Rik
68,,,ENSMUSG00000103948,4930594C11Rik
69,,,ENSMUSG00000104004,4930565D16Rik
70,,,ENSMUSG00000105308,4930572K03Rik
71,,,ENSMUSG00000105773,4930563F08Rik
72,,,ENSMUSG00000106306,4933401H06Rik
73,,,ENSMUSG00000106589,4931419H13Rik
74,,,ENSMUSG00000106902,4930557J02Rik
75,,,ENSMUSG00000108354,4931431B13Rik
76,,,ENSMUSG00000110336,4933400L20Rik
77,,,ENSMUSG00000110629,4930567H12Rik
78,,,ENSMUSG00000111767,4930546K05Rik
79,,,ENSMUSG00000111830,4930568E12Rik
80,,,ENSMUSG00000111924,4930556N09Rik
81,,,ENSMUSG00000112730,4930567K20Rik
82,,,ENSMUSG00000114916,4930572O13Rik
83,,,ENSMUSG00000115540,4930597G03Rik
84,,,ENSMUSG00000115656,4930556J02Rik
85,,,ENSMUSG00000115779,4930592A05Rik
86,,,ENSMUSG00000116586,4930556C24Rik
87,,,ENSMUSG00000116615,4930548J01Rik
88,,,ENSMUSG00000116695,4930578N18Rik
89,,,ENSMUSG00000116750,4931420L22Rik
90,,,ENSMUSG00000116894,4930547E14Rik
91,,,ENSMUSG00000116907,4930553E22Rik
92,,,ENSMUSG00000116924,4933401D09Rik
93,,,ENSMUSG00000116982,4930567J20Rik
94,,,ENSMUSG00000117364,4933400B14Rik
95,,,ENSMUSG00000117618,4930578E11Rik
96,,,ENSMUSG00000118134,4930549G23Rik
97,,,ENSMUSG00000118339,4930592I03Rik
98,,,ENSMUSG00000120174,4931408D14Rik
0,IDH3G,ENSG00000067829,ENSMUSG00000084234,4933405O20Rik
1,KIAA0930,ENSG00000100364,ENSMUSG00000036046,5031439G07Rik
2,C1orf43,ENSG00000143612,ENSMUSG00000027942,4933434E20Rik
3,C9orf43,ENSG00000157653,ENSMUSG00000058046,4933430I17Rik
4,C16orf86,ENSG00000159761,ENSMUSG00000013158,4933405L10Rik
5,C16orf78,ENSG00000166152,ENSMUSG00000069971,4933402J07Rik
6,C10orf120,ENSG00000183559,ENSMUSG00000013668,4933402N03Rik
7,LPA,ENSG00000198670,ENSMUSG00000094113,5430401F13Rik
8,KIAA0753,ENSG00000198920,ENSMUSG00000020807,4933427D14Rik
9,C10orf62,ENSG00000203942,ENSMUSG00000090369,4933411K16Rik
10,CXorf49B,ENSG00000215113,ENSMUSG00000071749,4933412E24Rik
11,CXorf49,ENSG00000215115,ENSMUSG00000071749,4933412E24Rik
12,,ENSG00000283599,ENSMUSG00000071749,4933412E24Rik
13,C2orf92,ENSG00000228486,ENSMUSG00000102416,4933424G06Rik
14,,ENSG00000282936,ENSMUSG00000107877,4933427D14Rik
15,,,ENSMUSG00000021874,4933413J09Rik
16,,,ENSMUSG00000025288,4933436I01Rik
17,,,ENSMUSG00000026224,4933407L21Rik
18,,,ENSMUSG00000030463,4933421I07Rik
19,,,ENSMUSG00000033015,4933427E13Rik
20,,,ENSMUSG00000044121,5430402E10Rik
21,,,ENSMUSG00000044276,4933427E11Rik
22,,,ENSMUSG00000044574,5031434C07Rik
23,,,ENSMUSG00000045928,4933440M02Rik
24,,,ENSMUSG00000051940,5031410I06Rik
25,,,ENSMUSG00000053896,4933409G03Rik
26,,,ENSMUSG00000055403,4933427D06Rik
27,,,ENSMUSG00000062224,4933411G06Rik
28,,,ENSMUSG00000067848,4933402N22Rik
29,,,ENSMUSG00000072893,4933439C10Rik
30,,,ENSMUSG00000073147,5031425E22Rik
31,,,ENSMUSG00000073759,4933407E24Rik
32,,,ENSMUSG00000079048,4933413L06Rik
33,,,ENSMUSG00000079460,4933403O08Rik
34,,,ENSMUSG00000079593,4933416I08Rik
35,,,ENSMUSG00000084848,4933408N05Rik
36,,,ENSMUSG00000085004,5430427M07Rik
37,,,ENSMUSG00000085037,4933421O10Rik
38,,,ENSMUSG00000085122,4933404K08Rik
39,,,ENSMUSG00000085129,5031425F14Rik
40,,,ENSMUSG00000085184,4933439K11Rik
41,,,ENSMUSG00000085198,4933416E03Rik
42,,,ENSMUSG00000085741,5430405H02Rik
43,,,ENSMUSG00000085776,5430402O13Rik
44,,,ENSMUSG00000085796,4933406D12Rik
45,,,ENSMUSG00000085820,4933406K04Rik
46,,,ENSMUSG00000085928,4933427I22Rik
47,,,ENSMUSG00000086025,4933406G16Rik
48,,,ENSMUSG00000086209,4933405E24Rik
49,,,ENSMUSG00000086355,4933428C19Rik
50,,,ENSMUSG00000086690,4933406J10Rik
51,,,ENSMUSG00000086822,5330413P13Rik
52,,,ENSMUSG00000086892,4933430M04Rik
53,,,ENSMUSG00000086968,4933431E20Rik
54,,,ENSMUSG00000087396,4933407K13Rik
55,,,ENSMUSG00000087455,5330411J11Rik
56,,,ENSMUSG00000087475,4933406I18Rik
57,,,ENSMUSG00000087620,5330434G04Rik
58,,,ENSMUSG00000090585,4933406F09Rik
59,,,ENSMUSG00000093617,4933438K21Rik
60,,,ENSMUSG00000096256,4933409K07Rik
61,,,ENSMUSG00000097021,4933433G15Rik
62,,,ENSMUSG00000097044,4933433F19Rik
63,,,ENSMUSG00000097082,4933440J02Rik
64,,,ENSMUSG00000097262,4933416M07Rik
65,,,ENSMUSG00000097407,4933408J17Rik
66,,,ENSMUSG00000097494,4933406C10Rik
67,,,ENSMUSG00000097637,4933417D19Rik
68,,,ENSMUSG00000097772,5430416N02Rik
69,,,ENSMUSG00000097852,4933405D12Rik
70,,,ENSMUSG00000097885,5031434O11Rik
71,,,ENSMUSG00000097908,4933404O12Rik
72,,,ENSMUSG00000101360,4933417O13Rik
73,,,ENSMUSG00000101848,4933417E11Rik
74,,,ENSMUSG00000102185,5033404E19Rik
75,,,ENSMUSG00000103844,4933436E23Rik
76,,,ENSMUSG00000104234,5330439B14Rik
77,,,ENSMUSG00000105490,4933438B17Rik
78,,,ENSMUSG00000106002,5430434I15Rik
79,,,ENSMUSG00000106013,4933402J10Rik
80,,,ENSMUSG00000106352,5033403H07Rik
81,,,ENSMUSG00000106572,4933417G07Rik
82,,,ENSMUSG00000108709,4933431G14Rik
83,,,ENSMUSG00000108848,4933430N04Rik
84,,,ENSMUSG00000108924,4933436H12Rik
85,,,ENSMUSG00000109106,4933430H16Rik
86,,,ENSMUSG00000110140,5430421F17Rik
87,,,ENSMUSG00000111746,4933422A05Rik
88,,,ENSMUSG00000111836,4933407I05Rik
89,,,ENSMUSG00000111843,4933432G23Rik
90,,,ENSMUSG00000112500,4933411E08Rik
91,,,ENSMUSG00000112627,4933412E12Rik
92,,,ENSMUSG00000113769,5033406O09Rik
93,,,ENSMUSG00000113960,4933412O06Rik
94,,,ENSMUSG00000114362,4933433G19Rik
95,,,ENSMUSG00000114980,4933432I03Rik
96,,,ENSMUSG00000115008,4933429O19Rik
97,,,ENSMUSG00000115665,4933425B07Rik
98,,,ENSMUSG00000115845,4933402J15Rik
99,,,ENSMUSG00000116096,4933404G15Rik
100,,,ENSMUSG00000116557,4933432I09Rik
101,,,ENSMUSG00000117450,4933424G05Rik
102,,,ENSMUSG00000117571,4933433H22Rik
0,C5orf22,ENSG00000082213,ENSMUSG00000022195,6030458C11Rik
1,C3orf18,ENSG00000088543,ENSMUSG00000037977,6430571L13Rik
2,C17orf75,ENSG00000108666,ENSMUSG00000057181,5730455P16Rik
3,C20orf173,ENSG00000125975,ENSMUSG00000074646,6430550D23Rik
4,KIAA0513,ENSG00000135709,ENSMUSG00000031824,6430548M08Rik
5,C1orf216,ENSG00000142686,ENSMUSG00000073755,5730409E04Rik
6,PACRGL,ENSG00000163138,ENSMUSG00000029089,5730480H06Rik
7,C17orf99,ENSG00000187997,ENSMUSG00000025573,6030468B19Rik
8,KIAA0408,ENSG00000189367,ENSMUSG00000004360,9330159F19Rik
9,C8orf76,ENSG00000189376,ENSMUSG00000101892,9130401M01Rik
10,C20orf96,ENSG00000196476,ENSMUSG00000032680,6820408C15Rik
11,C6orf141,ENSG00000197261,ENSMUSG00000054951,9130008F23Rik
12,,ENSG00000286190,ENSMUSG00000018451,6330403K07Rik
13,,,ENSMUSG00000009551,6330409D20Rik
14,,,ENSMUSG00000020703,5530401A14Rik
15,,,ENSMUSG00000021600,8030423J24Rik
16,,,ENSMUSG00000021797,9230112D13Rik
17,,,ENSMUSG00000030823,9130019O22Rik
18,,,ENSMUSG00000032985,5730522E02Rik
19,,,ENSMUSG00000034587,8430429K09Rik
20,,,ENSMUSG00000045008,9030612E09Rik
21,,,ENSMUSG00000045327,6330549D23Rik
22,,,ENSMUSG00000051361,6030498E09Rik
23,,,ENSMUSG00000052295,8030423F21Rik
24,,,ENSMUSG00000053168,9030619P08Rik
25,,,ENSMUSG00000054598,9130230L23Rik
26,,,ENSMUSG00000055594,5530400C23Rik
27,,,ENSMUSG00000062046,5730460C07Rik
28,,,ENSMUSG00000062944,9130023H24Rik
29,,,ENSMUSG00000071796,6820431F20Rik
30,,,ENSMUSG00000072982,9230009I02Rik
31,,,ENSMUSG00000073067,9130019P16Rik
32,,,ENSMUSG00000073154,9330158H04Rik
33,,,ENSMUSG00000073158,9030624G23Rik
34,,,ENSMUSG00000073197,5730507C01Rik
35,,,ENSMUSG00000078684,5830417I10Rik
36,,,ENSMUSG00000079069,8430423G03Rik
37,,,ENSMUSG00000079499,6530402F18Rik
38,,,ENSMUSG00000081793,5730416F02Rik
39,,,ENSMUSG00000085227,6330418K02Rik
40,,,ENSMUSG00000085252,8430437L04Rik
41,,,ENSMUSG00000086070,8430436N08Rik
42,,,ENSMUSG00000086236,5830418P13Rik
43,,,ENSMUSG00000086449,9030204H09Rik
44,,,ENSMUSG00000086483,8030443G20Rik
45,,,ENSMUSG00000086653,9130015L21Rik
46,,,ENSMUSG00000087022,9130024F11Rik
47,,,ENSMUSG00000087174,5530601H04Rik
48,,,ENSMUSG00000087424,5730405O15Rik
49,,,ENSMUSG00000087553,5730412P04Rik
50,,,ENSMUSG00000090191,9230105E05Rik
51,,,ENSMUSG00000090330,9130221H12Rik
52,,,ENSMUSG00000091050,9330020H09Rik
53,,,ENSMUSG00000091370,5730435O14Rik
54,,,ENSMUSG00000096607,7530416G11Rik
55,,,ENSMUSG00000097049,6530411M01Rik
56,,,ENSMUSG00000097061,9330151L19Rik
57,,,ENSMUSG00000097098,9330111N05Rik
58,,,ENSMUSG00000097145,9230114K14Rik
59,,,ENSMUSG00000097177,9330159M07Rik
60,,,ENSMUSG00000097194,9330175E14Rik
61,,,ENSMUSG00000097403,9230116N13Rik
62,,,ENSMUSG00000097471,5830432E09Rik
63,,,ENSMUSG00000097577,6230400D17Rik
64,,,ENSMUSG00000097766,5730420D15Rik
65,,,ENSMUSG00000097828,6430562O15Rik
66,,,ENSMUSG00000097934,6720483E21Rik
67,,,ENSMUSG00000098758,7630403G23Rik
68,,,ENSMUSG00000099170,5730403I07Rik
69,,,ENSMUSG00000099950,9130227L01Rik
70,,,ENSMUSG00000100301,6030407O03Rik
71,,,ENSMUSG00000101799,9330175M20Rik
72,,,ENSMUSG00000102674,8030442B05Rik
73,,,ENSMUSG00000103577,9330162B11Rik
74,,,ENSMUSG00000104553,9330178D15Rik
75,,,ENSMUSG00000105960,6330410L21Rik
76,,,ENSMUSG00000106219,5830416I19Rik
77,,,ENSMUSG00000108077,6330415B21Rik
78,,,ENSMUSG00000108356,9130221F21Rik
79,,,ENSMUSG00000109915,7420700N18Rik
80,,,ENSMUSG00000110018,5430437J10Rik
81,,,ENSMUSG00000110599,6030466F02Rik
82,,,ENSMUSG00000111761,9230112J17Rik
83,,,ENSMUSG00000112398,9230102K24Rik
84,,,ENSMUSG00000113035,5830428M24Rik
85,,,ENSMUSG00000113056,6030440G07Rik
86,,,ENSMUSG00000113620,7420701I03Rik
87,,,ENSMUSG00000113985,9130015A21Rik
88,,,ENSMUSG00000115548,5430440P10Rik
89,,,ENSMUSG00000116660,9030404E10Rik
90,,,ENSMUSG00000117602,9130209A04Rik
91,,,ENSMUSG00000117633,8430422H06Rik
92,,,ENSMUSG00000117655,6720468P15Rik
93,,,ENSMUSG00000121107,9330133O14Rik
0,C5orf15,ENSG00000113583,ENSMUSG00000036275,9530068E07Rik
1,A4GNT,ENSG00000118017,ENSMUSG00000037953,A4gnt
2,A1BG,ENSG00000121410,ENSMUSG00000022347,A1bg
3,A4GALT,ENSG00000128274,ENSMUSG00000047878,A4galt
4,C1orf159,ENSG00000131591,ENSMUSG00000059939,9430015G10Rik
5,A1CF,ENSG00000148584,ENSMUSG00000052595,A1cf
6,C1orf74,ENSG00000162757,ENSMUSG00000079144,A130010J15Rik
7,A2M,ENSG00000175899,ENSMUSG00000030111,A2m
8,ZNF713,ENSG00000178665,ENSMUSG00000056014,A430033K04Rik
9,KIAA2026,ENSG00000183354,ENSMUSG00000046138,9930021J03Rik
10,A3GALT2,ENSG00000184389,ENSMUSG00000028794,A3galt2
11,C14orf180,ENSG00000184601,ENSMUSG00000043122,A530016L24Rik
12,C1orf174,ENSG00000198912,ENSMUSG00000047613,A430005L14Rik
13,C10orf143,ENSG00000237489,ENSMUSG00000040139,9430038I01Rik
14,C8orf58,ENSG00000241852,ENSMUSG00000044551,9930012K11Rik
15,,,ENSMUSG00000006462,A530013C23Rik
16,,,ENSMUSG00000023263,9530002B09Rik
17,,,ENSMUSG00000043939,A530064D06Rik
18,,,ENSMUSG00000044125,9530080O11Rik
19,,,ENSMUSG00000044522,A730020M07Rik
20,,,ENSMUSG00000046764,A530053G22Rik
21,,,ENSMUSG00000047828,A730018C14Rik
22,,,ENSMUSG00000051295,9630028B13Rik
23,,,ENSMUSG00000051986,A530006G24Rik
24,,,ENSMUSG00000052014,A330070K13Rik
25,,,ENSMUSG00000052760,A630001G21Rik
26,,,ENSMUSG00000054457,9430021M05Rik
27,,,ENSMUSG00000055110,A630012P03Rik
28,,,ENSMUSG00000056738,A730036I17Rik
29,,,ENSMUSG00000067541,A630073D07Rik
30,,,ENSMUSG00000067577,A430093F15Rik
31,,,ENSMUSG00000069892,9930111J21Rik2
32,,,ENSMUSG00000069893,9930111J21Rik1
33,,,ENSMUSG00000073386,9830107B12Rik
34,,,ENSMUSG00000075395,A630010A05Rik
35,,,ENSMUSG00000084771,A230072E10Rik
36,,,ENSMUSG00000084808,9430091E24Rik
37,,,ENSMUSG00000085112,A530072M11Rik
38,,,ENSMUSG00000085447,9530026F06Rik
39,,,ENSMUSG00000085566,A730017L22Rik
40,,,ENSMUSG00000085615,A330035P11Rik
41,,,ENSMUSG00000085631,9630028H03Rik
42,,,ENSMUSG00000085982,9530051G07Rik
43,,,ENSMUSG00000086155,9430041J12Rik
44,,,ENSMUSG00000086213,A330040F15Rik
45,,,ENSMUSG00000086363,A330102I10Rik
46,,,ENSMUSG00000086877,A230072C01Rik
47,,,ENSMUSG00000087125,A230108P19Rik
48,,,ENSMUSG00000087178,A230056P14Rik
49,,,ENSMUSG00000087305,A430035B10Rik
50,,,ENSMUSG00000087466,A330041J22Rik
51,,,ENSMUSG00000087694,A530058N18Rik
52,,,ENSMUSG00000092201,A530058N18Rik
53,,,ENSMUSG00000094112,9330182O14Rik
54,,,ENSMUSG00000094447,9430069I07Rik
55,,,ENSMUSG00000094613,A630076J17Rik
56,,,ENSMUSG00000095493,A630023A22Rik
57,,,ENSMUSG00000096094,A630095N17Rik
58,,,ENSMUSG00000096929,A330023F24Rik
59,,,ENSMUSG00000096938,9530052E02Rik
60,,,ENSMUSG00000096960,A230028O05Rik
61,,,ENSMUSG00000097006,9530082P21Rik
62,,,ENSMUSG00000097073,9430037G07Rik
63,,,ENSMUSG00000097166,9330179D12Rik
64,,,ENSMUSG00000097326,A330048O09Rik
65,,,ENSMUSG00000097462,9530026P05Rik
66,,,ENSMUSG00000097493,9930014A18Rik
67,,,ENSMUSG00000097591,A330032B11Rik
68,,,ENSMUSG00000097726,9530036O11Rik
69,,,ENSMUSG00000097736,9530059O14Rik
70,,,ENSMUSG00000097756,A730056A06Rik
71,,,ENSMUSG00000097845,A230020J21Rik
72,,,ENSMUSG00000097915,A330009N23Rik
73,,,ENSMUSG00000097924,A730020E08Rik
74,,,ENSMUSG00000098284,A330093E20Rik
75,,,ENSMUSG00000100600,A230077H06Rik
76,,,ENSMUSG00000100632,9430060I03Rik
77,,,ENSMUSG00000101013,A630072M18Rik
78,,,ENSMUSG00000105891,A230001M10Rik
79,,,ENSMUSG00000107709,9430018G01Rik
80,,,ENSMUSG00000108379,A730082K24Rik
81,,,ENSMUSG00000109321,A330076H08Rik
82,,,ENSMUSG00000109394,A230057D06Rik
83,,,ENSMUSG00000111994,A330049N07Rik
84,,,ENSMUSG00000113186,A330076C08Rik
85,,,ENSMUSG00000114213,A430090L17Rik
86,,,ENSMUSG00000114968,A630019I02Rik
87,,,ENSMUSG00000115529,9630013A20Rik
88,,,ENSMUSG00000116220,A430088P11Rik
89,,,ENSMUSG00000116360,9430014N10Rik
90,,,ENSMUSG00000116673,A630089N07Rik
91,,,ENSMUSG00000117763,9830166K06Rik
92,,,ENSMUSG00000117872,A530088E08Rik
93,,,ENSMUSG00000120335,A630066F11Rik
94,,,ENSMUSG00000120340,A330069E16Rik
0,AACS,ENSG00000081760,ENSMUSG00000029482,Aacs
1,AARS1,ENSG00000090861,ENSMUSG00000031960,Aars
2,AAAS,ENSG00000094914,ENSMUSG00000036678,Aaas
3,AAGAB,ENSG00000103591,ENSMUSG00000037257,Aagab
4,C5,ENSG00000106804,ENSMUSG00000035875,AI182371
5,AADAT,ENSG00000109576,ENSMUSG00000057228,Aadat
6,VWA5A,ENSG00000110002,ENSMUSG00000038112,AW551984
7,AADAC,ENSG00000114771,ENSMUSG00000027761,Aadac
8,AAK1,ENSG00000115977,ENSMUSG00000057230,Aak1
9,AARS2,ENSG00000124608,ENSMUSG00000023938,Aars2
10,AAMP,ENSG00000127837,ENSMUSG00000006299,Aamp
11,AANAT,ENSG00000129673,ENSMUSG00000020804,Aanat
12,C2orf49,ENSG00000135974,ENSMUSG00000010290,AI597479
13,C7orf25,ENSG00000136197,ENSMUSG00000039182,AW209491
14,KIAA0319L,ENSG00000142687,ENSMUSG00000028830,AU040320
15,KIAA1328,ENSG00000150477,ENSMUSG00000033632,AW554918
16,C16orf89,ENSG00000153446,ENSMUSG00000051669,AU021092
17,AASDH,ENSG00000157426,ENSMUSG00000055923,Aasdh
18,C1orf50,ENSG00000164008,ENSMUSG00000078584,AU022252
19,C8orf48,ENSG00000164743,ENSMUSG00000074384,AI429214
20,DEFA5,ENSG00000164816,ENSMUSG00000079120,AY761185
21,DEFA4,ENSG00000164821,ENSMUSG00000079120,AY761185
22,DEFA6,ENSG00000164822,ENSMUSG00000079120,AY761185
23,DEFA1,ENSG00000206047,ENSMUSG00000079120,AY761185
24,DEFA3,ENSG00000239839,ENSMUSG00000079120,AY761185
25,DEFA1B,ENSG00000240247,ENSMUSG00000079120,AY761185
26,C8orf34,ENSG00000165084,ENSMUSG00000057715,A830018L16Rik
27,C15orf48,ENSG00000166920,ENSMUSG00000033213,AA467197
28,C11orf68,ENSG00000175573,ENSMUSG00000047423,AI837181
29,C1orf116,ENSG00000182795,ENSMUSG00000042510,AA986860
30,C11orf87,ENSG00000185742,ENSMUSG00000078307,AI593442
31,C16orf54,ENSG00000185905,ENSMUSG00000045165,AI467606
32,C6orf132,ENSG00000188112,ENSMUSG00000034382,AI661453
33,AADACL3,ENSG00000188984,ENSMUSG00000078507,Aadacl3
34,AADACL2,ENSG00000197953,ENSMUSG00000091376,Aadacl2
35,SNORD113-6,ENSG00000200215,ENSMUSG00002076155,AF357425
36,AARD,ENSG00000205002,ENSMUSG00000068522,Aard
37,C11orf91,ENSG00000205177,ENSMUSG00000032671,A930018P22Rik
38,C19orf38,ENSG00000214212,ENSMUSG00000057191,AB124611
39,AARSD1,ENSG00000266967,ENSMUSG00000075528,Aarsd1
40,,ENSG00000284691,ENSMUSG00000053297,AI854703
41,,,ENSMUSG00000044820,AY074887
42,,,ENSMUSG00000050961,AY358078
43,,,ENSMUSG00000054057,A930004D18Rik
44,,,ENSMUSG00000054426,A930005H10Rik
45,,,ENSMUSG00000054753,AU018091
46,,,ENSMUSG00000056145,AI504432
47,,,ENSMUSG00000056383,AI987944
48,,,ENSMUSG00000056735,A930024E05Rik
49,,,ENSMUSG00000060530,A930017M01Rik
50,,,ENSMUSG00000066158,AY512931
51,,,ENSMUSG00000068180,AY512915
52,,,ENSMUSG00000073377,AU016765
53,,,ENSMUSG00000073731,AI507597
54,,,ENSMUSG00000074166,AW146154
55,,,ENSMUSG00000074783,AU019990
56,,,ENSMUSG00000074804,AU015228
57,,,ENSMUSG00000075010,AW112010
58,,,ENSMUSG00000075330,A930003A15Rik
59,,,ENSMUSG00000078349,AW011738
60,,,ENSMUSG00000078435,AU041133
61,,,ENSMUSG00000081044,AU015836
62,,,ENSMUSG00000084826,AI847159
63,,,ENSMUSG00000085900,A930041C12Rik
64,,,ENSMUSG00000085958,A930019D19Rik
65,,,ENSMUSG00000087107,AI662270
66,,,ENSMUSG00000087132,A930001C03Rik
67,,,ENSMUSG00000087143,A830082K12Rik
68,,,ENSMUSG00000087278,A930006I01Rik
69,,,ENSMUSG00000087334,AW495222
70,,,ENSMUSG00000087519,AV039307
71,,,ENSMUSG00000087521,AI646519
72,,,ENSMUSG00000090120,A730090N16Rik
73,,,ENSMUSG00000091523,AU040972
74,,,ENSMUSG00000092210,A930009A15Rik
75,,,ENSMUSG00000092368,A930015D03Rik
76,,,ENSMUSG00000093483,AA465934
77,,,ENSMUSG00000093598,A730085K08Rik
78,,,ENSMUSG00000093738,AI606473
79,,,ENSMUSG00000094237,AF067063
80,,,ENSMUSG00000095071,AF067061
81,,,ENSMUSG00000097182,A830009L08Rik
82,,,ENSMUSG00000097209,AU022754
83,,,ENSMUSG00000097413,A830052D11Rik
84,,,ENSMUSG00000097610,A930012L18Rik
85,,,ENSMUSG00000097745,AI115009
86,,,ENSMUSG00000097855,A930007I19Rik
87,,,ENSMUSG00000098008,A930001A20Rik
88,,,ENSMUSG00000104098,AA619741
89,,,ENSMUSG00000105076,A930003O13Rik
90,,,ENSMUSG00000105923,A830019L24Rik
91,,,ENSMUSG00000105987,AI506816
92,,,ENSMUSG00000107948,AA545190
93,,,ENSMUSG00000109890,AU023762
94,,,ENSMUSG00000110419,AW046200
95,,,ENSMUSG00000112280,A830082N09Rik
96,,,ENSMUSG00000112388,AI463170
97,,,ENSMUSG00000114780,AI197445
98,,,ENSMUSG00000115016,AA536875
99,,,ENSMUSG00000115230,AU022793
100,,,ENSMUSG00000115944,AU021063
101,,,ENSMUSG00000117896,AA387883
102,,,ENSMUSG00000118084,AA388235
0,ABCB5,ENSG00000004846,ENSMUSG00000072791,Abcb5
1,ABCB4,ENSG00000005471,ENSMUSG00000042476,Abcb4
2,ABCC8,ENSG00000006071,ENSMUSG00000040136,Abcc8
3,AASS,ENSG00000008311,ENSMUSG00000029695,Aass
4,ABHD5,ENSG00000011198,ENSMUSG00000032540,Abhd5
5,ABCC2,ENSG00000023839,ENSMUSG00000025194,Abcc2
6,ABCF2,ENSG00000033050,ENSMUSG00000028953,Abcf2
7,ACAA1,ENSG00000060971,ENSMUSG00000010651,Acaa1b
8,ACAA1,ENSG00000060971,ENSMUSG00000036138,Acaa1a
9,ABCA7,ENSG00000064687,ENSMUSG00000035722,Abca7
10,ABCC9,ENSG00000069431,ENSMUSG00000030249,Abcc9
11,ABCB11,ENSG00000073734,ENSMUSG00000027048,Abcb11
12,ACACB,ENSG00000076555,ENSMUSG00000042010,Acacb
13,ABCB1,ENSG00000085563,ENSMUSG00000028970,Abcb1b
14,ABCB1,ENSG00000085563,ENSMUSG00000040584,Abcb1a
15,ABCC6,ENSG00000091262,ENSMUSG00000030834,Abcc6
16,ABL1,ENSG00000097007,ENSMUSG00000026842,Abl1
17,ABLIM1,ENSG00000099204,ENSMUSG00000025085,Ablim1
18,ABHD4,ENSG00000100439,ENSMUSG00000040997,Abhd4
19,ABHD12,ENSG00000100997,ENSMUSG00000032046,Abhd12
20,ABCD1,ENSG00000101986,ENSMUSG00000031378,Abcd1
21,ABCC1,ENSG00000103222,ENSMUSG00000023088,Abcc1
22,ABHD11,ENSG00000106077,ENSMUSG00000040532,Abhd11
23,ABCA2,ENSG00000107331,ENSMUSG00000026944,Abca2
24,ABI3,ENSG00000108798,ENSMUSG00000018381,Abi3
25,ABCC3,ENSG00000108846,ENSMUSG00000020865,Abcc3
26,ACAD10,ENSG00000111271,ENSMUSG00000029456,Acad10
27,ACAD10,ENSG00000111271,ENSMUSG00000042647,Acad12
28,ABTB1,ENSG00000114626,ENSMUSG00000030083,Abtb1
29,ABCC5,ENSG00000114770,ENSMUSG00000022822,Abcc5
30,ABHD14B,ENSG00000114779,ENSMUSG00000042073,Abhd14b
31,ACADL,ENSG00000115361,ENSMUSG00000026003,Acadl
32,ABCB6,ENSG00000115657,ENSMUSG00000026198,Abcb6
33,ACADM,ENSG00000117054,ENSMUSG00000062908,Acadm
34,ABCD3,ENSG00000117528,ENSMUSG00000028127,Abcd3
35,ABCG2,ENSG00000118777,ENSMUSG00000029299,Abcg3
36,ABCD4,ENSG00000119688,ENSMUSG00000021240,Abcd4
37,ACADS,ENSG00000122971,ENSMUSG00000029545,Acads
38,ABCC10,ENSG00000124574,ENSMUSG00000032842,Abcc10
39,ABCC4,ENSG00000125257,ENSMUSG00000032849,Abcc4
40,ABHD8,ENSG00000127220,ENSMUSG00000007950,Abhd8
41,ABCB7,ENSG00000131269,ENSMUSG00000031333,Abcb7
42,ABHD12B,ENSG00000131969,ENSMUSG00000090121,Abhd12b
43,ABCB10,ENSG00000135776,ENSMUSG00000031974,Abcb10
44,ABI1,ENSG00000136754,ENSMUSG00000058835,Abi1
45,ABCG5,ENSG00000138075,ENSMUSG00000040505,Abcg5
46,ABI2,ENSG00000138443,ENSMUSG00000026782,Abi2
47,ABHD13,ENSG00000139826,ENSMUSG00000040396,Abhd13
48,ABHD2,ENSG00000140526,ENSMUSG00000039202,Abhd2
49,ABCC12,ENSG00000140798,ENSMUSG00000036872,Abcc12
50,ABCA8,ENSG00000141338,ENSMUSG00000020620,Abca8b
51,ABL2,ENSG00000143322,ENSMUSG00000026596,Abl2
52,ABCG8,ENSG00000143921,ENSMUSG00000024254,Abcg8
53,ABHD1,ENSG00000143994,ENSMUSG00000006638,Abhd1
54,ABCA12,ENSG00000144452,ENSMUSG00000050296,Abca12
55,ABHD10,ENSG00000144827,ENSMUSG00000033157,Abhd10
56,ABT1,ENSG00000146109,ENSMUSG00000036376,Abt1
57,AASDHPPT,ENSG00000149313,ENSMUSG00000025894,Aasdhppt
58,ABCB9,ENSG00000150967,ENSMUSG00000029408,Abcb9
59,ACAD8,ENSG00000151498,ENSMUSG00000031969,Acad8
60,ABI3BP,ENSG00000154175,ENSMUSG00000035258,Abi3bp
61,ABCA9,ENSG00000154258,ENSMUSG00000041797,Abca9
62,ABCA6,ENSG00000154262,ENSMUSG00000044749,Abca6
63,ABCA5,ENSG00000154265,ENSMUSG00000018800,Abca5
64,ABHD3,ENSG00000158201,ENSMUSG00000002475,Abhd3
65,ABR,ENSG00000159842,ENSMUSG00000017631,Abr
66,ABCG1,ENSG00000160179,ENSMUSG00000024030,Abcg1
67,ABCF3,ENSG00000161204,ENSMUSG00000003234,Abcf3
68,ABHD6,ENSG00000163686,ENSMUSG00000025277,Abhd6
69,ABLIM2,ENSG00000163995,ENSMUSG00000029095,Ablim2
70,ABCE1,ENSG00000164163,ENSMUSG00000058355,Abce1
71,ABCA1,ENSG00000165029,ENSMUSG00000015243,Abca1
72,ABTB2,ENSG00000166016,ENSMUSG00000032724,Abtb2
73,ACAA2,ENSG00000167315,ENSMUSG00000036880,Acaa2
74,ABCA3,ENSG00000167972,ENSMUSG00000024130,Abca3
75,ABHD15,ENSG00000168792,ENSMUSG00000000686,Abhd15
76,ABCG4,ENSG00000172350,ENSMUSG00000032131,Abcg4
77,ABCD2,ENSG00000173208,ENSMUSG00000055782,Abcd2
78,ABLIM3,ENSG00000173210,ENSMUSG00000032735,Ablim3
79,ABRA,ENSG00000174429,ENSMUSG00000042895,Abra
80,ABO,ENSG00000175164,ENSMUSG00000015787,Abo
81,ACAD9,ENSG00000177646,ENSMUSG00000027710,Acad9
82,ABCA13,ENSG00000179869,ENSMUSG00000004668,Abca13
83,AATK,ENSG00000181409,ENSMUSG00000025375,Aatk
84,ABAT,ENSG00000183044,ENSMUSG00000057880,Abat
85,ABHD16B,ENSG00000183260,ENSMUSG00000055882,Abhd16b
86,ABCB8,ENSG00000197150,ENSMUSG00000028973,Abcb8
87,ABCA4,ENSG00000198691,ENSMUSG00000028125,Abca4
88,ABHD16A,ENSG00000204427,ENSMUSG00000007036,Abhd16a
89,ABCF1,ENSG00000204574,ENSMUSG00000038762,Abcf1
90,ACAD11,ENSG00000240303,ENSMUSG00000090150,Acad11
91,ABHD14A,ENSG00000248487,ENSMUSG00000042210,Abhd14a
92,AATF,ENSG00000275700,ENSMUSG00000018697,Aatf
93,ACACA,ENSG00000278540,ENSMUSG00000020532,Acaca
94,,,ENSMUSG00000029802,Abcg2
95,,,ENSMUSG00000035435,Abca17
96,,,ENSMUSG00000041828,Abca8a
97,,,ENSMUSG00000051900,Abca16
98,,,ENSMUSG00000054746,Abca15
99,,,ENSMUSG00000062017,Abca14
0,ACSM3,ENSG00000005187,ENSMUSG00000030935,Acsm3
1,ACSM2B,ENSG00000066813,ENSMUSG00000030945,Acsm2
2,ACSM2A,ENSG00000183747,ENSMUSG00000030945,Acsm2
3,ACSL4,ENSG00000068366,ENSMUSG00000031278,Acsl4
4,ACTN1,ENSG00000072110,ENSMUSG00000015143,Actn1
5,ACADVL,ENSG00000072778,ENSMUSG00000018574,Acadvl
6,ACAP1,ENSG00000072818,ENSMUSG00000001588,Acap1
7,ACTR6,ENSG00000075089,ENSMUSG00000019948,Actr6
8,ACAT1,ENSG00000075239,ENSMUSG00000032047,Acat1
9,ACTB,ENSG00000075624,ENSMUSG00000029580,Actb
10,ACTL6B,ENSG00000077080,ENSMUSG00000029712,Actl6b
11,ACTN2,ENSG00000077522,ENSMUSG00000052374,Actn2
12,ACER3,ENSG00000078124,ENSMUSG00000030760,Acer3
13,ACOX3,ENSG00000087008,ENSMUSG00000029098,Acox3
14,ACHE,ENSG00000087085,ENSMUSG00000023328,Ache
15,ACOT7,ENSG00000097021,ENSMUSG00000028937,Acot7
16,ACR,ENSG00000100312,ENSMUSG00000022622,Acr
17,ACO2,ENSG00000100412,ENSMUSG00000022477,Aco2
18,ACIN1,ENSG00000100813,ENSMUSG00000022185,Acin1
19,ACTR5,ENSG00000101442,ENSMUSG00000037761,Actr5
20,ACOT8,ENSG00000101473,ENSMUSG00000017307,Acot8
21,ACP5,ENSG00000102575,ENSMUSG00000001348,Acp5
22,ACD,ENSG00000102977,ENSMUSG00000038000,Acd
23,ACSBG1,ENSG00000103740,ENSMUSG00000032281,Acsbg1
24,ACTR3C,ENSG00000106526,ENSMUSG00000056367,Actr3b
25,ACTR3B,ENSG00000133627,ENSMUSG00000056367,Actr3b
26,ACTA2,ENSG00000107796,ENSMUSG00000035783,Acta2
27,ACBD5,ENSG00000107897,ENSMUSG00000026781,Acbd5
28,ACCS,ENSG00000110455,ENSMUSG00000040272,Accs
29,ACSS3,ENSG00000111058,ENSMUSG00000035948,Acss3
30,ACRBP,ENSG00000111644,ENSMUSG00000072770,Acrbp
31,ACOT13,ENSG00000112304,ENSMUSG00000006717,Acot13
32,ACTR8,ENSG00000113812,ENSMUSG00000015971,Actr8
33,ACAP2,ENSG00000114331,ENSMUSG00000049076,Acap2
34,ACTR1B,ENSG00000115073,ENSMUSG00000037351,Actr1b
35,ACTR3,ENSG00000115091,ENSMUSG00000026341,Actr3
36,ACOT2,ENSG00000119673,ENSMUSG00000021226,Acot2
37,ACOT1,ENSG00000184227,ENSMUSG00000021226,Acot2
38,ACOT2,ENSG00000119673,ENSMUSG00000021228,Acot3
39,ACOT1,ENSG00000184227,ENSMUSG00000021228,Acot3
40,ACOT2,ENSG00000119673,ENSMUSG00000042540,Acot5
41,ACOT1,ENSG00000184227,ENSMUSG00000042540,Acot5
42,ACOT2,ENSG00000119673,ENSMUSG00000072949,Acot1
43,ACOT1,ENSG00000184227,ENSMUSG00000072949,Acot1
44,ACAT2,ENSG00000120437,ENSMUSG00000023832,Acat2
45,ACAT2,ENSG00000120437,ENSMUSG00000062480,Acat3
46,ACO1,ENSG00000122729,ENSMUSG00000028405,Aco1
47,ACOT9,ENSG00000123130,ENSMUSG00000025287,Acot9
48,ACOT9,ENSG00000123130,ENSMUSG00000047565,Acot10
49,ACTRT1,ENSG00000123165,ENSMUSG00000046615,Actrt1
50,ACSL3,ENSG00000123983,ENSMUSG00000032883,Acsl3
51,ACE2,ENSG00000130234,ENSMUSG00000015405,Ace2
52,ACSBG2,ENSG00000130377,ENSMUSG00000024207,Acsbg2
53,ACTN4,ENSG00000130402,ENSMUSG00000054808,Actn4
54,ACSS2,ENSG00000131069,ENSMUSG00000027605,Acss2
55,ACLY,ENSG00000131473,ENSMUSG00000020917,Acly
56,ACAP3,ENSG00000131584,ENSMUSG00000029033,Acap3
57,ACTR10,ENSG00000131966,ENSMUSG00000021076,Actr10
58,ACP2,ENSG00000134575,ENSMUSG00000002103,Acp2
59,ACRV1,ENSG00000134940,ENSMUSG00000032110,Acrv1
60,ACTL6A,ENSG00000136518,ENSMUSG00000027671,Actl6a
61,ACTR2,ENSG00000138071,ENSMUSG00000020152,Actr2
62,ACTR1A,ENSG00000138107,ENSMUSG00000025228,Actr1a
63,ACTA1,ENSG00000143632,ENSMUSG00000031972,Acta1
64,ACP1,ENSG00000143727,ENSMUSG00000044573,Acp1
65,ACTL7B,ENSG00000148156,ENSMUSG00000070980,Actl7b
66,ACSL1,ENSG00000151726,ENSMUSG00000018796,Acsl1
67,ACMSD,ENSG00000153086,ENSMUSG00000026348,Acmsd
68,ACOXL,ENSG00000153093,ENSMUSG00000027380,Acoxl
69,ACSS1,ENSG00000154930,ENSMUSG00000027452,Acss1
70,ACAN,ENSG00000157766,ENSMUSG00000030607,Acan
71,ACTC1,ENSG00000159251,ENSMUSG00000068614,Actc1
72,ACE,ENSG00000159640,ENSMUSG00000020681,Ace
73,ACOX1,ENSG00000161533,ENSMUSG00000020777,Acox1
74,ACOT11,ENSG00000162390,ENSMUSG00000034853,Acot11
75,ACP6,ENSG00000162836,ENSMUSG00000028093,Acp6
76,ACTG2,ENSG00000163017,ENSMUSG00000059430,Actg2
77,ACSL6,ENSG00000164398,ENSMUSG00000020333,Acsl6
78,ACSM1,ENSG00000166743,ENSMUSG00000033533,Acsm1
79,ACSF2,ENSG00000167107,ENSMUSG00000076435,Acsf2
80,ACER1,ENSG00000167769,ENSMUSG00000045019,Acer1
81,ACOX2,ENSG00000168306,ENSMUSG00000021751,Acox2
82,ACTBL2,ENSG00000169067,ENSMUSG00000055194,Actbl2
83,ACTRT2,ENSG00000169717,ENSMUSG00000051276,Actrt2
84,ACOT12,ENSG00000172497,ENSMUSG00000021620,Acot12
85,ACBD7,ENSG00000176244,ENSMUSG00000026644,Acbd7
86,ACSF3,ENSG00000176715,ENSMUSG00000015016,Acsf3
87,ACER2,ENSG00000177076,ENSMUSG00000038007,Acer2
88,ACOT4,ENSG00000177465,ENSMUSG00000052392,Acot4
89,ACBD4,ENSG00000181513,ENSMUSG00000056938,Acbd4
90,ACTL9,ENSG00000181786,ENSMUSG00000092519,Actl9
91,ACBD3,ENSG00000182827,ENSMUSG00000026499,Acbd3
92,ACSM5,ENSG00000183549,ENSMUSG00000030972,Acsm5
93,ACTG1,ENSG00000184009,ENSMUSG00000062825,Actg1
94,ACTL7A,ENSG00000187003,ENSMUSG00000070979,Actl7a
95,ACADSB,ENSG00000196177,ENSMUSG00000030861,Acadsb
96,ACSL5,ENSG00000197142,ENSMUSG00000024981,Acsl5
97,ACCSL,ENSG00000205126,ENSMUSG00000075023,Accsl
98,ACOT6,ENSG00000205669,ENSMUSG00000043487,Acot6
99,ACSM4,ENSG00000215009,ENSMUSG00000047026,Acsm4
100,ACBD6,ENSG00000230124,ENSMUSG00000033701,Acbd6
101,ACTN3,ENSG00000248746,ENSMUSG00000006457,Actn3
102,,,ENSMUSG00000060317,Acnat2
103,,,ENSMUSG00000070985,Acnat1
104,,,ENSMUSG00000101605,Ace3
0,ADAM22,ENSG00000008277,ENSMUSG00000040537,Adam22
1,ADAM28,ENSG00000042980,ENSMUSG00000014725,Adam28
2,ADAMTS6,ENSG00000049192,ENSMUSG00000046169,Adamts6
3,ADCK1,ENSG00000063761,ENSMUSG00000021044,Adck1
4,ADAT1,ENSG00000065457,ENSMUSG00000031949,Adat1
5,ADAM7,ENSG00000069206,ENSMUSG00000022056,Adam7
6,ADAM11,ENSG00000073670,ENSMUSG00000020926,Adam11
7,ADD2,ENSG00000075340,ENSMUSG00000030000,Add2
8,ADCY2,ENSG00000078295,ENSMUSG00000021536,Adcy2
9,ADCYAP1R1,ENSG00000078549,ENSMUSG00000029778,Adcyap1r1
10,ADAMTS2,ENSG00000087116,ENSMUSG00000036545,Adamts2
11,ADD1,ENSG00000087274,ENSMUSG00000029106,Add1
12,ADAM2,ENSG00000104755,ENSMUSG00000022039,Adam2
13,ADAP1,ENSG00000105963,ENSMUSG00000056413,Adap1
14,ACVR2B,ENSG00000114739,ENSMUSG00000061393,Acvr2b
15,ADAM23,ENSG00000114948,ENSMUSG00000025964,Adam23
16,ACVR1,ENSG00000115170,ENSMUSG00000026836,Acvr1
17,ADCY7,ENSG00000121281,ENSMUSG00000031659,Adcy7
18,ACVR2A,ENSG00000121989,ENSMUSG00000052155,Acvr2a
19,ACVR1C,ENSG00000123612,ENSMUSG00000026834,Acvr1c
20,ADCY4,ENSG00000129467,ENSMUSG00000022220,Adcy4
21,ACY3,ENSG00000132744,ENSMUSG00000024866,Acy3
22,ADCK2,ENSG00000133597,ENSMUSG00000046947,Adck2
23,ADAM20,ENSG00000134007,ENSMUSG00000054033,Adam39
24,ADAM20,ENSG00000134007,ENSMUSG00000071937,Adam25
25,ADAMDEC1,ENSG00000134028,ENSMUSG00000022057,Adamdec1
26,ADAM30,ENSG00000134249,ENSMUSG00000043468,Adam30
27,ADAMTS8,ENSG00000134917,ENSMUSG00000031994,Adamts8
28,ACVR1B,ENSG00000135503,ENSMUSG00000000532,Acvr1b
29,ADAMTS7,ENSG00000136378,ENSMUSG00000032363,Adamts7
30,ADAM10,ENSG00000137845,ENSMUSG00000054693,Adam10
31,ADCY3,ENSG00000138031,ENSMUSG00000020654,Adcy3
32,ADAMTS14,ENSG00000138316,ENSMUSG00000059901,Adamts14
33,ACVRL1,ENSG00000139567,ENSMUSG00000000530,Acvrl1
34,ADAM21,ENSG00000139985,ENSMUSG00000008438,Adam21
35,ADAMTS17,ENSG00000140470,ENSMUSG00000058145,Adamts17
36,ADAMTS18,ENSG00000140873,ENSMUSG00000053399,Adamts18
37,ADAD2,ENSG00000140955,ENSMUSG00000024266,Adad2
38,ADCYAP1,ENSG00000141433,ENSMUSG00000024256,Adcyap1
39,ADAMTS10,ENSG00000142303,ENSMUSG00000024299,Adamts10
40,ADCY10,ENSG00000143199,ENSMUSG00000026567,Adcy10
41,ADAMTSL4,ENSG00000143382,ENSMUSG00000015850,Adamtsl4
42,ADAM15,ENSG00000143537,ENSMUSG00000028041,Adam15
43,ADAMTS16,ENSG00000145536,ENSMUSG00000049538,Adamts16
44,ADAMTS19,ENSG00000145808,ENSMUSG00000053441,Adamts19
45,ADD3,ENSG00000148700,ENSMUSG00000025026,Add3
46,ADAM12,ENSG00000148848,ENSMUSG00000054555,Adam12
47,ADAM33,ENSG00000149451,ENSMUSG00000027318,Adam33
48,ADAMTS12,ENSG00000151388,ENSMUSG00000047497,Adamts12
49,ADAM8,ENSG00000151651,ENSMUSG00000025473,Adam8
50,ADAM17,ENSG00000151694,ENSMUSG00000052593,Adam17
51,ADAMTS1,ENSG00000154734,ENSMUSG00000022893,Adamts1
52,ADAMTS5,ENSG00000154736,ENSMUSG00000022894,Adamts5
53,ADCY8,ENSG00000155897,ENSMUSG00000022376,Adcy8
54,ADAMTS3,ENSG00000156140,ENSMUSG00000043635,Adamts3
55,ADAMTSL3,ENSG00000156218,ENSMUSG00000070469,Adamtsl3
56,ADAMTS4,ENSG00000158859,ENSMUSG00000006403,Adamts4
57,ADAMTS13,ENSG00000160323,ENSMUSG00000014852,Adamts13
58,ADAR,ENSG00000160710,ENSMUSG00000027951,Adar
59,ADCY9,ENSG00000162104,ENSMUSG00000005580,Adcy9
60,ADAMTS9,ENSG00000163638,ENSMUSG00000030022,Adamts9
61,ADAD1,ENSG00000164113,ENSMUSG00000027719,Adad1
62,ADCY1,ENSG00000164742,ENSMUSG00000020431,Adcy1
63,ADAMTS15,ENSG00000166106,ENSMUSG00000033453,Adamts15
64,ADAM29,ENSG00000168594,ENSMUSG00000046258,Adam29
65,ADAM9,ENSG00000168615,ENSMUSG00000031555,Adam9
66,ADAM18,ENSG00000168619,ENSMUSG00000031552,Adam18
67,ADAL,ENSG00000168803,ENSMUSG00000027259,Adal
68,ACYP2,ENSG00000170634,ENSMUSG00000060923,Acyp2
69,ADCK5,ENSG00000173137,ENSMUSG00000022550,Adck5
70,ADAMTS20,ENSG00000173157,ENSMUSG00000022449,Adamts20
71,ADCY5,ENSG00000173175,ENSMUSG00000022840,Adcy5
72,ADCY6,ENSG00000174233,ENSMUSG00000022994,Adcy6
73,ADAMTSL1,ENSG00000178031,ENSMUSG00000066113,Adamtsl1
74,ADAP2,ENSG00000184060,ENSMUSG00000020709,Adap2
75,ADARB2,ENSG00000185736,ENSMUSG00000052551,Adarb2
76,ADAMTSL5,ENSG00000185761,ENSMUSG00000043822,Adamtsl5
77,ADH1A,ENSG00000187758,ENSMUSG00000074207,Adh1
78,ADH1B,ENSG00000196616,ENSMUSG00000074207,Adh1
79,ADH1C,ENSG00000248144,ENSMUSG00000074207,Adh1
80,ADAT2,ENSG00000189007,ENSMUSG00000019808,Adat2
81,ADA,ENSG00000196839,ENSMUSG00000017697,Ada
82,ADAM32,ENSG00000197140,ENSMUSG00000037437,Adam32
83,ADARB1,ENSG00000197381,ENSMUSG00000020262,Adarb1
84,ADAMTSL2,ENSG00000197859,ENSMUSG00000036040,Adamtsl2
85,ADH5,ENSG00000197894,ENSMUSG00000028138,Adh5
86,ADH4,ENSG00000198099,ENSMUSG00000037797,Adh4
87,ADAT3,ENSG00000213638,ENSMUSG00000113640,Adat3
88,ACY1,ENSG00000243989,ENSMUSG00000023262,Acy1
89,,,ENSMUSG00000008822,Acyp1
90,,,ENSMUSG00000011256,Adam19
91,,,ENSMUSG00000031553,Adam3
92,,,ENSMUSG00000031554,Adam5
93,,,ENSMUSG00000043945,Adam6a
94,,,ENSMUSG00000046723,Adam24
95,,,ENSMUSG00000048516,Adam26a
96,,,ENSMUSG00000051804,Adam6b
97,,,ENSMUSG00000062438,Adam1b
98,,,ENSMUSG00000063900,Adam26b
99,,,ENSMUSG00000072647,Adam1a
100,,,ENSMUSG00000072972,Adam4
101,,,ENSMUSG00000079058,Adam34
0,AGK,ENSG00000006530,ENSMUSG00000029916,Agk
1,ADIPOR2,ENSG00000006831,ENSMUSG00000030168,Adipor2
2,AGPS,ENSG00000018510,ENSMUSG00000042410,Agps
3,AGPAT4,ENSG00000026652,ENSMUSG00000023827,Agpat4
4,ADSS2,ENSG00000035687,ENSMUSG00000015961,Adss
5,AGA,ENSG00000038002,ENSMUSG00000031521,Aga
6,ADRB1,ENSG00000043591,ENSMUSG00000035283,Adrb1
7,AHRR,ENSG00000063438,ENSMUSG00000021575,Ahrr
8,AFF4,ENSG00000072364,ENSMUSG00000049470,Aff4
9,AFM,ENSG00000079557,ENSMUSG00000029369,Afm
10,AFP,ENSG00000081051,ENSMUSG00000054932,Afp
11,AGBL5,ENSG00000084693,ENSMUSG00000029165,Agbl5
12,AHSA1,ENSG00000100591,ENSMUSG00000021037,Ahsa1
13,ADNP,ENSG00000101126,ENSMUSG00000051149,Adnp
14,AHCY,ENSG00000101444,ENSMUSG00000027597,Ahcy
15,ADNP2,ENSG00000101544,ENSMUSG00000053950,Adnp2
16,AGFG2,ENSG00000106351,ENSMUSG00000029722,Agfg2
17,AGR2,ENSG00000106541,ENSMUSG00000020581,Agr2
18,AHR,ENSG00000106546,ENSMUSG00000019256,Ahr
19,AEBP1,ENSG00000106624,ENSMUSG00000020473,Aebp1
20,AICDA,ENSG00000111732,ENSMUSG00000040627,Aicda
21,AGXT2,ENSG00000113492,ENSMUSG00000089678,Agxt2
22,AGMAT,ENSG00000116771,ENSMUSG00000040706,Agmat
23,AFTPH,ENSG00000119844,ENSMUSG00000049659,Aftph
24,ADRA1A,ENSG00000120907,ENSMUSG00000045875,Adra1a
25,AHNAK,ENSG00000124942,ENSMUSG00000069833,Ahnak
26,AHDC1,ENSG00000126705,ENSMUSG00000037692,Ahdc1
27,ADM2,ENSG00000128165,ENSMUSG00000054136,Adm2
28,ADORA2A,ENSG00000128271,ENSMUSG00000020178,Adora2a
29,ADRM1,ENSG00000130706,ENSMUSG00000039041,Adrm1
30,AGAP3,ENSG00000133612,ENSMUSG00000023353,Agap3
31,AGTPBP1,ENSG00000135049,ENSMUSG00000021557,Agtpbp1
32,AGAP2,ENSG00000135439,ENSMUSG00000025422,Agap2
33,AHI1,ENSG00000135541,ENSMUSG00000019986,Ahi1
34,AGT,ENSG00000135744,ENSMUSG00000031980,Agt
35,AEBP2,ENSG00000139154,ENSMUSG00000030232,Aebp2
36,AFG3L2,ENSG00000141385,ENSMUSG00000024527,Afg3l2
37,AFF3,ENSG00000144218,ENSMUSG00000037138,Aff3
38,ADPRH,ENSG00000144843,ENSMUSG00000002844,Adprh
39,AGTR1,ENSG00000144891,ENSMUSG00000049115,Agtr1a
40,AGTR1,ENSG00000144891,ENSMUSG00000054988,Agtr1b
41,AHSG,ENSG00000145192,ENSMUSG00000022868,Ahsg
42,AGBL3,ENSG00000146856,ENSMUSG00000038836,Agbl3
43,ADHFE1,ENSG00000147576,ENSMUSG00000025911,Adhfe1
44,ADM,ENSG00000148926,ENSMUSG00000030790,Adm
45,ADRA2A,ENSG00000150594,ENSMUSG00000033717,Adra2a
46,AHCTF1,ENSG00000153207,ENSMUSG00000026491,Ahctf1
47,ADPRHL1,ENSG00000153531,ENSMUSG00000031448,Adprhl1
48,AGPAT5,ENSG00000155189,ENSMUSG00000031467,Agpat5
49,AFF2,ENSG00000155966,ENSMUSG00000031189,Aff2
50,ADK,ENSG00000156110,ENSMUSG00000039197,Adk
51,AFAP1L1,ENSG00000157510,ENSMUSG00000033032,Afap1l1
52,AGAP1,ENSG00000157985,ENSMUSG00000055013,Agap1
53,AHCYL2,ENSG00000158467,ENSMUSG00000029772,Ahcyl2
54,ADPGK,ENSG00000159322,ENSMUSG00000025236,Adpgk
55,ADIPOR1,ENSG00000159346,ENSMUSG00000026457,Adipor1
56,AGRP,ENSG00000159723,ENSMUSG00000005705,Agrp
57,AGPAT3,ENSG00000160216,ENSMUSG00000001211,Agpat3
58,AGL,ENSG00000162688,ENSMUSG00000033400,Agl
59,ADORA1,ENSG00000163485,ENSMUSG00000042429,Adora1
60,AGGF1,ENSG00000164252,ENSMUSG00000021681,Aggf1
61,AGBL2,ENSG00000165923,ENSMUSG00000040812,Agbl2
62,AHCYL1,ENSG00000168710,ENSMUSG00000027893,Ahcyl1
63,AFAP1L2,ENSG00000169129,ENSMUSG00000025083,Afap1l2
64,ADRB2,ENSG00000169252,ENSMUSG00000045730,Adrb2
65,AGPAT2,ENSG00000169692,ENSMUSG00000026922,Agpat2
66,ADRA1B,ENSG00000170214,ENSMUSG00000050541,Adra1b
67,ADORA2B,ENSG00000170425,ENSMUSG00000018500,Adora2b
68,ADRA1D,ENSG00000171873,ENSMUSG00000027335,Adra1d
69,AGXT,ENSG00000172482,ENSMUSG00000026272,Agxt
70,AFF1,ENSG00000172493,ENSMUSG00000029313,Aff1
71,AGR3,ENSG00000173467,ENSMUSG00000036231,Agr3
72,AGFG1,ENSG00000173744,ENSMUSG00000026159,Agfg1
73,AGTRAP,ENSG00000177674,ENSMUSG00000029007,Agtrap
74,AGTR2,ENSG00000180772,ENSMUSG00000068122,Agtr2
75,AEN,ENSG00000181026,ENSMUSG00000030609,Aen
76,ADIPOQ,ENSG00000181092,ENSMUSG00000022878,Adipoq
77,ADO,ENSG00000181915,ENSMUSG00000057134,Ado
78,ADIG,ENSG00000182035,ENSMUSG00000044405,Adig
79,ADI1,ENSG00000182551,ENSMUSG00000020629,Adi1
80,AFMID,ENSG00000183077,ENSMUSG00000017718,Afmid
81,ADRA2C,ENSG00000184160,ENSMUSG00000045318,Adra2c
82,ADSS1,ENSG00000185100,ENSMUSG00000011148,Adssl1
83,AIDA,ENSG00000186063,ENSMUSG00000042901,Aida
84,AGBL4,ENSG00000186094,ENSMUSG00000061298,Agbl4
85,AGMO,ENSG00000187546,ENSMUSG00000050103,Agmo
86,AGRN,ENSG00000188157,ENSMUSG00000041936,Agrn
87,ADRB3,ENSG00000188778,ENSMUSG00000031489,Adrb3
88,ADH7,ENSG00000196344,ENSMUSG00000055301,Adh7
89,AFAP1,ENSG00000196526,ENSMUSG00000029094,Afap1
90,AGER,ENSG00000204305,ENSMUSG00000015452,Ager
91,AGPAT1,ENSG00000204310,ENSMUSG00000034254,Agpat1
92,ADSL,ENSG00000239900,ENSMUSG00000022407,Adsl
93,AGBL1,ENSG00000273540,ENSMUSG00000025754,Agbl1
94,ADRA2B,ENSG00000274286,ENSMUSG00000058620,Adra2b
95,ADORA3,ENSG00000282608,ENSMUSG00000000562,Adora3
96,,,ENSMUSG00000020288,Ahsa2
97,,,ENSMUSG00000031967,Afg3l1
98,,,ENSMUSG00000053054,Adh6a
99,,,ENSMUSG00000090306,Adh6-ps1
0,AK2,ENSG00000004455,ENSMUSG00000028792,Ak2
1,ALDH3B1,ENSG00000006534,ENSMUSG00000024885,Aldh3b1
2,AKAP8L,ENSG00000011243,ENSMUSG00000002625,Akap8l
3,ALAS1,ENSG00000023330,ENSMUSG00000032786,Alas1
4,AKAP11,ENSG00000023516,ENSMUSG00000022016,Akap11
5,ALG1,ENSG00000033011,ENSMUSG00000039427,Alg1
6,ALG1L2,ENSG00000251287,ENSMUSG00000039427,Alg1
7,AIFM2,ENSG00000042286,ENSMUSG00000020085,Aifm2
8,ALDH18A1,ENSG00000059573,ENSMUSG00000025007,Aldh18a1
9,ALDH3A2,ENSG00000072210,ENSMUSG00000010025,Aldh3a2
10,ALG13,ENSG00000101901,ENSMUSG00000041718,Alg13
11,AKAP8,ENSG00000105127,ENSMUSG00000024045,Akap8
12,AKT2,ENSG00000105221,ENSMUSG00000004056,Akt2
13,AIMP2,ENSG00000106305,ENSMUSG00000029610,Aimp2
14,AKNA,ENSG00000106948,ENSMUSG00000039158,Akna
15,AK1,ENSG00000106992,ENSMUSG00000026817,Ak1
16,AKAP10,ENSG00000108599,ENSMUSG00000047804,Akap10
17,ALDH3A1,ENSG00000108602,ENSMUSG00000019102,Aldh3a1
18,ALDOC,ENSG00000109107,ENSMUSG00000017390,Aldoc
19,AIP,ENSG00000110711,ENSMUSG00000024847,Aip
20,AKAP3,ENSG00000111254,ENSMUSG00000030344,Akap3
21,ALDH2,ENSG00000111275,ENSMUSG00000029455,Aldh2
22,ALDH5A1,ENSG00000112294,ENSMUSG00000035936,Aldh5a1
23,AKT3,ENSG00000117020,ENSMUSG00000019699,Akt3
24,AKR1A1,ENSG00000117448,ENSMUSG00000028692,Akr1a1
25,AKAP7,ENSG00000118507,ENSMUSG00000039166,Akap7
26,ALDH8A1,ENSG00000118514,ENSMUSG00000037542,Aldh8a1
27,ALG2,ENSG00000119523,ENSMUSG00000039740,Alg2
28,ALDH6A1,ENSG00000119711,ENSMUSG00000021238,Aldh6a1
29,AKAP1,ENSG00000121057,ENSMUSG00000018428,Akap1
30,AKR1D1,ENSG00000122787,ENSMUSG00000038641,Akr1d1
31,AIF1L,ENSG00000126878,ENSMUSG00000001864,Aif1l
32,AKAP9,ENSG00000127914,ENSMUSG00000040407,Akap9
33,ALDH1A2,ENSG00000128918,ENSMUSG00000013584,Aldh1a2
34,AIPL1,ENSG00000129221,ENSMUSG00000040554,Aipl1
35,AKAP12,ENSG00000131016,ENSMUSG00000038587,Akap12
36,ALDH3B2,ENSG00000132746,ENSMUSG00000075296,Aldh3b2
37,AKIRIN2,ENSG00000135334,ENSMUSG00000028291,Akirin2
38,ALDH1L2,ENSG00000136010,ENSMUSG00000020256,Aldh1l2
39,ALDOB,ENSG00000136872,ENSMUSG00000028307,Aldob
40,ALDH1B1,ENSG00000137124,ENSMUSG00000035561,Aldh1b1
41,ALG10,ENSG00000139133,ENSMUSG00000075470,Alg10b
42,ALG10B,ENSG00000175548,ENSMUSG00000075470,Alg10b
43,AK7,ENSG00000140057,ENSMUSG00000041323,Ak7
44,AKT1,ENSG00000142208,ENSMUSG00000001729,Akt1
45,ALDH9A1,ENSG00000143149,ENSMUSG00000026687,Aldh9a1
46,ALDH1L1,ENSG00000144908,ENSMUSG00000030088,Aldh1l1
47,AIG1,ENSG00000146416,ENSMUSG00000019806,Aig1
48,AKAP4,ENSG00000147081,ENSMUSG00000050089,Akap4
49,AK3,ENSG00000147853,ENSMUSG00000024782,Ak3
50,ALAD,ENSG00000148218,ENSMUSG00000028393,Alad
51,ALDOA,ENSG00000149925,ENSMUSG00000030695,Aldoa
52,ALDOA,ENSG00000149925,ENSMUSG00000059343,Aldoart1
53,ALDOA,ENSG00000149925,ENSMUSG00000063129,Aldoart2
54,AKAP6,ENSG00000151320,ENSMUSG00000061603,Akap6
55,AK5,ENSG00000154027,ENSMUSG00000039058,Ak5
56,AIFM1,ENSG00000156709,ENSMUSG00000036932,Aifm1
57,ALAS2,ENSG00000158578,ENSMUSG00000025270,Alas2
58,ALDH4A1,ENSG00000159423,ENSMUSG00000028737,Aldh4a1
59,AIRE,ENSG00000160224,ENSMUSG00000000731,Aire
60,ALDH16A1,ENSG00000161618,ENSMUSG00000007833,Aldh16a1
61,AK4,ENSG00000162433,ENSMUSG00000028527,Ak4
62,AK4P3,ENSG00000233381,ENSMUSG00000028527,Ak4
63,AKNAD1,ENSG00000162641,ENSMUSG00000049565,Aknad1
64,ALPP,ENSG00000163283,ENSMUSG00000036500,Akp3
65,ALPG,ENSG00000163286,ENSMUSG00000036500,Akp3
66,ALPI,ENSG00000163295,ENSMUSG00000036500,Akp3
67,AIM2,ENSG00000163568,ENSMUSG00000037860,Aim2
68,ALB,ENSG00000163631,ENSMUSG00000029368,Alb
69,AIMP1,ENSG00000164022,ENSMUSG00000028029,Aimp1
70,ALDH7A1,ENSG00000164904,ENSMUSG00000053644,Aldh7a1
71,ALDH1A1,ENSG00000165092,ENSMUSG00000024747,Aldh1a7
72,ALDH1A1,ENSG00000165092,ENSMUSG00000053279,Aldh1a1
73,AKR1E2,ENSG00000165568,ENSMUSG00000045410,Akr1e1
74,AK8,ENSG00000165695,ENSMUSG00000026807,Ak8
75,AKTIP,ENSG00000166971,ENSMUSG00000031667,Aktip
76,ALCAM,ENSG00000170017,ENSMUSG00000022636,Alcam
77,AKAP13,ENSG00000170776,ENSMUSG00000066406,Akap13
78,ALG14,ENSG00000172339,ENSMUSG00000039887,Alg14
79,AKIRIN1,ENSG00000174574,ENSMUSG00000023075,Akirin1
80,AKAP5,ENSG00000179841,ENSMUSG00000021057,Akap5
81,ALG12,ENSG00000182858,ENSMUSG00000035845,Alg12
82,AIFM3,ENSG00000183773,ENSMUSG00000022763,Aifm3
83,ALDH1A3,ENSG00000184254,ENSMUSG00000015134,Aldh1a3
84,AKAP14,ENSG00000186471,ENSMUSG00000036551,Akap14
85,AJAP1,ENSG00000196581,ENSMUSG00000039546,Ajap1
86,AKR1B10,ENSG00000198074,ENSMUSG00000029762,Akr1b8
87,AKR1B10,ENSG00000198074,ENSMUSG00000052131,Akr1b7
88,AKR1B10,ENSG00000198074,ENSMUSG00000061758,Akr1b10
89,AIF1,ENSG00000204472,ENSMUSG00000024397,Aif1
90,AKT1S1,ENSG00000204673,ENSMUSG00000011096,Akt1s1
91,AKR7L,ENSG00000211454,ENSMUSG00000028743,Akr7a5
92,ALG11,ENSG00000253710,ENSMUSG00000063362,Alg11
93,,,ENSMUSG00000021207,Akr1c21
94,,,ENSMUSG00000021210,Akr1c6
95,,,ENSMUSG00000021211,Akr1c12
96,,,ENSMUSG00000021213,Akr1c13
97,,,ENSMUSG00000021214,Akr1c18
98,,,ENSMUSG00000025955,Akr1cl
99,,,ENSMUSG00000033715,Akr1c14
100,,,ENSMUSG00000054757,Akr1c20
101,,,ENSMUSG00000059708,Akap17b
102,,,ENSMUSG00000071551,Akr1c19
103,,,ENSMUSG00000078247,Airn
104,,,ENSMUSG00000114515,Aldoa
0,ALS2,ENSG00000003393,ENSMUSG00000026024,Als2
1,ALOX5,ENSG00000012779,ENSMUSG00000025701,Alox5
2,ANGEL1,ENSG00000013523,ENSMUSG00000021257,Angel1
3,ALX4,ENSG00000052850,ENSMUSG00000040310,Alx4
4,ANAPC4,ENSG00000053900,ENSMUSG00000029176,Anapc4
5,ALPK1,ENSG00000073331,ENSMUSG00000028028,Alpk1
6,AMPH,ENSG00000078053,ENSMUSG00000021314,Amph
7,ALG9,ENSG00000086848,ENSMUSG00000032059,Alg9
8,ALG6,ENSG00000088035,ENSMUSG00000073792,Alg6
9,ANAPC5,ENSG00000089053,ENSMUSG00000029472,Anapc5
10,ALKBH5,ENSG00000091542,ENSMUSG00000042650,Alkbh5
11,ANGPT2,ENSG00000091879,ENSMUSG00000031465,Angpt2
12,ALKBH1,ENSG00000100601,ENSMUSG00000079036,Alkbh1
13,ANGPT4,ENSG00000101280,ENSMUSG00000027460,Angpt4
14,AMMECR1,ENSG00000101935,ENSMUSG00000042225,Ammecr1
15,AMH,ENSG00000104899,ENSMUSG00000035262,Amh
16,AMBP,ENSG00000106927,ENSMUSG00000028356,Ambp
17,ALOX12,ENSG00000108839,ENSMUSG00000000320,Alox12
18,AMBRA1,ENSG00000110497,ENSMUSG00000040506,Ambra1
19,AMOTL2,ENSG00000114019,ENSMUSG00000032531,Amotl2
20,ALMS1,ENSG00000116127,ENSMUSG00000063810,Alms1
21,ANGPTL1,ENSG00000116194,ENSMUSG00000033544,Angptl1
22,AMPD2,ENSG00000116337,ENSMUSG00000027889,Ampd2
23,AMPD1,ENSG00000116748,ENSMUSG00000070385,Ampd1
24,ALG5,ENSG00000120697,ENSMUSG00000036632,Alg5
25,AMD1,ENSG00000123505,ENSMUSG00000063953,Amd2
26,AMD1,ENSG00000123505,ENSMUSG00000075232,Amd1
27,AMELX,ENSG00000125363,ENSMUSG00000031354,Amelx
28,ALKBH7,ENSG00000125652,ENSMUSG00000002661,Alkbh7
29,AMOT,ENSG00000126016,ENSMUSG00000041688,Amot
30,ANAPC13,ENSG00000129055,ENSMUSG00000035048,Anapc13
31,ANGPTL6,ENSG00000130812,ENSMUSG00000038742,Angptl6
32,ANGPTL3,ENSG00000132855,ENSMUSG00000028553,Angptl3
33,ALOX5AP,ENSG00000132965,ENSMUSG00000060063,Alox5ap
34,AMPD3,ENSG00000133805,ENSMUSG00000005686,Ampd3
35,AMHR2,ENSG00000135409,ENSMUSG00000023047,Amhr2
36,ALPK3,ENSG00000136383,ENSMUSG00000038763,Alpk3
37,ANGPTL2,ENSG00000136859,ENSMUSG00000004105,Angptl2
38,ALKBH8,ENSG00000137760,ENSMUSG00000025899,Alkbh8
39,AMIGO2,ENSG00000139211,ENSMUSG00000048218,Amigo2
40,AMDHD1,ENSG00000139344,ENSMUSG00000015890,Amdhd1
41,ANAPC11,ENSG00000141552,ENSMUSG00000025135,Anapc11
42,AMMECR1L,ENSG00000144233,ENSMUSG00000041915,Ammecr1l
43,AMT,ENSG00000145020,ENSMUSG00000032607,Amt
44,ALLC,ENSG00000151360,ENSMUSG00000020636,Allc
45,AMN1,ENSG00000151743,ENSMUSG00000068250,Amn1
46,ANAPC1,ENSG00000153107,ENSMUSG00000014355,Anapc1
47,ANKH,ENSG00000154122,ENSMUSG00000022265,Ank
48,ANGPT1,ENSG00000154188,ENSMUSG00000022309,Angpt1
49,ALX3,ENSG00000156150,ENSMUSG00000014603,Alx3
50,ALG8,ENSG00000159063,ENSMUSG00000035704,Alg8
51,AMFR,ENSG00000159461,ENSMUSG00000031751,Amfr
52,ALKBH4,ENSG00000160993,ENSMUSG00000039754,Alkbh4
53,ALOX15,ENSG00000161905,ENSMUSG00000018924,Alox15
54,AMDHD2,ENSG00000162066,ENSMUSG00000036820,Amdhd2
55,ALPL,ENSG00000162551,ENSMUSG00000028766,Alpl
56,ALPP,ENSG00000163283,ENSMUSG00000026246,Alppl2
57,ALPG,ENSG00000163286,ENSMUSG00000026246,Alppl2
58,ALPI,ENSG00000163295,ENSMUSG00000026246,Alppl2
59,ALPP,ENSG00000163283,ENSMUSG00000079440,Alpi
60,ALPG,ENSG00000163286,ENSMUSG00000079440,Alpi
61,ALPI,ENSG00000163295,ENSMUSG00000079440,Alpi
62,ANAPC10,ENSG00000164162,ENSMUSG00000036977,Anapc10
63,AMOTL1,ENSG00000166025,ENSMUSG00000013076,Amotl1
64,AMN,ENSG00000166126,ENSMUSG00000021278,Amn
65,ALKBH3,ENSG00000166199,ENSMUSG00000040174,Alkbh3
66,ANAPC16,ENSG00000166295,ENSMUSG00000020107,Anapc16
67,ANGPTL4,ENSG00000167772,ENSMUSG00000002289,Angptl4
68,ALK,ENSG00000171094,ENSMUSG00000055471,Alk
69,ANGPTL7,ENSG00000171819,ENSMUSG00000028989,Angptl7
70,ANGEL2,ENSG00000174606,ENSMUSG00000026634,Angel2
71,AMZ1,ENSG00000174945,ENSMUSG00000050022,Amz1
72,AMIGO3,ENSG00000176020,ENSMUSG00000032593,Amigo3
73,ANAPC2,ENSG00000176248,ENSMUSG00000026965,Anapc2
74,ALS2CL,ENSG00000178038,ENSMUSG00000044037,Als2cl
75,AMBN,ENSG00000178522,ENSMUSG00000029288,Ambn
76,ALOXE3,ENSG00000179148,ENSMUSG00000020892,Aloxe3
77,ALOX12B,ENSG00000179477,ENSMUSG00000032807,Alox12b
78,ALOX15B,ENSG00000179593,ENSMUSG00000020891,Alox8
79,ALX1,ENSG00000180318,ENSMUSG00000036602,Alx1
80,AMIGO1,ENSG00000181754,ENSMUSG00000050947,Amigo1
81,ALYREF,ENSG00000183684,ENSMUSG00000025134,Alyref
82,ALYREF,ENSG00000183684,ENSMUSG00000060244,Alyref2
83,AMTN,ENSG00000187689,ENSMUSG00000029282,Amtn
84,ALKBH2,ENSG00000189046,ENSMUSG00000044339,Alkbh2
85,ANAPC7,ENSG00000196510,ENSMUSG00000029466,Anapc7
86,AMZ2,ENSG00000196704,ENSMUSG00000020610,Amz2
87,ALPK2,ENSG00000198796,ENSMUSG00000032845,Alpk2
88,ALG3,ENSG00000214160,ENSMUSG00000033809,Alg3
89,ANG,ENSG00000214274,ENSMUSG00000047894,Ang2
90,ANG,ENSG00000214274,ENSMUSG00000053961,Ang5
91,ANG,ENSG00000214274,ENSMUSG00000060615,Ang4
92,ANG,ENSG00000214274,ENSMUSG00000072115,Ang
93,ANG,ENSG00000214274,ENSMUSG00000072598,Ang6
94,ALKBH6,ENSG00000239382,ENSMUSG00000042831,Alkbh6
95,AMACR,ENSG00000242110,ENSMUSG00000022244,Amacr
96,,,ENSMUSG00000018907,Alox12e
97,,,ENSMUSG00000074264,Amy1
98,,,ENSMUSG00000074268,Amy2a5
99,,,ENSMUSG00000083079,Amy2b
100,,,ENSMUSG00000090098,Alms1-ps2
101,,,ENSMUSG00000093931,Amy2a3
102,,,ENSMUSG00000096569,Amy2a2
103,,,ENSMUSG00000096770,Amy2a4
0,ANKIB1,ENSG00000001629,ENSMUSG00000040351,Ankib1
1,ANLN,ENSG00000011426,ENSMUSG00000036777,Anln
2,ANK1,ENSG00000029534,ENSMUSG00000031543,Ank1
3,ANO2,ENSG00000047617,ENSMUSG00000038115,Ano2
4,ANKS1A,ENSG00000064999,ENSMUSG00000024219,Anks1
5,ANKRD44,ENSG00000065413,ENSMUSG00000052331,Ankrd44
6,ANO8,ENSG00000074855,ENSMUSG00000034863,Ano8
7,ANKRD13A,ENSG00000076513,ENSMUSG00000041870,Ankrd13a
8,ANKRD10,ENSG00000088448,ENSMUSG00000031508,Ankrd10
9,ANKRD24,ENSG00000089847,ENSMUSG00000054708,Ankrd24
10,ANKRD54,ENSG00000100124,ENSMUSG00000033055,Ankrd54
11,ANKRD12,ENSG00000101745,ENSMUSG00000034647,Ankrd12
12,ANXA13,ENSG00000104537,ENSMUSG00000055114,Anxa13
13,ANKRD27,ENSG00000105186,ENSMUSG00000034867,Ankrd27
14,ANKMY2,ENSG00000106524,ENSMUSG00000036188,Ankmy2
15,ANXA10,ENSG00000109511,ENSMUSG00000031635,Anxa10
16,ANKRD13C,ENSG00000118454,ENSMUSG00000039988,Ankrd13c
17,ANXA11,ENSG00000122359,ENSMUSG00000021866,Anxa11
18,ANKRD60,ENSG00000124227,ENSMUSG00000027517,Ankrd60
19,AOC3,ENSG00000131471,ENSMUSG00000019326,Aoc3
20,AOC2,ENSG00000131480,ENSMUSG00000078651,Aoc2
21,ANKHD1,ENSG00000131503,ENSMUSG00000024483,Ankhd1
22,ANO1,ENSG00000131620,ENSMUSG00000031075,Ano1
23,ANKRD17,ENSG00000132466,ENSMUSG00000055204,Ankrd17
24,ANO3,ENSG00000134343,ENSMUSG00000074968,Ano3
25,ANKRD16,ENSG00000134461,ENSMUSG00000047909,Ankrd16
26,ANXA1,ENSG00000135046,ENSMUSG00000024659,Anxa1
27,ANKRD6,ENSG00000135299,ENSMUSG00000040183,Ankrd6
28,AOAH,ENSG00000136250,ENSMUSG00000021322,Aoah
29,ANP32B,ENSG00000136938,ENSMUSG00000028333,Anp32b
30,ANKRD42,ENSG00000137494,ENSMUSG00000041343,Ankrd42
31,ANXA7,ENSG00000138279,ENSMUSG00000021814,Anxa7
32,AOX1,ENSG00000138356,ENSMUSG00000063558,Aox1
33,ANXA3,ENSG00000138772,ENSMUSG00000029484,Anxa3
34,ANP32D,ENSG00000139223,ENSMUSG00000032249,Anp32a
35,ANP32A,ENSG00000140350,ENSMUSG00000032249,Anp32a
36,ANKRD52,ENSG00000139645,ENSMUSG00000014498,Ankrd52
37,ANP32E,ENSG00000143401,ENSMUSG00000015749,Anp32e
38,ANXA9,ENSG00000143412,ENSMUSG00000015702,Anxa9
39,ANKRD53,ENSG00000144031,ENSMUSG00000014747,Ankrd53
40,ANKMY1,ENSG00000144504,ENSMUSG00000034212,Ankmy1
41,ANK2,ENSG00000145362,ENSMUSG00000032826,Ank2
42,ANO7,ENSG00000146205,ENSMUSG00000034107,Ano7
43,ANKRD1,ENSG00000148677,ENSMUSG00000024803,Ankrd1
44,ANK3,ENSG00000151150,ENSMUSG00000069601,Ank3
45,ANKRD50,ENSG00000151458,ENSMUSG00000044864,Ankrd50
46,ANO4,ENSG00000151572,ENSMUSG00000035189,Ano4
47,ANKAR,ENSG00000151687,ENSMUSG00000039342,Ankar
48,ANKRD22,ENSG00000152766,ENSMUSG00000024774,Ankrd22
49,ANKFN1,ENSG00000153930,ENSMUSG00000047773,Ankfn1
50,ANKRD29,ENSG00000154065,ENSMUSG00000057766,Ankrd29
51,ANKRD40,ENSG00000154945,ENSMUSG00000020864,Ankrd40
52,ANKRD9,ENSG00000156381,ENSMUSG00000037904,Ankrd9
53,ANKRD61,ENSG00000157999,ENSMUSG00000029607,Ankrd61
54,ANKLE1,ENSG00000160117,ENSMUSG00000046295,Ankle1
55,ANO10,ENSG00000160746,ENSMUSG00000037949,Ano10
56,ANKRD23,ENSG00000163126,ENSMUSG00000067653,Ankrd23
57,ANTXR2,ENSG00000163297,ENSMUSG00000029338,Antxr2
58,ANKZF1,ENSG00000163516,ENSMUSG00000026199,Ankzf1
59,ANXA5,ENSG00000164111,ENSMUSG00000027712,Anxa5
60,ANKRD33B,ENSG00000164236,ENSMUSG00000022237,Ankrd33b
61,ANKRA2,ENSG00000164331,ENSMUSG00000021661,Ankra2
62,ANKRD55,ENSG00000164512,ENSMUSG00000049985,Ankrd55
63,ANKS6,ENSG00000165138,ENSMUSG00000066191,Anks6
64,ANKRD2,ENSG00000165887,ENSMUSG00000025172,Ankrd2
65,ANPEP,ENSG00000166825,ENSMUSG00000039062,Anpep
66,ANKRD11,ENSG00000167522,ENSMUSG00000035569,Ankrd11
67,ANKRD33,ENSG00000167612,ENSMUSG00000047034,Ankrd33
68,ANKS3,ENSG00000168096,ENSMUSG00000022515,Anks3
69,ANKRD49,ENSG00000168876,ENSMUSG00000031931,Ankrd49
70,ANTXR1,ENSG00000169604,ENSMUSG00000033420,Antxr1
71,ANKK1,ENSG00000170209,ENSMUSG00000032257,Ankk1
72,ANO5,ENSG00000171714,ENSMUSG00000055489,Ano5
73,ANKRD13D,ENSG00000172932,ENSMUSG00000005986,Ankrd13d
74,ANKS4B,ENSG00000175311,ENSMUSG00000030909,Anks4b
75,ANKLE2,ENSG00000176915,ENSMUSG00000029501,Ankle2
76,ANO6,ENSG00000177119,ENSMUSG00000064210,Ano6
77,ANKRD62,ENSG00000181626,ENSMUSG00000007827,Ankrd26
78,ANKRD62,ENSG00000181626,ENSMUSG00000020481,Ankrd36
79,ANXA2,ENSG00000182718,ENSMUSG00000032231,Anxa2
80,ANKRD45,ENSG00000183831,ENSMUSG00000044835,Ankrd45
81,ANKS1B,ENSG00000185046,ENSMUSG00000058589,Anks1b
82,ANO9,ENSG00000185101,ENSMUSG00000054662,Ano9
83,ANKFY1,ENSG00000185722,ENSMUSG00000020790,Ankfy1
84,ANKRD46,ENSG00000186106,ENSMUSG00000048307,Ankrd46
85,ANKRD37,ENSG00000186352,ENSMUSG00000050914,Ankrd37
86,POTEA,ENSG00000188877,ENSMUSG00000029517,Ankrd7
87,ANKDD1B,ENSG00000189045,ENSMUSG00000047117,Ankdd1b
88,ANKRD34B,ENSG00000189127,ENSMUSG00000045034,Ankrd34b
89,ANXA4,ENSG00000196975,ENSMUSG00000029994,Anxa4
90,ANXA6,ENSG00000197043,ENSMUSG00000018340,Anxa6
91,ANKRD35,ENSG00000198483,ENSMUSG00000038354,Ankrd35
92,ANKRD13B,ENSG00000198720,ENSMUSG00000037907,Ankrd13b
93,ANKRD28,ENSG00000206560,ENSMUSG00000014496,Ankrd28
94,ANKRD39,ENSG00000213337,ENSMUSG00000079610,Ankrd39
95,ANKRD34C,ENSG00000235711,ENSMUSG00000047606,Ankrd34c
96,ANXA8L1,ENSG00000264230,ENSMUSG00000021950,Anxa8
97,ANXA8,ENSG00000265190,ENSMUSG00000021950,Anxa8
98,ANKRD34A,ENSG00000272031,ENSMUSG00000049097,Ankrd34a
99,ANTXRL,ENSG00000274209,ENSMUSG00000047441,Antxrl
100,,,ENSMUSG00000038242,Aox4
101,,,ENSMUSG00000064294,Aox3
0,AP2B1,ENSG00000006125,ENSMUSG00000035152,Ap2b1
1,APBA3,ENSG00000011132,ENSMUSG00000004931,Apba3
2,APBA2,ENSG00000034053,ENSMUSG00000030519,Apba2
3,AP2S1,ENSG00000042753,ENSMUSG00000008036,Ap2s1
4,APPBP2,ENSG00000062725,ENSMUSG00000018481,Appbp2
5,AP3D1,ENSG00000065000,ENSMUSG00000020198,Ap3d1
6,AP3M2,ENSG00000070718,ENSMUSG00000031539,Ap3m2
7,AP1M1,ENSG00000072958,ENSMUSG00000003033,Ap1m1
8,APBB1IP,ENSG00000077420,ENSMUSG00000026786,Apbb1ip
9,AP4E1,ENSG00000081014,ENSMUSG00000001998,Ap4e1
10,APLP2,ENSG00000084234,ENSMUSG00000031996,Aplp2
11,APOB,ENSG00000084674,ENSMUSG00000020609,Apob
12,APOH,ENSG00000091583,ENSMUSG00000000049,Apoh
13,AP1B1,ENSG00000100280,ENSMUSG00000009090,Ap1b1
14,APOBEC3H,ENSG00000100298,ENSMUSG00000009585,Apobec3
15,APOL4,ENSG00000100336,ENSMUSG00000010601,Apol7a
16,APOL1,ENSG00000100342,ENSMUSG00000010601,Apol7a
17,APOL3,ENSG00000128284,ENSMUSG00000010601,Apol7a
18,APOL2,ENSG00000128335,ENSMUSG00000010601,Apol7a
19,APOL4,ENSG00000100336,ENSMUSG00000044309,Apol7c
20,APOL1,ENSG00000100342,ENSMUSG00000044309,Apol7c
21,APOL3,ENSG00000128284,ENSMUSG00000044309,Apol7c
22,APOL2,ENSG00000128335,ENSMUSG00000044309,Apol7c
23,APOL4,ENSG00000100336,ENSMUSG00000050014,Apol10b
24,APOL1,ENSG00000100342,ENSMUSG00000050014,Apol10b
25,APOL3,ENSG00000128284,ENSMUSG00000050014,Apol10b
26,APOL2,ENSG00000128335,ENSMUSG00000050014,Apol10b
27,APOL4,ENSG00000100336,ENSMUSG00000050982,Apol10a
28,APOL1,ENSG00000100342,ENSMUSG00000050982,Apol10a
29,APOL3,ENSG00000128284,ENSMUSG00000050982,Apol10a
30,APOL2,ENSG00000128335,ENSMUSG00000050982,Apol10a
31,APOL4,ENSG00000100336,ENSMUSG00000056656,Apol8
32,APOL1,ENSG00000100342,ENSMUSG00000056656,Apol8
33,APOL3,ENSG00000128284,ENSMUSG00000056656,Apol8
34,APOL2,ENSG00000128335,ENSMUSG00000056656,Apol8
35,APOL4,ENSG00000100336,ENSMUSG00000057346,Apol9a
36,APOL1,ENSG00000100342,ENSMUSG00000057346,Apol9a
37,APOL3,ENSG00000128284,ENSMUSG00000057346,Apol9a
38,APOL2,ENSG00000128335,ENSMUSG00000057346,Apol9a
39,APOL4,ENSG00000100336,ENSMUSG00000068246,Apol9b
40,APOL1,ENSG00000100342,ENSMUSG00000068246,Apol9b
41,APOL3,ENSG00000128284,ENSMUSG00000068246,Apol9b
42,APOL2,ENSG00000128335,ENSMUSG00000068246,Apol9b
43,APOL4,ENSG00000100336,ENSMUSG00000068252,Apol7b
44,APOL1,ENSG00000100342,ENSMUSG00000068252,Apol7b
45,APOL3,ENSG00000128284,ENSMUSG00000068252,Apol7b
46,APOL2,ENSG00000128335,ENSMUSG00000068252,Apol7b
47,APOL4,ENSG00000100336,ENSMUSG00000071716,Apol7e
48,APOL1,ENSG00000100342,ENSMUSG00000071716,Apol7e
49,APOL3,ENSG00000128284,ENSMUSG00000071716,Apol7e
50,APOL2,ENSG00000128335,ENSMUSG00000071716,Apol7e
51,APOL4,ENSG00000100336,ENSMUSG00000091650,Apol11a
52,APOL1,ENSG00000100342,ENSMUSG00000091650,Apol11a
53,APOL3,ENSG00000128284,ENSMUSG00000091650,Apol11a
54,APOL2,ENSG00000128335,ENSMUSG00000091650,Apol11a
55,APOL4,ENSG00000100336,ENSMUSG00000091694,Apol11b
56,APOL1,ENSG00000100342,ENSMUSG00000091694,Apol11b
57,APOL3,ENSG00000128284,ENSMUSG00000091694,Apol11b
58,APOL2,ENSG00000128335,ENSMUSG00000091694,Apol11b
59,AP4S1,ENSG00000100478,ENSMUSG00000020955,Ap4s1
60,APEX1,ENSG00000100823,ENSMUSG00000035960,Apex1
61,AP3B2,ENSG00000103723,ENSMUSG00000062444,Ap3b2
62,APLP1,ENSG00000105290,ENSMUSG00000006651,Aplp1
63,AP1S1,ENSG00000106367,ENSMUSG00000004849,Ap1s1
64,APBA1,ENSG00000107282,ENSMUSG00000024897,Apba1
65,APOA5,ENSG00000110243,ENSMUSG00000032079,Apoa5
66,APOA4,ENSG00000110244,ENSMUSG00000032080,Apoa4
67,APOC3,ENSG00000110245,ENSMUSG00000032081,Apoc3
68,APOBEC1,ENSG00000111701,ENSMUSG00000040613,Apobec1
69,APBB3,ENSG00000113108,ENSMUSG00000117679,Apbb3
70,APC2,ENSG00000115266,ENSMUSG00000020135,Apc2
71,APH1A,ENSG00000117362,ENSMUSG00000015750,Aph1a
72,APOA1,ENSG00000118137,ENSMUSG00000032083,Apoa1
73,APAF1,ENSG00000120868,ENSMUSG00000019979,Apaf1
74,APOBEC2,ENSG00000124701,ENSMUSG00000040694,Apobec2
75,AP1M2,ENSG00000129354,ENSMUSG00000003309,Ap1m2
76,APOE,ENSG00000130203,ENSMUSG00000002985,Apoe
77,APOC1,ENSG00000130208,ENSMUSG00000040564,Apoc1
78,APCS,ENSG00000132703,ENSMUSG00000026542,Apcs
79,AP3B1,ENSG00000132842,ENSMUSG00000021686,Ap3b1
80,AP4B1,ENSG00000134262,ENSMUSG00000032952,Ap4b1
81,APLNR,ENSG00000134817,ENSMUSG00000044338,Aplnr
82,APC,ENSG00000134982,ENSMUSG00000005871,Apc
83,APPL2,ENSG00000136044,ENSMUSG00000020263,Appl2
84,APTX,ENSG00000137074,ENSMUSG00000028411,Aptx
85,APH1B,ENSG00000138613,ENSMUSG00000032375,Aph1b
86,APH1B,ENSG00000138613,ENSMUSG00000053040,Aph1c
87,AP1AR,ENSG00000138660,ENSMUSG00000074238,Ap1ar
88,APP,ENSG00000142192,ENSMUSG00000022892,App
89,APIP,ENSG00000149089,ENSMUSG00000010911,Apip
90,AP1S3,ENSG00000152056,ENSMUSG00000054702,Ap1s3
91,APCDD1,ENSG00000154856,ENSMUSG00000071847,Apcdd1
92,APOOL,ENSG00000155008,ENSMUSG00000025525,Apool
93,APPL1,ENSG00000157500,ENSMUSG00000040760,Appl1
94,AP3S2,ENSG00000157823,ENSMUSG00000063801,Ap3s2
95,APOA2,ENSG00000158874,ENSMUSG00000005681,Apoa2
96,AP2M1,ENSG00000161203,ENSMUSG00000022841,Ap2m1
97,AQP5,ENSG00000161798,ENSMUSG00000044217,Aqp5
98,APBB2,ENSG00000163697,ENSMUSG00000029207,Apbb2
99,APEH,ENSG00000164062,ENSMUSG00000032590,Apeh
100,AQP3,ENSG00000165272,ENSMUSG00000028435,Aqp3
101,API5,ENSG00000166181,ENSMUSG00000027193,Api5
102,APBB1,ENSG00000166313,ENSMUSG00000037032,Apbb1
103,AP1G1,ENSG00000166747,ENSMUSG00000031731,Ap1g1
104,AQP2,ENSG00000167580,ENSMUSG00000023013,Aqp2
105,APEX2,ENSG00000169188,ENSMUSG00000025269,Apex2
106,APLF,ENSG00000169621,ENSMUSG00000030051,Aplf
107,APLN,ENSG00000171388,ENSMUSG00000037010,Apln
108,AQP4,ENSG00000171885,ENSMUSG00000024411,Aqp4
109,APOBEC4,ENSG00000173627,ENSMUSG00000055547,Apobec4
110,APOF,ENSG00000175336,ENSMUSG00000047631,Apof
111,AP3S1,ENSG00000177879,ENSMUSG00000024480,Ap3s1
112,AQP11,ENSG00000178301,ENSMUSG00000042797,Aqp11
113,APOLD1,ENSG00000178878,ENSMUSG00000090698,Apold1
114,AP1S2,ENSG00000182287,ENSMUSG00000031367,Ap1s2
115,AP2A2,ENSG00000183020,ENSMUSG00000002957,Ap2a2
116,APOBR,ENSG00000184730,ENSMUSG00000042759,Apobr
117,APOO,ENSG00000184831,ENSMUSG00000079508,Apoo
118,AQP12A,ENSG00000184945,ENSMUSG00000045091,Aqp12
119,AQP12B,ENSG00000185176,ENSMUSG00000045091,Aqp12
120,AP3M1,ENSG00000185009,ENSMUSG00000021824,Ap3m1
121,APOD,ENSG00000189058,ENSMUSG00000022548,Apod
122,AP2A1,ENSG00000196961,ENSMUSG00000060279,Ap2a1
123,APRT,ENSG00000198931,ENSMUSG00000006589,Aprt
124,APOM,ENSG00000204444,ENSMUSG00000024391,Apom
125,AP1G2,ENSG00000213983,ENSMUSG00000040701,Ap1g2
126,AP4M1,ENSG00000221838,ENSMUSG00000019518,Ap4m1
127,APOL6,ENSG00000221963,ENSMUSG00000033576,Apol6
128,APOC2,ENSG00000234906,ENSMUSG00000002992,Apoc2
129,AQP1,ENSG00000240583,ENSMUSG00000004655,Aqp1
130,APOC4,ENSG00000267467,ENSMUSG00000074336,Apoc4
131,,,ENSMUSG00000049233,Apoo-ps
132,,,ENSMUSG00000051716,Apon
133,,,ENSMUSG00000073652,Apol7d
0,ARF5,ENSG00000004059,ENSMUSG00000020440,Arf5
1,ARHGAP33,ENSG00000004777,ENSMUSG00000036882,Arhgap33
2,ARHGAP44,ENSG00000006740,ENSMUSG00000033389,Arhgap44
3,AQR,ENSG00000021776,ENSMUSG00000040383,Aqr
4,ARHGAP31,ENSG00000031081,ENSMUSG00000022799,Arhgap31
5,ARID4A,ENSG00000032219,ENSMUSG00000048118,Arid4a
6,ARAP2,ENSG00000047365,ENSMUSG00000037999,Arap2
7,ARHGAP6,ENSG00000047648,ENSMUSG00000031355,Arhgap6
8,ARID1B,ENSG00000049618,ENSMUSG00000069729,Arid1b
9,ARHGEF5,ENSG00000050327,ENSMUSG00000033542,Arhgef5
10,ARID4B,ENSG00000054267,ENSMUSG00000039219,Arid4b
11,ARFGEF1,ENSG00000066777,ENSMUSG00000067851,Arfgef1
12,ARHGAP10,ENSG00000071205,ENSMUSG00000037148,Arhgap10
13,ARHGEF10L,ENSG00000074964,ENSMUSG00000040964,Arhgef10l
14,ARHGAP15,ENSG00000075884,ENSMUSG00000049744,Arhgap15
15,ARHGEF1,ENSG00000076928,ENSMUSG00000040940,Arhgef1
16,ARAF,ENSG00000078061,ENSMUSG00000001127,Araf
17,ARG2,ENSG00000081181,ENSMUSG00000021125,Arg2
18,AQP6,ENSG00000086159,ENSMUSG00000043144,Aqp6
19,ARHGAP28,ENSG00000088756,ENSMUSG00000024043,Arhgap28
20,ARHGAP4,ENSG00000089820,ENSMUSG00000031389,Arhgap4
21,ARCN1,ENSG00000095139,ENSMUSG00000032096,Arcn1
22,ARHGAP5,ENSG00000100852,ENSMUSG00000035133,Arhgap5
23,ARFGAP1,ENSG00000101199,ENSMUSG00000027575,Arfgap1
24,ARFRP1,ENSG00000101246,ENSMUSG00000038671,Arfrp1
25,ARHGEF7,ENSG00000102606,ENSMUSG00000031511,Arhgef7
26,AQP8,ENSG00000103375,ENSMUSG00000030762,Aqp8
27,AQP9,ENSG00000103569,ENSMUSG00000032204,Aqp9
28,ARHGEF10,ENSG00000104728,ENSMUSG00000071176,Arhgef10
29,ARHGEF18,ENSG00000104880,ENSMUSG00000004568,Arhgef18
30,ARHGAP21,ENSG00000107863,ENSMUSG00000036591,Arhgap21
31,AREG,ENSG00000109321,ENSMUSG00000029378,Areg
32,ARHGEF17,ENSG00000110237,ENSMUSG00000032875,Arhgef17
33,ARHGDIB,ENSG00000111348,ENSMUSG00000030220,Arhgdib
34,ARHGEF26,ENSG00000114790,ENSMUSG00000036885,Arhgef26
35,ARID3A,ENSG00000116017,ENSMUSG00000019564,Arid3a
36,ARHGEF2,ENSG00000116584,ENSMUSG00000028059,Arhgef2
37,ARID1A,ENSG00000117713,ENSMUSG00000007880,Arid1a
38,ARG1,ENSG00000118520,ENSMUSG00000019987,Arg1
39,ARAP3,ENSG00000120318,ENSMUSG00000024451,Arap3
40,ARHGAP9,ENSG00000123329,ENSMUSG00000040345,Arhgap9
41,ARHGAP40,ENSG00000124143,ENSMUSG00000074625,Arhgap40
42,ARFGEF2,ENSG00000124198,ENSMUSG00000074582,Arfgef2
43,ARHGAP22,ENSG00000128805,ENSMUSG00000063506,Arhgap22
44,ARHGEF6,ENSG00000129675,ENSMUSG00000031133,Arhgef6
45,ARHGEF16,ENSG00000130762,ENSMUSG00000029032,Arhgef16
46,ARHGEF9,ENSG00000131089,ENSMUSG00000025656,Arhgef9
47,ARFIP2,ENSG00000132254,ENSMUSG00000030881,Arfip2
48,ARHGEF11,ENSG00000132694,ENSMUSG00000041977,Arhgef11
49,ARF3,ENSG00000134287,ENSMUSG00000051853,Arf3
50,ARGLU1,ENSG00000134884,ENSMUSG00000040459,Arglu1
51,ARHGAP32,ENSG00000134909,ENSMUSG00000041444,Arhgap32
52,ARHGAP20,ENSG00000137727,ENSMUSG00000053199,Arhgap20
53,ARHGAP29,ENSG00000137962,ENSMUSG00000039831,Arhgap29
54,ARHGAP24,ENSG00000138639,ENSMUSG00000057315,Arhgap24
55,ARHGAP17,ENSG00000140750,ENSMUSG00000030766,Arhgap17
56,ARHGDIA,ENSG00000141522,ENSMUSG00000025132,Arhgdia
57,ARHGEF19,ENSG00000142632,ENSMUSG00000028919,Arhgef19
58,ARF1,ENSG00000143761,ENSMUSG00000048076,Arf1
59,ARHGAP26,ENSG00000145819,ENSMUSG00000036452,Arhgap26
60,ARHGAP18,ENSG00000146376,ENSMUSG00000039031,Arhgap18
61,ARHGAP36,ENSG00000147256,ENSMUSG00000036198,Arhgap36
62,ARHGAP39,ENSG00000147799,ENSMUSG00000033697,Arhgap39
63,ARFGAP2,ENSG00000149182,ENSMUSG00000027255,Arfgap2
64,ARID5B,ENSG00000150347,ENSMUSG00000019947,Arid5b
65,ARHGAP27,ENSG00000159314,ENSMUSG00000034255,Arhgap27
66,ARHGAP25,ENSG00000163219,ENSMUSG00000030047,Arhgap25
67,ARHGEF3,ENSG00000163947,ENSMUSG00000021895,Arhgef3
68,ARFIP1,ENSG00000164144,ENSMUSG00000074513,Arfip1
69,AQP7,ENSG00000165269,ENSMUSG00000028427,Aqp7
70,AQP7B,ENSG00000259916,ENSMUSG00000028427,Aqp7
71,ARHGAP12,ENSG00000165322,ENSMUSG00000041225,Arhgap12
72,ARF6,ENSG00000165527,ENSMUSG00000044147,Arf6
73,ARHGEF40,ENSG00000165801,ENSMUSG00000004562,Arhgef40
74,ARHGAP42,ENSG00000165895,ENSMUSG00000050730,Arhgap42
75,ARIH1,ENSG00000166233,ENSMUSG00000025234,Arih1
76,ARF4,ENSG00000168374,ENSMUSG00000021877,Arf4
77,AR,ENSG00000169083,ENSMUSG00000046532,Ar
78,ARHGAP1,ENSG00000175220,ENSMUSG00000027247,Arhgap1
79,ARIH2,ENSG00000177479,ENSMUSG00000064145,Arih2
80,ARID3B,ENSG00000179361,ENSMUSG00000004661,Arid3b
81,ARHGEF37,ENSG00000183111,ENSMUSG00000045094,Arhgef37
82,ARL17A,ENSG00000185829,ENSMUSG00000062421,Arf2
83,ARL17B,ENSG00000228696,ENSMUSG00000062421,Arf2
84,ARHGAP30,ENSG00000186517,ENSMUSG00000048865,Arhgap30
85,ARAP1,ENSG00000186635,ENSMUSG00000032812,Arap1
86,ARID2,ENSG00000189079,ENSMUSG00000033237,Arid2
87,ARID5A,ENSG00000196843,ENSMUSG00000037447,Arid5a
88,ARHGEF12,ENSG00000196914,ENSMUSG00000059495,Arhgef12
89,ARC,ENSG00000198576,ENSMUSG00000022602,Arc
90,ARHGAP11A,ENSG00000198826,ENSMUSG00000041219,Arhgap11a
91,ARHGAP11B,ENSG00000285077,ENSMUSG00000041219,Arhgap11a
92,ARHGEF15,ENSG00000198844,ENSMUSG00000052921,Arhgef15
93,ARID3C,ENSG00000205143,ENSMUSG00000066224,Arid3c
94,ARHGAP19,ENSG00000213390,ENSMUSG00000025154,Arhgap19
95,ARHGEF33,ENSG00000214694,ENSMUSG00000054901,Arhgef33
96,ARHGEF38,ENSG00000236699,ENSMUSG00000040969,Arhgef38
97,ARHGEF25,ENSG00000240771,ENSMUSG00000019467,Arhgef25
98,ARHGAP8,ENSG00000241484,ENSMUSG00000078954,Arhgap8
99,ARHGDIG,ENSG00000242173,ENSMUSG00000073433,Arhgdig
100,ARFGAP3,ENSG00000242247,ENSMUSG00000054277,Arfgap3
101,ARHGAP23,ENSG00000275832,ENSMUSG00000049807,Arhgap23
102,,,ENSMUSG00000037509,Arhgef4
103,,,ENSMUSG00000118193,Arhgap26
0,ARX,ENSG00000004848,ENSMUSG00000035277,Arx
1,ASB4,ENSG00000005981,ENSMUSG00000042607,Asb4
2,ASB1,ENSG00000065802,ENSMUSG00000026311,Asb1
3,ASAP3,ENSG00000088280,ENSMUSG00000036995,Asap3
4,ARVCF,ENSG00000099889,ENSMUSG00000118669,Arvcf
5,ARSA,ENSG00000100299,ENSMUSG00000022620,Arsa
6,ASB2,ENSG00000100628,ENSMUSG00000021200,Asb2
7,ARMCX3,ENSG00000102401,ENSMUSG00000049047,Armcx3
8,ARL2BP,ENSG00000102931,ENSMUSG00000031776,Arl2bp
9,ARMC1,ENSG00000104442,ENSMUSG00000027599,Armc1
10,ASAH1,ENSG00000104763,ENSMUSG00000031591,Asah1
11,ARRDC2,ENSG00000105643,ENSMUSG00000002910,Arrdc2
12,ARMC6,ENSG00000105676,ENSMUSG00000002343,Armc6
13,ARPC3,ENSG00000111229,ENSMUSG00000029465,Arpc3
14,ART4,ENSG00000111339,ENSMUSG00000030217,Art4
15,ARSB,ENSG00000113273,ENSMUSG00000042082,Arsb
16,ARRDC3,ENSG00000113369,ENSMUSG00000074794,Arrdc3
17,ARL6,ENSG00000113966,ENSMUSG00000022722,Arl6
18,ARMC8,ENSG00000114098,ENSMUSG00000032468,Armc8
19,ASB3,ENSG00000115239,ENSMUSG00000020305,Asb3
20,ARTN,ENSG00000117407,ENSMUSG00000028539,Artn
21,ARMC2,ENSG00000118690,ENSMUSG00000071324,Armc2
22,ARR3,ENSG00000120500,ENSMUSG00000060890,Arr3
23,ARL1,ENSG00000120805,ENSMUSG00000060904,Arl1
24,ARL4A,ENSG00000122644,ENSMUSG00000047446,Arl4a
25,ARMC7,ENSG00000125449,ENSMUSG00000057219,Armc7
26,ARMCX5,ENSG00000125962,ENSMUSG00000072969,Armcx5
27,ARMCX1,ENSG00000126947,ENSMUSG00000033460,Armcx1
28,ARPP19,ENSG00000128989,ENSMUSG00000007656,Arpp19
29,SPCS3,ENSG00000129128,ENSMUSG00000048040,Arxes2
30,SPCS3,ENSG00000129128,ENSMUSG00000048355,Arxes1
31,ART1,ENSG00000129744,ENSMUSG00000030996,Art1
32,ARPC1B,ENSG00000130429,ENSMUSG00000029622,Arpc1b
33,ARL8B,ENSG00000134108,ENSMUSG00000030105,Arl8b
34,ARMC9,ENSG00000135931,ENSMUSG00000062590,Armc9
35,ARPC5L,ENSG00000136950,ENSMUSG00000026755,Arpc5l
36,ARRB1,ENSG00000137486,ENSMUSG00000018909,Arrb1
37,ARL3,ENSG00000138175,ENSMUSG00000025035,Arl3
38,ARRDC4,ENSG00000140450,ENSMUSG00000042659,Arrdc4
39,ARMC5,ENSG00000140691,ENSMUSG00000042178,Armc5
40,ARSG,ENSG00000141337,ENSMUSG00000020604,Arsg
41,ARRB2,ENSG00000141480,ENSMUSG00000060216,Arrb2
42,ARL5C,ENSG00000141748,ENSMUSG00000038352,Arl5c
43,ARNT,ENSG00000143437,ENSMUSG00000015522,Arnt
44,ARL8A,ENSG00000143862,ENSMUSG00000026426,Arl8a
45,ARL6IP5,ENSG00000144746,ENSMUSG00000035199,Arl6ip5
46,ASB15,ENSG00000146809,ENSMUSG00000029685,Asb15
47,ASB10,ENSG00000146926,ENSMUSG00000038204,Asb10
48,ASB6,ENSG00000148331,ENSMUSG00000039483,Asb6
49,ASAP2,ENSG00000151693,ENSMUSG00000052632,Asap2
50,ARL11,ENSG00000152213,ENSMUSG00000043157,Arl11
51,ASAP1,ENSG00000153317,ENSMUSG00000022377,Asap1
52,ASB17,ENSG00000154007,ENSMUSG00000038997,Asb17
53,ART3,ENSG00000156219,ENSMUSG00000034842,Art3
54,ASB16,ENSG00000161664,ENSMUSG00000034768,Asb16
55,ARPC5,ENSG00000162704,ENSMUSG00000008475,Arpc5
56,ARL5A,ENSG00000162980,ENSMUSG00000036093,Arl5a
57,ARPC2,ENSG00000163466,ENSMUSG00000006304,Arpc2
58,ASB5,ENSG00000164122,ENSMUSG00000031519,Asb5
59,ARSK,ENSG00000164291,ENSMUSG00000021592,Arsk
60,ASB11,ENSG00000165192,ENSMUSG00000031382,Asb11
61,ARMC3,ENSG00000165309,ENSMUSG00000037683,Armc3
62,ARL5B,ENSG00000165997,ENSMUSG00000017418,Arl5b
63,ART5,ENSG00000167311,ENSMUSG00000070424,Art5
64,ARL13B,ENSG00000169379,ENSMUSG00000022911,Arl13b
65,ARL6IP1,ENSG00000170540,ENSMUSG00000030654,Arl6ip1
66,ARMC10,ENSG00000170632,ENSMUSG00000038525,Armc10
67,ARNT2,ENSG00000172379,ENSMUSG00000015709,Arnt2
68,ARPP21,ENSG00000172995,ENSMUSG00000032503,Arpp21
69,ARV1,ENSG00000173409,ENSMUSG00000031982,Arv1
70,ARL13A,ENSG00000174225,ENSMUSG00000052549,Arl13a
71,ARL10,ENSG00000175414,ENSMUSG00000025870,Arl10
72,ARL4D,ENSG00000175906,ENSMUSG00000034936,Arl4d
73,ARL6IP6,ENSG00000177917,ENSMUSG00000026960,Arl6ip6
74,ARL14,ENSG00000179674,ENSMUSG00000098207,Arl14
75,ARSJ,ENSG00000180801,ENSMUSG00000046561,Arsj
76,ASB18,ENSG00000182177,ENSMUSG00000067081,Asb18
77,ARL6IP4,ENSG00000182196,ENSMUSG00000029404,Arl6ip4
78,ASB7,ENSG00000183475,ENSMUSG00000030509,Asb7
79,ARSI,ENSG00000183876,ENSMUSG00000036412,Arsi
80,ARMCX2,ENSG00000184867,ENSMUSG00000033436,Armcx2
81,ARL15,ENSG00000185305,ENSMUSG00000042348,Arl15
82,ARL4C,ENSG00000188042,ENSMUSG00000049866,Arl4c
83,ASAH2,ENSG00000188611,ENSMUSG00000024887,Asah2
84,ASB13,ENSG00000196372,ENSMUSG00000033781,Asb13
85,ARMCX4,ENSG00000196440,ENSMUSG00000049804,Armcx4
86,ARL9,ENSG00000196503,ENSMUSG00000063820,Arl9
87,ARRDC1,ENSG00000197070,ENSMUSG00000026972,Arrdc1
88,ASB12,ENSG00000198881,ENSMUSG00000031204,Asb12
89,ARMCX6,ENSG00000198960,ENSMUSG00000050394,Armcx6
90,ARRDC5,ENSG00000205784,ENSMUSG00000073380,Arrdc5
91,ARL2,ENSG00000213465,ENSMUSG00000024944,Arl2
92,ARL16,ENSG00000214087,ENSMUSG00000057594,Arl16
93,AS3MT,ENSG00000214435,ENSMUSG00000003559,As3mt
94,ASB14,ENSG00000239388,ENSMUSG00000021898,Asb14
95,ARPC4,ENSG00000241553,ENSMUSG00000079426,Arpc4
96,ARPC1A,ENSG00000241685,ENSMUSG00000029621,Arpc1a
97,,,ENSMUSG00000030651,Art2b
0,ATP1A2,ENSG00000018625,ENSMUSG00000007097,Atp1a2
1,ASTE1,ENSG00000034533,ENSMUSG00000032567,Aste1
2,ATG5,ENSG00000057663,ENSMUSG00000038160,Atg5
3,ATP11B,ENSG00000058063,ENSMUSG00000037400,Atp11b
4,ASPM,ENSG00000066279,ENSMUSG00000033952,Aspm
5,ATG2B,ENSG00000066739,ENSMUSG00000041341,Atg2b
6,ATP11A,ENSG00000068650,ENSMUSG00000031441,Atp11a
7,ASNS,ENSG00000070669,ENSMUSG00000029752,Asns
8,ATP12A,ENSG00000075673,ENSMUSG00000022229,Atp12a
9,ATG16L1,ENSG00000085978,ENSMUSG00000026289,Atg16l1
10,ASCC2,ENSG00000100325,ENSMUSG00000020412,Ascc2
11,ATG4A,ENSG00000101844,ENSMUSG00000079418,Atg4a
12,ATP11C,ENSG00000101974,ENSMUSG00000062949,Atp11c
13,ASB9,ENSG00000102048,ENSMUSG00000031384,Asb9
14,ASF1B,ENSG00000105011,ENSMUSG00000005470,Asf1b
15,ATP1A3,ENSG00000105409,ENSMUSG00000040907,Atp1a3
16,ATP13A1,ENSG00000105726,ENSMUSG00000031862,Atp13a1
17,ASPN,ENSG00000106819,ENSMUSG00000021388,Aspn
18,ATE1,ENSG00000107669,ENSMUSG00000030850,Ate1
19,ASPA,ENSG00000108381,ENSMUSG00000020774,Aspa
20,ATG2A,ENSG00000110046,ENSMUSG00000024773,Atg2a
21,ATN1,ENSG00000111676,ENSMUSG00000004263,Atn1
22,ASF1A,ENSG00000111875,ENSMUSG00000019857,Asf1a
23,ASCC3,ENSG00000112249,ENSMUSG00000038774,Ascc3
24,ATF2,ENSG00000115966,ENSMUSG00000027104,Atf2
25,ASH1L,ENSG00000116539,ENSMUSG00000028053,Ash1l
26,ATF6,ENSG00000118217,ENSMUSG00000026663,Atf6
27,ATP10B,ENSG00000118322,ENSMUSG00000055415,Atp10b
28,ATAD2B,ENSG00000119778,ENSMUSG00000052812,Atad2b
29,ATL2,ENSG00000119787,ENSMUSG00000059811,Atl2
30,ATF1,ENSG00000123268,ENSMUSG00000023027,Atf1
31,ATG4C,ENSG00000125703,ENSMUSG00000028550,Atg4c
32,ASL,ENSG00000126522,ENSMUSG00000025533,Asl
33,ATG14,ENSG00000126775,ENSMUSG00000037526,Atg14
34,ATP13A4,ENSG00000127249,ENSMUSG00000038094,Atp13a4
35,ASPHD2,ENSG00000128203,ENSMUSG00000029348,Asphd2
36,ATF4,ENSG00000128272,ENSMUSG00000042406,Atf4
37,ASH2L,ENSG00000129691,ENSMUSG00000031575,Ash2l
38,ASS1,ENSG00000130707,ENSMUSG00000076441,Ass1
39,ATG4D,ENSG00000130734,ENSMUSG00000002820,Atg4d
40,ATP13A3,ENSG00000133657,ENSMUSG00000022533,Atp13a3
41,ATAT1,ENSG00000137343,ENSMUSG00000024426,Atat1
42,ATAD1,ENSG00000138138,ENSMUSG00000013662,Atad1
43,ASCC1,ENSG00000138303,ENSMUSG00000044475,Ascc1
44,ATIC,ENSG00000138363,ENSMUSG00000026192,Atic
45,ASNSD1,ENSG00000138381,ENSMUSG00000026095,Asnsd1
46,ASCL1,ENSG00000139352,ENSMUSG00000020052,Ascl1
47,ASXL3,ENSG00000141431,ENSMUSG00000045215,Asxl3
48,ASGR1,ENSG00000141505,ENSMUSG00000020884,Asgr1
49,ASXL2,ENSG00000143970,ENSMUSG00000037486,Asxl2
50,ATG3,ENSG00000144848,ENSMUSG00000022663,Atg3
51,ATP10D,ENSG00000145246,ENSMUSG00000046808,Atp10d
52,ATG12,ENSG00000145782,ENSMUSG00000032905,Atg12
53,ASTN2,ENSG00000148219,ENSMUSG00000028373,Astn2
54,ATM,ENSG00000149311,ENSMUSG00000034218,Atm
55,ASTN1,ENSG00000152092,ENSMUSG00000026587,Astn1
56,ATG10,ENSG00000152348,ENSMUSG00000021619,Atg10
57,ASZ1,ENSG00000154438,ENSMUSG00000010796,Asz1
58,ATP13A2,ENSG00000159363,ENSMUSG00000036622,Atp13a2
59,ASGR2,ENSG00000161944,ENSMUSG00000040963,Asgr2
60,ASRGL1,ENSG00000162174,ENSMUSG00000024654,Asrgl1
61,ATF3,ENSG00000162772,ENSMUSG00000026628,Atf3
62,ATP1A1,ENSG00000163399,ENSMUSG00000033161,Atp1a1
63,ASPG,ENSG00000166183,ENSMUSG00000037686,Aspg
64,ATMIN,ENSG00000166454,ENSMUSG00000047388,Atmin
65,ATF7IP2,ENSG00000166669,ENSMUSG00000039200,Atf7ip2
66,ATCAY,ENSG00000167654,ENSMUSG00000034958,Atcay
67,ATG16L2,ENSG00000168010,ENSMUSG00000047767,Atg16l2
68,ATG4B,ENSG00000168397,ENSMUSG00000026280,Atg4b
69,ATOH8,ENSG00000168874,ENSMUSG00000037621,Atoh8
70,ATF5,ENSG00000169136,ENSMUSG00000038539,Atf5
71,ASPSCR1,ENSG00000169696,ENSMUSG00000025142,Aspscr1
72,ATF7,ENSG00000170653,ENSMUSG00000099083,Atf7
73,ASXL1,ENSG00000171456,ENSMUSG00000042548,Asxl1
74,ATF7IP,ENSG00000171681,ENSMUSG00000030213,Atf7ip
75,ATOH1,ENSG00000172238,ENSMUSG00000073043,Atoh1
76,ASPHD1,ENSG00000174939,ENSMUSG00000046378,Asphd1
77,ATG13,ENSG00000175224,ENSMUSG00000027244,Atg13
78,ASCL3,ENSG00000176009,ENSMUSG00000035951,Ascl3
79,ATAD5,ENSG00000176208,ENSMUSG00000017550,Atad5
80,ATOX1,ENSG00000177556,ENSMUSG00000018585,Atox1
81,ASB8,ENSG00000177981,ENSMUSG00000048175,Asb8
82,ATOH7,ENSG00000179774,ENSMUSG00000036816,Atoh7
83,ATG9B,ENSG00000181652,ENSMUSG00000038295,Atg9b
84,ASCL2,ENSG00000183734,ENSMUSG00000009248,Ascl2
85,ATL3,ENSG00000184743,ENSMUSG00000024759,Atl3
86,ATP13A5,ENSG00000187527,ENSMUSG00000048939,Atp13a5
87,ASCL4,ENSG00000187855,ENSMUSG00000085111,Ascl4
88,ASTL,ENSG00000188886,ENSMUSG00000050468,Astl
89,ASMT,ENSG00000196433,ENSMUSG00000093806,Asmt
90,ATG7,ENSG00000197548,ENSMUSG00000030314,Atg7
91,ATAD3A,ENSG00000197785,ENSMUSG00000029036,Atad3a
92,ASPH,ENSG00000198363,ENSMUSG00000028207,Asph
93,ATL1,ENSG00000198513,ENSMUSG00000021066,Atl1
94,ATG9A,ENSG00000198925,ENSMUSG00000033124,Atg9a
95,ASPDH,ENSG00000204653,ENSMUSG00000038704,Aspdh
96,ATP10A,ENSG00000206190,ENSMUSG00000025324,Atp10a
97,ATF6B,ENSG00000213676,ENSMUSG00000015461,Atf6b
98,ASPRV1,ENSG00000244617,ENSMUSG00000033508,Asprv1
99,,,ENSMUSG00000022360,Atad2
0,ATP2C1,ENSG00000017260,ENSMUSG00000032570,Atp2c1
1,ATP6V0A1,ENSG00000033627,ENSMUSG00000019302,Atp6v0a1
2,ATP6V1H,ENSG00000047249,ENSMUSG00000033793,Atp6v1h
3,ATP9A,ENSG00000054793,ENSMUSG00000027546,Atp9a
4,ATP2B4,ENSG00000058668,ENSMUSG00000026463,Atp2b4
5,ATP2C2,ENSG00000064270,ENSMUSG00000034112,Atp2c2
6,ATXN3,ENSG00000066427,ENSMUSG00000021189,Atxn3
7,ATP2B3,ENSG00000067842,ENSMUSG00000031376,Atp2b3
8,ATP1B3,ENSG00000069849,ENSMUSG00000032412,Atp1b3
9,ATP2B1,ENSG00000070961,ENSMUSG00000019943,Atp2b1
10,ATP6AP1,ENSG00000071553,ENSMUSG00000019087,Atp6ap1
11,ATP2A3,ENSG00000074370,ENSMUSG00000020788,Atp2a3
12,ATP8B1,ENSG00000081923,ENSMUSG00000039529,Atp8b1
13,ATRX,ENSG00000085224,ENSMUSG00000031229,Atrx
14,ATXN7L3,ENSG00000087152,ENSMUSG00000059995,Atxn7l3
15,AURKA,ENSG00000087586,ENSMUSG00000027496,Aurka
16,ATRN,ENSG00000088812,ENSMUSG00000027312,Atrn
17,ATP6V1D,ENSG00000100554,ENSMUSG00000021114,Atp6v1d
18,AVP,ENSG00000101200,ENSMUSG00000037727,Avp
19,ATP1B4,ENSG00000101892,ENSMUSG00000016327,Atp1b4
20,ATP8B4,ENSG00000104043,ENSMUSG00000060131,Atp8b4
21,AURKC,ENSG00000105146,ENSMUSG00000070837,Aurkc
22,ATP4A,ENSG00000105675,ENSMUSG00000005553,Atp4a
23,AVL9,ENSG00000105778,ENSMUSG00000029787,Avl9
24,ATP6V0A4,ENSG00000105929,ENSMUSG00000038600,Atp6v0a4
25,ATRNL1,ENSG00000107518,ENSMUSG00000054843,Atrnl1
26,ATP6V0E1,ENSG00000113732,ENSMUSG00000015575,Atp6v0e
27,ATP6V1A,ENSG00000114573,ENSMUSG00000052459,Atp6v1a
28,AUP1,ENSG00000115307,ENSMUSG00000068328,Aup1
29,ATP6V1B1,ENSG00000116039,ENSMUSG00000006269,Atp6v1b1
30,ATP6V0B,ENSG00000117410,ENSMUSG00000033379,Atp6v0b
31,AVPI1,ENSG00000119986,ENSMUSG00000018821,Avpi1
32,ATP7B,ENSG00000123191,ENSMUSG00000006567,Atp7b
33,ATPAF1,ENSG00000123472,ENSMUSG00000028710,Atpaf1
34,ATP8A1,ENSG00000124406,ENSMUSG00000037685,Atp8a1
35,ATXN1,ENSG00000124788,ENSMUSG00000046876,Atxn1
36,ATP6V1F,ENSG00000128524,ENSMUSG00000004285,Atp6v1f
37,ATP1B2,ENSG00000129244,ENSMUSG00000041329,Atp1b2
38,ATP8B3,ENSG00000130270,ENSMUSG00000003341,Atp8b3
39,ATXN10,ENSG00000130638,ENSMUSG00000016541,Atxn10
40,ATP6V1E1,ENSG00000131100,ENSMUSG00000019210,Atp6v1e1
41,ATP1A4,ENSG00000132681,ENSMUSG00000007107,Atp1a4
42,ATP8A2,ENSG00000132932,ENSMUSG00000021983,Atp8a2
43,AVIL,ENSG00000135407,ENSMUSG00000025432,Avil
44,ATP6V1G1,ENSG00000136888,ENSMUSG00000039105,Atp6v1g1
45,ATP1B1,ENSG00000143153,ENSMUSG00000026576,Atp1b1
46,ATP8B2,ENSG00000143515,ENSMUSG00000060671,Atp8b2
47,ATP6V1C2,ENSG00000143882,ENSMUSG00000020566,Atp6v1c2
48,ATXN7L1,ENSG00000146776,ENSMUSG00000020564,Atxn7l1
49,ATP6V1B2,ENSG00000147416,ENSMUSG00000006273,Atp6v1b2
50,ATP6V0D2,ENSG00000147614,ENSMUSG00000028238,Atp6v0d2
51,AUH,ENSG00000148090,ENSMUSG00000021460,Auh
52,ATP6V1G3,ENSG00000151418,ENSMUSG00000026394,Atp6v1g3
53,ATP6V1C1,ENSG00000155097,ENSMUSG00000022295,Atp6v1c1
54,ATP2B2,ENSG00000157087,ENSMUSG00000030302,Atp2b2
55,AUTS2,ENSG00000158321,ENSMUSG00000029673,Auts2
56,ATP6V0D1,ENSG00000159720,ENSMUSG00000013160,Atp6v0d1
57,ATXN7L2,ENSG00000162650,ENSMUSG00000048997,Atxn7l2
58,ATXN7,ENSG00000163635,ENSMUSG00000021738,Atxn7
59,ATRIP,ENSG00000164053,ENSMUSG00000025646,Atrip
60,ATP7A,ENSG00000165240,ENSMUSG00000033792,Atp7a
61,AVPR1A,ENSG00000166148,ENSMUSG00000020123,Avpr1a
62,ATP9B,ENSG00000166377,ENSMUSG00000024566,Atp9b
63,ATXN2L,ENSG00000168488,ENSMUSG00000032637,Atxn2l
64,AVEN,ENSG00000169857,ENSMUSG00000003604,Aven
65,ATP6V0E2,ENSG00000171130,ENSMUSG00000039347,Atp6v0e2
66,ATPAF2,ENSG00000171953,ENSMUSG00000042709,Atpaf2
67,ATP2A2,ENSG00000174437,ENSMUSG00000029467,Atp2a2
68,ATR,ENSG00000175054,ENSMUSG00000032409,Atr
69,AURKAIP1,ENSG00000175756,ENSMUSG00000065990,Aurkaip1
70,AURKB,ENSG00000178999,ENSMUSG00000020897,Aurkb
71,ATP6AP2,ENSG00000182220,ENSMUSG00000031007,Atp6ap2
72,ATP6V0A2,ENSG00000185344,ENSMUSG00000038023,Atp6v0a2
73,ATP6V0C,ENSG00000185883,ENSMUSG00000024121,Atp6v0c
74,ATP4B,ENSG00000186009,ENSMUSG00000031449,Atp4b
75,ATP2A1,ENSG00000196296,ENSMUSG00000030730,Atp2a1
76,AVPR1B,ENSG00000198049,ENSMUSG00000026432,Avpr1b
77,ATXN2,ENSG00000204842,ENSMUSG00000042605,Atxn2
78,ATP6V1G2,ENSG00000213760,ENSMUSG00000024403,Atp6v1g2
79,ATXN1L,ENSG00000224470,ENSMUSG00000069895,Atxn1l
80,ATP6V1E2,ENSG00000250565,ENSMUSG00000053375,Atp6v1e2
81,ATXN7L3B,ENSG00000253719,ENSMUSG00000074748,Atxn7l3b
82,,,ENSMUSG00000028457,Atp8b5
83,,,ENSMUSG00000078958,Atp6ap1l
84,,,ENSMUSG00000080242,Atp6v0c-ps2
0,B4GALT7,ENSG00000027847,ENSMUSG00000021504,B4galt7
1,B4GALT1,ENSG00000086062,ENSMUSG00000028413,B4galt1
2,AXIN1,ENSG00000103126,ENSMUSG00000024182,Axin1
3,B9D1,ENSG00000108641,ENSMUSG00000001039,B9d1
4,B3GAT1,ENSG00000109956,ENSMUSG00000045994,B3gat1
5,C6orf62,ENSG00000112308,ENSMUSG00000019132,BC005537
6,B3GAT2,ENSG00000112309,ENSMUSG00000026156,B3gat2
7,C3orf52,ENSG00000114529,ENSMUSG00000033187,BC016579
8,B4GALT2,ENSG00000117411,ENSMUSG00000028541,B4galt2
9,B4GALT6,ENSG00000118276,ENSMUSG00000056124,B4galt6
10,C1orf54,ENSG00000118292,ENSMUSG00000038543,BC028528
11,B4GALT4,ENSG00000121578,ENSMUSG00000022793,B4galt4
12,B9D2,ENSG00000123810,ENSMUSG00000063439,B9d2
13,AVPR2,ENSG00000126895,ENSMUSG00000031390,Avpr2
14,B4GALNT1,ENSG00000135454,ENSMUSG00000006731,B4galnt1
15,C9orf78,ENSG00000136819,ENSMUSG00000026851,BC005624
16,B4GALNT3,ENSG00000139044,ENSMUSG00000041372,B4galnt3
17,AWAT2,ENSG00000147160,ENSMUSG00000031220,Awat2
18,B3GAT3,ENSG00000149541,ENSMUSG00000071649,B3gat3
19,AZIN1,ENSG00000155096,ENSMUSG00000037458,Azin1
20,B3GNT7,ENSG00000156966,ENSMUSG00000079445,B3gnt7
21,B4GALT5,ENSG00000158470,ENSMUSG00000017929,B4galt5
22,B4GALT3,ENSG00000158850,ENSMUSG00000052423,B4galt3
23,AZGP1,ENSG00000160862,ENSMUSG00000037053,Azgp1
24,B3GALT2,ENSG00000162630,ENSMUSG00000033849,B3galt2
25,B3GALNT2,ENSG00000162885,ENSMUSG00000039242,B3galnt2
26,AZI2,ENSG00000163512,ENSMUSG00000039285,Azi2
27,B2M,ENSG00000166710,ENSMUSG00000060802,B2m
28,B4GALNT2,ENSG00000167080,ENSMUSG00000013418,B4galnt2
29,AXL,ENSG00000167601,ENSMUSG00000002602,Axl
30,AXIN2,ENSG00000168646,ENSMUSG00000000142,Axin2
31,B3GALNT1,ENSG00000169255,ENSMUSG00000043300,B3galnt1
32,B3GNT2,ENSG00000170340,ENSMUSG00000051650,B3gnt2
33,B3GALT1,ENSG00000172318,ENSMUSG00000034780,B3galt1
34,ZNF77,ENSG00000175691,ENSMUSG00000074862,BC025920
35,B3GNTL1,ENSG00000175711,ENSMUSG00000046605,B3gntl1
36,B3GALT6,ENSG00000176022,ENSMUSG00000050796,B3galt6
37,B3GNT4,ENSG00000176383,ENSMUSG00000029431,B3gnt4
38,B3GNT5,ENSG00000176597,ENSMUSG00000022686,B3gnt5
39,B3GNT8,ENSG00000177191,ENSMUSG00000059479,B3gnt8
40,C18orf32,ENSG00000177576,ENSMUSG00000036299,BC031181
41,B3GNT3,ENSG00000179913,ENSMUSG00000031803,B3gnt3
42,C3orf22,ENSG00000180697,ENSMUSG00000049694,BC048671
43,C5orf24,ENSG00000181904,ENSMUSG00000045767,B230219D22Rik
44,B4GALNT4,ENSG00000182272,ENSMUSG00000055629,B4galnt4
45,C12orf60,ENSG00000182993,ENSMUSG00000047515,BC049715
46,B3GALT5,ENSG00000183778,ENSMUSG00000074892,B3galt5
47,B3GNT6,ENSG00000198488,ENSMUSG00000074004,B3gnt6
48,C6orf89,ENSG00000198663,ENSMUSG00000052712,BC004004
49,AWAT1,ENSG00000204195,ENSMUSG00000015665,Awat1
50,B3GALT4,ENSG00000235863,ENSMUSG00000067370,B3galt4
51,C3orf84,ENSG00000236980,ENSMUSG00000050641,BC048562
52,,,ENSMUSG00000041674,BC006965
53,,,ENSMUSG00000043740,B430306N03Rik
54,,,ENSMUSG00000044361,BC024139
55,,,ENSMUSG00000046415,B430212C06Rik
56,,,ENSMUSG00000049008,BB014433
57,,,ENSMUSG00000049946,BC030500
58,,,ENSMUSG00000050538,B230217C12Rik
59,,,ENSMUSG00000051844,B230319C09Rik
60,,,ENSMUSG00000052364,B630019K06Rik
61,,,ENSMUSG00000053873,Aym1
62,,,ENSMUSG00000056032,BC018473
63,,,ENSMUSG00000061877,BC048679
64,,,ENSMUSG00000064063,BC048507
65,,,ENSMUSG00000074052,BC048644
66,,,ENSMUSG00000078537,B020031M17Rik
67,,,ENSMUSG00000084843,B230312C02Rik
68,,,ENSMUSG00000084938,BB557941
69,,,ENSMUSG00000084960,B430010I23Rik
70,,,ENSMUSG00000085006,BC021767
71,,,ENSMUSG00000085041,BB031773
72,,,ENSMUSG00000086272,BC039966
73,,,ENSMUSG00000086844,B230206H07Rik
74,,,ENSMUSG00000087024,B230119M05Rik
75,,,ENSMUSG00000089706,B230216N24Rik
76,,,ENSMUSG00000090164,BC035044
77,,,ENSMUSG00000091526,BB019430
78,,,ENSMUSG00000093606,B130034C11Rik
79,,,ENSMUSG00000096144,B020004C17Rik
80,,,ENSMUSG00000097378,B230208H11Rik
81,,,ENSMUSG00000097623,B230323A14Rik
82,,,ENSMUSG00000097785,B230217O12Rik
83,,,ENSMUSG00000100005,B130024G19Rik
84,,,ENSMUSG00000103622,B430319G15Rik
85,,,ENSMUSG00000109006,B230209E15Rik
86,,,ENSMUSG00000109473,B930025P03Rik
87,,,ENSMUSG00000109628,BC024386
88,,,ENSMUSG00000110909,B020014A21Rik
89,,,ENSMUSG00000111658,B930092H01Rik
90,,,ENSMUSG00000113189,B020018J22Rik
91,,,ENSMUSG00000113361,B930059L03Rik
92,,,ENSMUSG00000113737,BB123696
93,,,ENSMUSG00000115453,BC048602
94,,,ENSMUSG00000117698,BC037704
0,BAD,ENSG00000002330,ENSMUSG00000024959,Bad
1,BAIAP2L1,ENSG00000006453,ENSMUSG00000038859,Baiap2l1
2,BAIAP3,ENSG00000007516,ENSMUSG00000047507,Baiap3
3,BAZ1B,ENSG00000009954,ENSMUSG00000002748,Baz1b
4,BAK1,ENSG00000030110,ENSMUSG00000057789,Bak1
5,BARX2,ENSG00000043039,ENSMUSG00000032033,Barx2
6,BCAR1,ENSG00000050820,ENSMUSG00000031955,Bcar1
7,BCAT1,ENSG00000060982,ENSMUSG00000030268,Bcat1
8,BCAS1,ENSG00000064787,ENSMUSG00000013523,Bcas1
9,BCAP29,ENSG00000075790,ENSMUSG00000020650,Bcap29
10,BAZ2A,ENSG00000076108,ENSMUSG00000040054,Baz2a
11,BCKDHB,ENSG00000083123,ENSMUSG00000032263,Bckdhb
12,BAX,ENSG00000087088,ENSMUSG00000003873,Bax
13,BAMBI,ENSG00000095739,ENSMUSG00000024232,Bambi
14,BCL2L13,ENSG00000099968,ENSMUSG00000009112,Bcl2l13
15,BCKDK,ENSG00000103507,ENSMUSG00000030802,Bckdk
16,BBC3,ENSG00000105327,ENSMUSG00000002083,Bbc3
17,BCAT2,ENSG00000105552,ENSMUSG00000030826,Bcat2
18,BAG1,ENSG00000107262,ENSMUSG00000028416,Bag1
19,BCCIP,ENSG00000107949,ENSMUSG00000030983,Bccip
20,BACH2,ENSG00000112182,ENSMUSG00000040270,Bach2
21,BAG2,ENSG00000112208,ENSMUSG00000042215,Bag2
22,HAVCR1,ENSG00000113249,ENSMUSG00000046974,BC053393
23,BCHE,ENSG00000114200,ENSMUSG00000027792,Bche
24,BBX,ENSG00000114439,ENSMUSG00000022641,Bbx
25,BCAS2,ENSG00000116752,ENSMUSG00000005687,Bcas2
26,BCL11A,ENSG00000119866,ENSMUSG00000000861,Bcl11a
27,BCL2L14,ENSG00000121380,ENSMUSG00000030200,Bcl2l14
28,BBS9,ENSG00000122507,ENSMUSG00000035919,Bbs9
29,BAZ2B,ENSG00000123636,ENSMUSG00000026987,Baz2b
30,BATF3,ENSG00000123685,ENSMUSG00000026630,Batf3
31,BBS2,ENSG00000125124,ENSMUSG00000031755,Bbs2
32,BARHL1,ENSG00000125492,ENSMUSG00000026805,Barhl1
33,BANF2,ENSG00000125888,ENSMUSG00000037307,Banf2
34,BCL2L12,ENSG00000126453,ENSMUSG00000003190,Bcl2l12
35,BCL11B,ENSG00000127152,ENSMUSG00000048251,Bcl11b
36,BAIAP2L2,ENSG00000128298,ENSMUSG00000018126,Baiap2l2
37,BBOX1,ENSG00000129151,ENSMUSG00000041660,Bbox1
38,BCL2L2,ENSG00000129473,ENSMUSG00000089682,Bcl2l2
39,BARX1,ENSG00000131668,ENSMUSG00000021381,Barx1
40,BCAN,ENSG00000132692,ENSMUSG00000004892,Bcan
41,BAAT,ENSG00000136881,ENSMUSG00000039653,Baat
42,BCAR3,ENSG00000137936,ENSMUSG00000028121,Bcar3
43,BARD1,ENSG00000138376,ENSMUSG00000026196,Bard1
44,BBS7,ENSG00000138686,ENSMUSG00000037325,Bbs7
45,BAHD1,ENSG00000140320,ENSMUSG00000040007,Bahd1
46,BCL2A1,ENSG00000140379,ENSMUSG00000053820,Bcl2a1c
47,BCL2A1,ENSG00000140379,ENSMUSG00000089929,Bcl2a1b
48,BCL2A1,ENSG00000140379,ENSMUSG00000099974,Bcl2a1d
49,BCL2A1,ENSG00000140379,ENSMUSG00000102037,Bcl2a1a
50,BBS4,ENSG00000140463,ENSMUSG00000025235,Bbs4
51,BCAS3,ENSG00000141376,ENSMUSG00000059439,Bcas3
52,BCL10,ENSG00000142867,ENSMUSG00000028191,Bcl10
53,BARHL2,ENSG00000143032,ENSMUSG00000034384,Barhl2
54,BAG3,ENSG00000151929,ENSMUSG00000030847,Bag3
55,BANK1,ENSG00000153064,ENSMUSG00000037922,Bank1
56,BCL2L11,ENSG00000153094,ENSMUSG00000027381,Bcl2l11
57,BATF,ENSG00000156127,ENSMUSG00000034266,Batf
58,BACH1,ENSG00000156273,ENSMUSG00000025612,Bach1
59,BAG4,ENSG00000156735,ENSMUSG00000037316,Bag4
60,BBS5,ENSG00000163093,ENSMUSG00000063145,Bbs5
61,BAP1,ENSG00000163930,ENSMUSG00000021901,Bap1
62,BAALC,ENSG00000164929,ENSMUSG00000022296,Baalc
63,BAG5,ENSG00000166170,ENSMUSG00000049792,Bag5
64,BATF2,ENSG00000168062,ENSMUSG00000039699,Batf2
65,BCL2L1,ENSG00000171552,ENSMUSG00000007659,Bcl2l1
66,BCL2,ENSG00000171791,ENSMUSG00000057329,Bcl2
67,BANP,ENSG00000172530,ENSMUSG00000025316,Banp
68,BBS1,ENSG00000174483,ENSMUSG00000006464,Bbs1
69,BANF1,ENSG00000175334,ENSMUSG00000024844,Banf1
70,BAIAP2,ENSG00000175866,ENSMUSG00000025372,Baiap2
71,C11orf16,ENSG00000176029,ENSMUSG00000031022,BC051019
72,BASP1,ENSG00000176788,ENSMUSG00000045763,Basp1
73,BBS10,ENSG00000179941,ENSMUSG00000035759,Bbs10
74,BBS12,ENSG00000181004,ENSMUSG00000051444,Bbs12
75,BACE2,ENSG00000182240,ENSMUSG00000040605,Bace2
76,BCAP31,ENSG00000185825,ENSMUSG00000002015,Bcap31
77,BACE1,ENSG00000186318,ENSMUSG00000032086,Bace1
78,BCDIN3D,ENSG00000186666,ENSMUSG00000037525,Bcdin3d
79,BCAM,ENSG00000187244,ENSMUSG00000002980,Bcam
80,BCL2L15,ENSG00000188761,ENSMUSG00000044165,Bcl2l15
81,BAZ1A,ENSG00000198604,ENSMUSG00000035021,Baz1a
82,BAG6,ENSG00000204463,ENSMUSG00000024392,Bag6
83,BBIP1,ENSG00000214413,ENSMUSG00000084957,Bbip1
84,BCKDHA,ENSG00000248098,ENSMUSG00000060376,Bckdha
85,BAHCC1,ENSG00000266074,ENSMUSG00000039741,Bahcc1
86,MSANTD5,ENSG00000285891,ENSMUSG00000045942,BC049762
87,,,ENSMUSG00000032191,Bcl2l10
88,,,ENSMUSG00000042243,BC051665
89,,,ENSMUSG00000046317,BC107364
90,,,ENSMUSG00000072145,BC061237
91,,,ENSMUSG00000081219,Bambi-ps1
92,,,ENSMUSG00000087150,BC064078
93,,,ENSMUSG00000087368,BC065397
94,,,ENSMUSG00000092564,BC051226
95,,,ENSMUSG00000094796,BC147527
96,,,ENSMUSG00000098197,BC051537
97,,,ENSMUSG00000101429,BC055402
98,,,ENSMUSG00000115783,Bc1
0,BID,ENSG00000015475,ENSMUSG00000004446,Bid
1,BIRC3,ENSG00000023445,ENSMUSG00000032000,Birc3
2,BCLAF1,ENSG00000029363,ENSMUSG00000037608,Bclaf1
3,BEST2,ENSG00000039987,ENSMUSG00000052819,Best2
4,BCL3,ENSG00000069399,ENSMUSG00000053175,Bcl3
5,BCS1L,ENSG00000074582,ENSMUSG00000026172,Bcs1l
6,BCORL1,ENSG00000085185,ENSMUSG00000036959,Bcorl1
7,BIRC5,ENSG00000089685,ENSMUSG00000017716,Birc5
8,BLVRB,ENSG00000090013,ENSMUSG00000040466,Blvrb
9,BLNK,ENSG00000095585,ENSMUSG00000061132,Blnk
10,BCL7C,ENSG00000099385,ENSMUSG00000030814,Bcl7c
11,BIK,ENSG00000100290,ENSMUSG00000016758,Bik
12,BDKRB1,ENSG00000100739,ENSMUSG00000041347,Bdkrb1
13,BMP7,ENSG00000101144,ENSMUSG00000008999,Bmp7
14,BIRC7,ENSG00000101197,ENSMUSG00000038840,Birc7
15,BMX,ENSG00000102010,ENSMUSG00000031377,Bmx
16,BEX4,ENSG00000102409,ENSMUSG00000047844,Bex4
17,BEX4,ENSG00000102409,ENSMUSG00000075269,Bex6
18,BFAR,ENSG00000103429,ENSMUSG00000022684,Bfar
19,BMF,ENSG00000104081,ENSMUSG00000040093,Bmf
20,BLVRA,ENSG00000106605,ENSMUSG00000001999,Blvra
21,BCL7B,ENSG00000106635,ENSMUSG00000029681,Bcl7b
22,BMPR1A,ENSG00000107779,ENSMUSG00000021796,Bmpr1a
23,BLMH,ENSG00000108578,ENSMUSG00000020840,Blmh
24,BIRC2,ENSG00000110330,ENSMUSG00000057367,Birc2
25,BCL7A,ENSG00000110987,ENSMUSG00000029438,Bcl7a
26,BMP5,ENSG00000112175,ENSMUSG00000032179,Bmp5
27,BNIP1,ENSG00000113734,ENSMUSG00000024191,Bnip1
28,BCL6,ENSG00000113916,ENSMUSG00000022508,Bcl6
29,BIRC6,ENSG00000115760,ENSMUSG00000024073,Birc6
30,BCL9,ENSG00000116128,ENSMUSG00000038256,Bcl9
31,BLZF1,ENSG00000117475,ENSMUSG00000026577,Blzf1
32,BICC1,ENSG00000122870,ENSMUSG00000014329,Bicc1
33,BHLHE41,ENSG00000123095,ENSMUSG00000030256,Bhlhe41
34,BMP4,ENSG00000125378,ENSMUSG00000021835,Bmp4
35,BHLHE23,ENSG00000125533,ENSMUSG00000045493,Bhlhe23
36,BMP2,ENSG00000125845,ENSMUSG00000027358,Bmp2
37,BFSP1,ENSG00000125864,ENSMUSG00000027420,Bfsp1
38,BECN1,ENSG00000126581,ENSMUSG00000035086,Becn1
39,BEST3,ENSG00000127325,ENSMUSG00000020169,Best3
40,BMP15,ENSG00000130385,ENSMUSG00000023279,Bmp15
41,BHMT2,ENSG00000132840,ENSMUSG00000042118,Bhmt2
42,BEX2,ENSG00000133134,ENSMUSG00000042750,Bex2
43,BEX1,ENSG00000133169,ENSMUSG00000042750,Bex2
44,BEX2,ENSG00000133134,ENSMUSG00000050071,Bex1
45,BEX1,ENSG00000133169,ENSMUSG00000050071,Bex1
46,BHLHE40,ENSG00000134107,ENSMUSG00000030103,Bhlhe40
47,BIVM,ENSG00000134897,ENSMUSG00000041684,Bivm
48,BLOC1S1,ENSG00000135441,ENSMUSG00000090247,Bloc1s1
49,BLK,ENSG00000136573,ENSMUSG00000014453,Blk
50,BIN1,ENSG00000136717,ENSMUSG00000024381,Bin1
51,MYC,ENSG00000136997,ENSMUSG00000049086,Bmyc
52,BMPR1B,ENSG00000138696,ENSMUSG00000052430,Bmpr1b
53,BMP2K,ENSG00000138756,ENSMUSG00000034663,Bmp2k
54,BHMT,ENSG00000145692,ENSMUSG00000074768,Bhmt
55,BDP1,ENSG00000145734,ENSMUSG00000049658,Bdp1
56,BIN3,ENSG00000147439,ENSMUSG00000022089,Bin3
57,BICD1,ENSG00000151746,ENSMUSG00000003452,Bicd1
58,BEND6,ENSG00000151917,ENSMUSG00000042182,Bend6
59,BMP3,ENSG00000152785,ENSMUSG00000029335,Bmp3
60,BMP6,ENSG00000153162,ENSMUSG00000039004,Bmp6
61,BDH1,ENSG00000161267,ENSMUSG00000046598,Bdh1
62,BCL6B,ENSG00000161940,ENSMUSG00000000317,Bcl6b
63,BEND5,ENSG00000162373,ENSMUSG00000028545,Bend5
64,BMP10,ENSG00000163217,ENSMUSG00000030046,Bmp10
65,BDH2,ENSG00000164039,ENSMUSG00000028167,Bdh2
66,BMPER,ENSG00000164619,ENSMUSG00000031963,Bmper
67,BEND7,ENSG00000165626,ENSMUSG00000048186,Bend7
68,BMS1,ENSG00000165733,ENSMUSG00000030138,Bms1
69,BEAN1,ENSG00000166546,ENSMUSG00000031872,Bean1
70,BLCAP,ENSG00000166619,ENSMUSG00000067787,Blcap
71,BEST1,ENSG00000167995,ENSMUSG00000037418,Best1
72,BMI1,ENSG00000168283,ENSMUSG00000026739,Bmi1
73,BDKRB2,ENSG00000168398,ENSMUSG00000021070,Bdkrb2
74,BMP1,ENSG00000168487,ENSMUSG00000022098,Bmp1
75,BNC1,ENSG00000169594,ENSMUSG00000025105,Bnc1
76,BFSP2,ENSG00000170819,ENSMUSG00000032556,Bfsp2
77,BNC2,ENSG00000173068,ENSMUSG00000028487,Bnc2
78,BDNF,ENSG00000176697,ENSMUSG00000048482,Bdnf
79,BEND3,ENSG00000178409,ENSMUSG00000038214,Bend3
80,BHLHA15,ENSG00000180535,ENSMUSG00000052271,Bhlha15
81,BHLHE22,ENSG00000180828,ENSMUSG00000025128,Bhlhe22
82,BGN,ENSG00000182492,ENSMUSG00000031375,Bgn
83,BEGAIN,ENSG00000183092,ENSMUSG00000040867,Begain
84,BCOR,ENSG00000183337,ENSMUSG00000040363,Bcor
85,BICD2,ENSG00000185963,ENSMUSG00000037933,Bicd2
86,BCL9L,ENSG00000186174,ENSMUSG00000063382,Bcl9l
87,BCR,ENSG00000186716,ENSMUSG00000009681,Bcr
88,BEND4,ENSG00000188848,ENSMUSG00000092060,Bend4
89,BLOC1S3,ENSG00000189114,ENSMUSG00000057667,Bloc1s3
90,BLOC1S2,ENSG00000196072,ENSMUSG00000057506,Bloc1s2
91,BLM,ENSG00000197299,ENSMUSG00000030528,Blm
92,BCO2,ENSG00000197580,ENSMUSG00000032066,Bco2
93,GPRASP3,ENSG00000198908,ENSMUSG00000072964,Bhlhb9
94,ARMCX5-GPRASP2,ENSG00000286237,ENSMUSG00000072964,Bhlhb9
95,BMPR2,ENSG00000204217,ENSMUSG00000067336,Bmpr2
96,BHLHA9,ENSG00000205899,ENSMUSG00000044243,Bhlha9
97,BGLAP,ENSG00000242252,ENSMUSG00000074483,Bglap
98,BGLAP,ENSG00000242252,ENSMUSG00000074486,Bglap2
99,,,ENSMUSG00000002384,Bmp8b
100,,,ENSMUSG00000025484,Bet1l
101,,,ENSMUSG00000032726,Bmp8a
102,,,ENSMUSG00000032757,Bet1
103,,,ENSMUSG00000079737,Bfar
0,BTK,ENSG00000010671,ENSMUSG00000031264,Btk
1,BTBD7,ENSG00000011114,ENSMUSG00000041702,Btbd7
2,BRCA1,ENSG00000012048,ENSMUSG00000017146,Brca1
3,BRD9,ENSG00000028310,ENSMUSG00000057649,Brd9
4,BOD1L1,ENSG00000038219,ENSMUSG00000061755,Bod1l
5,BTBD1,ENSG00000064726,ENSMUSG00000025103,Btbd1
6,BPIFB2,ENSG00000078898,ENSMUSG00000027481,Bpifb2
7,BRAP,ENSG00000089234,ENSMUSG00000029458,Brap
8,BTAF1,ENSG00000095564,ENSMUSG00000040565,Btaf1
9,BRPF3,ENSG00000096070,ENSMUSG00000063952,Brpf3
10,BRD1,ENSG00000100425,ENSMUSG00000022387,Brd1
11,BRMS1L,ENSG00000100916,ENSMUSG00000012076,Brms1l
12,BPI,ENSG00000101425,ENSMUSG00000052922,Bpi
13,BRS3,ENSG00000102239,ENSMUSG00000031130,Brs3
14,BRF2,ENSG00000104221,ENSMUSG00000031487,Brf2
15,BNIP3L,ENSG00000104765,ENSMUSG00000022051,Bnip3l
16,BST1,ENSG00000109743,ENSMUSG00000029082,Bst1
17,BRD8,ENSG00000112983,ENSMUSG00000003778,Brd8
18,BRIX1,ENSG00000113460,ENSMUSG00000022247,Brix1
19,BSPRY,ENSG00000119411,ENSMUSG00000028392,Bspry
20,BTN2A2,ENSG00000124508,ENSMUSG00000053216,Btn2a2
21,BTN1A1,ENSG00000124557,ENSMUSG00000000706,Btn1a1
22,BPIFB1,ENSG00000125999,ENSMUSG00000027485,Bpifb1
23,BST2,ENSG00000130303,ENSMUSG00000046718,Bst2
24,BPIFA2,ENSG00000131050,ENSMUSG00000042459,Bpifa2
25,BPIFA3,ENSG00000131059,ENSMUSG00000027482,Bpifa3
26,BTBD3,ENSG00000132640,ENSMUSG00000062098,Btbd3
27,BTBD2,ENSG00000133243,ENSMUSG00000003344,Btbd2
28,BTG1,ENSG00000133639,ENSMUSG00000036478,Btg1
29,BTF3L4,ENSG00000134717,ENSMUSG00000028568,Btf3l4
30,BRIP1,ENSG00000136492,ENSMUSG00000034329,Brip1
31,BPHL,ENSG00000137274,ENSMUSG00000038286,Bphl
32,BTG4,ENSG00000137707,ENSMUSG00000032056,Btg4
33,BRDT,ENSG00000137948,ENSMUSG00000029279,Brdt
34,BTBD16,ENSG00000138152,ENSMUSG00000040298,Btbd16
35,BRCA2,ENSG00000139618,ENSMUSG00000041147,Brca2
36,BNIP2,ENSG00000140299,ENSMUSG00000011958,Bnip2
37,BRD4,ENSG00000141867,ENSMUSG00000024002,Brd4
38,BOC,ENSG00000144857,ENSMUSG00000022687,Boc
39,BTF3,ENSG00000145741,ENSMUSG00000021660,Btf3
40,BOD1,ENSG00000145919,ENSMUSG00000044502,Bod1
41,BOD1L2,ENSG00000228075,ENSMUSG00000044502,Bod1
42,BTBD10,ENSG00000148925,ENSMUSG00000038187,Btbd10
43,BOLL,ENSG00000152430,ENSMUSG00000025977,Boll
44,BTG3,ENSG00000154640,ENSMUSG00000022863,Btg3
45,BRPF1,ENSG00000156983,ENSMUSG00000001632,Brpf1
46,BRAF,ENSG00000157764,ENSMUSG00000002413,Braf
47,BTG2,ENSG00000159388,ENSMUSG00000020423,Btg2
48,BSDC1,ENSG00000160058,ENSMUSG00000040859,Bsdc1
49,BRSK1,ENSG00000160469,ENSMUSG00000035390,Brsk1
50,BSND,ENSG00000162399,ENSMUSG00000025418,Bsnd
51,BPNT1,ENSG00000162813,ENSMUSG00000026617,Bpnt1
52,BROX,ENSG00000162819,ENSMUSG00000046836,Brox
53,BNIPL,ENSG00000163141,ENSMUSG00000028115,Bnipl
54,BOLA3,ENSG00000163170,ENSMUSG00000045160,Bola3
55,BSN,ENSG00000164061,ENSMUSG00000032589,Bsn
56,BRI3,ENSG00000164713,ENSMUSG00000047843,Bri3
57,BRWD3,ENSG00000165288,ENSMUSG00000063663,Brwd3
58,BRD7,ENSG00000166164,ENSMUSG00000031660,Brd7
59,BPIFB6,ENSG00000167104,ENSMUSG00000068009,Bpifb6
60,BSCL2,ENSG00000168000,ENSMUSG00000071657,Bscl2
61,BOLA2B,ENSG00000169627,ENSMUSG00000047721,Bola2
62,BOLA2,ENSG00000183336,ENSMUSG00000047721,Bola2
63,BTD,ENSG00000169814,ENSMUSG00000021900,Btd
64,BRD3,ENSG00000169925,ENSMUSG00000026918,Brd3
65,BPTF,ENSG00000171634,ENSMUSG00000040481,Bptf
66,BSG,ENSG00000172270,ENSMUSG00000023175,Bsg
67,BPGM,ENSG00000172331,ENSMUSG00000038871,Bpgm
68,BRSK2,ENSG00000174672,ENSMUSG00000053046,Brsk2
69,BRMS1,ENSG00000174744,ENSMUSG00000080268,Brms1
70,BTC,ENSG00000174808,ENSMUSG00000082361,Btc
71,BNIP3,ENSG00000176171,ENSMUSG00000078566,Bnip3
72,BOK,ENSG00000176720,ENSMUSG00000026278,Bok
73,BOLA1,ENSG00000178096,ENSMUSG00000015943,Bola1
74,BTBD9,ENSG00000183826,ENSMUSG00000062202,Btbd9
75,BPIFC,ENSG00000184459,ENSMUSG00000050108,Bpifc
76,BTBD6,ENSG00000184887,ENSMUSG00000002803,Btbd6
77,BRI3BP,ENSG00000184992,ENSMUSG00000037905,Bri3bp
78,BRF1,ENSG00000185024,ENSMUSG00000011158,Brf1
79,BRCC3,ENSG00000185515,ENSMUSG00000031201,Brcc3
80,BPIFB3,ENSG00000186190,ENSMUSG00000068008,Bpifb3
81,BPIFB4,ENSG00000186191,ENSMUSG00000074665,Bpifb4
82,BTLA,ENSG00000186265,ENSMUSG00000052013,Btla
83,BSPH1,ENSG00000188334,ENSMUSG00000074378,Bsph1
84,BSX,ENSG00000188909,ENSMUSG00000054360,Bsx
85,BTBD8,ENSG00000189195,ENSMUSG00000111375,Btbd8
86,BPIFA1,ENSG00000198183,ENSMUSG00000027483,Bpifa1
87,BPIFA1,ENSG00000198183,ENSMUSG00000027484,Bpifa5
88,BRD2,ENSG00000204256,ENSMUSG00000024335,Brd2
89,BTNL2,ENSG00000204290,ENSMUSG00000024340,Btnl2
90,BTBD17,ENSG00000204347,ENSMUSG00000000202,Btbd17
91,BTBD19,ENSG00000222009,ENSMUSG00000073771,Btbd19
92,BOP1,ENSG00000261236,ENSMUSG00000022557,Bop1
93,,,ENSMUSG00000020490,Btnl10
94,,,ENSMUSG00000022914,Brwd1
95,,,ENSMUSG00000038572,Bpifb5
96,,,ENSMUSG00000058435,Btnl4
97,,,ENSMUSG00000062638,Btnl1
98,,,ENSMUSG00000067996,Bpifb9b
99,,,ENSMUSG00000067998,Bpifb9a
100,,,ENSMUSG00000078800,Bsph2
101,,,ENSMUSG00000078998,Bpifa6
0,C8B,ENSG00000021852,ENSMUSG00000029656,C8b
1,C6,ENSG00000039537,ENSMUSG00000022181,C6
2,BZW1,ENSG00000082153,ENSMUSG00000051223,Bzw1
3,C1QTNF3,ENSG00000082196,ENSMUSG00000058914,C1qtnf3
4,CABIN1,ENSG00000099991,ENSMUSG00000020196,Cabin1
5,CAB39L,ENSG00000102547,ENSMUSG00000021981,Cab39l
6,BUD31,ENSG00000106245,ENSMUSG00000038722,Bud31
7,C1GALT1,ENSG00000106392,ENSMUSG00000042460,C1galt1
8,C1QBP,ENSG00000108561,ENSMUSG00000018446,C1qbp
9,BVES,ENSG00000112276,ENSMUSG00000071317,Bves
10,BYSL,ENSG00000112578,ENSMUSG00000023988,Bysl
11,C7,ENSG00000112936,ENSMUSG00000079105,C7
12,C9,ENSG00000113600,ENSMUSG00000022149,C9
13,C2orf42,ENSG00000115998,ENSMUSG00000046679,C87436
14,C4BPA,ENSG00000123838,ENSMUSG00000026405,C4bp
15,C3,ENSG00000125730,ENSMUSG00000024164,C3
16,C1QL1,ENSG00000131094,ENSMUSG00000045532,C1ql1
17,C1QTNF6,ENSG00000133466,ENSMUSG00000022440,C1qtnf6
18,CABLES1,ENSG00000134508,ENSMUSG00000040957,Cables1
19,CAB39,ENSG00000135932,ENSMUSG00000036707,Cab39
20,BZW2,ENSG00000136261,ENSMUSG00000020547,Bzw2
21,BUD13,ENSG00000137656,ENSMUSG00000032077,Bud13
22,C1RL,ENSG00000139178,ENSMUSG00000038527,C1rl
23,C1orf94,ENSG00000142698,ENSMUSG00000028813,CK137956
24,C1QL2,ENSG00000144119,ENSMUSG00000036907,C1ql2
25,C1QTNF2,ENSG00000145861,ENSMUSG00000046491,C1qtnf2
26,CABLES2,ENSG00000149679,ENSMUSG00000038990,Cables2
27,BUB3,ENSG00000154473,ENSMUSG00000066979,Bub3
28,BUB1B,ENSG00000156970,ENSMUSG00000040084,Bub1b
29,C8A,ENSG00000157131,ENSMUSG00000035031,C8a
30,C2CD2,ENSG00000157617,ENSMUSG00000045975,C2cd2
31,CABP1,ENSG00000157782,ENSMUSG00000029544,Cabp1
32,C1QC,ENSG00000159189,ENSMUSG00000036896,C1qc
33,C1R,ENSG00000159403,ENSMUSG00000055172,C1ra
34,C1R,ENSG00000159403,ENSMUSG00000098470,C1rb
35,KIAA1522,ENSG00000162522,ENSMUSG00000050390,C77080
36,C1orf115,ENSG00000162817,ENSMUSG00000039349,C130074G19Rik
37,C1QTNF7,ENSG00000163145,ENSMUSG00000061535,C1qtnf7
38,C5orf63,ENSG00000164241,ENSMUSG00000024592,C330018D20Rik
39,BTNL9,ENSG00000165810,ENSMUSG00000040283,Btnl9
40,C1QL3,ENSG00000165985,ENSMUSG00000049630,C1ql3
41,BTRC,ENSG00000166167,ENSMUSG00000025217,Btrc
42,C2,ENSG00000166278,ENSMUSG00000024371,C2
43,CABP2,ENSG00000167791,ENSMUSG00000024857,Cabp2
44,C2CD3,ENSG00000168014,ENSMUSG00000047248,C2cd3
45,BUB1,ENSG00000169679,ENSMUSG00000027379,Bub1
46,C1GALT1C1,ENSG00000171155,ENSMUSG00000048970,C1galt1c1
47,C3AR1,ENSG00000171860,ENSMUSG00000040552,C3ar1
48,C1QTNF4,ENSG00000172247,ENSMUSG00000040794,C1qtnf4
49,C2CD2L,ENSG00000172375,ENSMUSG00000032120,C2cd2l
50,C1QB,ENSG00000173369,ENSMUSG00000036905,C1qb
51,C1QA,ENSG00000173372,ENSMUSG00000036887,C1qa
52,C1QTNF1,ENSG00000173918,ENSMUSG00000017446,C1qtnf1
53,C8G,ENSG00000176919,ENSMUSG00000015083,C8g
54,C2CD4C,ENSG00000183186,ENSMUSG00000045912,C2cd4c
55,C1QL4,ENSG00000186897,ENSMUSG00000001076,C1ql4
56,C1D,ENSG00000197223,ENSMUSG00000000581,C1d
57,C5AR1,ENSG00000197405,ENSMUSG00000049130,C5ar1
58,C1QTNF9B,ENSG00000205863,ENSMUSG00000071347,C1qtnf9
59,C1QTNF9,ENSG00000240654,ENSMUSG00000071347,C1qtnf9
60,C8orf82,ENSG00000213563,ENSMUSG00000116138,C030006K11Rik
61,C1QTNF5,ENSG00000223953,ENSMUSG00000079592,C1qtnf5
62,C4B,ENSG00000224389,ENSMUSG00000073418,C4b
63,C4A,ENSG00000244731,ENSMUSG00000073418,C4b
64,C2CD4D,ENSG00000225556,ENSMUSG00000091648,C2cd4d
65,,,ENSMUSG00000015451,C4a
66,,,ENSMUSG00000044092,C130050O18Rik
67,,,ENSMUSG00000047990,C2cd4a
68,,,ENSMUSG00000050334,C130071C03Rik
69,,,ENSMUSG00000052848,C130026L21Rik
70,,,ENSMUSG00000052951,C130021I20Rik
71,,,ENSMUSG00000073374,C030034I22Rik
72,,,ENSMUSG00000073627,C130036L24Rik
73,,,ENSMUSG00000080727,C920021L13Rik
74,,,ENSMUSG00000084910,C630043F03Rik
75,,,ENSMUSG00000085024,C230035I16Rik
76,,,ENSMUSG00000085408,C530005A16Rik
77,,,ENSMUSG00000085515,C630028M04Rik
78,,,ENSMUSG00000087365,C430049B03Rik
79,,,ENSMUSG00000087574,C030037D09Rik
80,,,ENSMUSG00000091956,C2cd4b
81,,,ENSMUSG00000092397,C130080G10Rik
82,,,ENSMUSG00000092515,C87198
83,,,ENSMUSG00000092618,Btnl6
84,,,ENSMUSG00000097093,C330013E15Rik
85,,,ENSMUSG00000097352,C920009B18Rik
86,,,ENSMUSG00000097365,C030034L19Rik
87,,,ENSMUSG00000097557,C130060C02Rik
88,,,ENSMUSG00000097574,C920006O11Rik
89,,,ENSMUSG00000099590,C330022C24Rik
90,,,ENSMUSG00000099938,C030007H22Rik
91,,,ENSMUSG00000100257,C4bp-ps1
92,,,ENSMUSG00000102095,C730036E19Rik
93,,,ENSMUSG00000105352,C030018K13Rik
94,,,ENSMUSG00000106464,C130083M11Rik
95,,,ENSMUSG00000107385,C330024D21Rik
96,,,ENSMUSG00000107667,C530044C16Rik
97,,,ENSMUSG00000110001,C86187
98,,,ENSMUSG00000112189,C730027H18Rik
99,,,ENSMUSG00000112366,C730027H18Rik
100,,,ENSMUSG00000114469,C730002L08Rik
101,,,ENSMUSG00000117384,C330024C12Rik
0,CAMKK1,ENSG00000004660,ENSMUSG00000020785,Camkk1
1,CALCR,ENSG00000004948,ENSMUSG00000023964,Calcr
2,CACNG3,ENSG00000006116,ENSMUSG00000066189,Cacng3
3,CACNA1G,ENSG00000006283,ENSMUSG00000020866,Cacna1g
4,CACNA2D2,ENSG00000007402,ENSMUSG00000010066,Cacna2d2
5,CAMK1G,ENSG00000008118,ENSMUSG00000016179,Camk1g
6,CALCOCO1,ENSG00000012822,ENSMUSG00000023055,Calcoco1
7,CAPN1,ENSG00000014216,ENSMUSG00000024942,Capn1
8,CAPG,ENSG00000042493,ENSMUSG00000056737,Capg
9,CAMK2B,ENSG00000058404,ENSMUSG00000057897,Camk2b
10,CALCRL,ENSG00000064989,ENSMUSG00000059588,Calcrl
11,CACNB1,ENSG00000067191,ENSMUSG00000020882,Cacnb1
12,CAMK2A,ENSG00000070808,ENSMUSG00000024617,Camk2a
13,CACNG5,ENSG00000075429,ENSMUSG00000040373,Cacng5
14,CACNG4,ENSG00000075461,ENSMUSG00000020723,Cacng4
15,CAMSAP3,ENSG00000076826,ENSMUSG00000044433,Camsap3
16,CAPN6,ENSG00000077274,ENSMUSG00000067276,Capn6
17,CACNA1S,ENSG00000081248,ENSMUSG00000026407,Cacna1s
18,CADPS2,ENSG00000081803,ENSMUSG00000017978,Cadps2
19,CAD,ENSG00000084774,ENSMUSG00000013629,Cad
20,CAPN3,ENSG00000092529,ENSMUSG00000079110,Capn3
21,CABP7,ENSG00000100314,ENSMUSG00000009075,Cabp7
22,CACNA1I,ENSG00000100346,ENSMUSG00000022416,Cacna1i
23,CACNA1F,ENSG00000102001,ENSMUSG00000031142,Cacna1f
24,CALB1,ENSG00000104327,ENSMUSG00000028222,Calb1
25,CABP5,ENSG00000105507,ENSMUSG00000005649,Cabp5
26,CACNG7,ENSG00000105605,ENSMUSG00000069806,Cacng7
27,CADM4,ENSG00000105767,ENSMUSG00000054793,Cadm4
28,CAMTA2,ENSG00000108509,ENSMUSG00000040712,Camta2
29,CACNG1,ENSG00000108878,ENSMUSG00000020722,Cacng1
30,CALCA,ENSG00000110680,ENSMUSG00000030669,Calca
31,CAMKK2,ENSG00000110931,ENSMUSG00000029471,Camkk2
32,CAND1,ENSG00000111530,ENSMUSG00000020114,Cand1
33,CAP2,ENSG00000112186,ENSMUSG00000021373,Cap2
34,CACYBP,ENSG00000116161,ENSMUSG00000014226,Cacybp
35,CAMSAP2,ENSG00000118200,ENSMUSG00000041570,Camsap2
36,CALD1,ENSG00000122786,ENSMUSG00000029761,Cald1
37,CANX,ENSG00000127022,ENSMUSG00000020368,Canx
38,CALU,ENSG00000128595,ENSMUSG00000029767,Calu
39,CALML4,ENSG00000129007,ENSMUSG00000032246,Calml4
40,CACNG6,ENSG00000130433,ENSMUSG00000078815,Cacng6
41,CAMSAP1,ENSG00000130559,ENSMUSG00000026933,Camsap1
42,CALY,ENSG00000130643,ENSMUSG00000025468,Caly
43,CAP1,ENSG00000131236,ENSMUSG00000028656,Cap1
44,CAMK1,ENSG00000134072,ENSMUSG00000030272,Camk1
45,CALCOCO2,ENSG00000136436,ENSMUSG00000006056,Calcoco2
46,CAPN11,ENSG00000137225,ENSMUSG00000058626,Capn11
47,CALHM2,ENSG00000138172,ENSMUSG00000033033,Calhm2
48,CACNA1A,ENSG00000141837,ENSMUSG00000034656,Cacna1a
49,CAPN10,ENSG00000142330,ENSMUSG00000026270,Capn10
50,CACNG8,ENSG00000142408,ENSMUSG00000053395,Cacng8
51,CALM2,ENSG00000143933,ENSMUSG00000036438,Calm2
52,CAND2,ENSG00000144712,ENSMUSG00000030319,Cand2
53,CACNA1B,ENSG00000148408,ENSMUSG00000004113,Cacna1b
54,CAMK2G,ENSG00000148660,ENSMUSG00000021820,Camk2g
55,CAPN5,ENSG00000149260,ENSMUSG00000035547,Capn5
56,CACNA2D4,ENSG00000151062,ENSMUSG00000041460,Cacna2d4
57,CACNA1C,ENSG00000151067,ENSMUSG00000051331,Cacna1c
58,CAMK4,ENSG00000152495,ENSMUSG00000038128,Camk4
59,CACNA2D1,ENSG00000153956,ENSMUSG00000040118,Cacna2d1
60,CABYR,ENSG00000154040,ENSMUSG00000024430,Cabyr
61,CACNA1D,ENSG00000157388,ENSMUSG00000015968,Cacna1d
62,CACNA2D3,ENSG00000157445,ENSMUSG00000021991,Cacna2d3
63,CACHD1,ENSG00000158966,ENSMUSG00000028532,Cachd1
64,CALM3,ENSG00000160014,ENSMUSG00000019370,Calm3
65,CAMK2N1,ENSG00000162545,ENSMUSG00000046447,Camk2n1
66,CADM3,ENSG00000162706,ENSMUSG00000005338,Cadm3
67,CAPN2,ENSG00000162909,ENSMUSG00000026509,Capn2
68,CAPN13,ENSG00000162949,ENSMUSG00000043705,Capn13
69,CAMK2N2,ENSG00000163888,ENSMUSG00000051146,Camk2n2
70,CAMP,ENSG00000164047,ENSMUSG00000038357,Camp
71,CAMKV,ENSG00000164076,ENSMUSG00000032936,Camkv
72,CAGE1,ENSG00000164304,ENSMUSG00000044566,Cage1
73,CAMLG,ENSG00000164615,ENSMUSG00000021501,Caml
74,CACNB2,ENSG00000165995,ENSMUSG00000057914,Cacnb2
75,CACNG2,ENSG00000166862,ENSMUSG00000019146,Cacng2
76,CACNB3,ENSG00000167535,ENSMUSG00000003352,Cacnb3
77,CANT1,ENSG00000171302,ENSMUSG00000025575,Cant1
78,CAMTA1,ENSG00000171735,ENSMUSG00000014592,Camta1
79,CALB2,ENSG00000172137,ENSMUSG00000003657,Calb2
80,CADM2,ENSG00000175161,ENSMUSG00000064115,Cadm2
81,CABP4,ENSG00000175544,ENSMUSG00000024842,Cabp4
82,CALCB,ENSG00000175868,ENSMUSG00000030666,Calcb
83,CALML3,ENSG00000178363,ENSMUSG00000063130,Calml3
84,CALML5,ENSG00000178372,ENSMUSG00000033765,Calm4
85,CALML5,ENSG00000178372,ENSMUSG00000099269,Calm5
86,CALR,ENSG00000179218,ENSMUSG00000003814,Calr
87,CACNB4,ENSG00000182389,ENSMUSG00000017412,Cacnb4
88,CAPN12,ENSG00000182472,ENSMUSG00000054083,Capn12
89,CADM1,ENSG00000182985,ENSMUSG00000032076,Cadm1
90,CAMK1D,ENSG00000183049,ENSMUSG00000039145,Camk1d
91,CALN1,ENSG00000183166,ENSMUSG00000060371,Caln1
92,CALHM1,ENSG00000185933,ENSMUSG00000079258,Calhm1
93,CACNA1H,ENSG00000196557,ENSMUSG00000024112,Cacna1h
94,CACNA1E,ENSG00000198216,ENSMUSG00000004110,Cacna1e
95,CALM1,ENSG00000198668,ENSMUSG00000001175,Calm1
96,CALR3,ENSG00000269058,ENSMUSG00000019732,Calr3
97,,,ENSMUSG00000028558,Calr4
98,,,ENSMUSG00000053819,Camk2d
99,,,ENSMUSG00000054423,Cadps
0,CASR,ENSG00000036828,ENSMUSG00000051980,Casr
1,CBLN4,ENSG00000054803,ENSMUSG00000067578,Cbln4
2,CA11,ENSG00000063180,ENSMUSG00000003273,Car11
3,CASP8,ENSG00000064012,ENSMUSG00000026029,Casp8
4,CBFB,ENSG00000067955,ENSMUSG00000031885,Cbfb
5,CA12,ENSG00000074410,ENSMUSG00000032373,Car12
6,CAPZB,ENSG00000077549,ENSMUSG00000028745,Capzb
7,CBFA2T2,ENSG00000078699,ENSMUSG00000038533,Cbfa2t2
8,CASS4,ENSG00000087589,ENSMUSG00000074570,Cass4
9,CBX5,ENSG00000094916,ENSMUSG00000009575,Cbx5
10,CATSPERG,ENSG00000099338,ENSMUSG00000049123,Catsperg2
11,CATSPERG,ENSG00000099338,ENSMUSG00000049676,Catsperg1
12,CARD10,ENSG00000100065,ENSMUSG00000033170,Card10
13,CBX7,ENSG00000100307,ENSMUSG00000053411,Cbx7
14,CBLN1,ENSG00000102924,ENSMUSG00000031654,Cbln1
15,CA2,ENSG00000104267,ENSMUSG00000027562,Car2
16,CASP14,ENSG00000105141,ENSMUSG00000005355,Casp14
17,CBLL1,ENSG00000105879,ENSMUSG00000020659,Cbll1
18,CAV2,ENSG00000105971,ENSMUSG00000000058,Cav2
19,CAV1,ENSG00000105974,ENSMUSG00000007655,Cav1
20,CASP2,ENSG00000106144,ENSMUSG00000029863,Casp2
21,CA9,ENSG00000107159,ENSMUSG00000028463,Car9
22,CASC3,ENSG00000108349,ENSMUSG00000078676,Casc3
23,CBX1,ENSG00000108468,ENSMUSG00000018666,Cbx1
24,CBL,ENSG00000110395,ENSMUSG00000034342,Cbl
25,CARS1,ENSG00000110619,ENSMUSG00000010755,Cars
26,CAPRIN2,ENSG00000110888,ENSMUSG00000030309,Caprin2
27,CBLB,ENSG00000114423,ENSMUSG00000022637,Cblb
28,CA14,ENSG00000118298,ENSMUSG00000038526,Car14
29,CASP8AP2,ENSG00000118412,ENSMUSG00000028282,Casp8ap2
30,CASQ2,ENSG00000118729,ENSMUSG00000027861,Casq2
31,CAT,ENSG00000121691,ENSMUSG00000027187,Cat
32,CAPNS1,ENSG00000126247,ENSMUSG00000001794,Capns1
33,CASD1,ENSG00000127995,ENSMUSG00000015189,Casd1
34,CBFA2T3,ENSG00000129993,ENSMUSG00000006362,Cbfa2t3
35,CAPN7,ENSG00000131375,ENSMUSG00000021893,Capn7
36,CA6,ENSG00000131686,ENSMUSG00000028972,Car6
37,CARD6,ENSG00000132357,ENSMUSG00000041849,Card6
38,CASP9,ENSG00000132906,ENSMUSG00000028914,Casp9
39,CA1,ENSG00000133742,ENSMUSG00000027556,Car1
40,CATSPERB,ENSG00000133962,ENSMUSG00000047014,Catsperb
41,CARS2,ENSG00000134905,ENSMUSG00000056228,Cars2
42,CAPRIN1,ENSG00000135387,ENSMUSG00000027184,Caprin1
43,CAPN9,ENSG00000135773,ENSMUSG00000031981,Capn9
44,CASP1,ENSG00000137752,ENSMUSG00000025888,Casp1
45,CARD16,ENSG00000204397,ENSMUSG00000025888,Casp1
46,CARF,ENSG00000138380,ENSMUSG00000026017,Carf
47,CASP6,ENSG00000138794,ENSMUSG00000027997,Casp6
48,CBLN3,ENSG00000139899,ENSMUSG00000040380,Cbln3
49,CARD14,ENSG00000141527,ENSMUSG00000013483,Card14
50,CBX8,ENSG00000141570,ENSMUSG00000025578,Cbx8
51,CBX4,ENSG00000141582,ENSMUSG00000039989,Cbx4
52,CBLN2,ENSG00000141668,ENSMUSG00000024647,Cbln2
53,CBLC,ENSG00000142273,ENSMUSG00000040525,Cblc
54,CARM1,ENSG00000142453,ENSMUSG00000032185,Carm1
55,CASQ1,ENSG00000143318,ENSMUSG00000007122,Casq1
56,CBR4,ENSG00000145439,ENSMUSG00000031641,Cbr4
57,CASK,ENSG00000147044,ENSMUSG00000031012,Cask
58,CAPSL,ENSG00000152611,ENSMUSG00000039676,Capsl
59,CATSPER3,ENSG00000152705,ENSMUSG00000021499,Catsper3
60,CARHSP1,ENSG00000153048,ENSMUSG00000008393,Carhsp1
61,CAST,ENSG00000153113,ENSMUSG00000021585,Cast
62,CA10,ENSG00000154975,ENSMUSG00000056158,Car10
63,CBR1,ENSG00000159228,ENSMUSG00000051483,Cbr1
64,CBR3,ENSG00000159231,ENSMUSG00000022947,Cbr3
65,CBS,ENSG00000160200,ENSMUSG00000024039,Cbs
66,CASP3,ENSG00000164305,ENSMUSG00000031628,Casp3
67,CARTPT,ENSG00000164326,ENSMUSG00000021647,Cartpt
68,CA3,ENSG00000164879,ENSMUSG00000027559,Car3
69,CASP7,ENSG00000165806,ENSMUSG00000025076,Casp7
70,CATSPER2,ENSG00000166762,ENSMUSG00000033486,Catsper2
71,CA4,ENSG00000167434,ENSMUSG00000000805,Car4
72,CASKIN1,ENSG00000167971,ENSMUSG00000033597,Caskin1
73,CA7,ENSG00000168748,ENSMUSG00000031883,Car7
74,CA5B,ENSG00000169239,ENSMUSG00000031373,Car5b
75,CARNS1,ENSG00000172508,ENSMUSG00000075289,Carns1
76,CBX2,ENSG00000173894,ENSMUSG00000025577,Cbx2
77,CA5A,ENSG00000174990,ENSMUSG00000025317,Car5a
78,CATSPER1,ENSG00000175294,ENSMUSG00000038498,Catsper1
79,CASKIN2,ENSG00000177303,ENSMUSG00000034471,Caskin2
80,CAPZA3,ENSG00000177938,ENSMUSG00000041791,Capza3
81,CA8,ENSG00000178538,ENSMUSG00000041261,Car8
82,CAPS2,ENSG00000180881,ENSMUSG00000035694,Caps2
83,CAV3,ENSG00000182533,ENSMUSG00000062694,Cav3
84,CBX6,ENSG00000183741,ENSMUSG00000089715,Cbx6
85,CA13,ENSG00000185015,ENSMUSG00000027555,Car13
86,CARD9,ENSG00000187796,ENSMUSG00000026928,Card9
87,CATSPER4,ENSG00000188782,ENSMUSG00000048003,Catsper4
88,CARD11,ENSG00000198286,ENSMUSG00000036526,Card11
89,CAPZA2,ENSG00000198898,ENSMUSG00000015733,Capza2
90,CAPN8,ENSG00000203697,ENSMUSG00000038599,Capn8
91,CASP12,ENSG00000204403,ENSMUSG00000025887,Casp12
92,CAPNS2,ENSG00000256812,ENSMUSG00000078144,Capns2
93,,,ENSMUSG00000025150,Cbr2
94,,,ENSMUSG00000028977,Casz1
95,,,ENSMUSG00000029836,Cbx3
96,,,ENSMUSG00000033538,Casp4
97,,,ENSMUSG00000070372,Capza1
98,,,ENSMUSG00000090236,Car15
0,CCDC124,ENSG00000007080,ENSMUSG00000007721,Ccdc124
1,CCDC28A,ENSG00000024862,ENSMUSG00000059554,Ccdc28a
2,CC2D2A,ENSG00000048342,ENSMUSG00000039765,Cc2d2a
3,CCDC85A,ENSG00000055813,ENSMUSG00000032878,Ccdc85a
4,CCAR1,ENSG00000060339,ENSMUSG00000020074,Ccar1
5,CCDC80,ENSG00000091986,ENSMUSG00000022665,Ccdc80
6,CCDC134,ENSG00000100147,ENSMUSG00000068114,Ccdc134
7,CBY1,ENSG00000100211,ENSMUSG00000022428,Cby1
8,CCDC22,ENSG00000101997,ENSMUSG00000031143,Ccdc22
9,CCDC113,ENSG00000103021,ENSMUSG00000036598,Ccdc113
10,CCDC61,ENSG00000104983,ENSMUSG00000074358,Ccdc61
11,CCDC6,ENSG00000108091,ENSMUSG00000048701,Ccdc6
12,CCDC47,ENSG00000108588,ENSMUSG00000078622,Ccdc47
13,CCDC34,ENSG00000109881,ENSMUSG00000027160,Ccdc34
14,CCDC86,ENSG00000110104,ENSMUSG00000024732,Ccdc86
15,CCDC77,ENSG00000120647,ENSMUSG00000030177,Ccdc77
16,CCDC18,ENSG00000122483,ENSMUSG00000056531,Ccdc18
17,CCDC70,ENSG00000123171,ENSMUSG00000017049,Ccdc70
18,CCDC136,ENSG00000128596,ENSMUSG00000029769,Ccdc136
19,CCDC32,ENSG00000128891,ENSMUSG00000039983,Ccdc32
20,CCDC62,ENSG00000130783,ENSMUSG00000061882,Ccdc62
21,CC2D1A,ENSG00000132024,ENSMUSG00000036686,Cc2d1a
22,CCDC59,ENSG00000133773,ENSMUSG00000019897,Ccdc59
23,CCDC146,ENSG00000135205,ENSMUSG00000064280,Ccdc146
24,CCDC142,ENSG00000135637,ENSMUSG00000107499,Ccdc142
25,CCDC102A,ENSG00000135736,ENSMUSG00000063605,Ccdc102a
26,CCDC115,ENSG00000136710,ENSMUSG00000042111,Ccdc115
27,CCDC54,ENSG00000138483,ENSMUSG00000050685,Ccdc54
28,CCDC65,ENSG00000139537,ENSMUSG00000003354,Ccdc65
29,CCDC33,ENSG00000140481,ENSMUSG00000037716,Ccdc33
30,CCDC40,ENSG00000141519,ENSMUSG00000039963,Ccdc40
31,CCDC150,ENSG00000144395,ENSMUSG00000025983,Ccdc150
32,CCDC120,ENSG00000147144,ENSMUSG00000031150,Ccdc120
33,CCDC25,ENSG00000147419,ENSMUSG00000022035,Ccdc25
34,CCDC81,ENSG00000149201,ENSMUSG00000039391,Ccdc81
35,CCDC82,ENSG00000149231,ENSMUSG00000079084,Ccdc82
36,CCDC15,ENSG00000149548,ENSMUSG00000034303,Ccdc15
37,CCDC83,ENSG00000150676,ENSMUSG00000030617,Ccdc83
38,CCDC3,ENSG00000151468,ENSMUSG00000026676,Ccdc3
39,CCDC122,ENSG00000151773,ENSMUSG00000034795,Ccdc122
40,CCDC74B,ENSG00000152076,ENSMUSG00000041617,Ccdc74a
41,CCDC74A,ENSG00000163040,ENSMUSG00000041617,Ccdc74a
42,CCDC50,ENSG00000152492,ENSMUSG00000038127,Ccdc50
43,CCDC148,ENSG00000153237,ENSMUSG00000036641,Ccdc148
44,CC2D1B,ENSG00000154222,ENSMUSG00000028582,Cc2d1b
45,CCDC24,ENSG00000159214,ENSMUSG00000078588,Ccdc24
46,CCDC17,ENSG00000159588,ENSMUSG00000034035,Ccdc17
47,CCDC117,ENSG00000159873,ENSMUSG00000020482,Ccdc117
48,CCDC107,ENSG00000159884,ENSMUSG00000028461,Ccdc107
49,CCDC28B,ENSG00000160050,ENSMUSG00000028795,Ccdc28b
50,CCDC12,ENSG00000160799,ENSMUSG00000019659,Ccdc12
51,TEKTL1,ENSG00000160994,ENSMUSG00000078442,Ccdc105
52,CCDC116,ENSG00000161180,ENSMUSG00000022768,Ccdc116
53,CCDC42,ENSG00000161973,ENSMUSG00000045915,Ccdc42
54,CCDC78,ENSG00000162004,ENSMUSG00000071202,Ccdc78
55,CCDC27,ENSG00000162592,ENSMUSG00000039492,Ccdc27
56,CCDC138,ENSG00000163006,ENSMUSG00000038010,Ccdc138
57,CCDC141,ENSG00000163492,ENSMUSG00000044033,Ccdc141
58,CCDC158,ENSG00000163749,ENSMUSG00000050050,Ccdc158
59,CCDC51,ENSG00000164051,ENSMUSG00000025645,Ccdc51
60,CCDC112,ENSG00000164221,ENSMUSG00000071855,Ccdc112
61,CCDC127,ENSG00000164366,ENSMUSG00000021578,Ccdc127
62,CCDC38,ENSG00000165972,ENSMUSG00000036168,Ccdc38
63,CCDC68,ENSG00000166510,ENSMUSG00000038903,Ccdc68
64,CCDC103,ENSG00000167131,ENSMUSG00000020930,Ccdc103
65,CCDC126,ENSG00000169193,ENSMUSG00000050786,Ccdc126
66,CCDC8,ENSG00000169515,ENSMUSG00000041117,Ccdc8
67,CCDC106,ENSG00000173581,ENSMUSG00000035228,Ccdc106
68,CCDC14,ENSG00000175455,ENSMUSG00000022833,Ccdc14
69,CCDC85B,ENSG00000175602,ENSMUSG00000095098,Ccdc85b
70,CCDC57,ENSG00000176155,ENSMUSG00000048445,Ccdc57
71,CCDC71,ENSG00000177352,ENSMUSG00000049305,Ccdc71
72,CCDC43,ENSG00000180329,ENSMUSG00000020925,Ccdc43
73,CCDC66,ENSG00000180376,ENSMUSG00000046753,Ccdc66
74,ANKRD62,ENSG00000181626,ENSMUSG00000047696,Ccdc144b
75,CCDC149,ENSG00000181982,ENSMUSG00000045790,Ccdc149
76,CCDC87,ENSG00000182791,ENSMUSG00000067872,Ccdc87
77,CCDC60,ENSG00000183273,ENSMUSG00000043913,Ccdc60
78,CCBE1,ENSG00000183287,ENSMUSG00000046318,Ccbe1
79,CCDC125,ENSG00000183323,ENSMUSG00000048924,Ccdc125
80,CCDC159,ENSG00000183401,ENSMUSG00000006241,Ccdc159
81,CCDC137,ENSG00000185298,ENSMUSG00000049957,Ccdc137
82,CCDC30,ENSG00000186409,ENSMUSG00000028637,Ccdc30
83,CCDC73,ENSG00000186714,ENSMUSG00000045106,Ccdc73
84,CCDC157,ENSG00000187860,ENSMUSG00000051427,Ccdc157
85,CCDC154,ENSG00000197599,ENSMUSG00000059562,Ccdc154
86,CCDC69,ENSG00000198624,ENSMUSG00000049588,Ccdc69
87,CCDC152,ENSG00000198865,ENSMUSG00000091119,Ccdc152
88,CCDC160,ENSG00000203952,ENSMUSG00000073207,Ccdc160
89,CCDC85C,ENSG00000205476,ENSMUSG00000084883,Ccdc85c
90,CCDC13,ENSG00000244607,ENSMUSG00000079235,Ccdc13
91,CCDC153,ENSG00000248712,ENSMUSG00000070306,Ccdc153
92,CCDC39,ENSG00000284862,ENSMUSG00000027676,Ccdc39
93,,,ENSMUSG00000028689,Ccdc163
94,,,ENSMUSG00000029138,Ccdc121
95,,,ENSMUSG00000043036,Ccdc63
96,,,ENSMUSG00000071104,Ccdc110
97,,,ENSMUSG00000075225,Ccdc162
0,CCDC88C,ENSG00000015133,ENSMUSG00000021182,Ccdc88c
1,CCNT2,ENSG00000082258,ENSMUSG00000026349,Ccnt2
2,CCNK,ENSG00000090061,ENSMUSG00000021258,Ccnk
3,CCNB1IP1,ENSG00000100814,ENSMUSG00000071470,Ccnb1ip1
4,CCL22,ENSG00000102962,ENSMUSG00000031779,Ccl22
5,CCL17,ENSG00000102970,ENSMUSG00000031780,Ccl17
6,CCNE1,ENSG00000105173,ENSMUSG00000002068,Ccne1
7,CCDC9,ENSG00000105321,ENSMUSG00000041375,Ccdc9
8,CCL24,ENSG00000106178,ENSMUSG00000004814,Ccl24
9,CCNJ,ENSG00000107443,ENSMUSG00000025010,Ccnj
10,CCNY,ENSG00000108100,ENSMUSG00000024286,Ccny
11,CCL7,ENSG00000108688,ENSMUSG00000035373,Ccl7
12,CCL2,ENSG00000108691,ENSMUSG00000035385,Ccl2
13,CCL8,ENSG00000108700,ENSMUSG00000009185,Ccl8
14,CCL8,ENSG00000108700,ENSMUSG00000035352,Ccl12
15,CCND1,ENSG00000110092,ENSMUSG00000070348,Ccnd1
16,CCKBR,ENSG00000110148,ENSMUSG00000030898,Cckbr
17,CCNC,ENSG00000112237,ENSMUSG00000028252,Ccnc
18,CCR6,ENSG00000112486,ENSMUSG00000040899,Ccr6
19,CCND3,ENSG00000112576,ENSMUSG00000034165,Ccnd3
20,CCNG1,ENSG00000113328,ENSMUSG00000020326,Ccng1
21,CCL20,ENSG00000115009,ENSMUSG00000026166,Ccl20
22,CCDC88A,ENSG00000115355,ENSMUSG00000032740,Ccdc88a
23,CCT4,ENSG00000115484,ENSMUSG00000007739,Cct4
24,CD160,ENSG00000117281,ENSMUSG00000038304,Cd160
25,CCNI,ENSG00000118816,ENSMUSG00000063015,Ccni
26,CCND2,ENSG00000118971,ENSMUSG00000000184,Ccnd2
27,CCDC92,ENSG00000119242,ENSMUSG00000037979,Ccdc92
28,CCRL2,ENSG00000121797,ENSMUSG00000043953,Ccrl2
29,CCR2,ENSG00000121807,ENSMUSG00000049103,Ccr2
30,CCZ1,ENSG00000122674,ENSMUSG00000029617,Ccz1
31,CCZ1B,ENSG00000146574,ENSMUSG00000029617,Ccz1
32,CCDC91,ENSG00000123106,ENSMUSG00000030301,Ccdc91
33,CCDC93,ENSG00000125633,ENSMUSG00000026339,Ccdc93
34,CCR7,ENSG00000126353,ENSMUSG00000037944,Ccr7
35,CCNT1,ENSG00000129315,ENSMUSG00000011960,Ccnt1
36,CCT6B,ENSG00000132141,ENSMUSG00000020698,Cct6b
37,CCNA1,ENSG00000133101,ENSMUSG00000027793,Ccna1
38,CCNB1,ENSG00000134057,ENSMUSG00000041431,Ccnb1
39,CD101,ENSG00000134256,ENSMUSG00000086564,Cd101
40,CCNH,ENSG00000134480,ENSMUSG00000021548,Ccnh
41,CCNJL,ENSG00000135083,ENSMUSG00000044707,Ccnjl
42,CD164,ENSG00000135535,ENSMUSG00000019818,Cd164
43,CCT7,ENSG00000135624,ENSMUSG00000030007,Cct7
44,CCM2,ENSG00000136280,ENSMUSG00000000378,Ccm2
45,CCL21,ENSG00000137077,ENSMUSG00000094686,Ccl21a
46,CCL21,ENSG00000137077,ENSMUSG00000095675,Ccl21b
47,CCDC90B,ENSG00000137500,ENSMUSG00000030613,Ccdc90b
48,CCNG2,ENSG00000138764,ENSMUSG00000029385,Ccng2
49,CCDC97,ENSG00000142039,ENSMUSG00000002608,Ccdc97
50,CCNA2,ENSG00000145386,ENSMUSG00000027715,Ccna2
51,CCT6A,ENSG00000146731,ENSMUSG00000029447,Cct6a
52,CCNB3,ENSG00000147082,ENSMUSG00000051592,Ccnb3
53,CCT5,ENSG00000150753,ENSMUSG00000022234,Cct5
54,CCL28,ENSG00000151882,ENSMUSG00000074715,Ccl28
55,CCNO,ENSG00000152669,ENSMUSG00000042417,Ccno
56,CCT8,ENSG00000156261,ENSMUSG00000025613,Cct8
57,CD109,ENSG00000156535,ENSMUSG00000046186,Cd109
58,CCNB2,ENSG00000157456,ENSMUSG00000032218,Ccnb2
59,CCR5,ENSG00000160791,ENSMUSG00000079227,Ccr5
60,CCNF,ENSG00000162063,ENSMUSG00000072082,Ccnf
61,CCKAR,ENSG00000163394,ENSMUSG00000029193,Cckar
62,CCT3,ENSG00000163468,ENSMUSG00000001416,Cct3
63,CCNL1,ENSG00000163660,ENSMUSG00000027829,Ccnl1
64,CCR1,ENSG00000163823,ENSMUSG00000025804,Ccr1
65,CCR1,ENSG00000163823,ENSMUSG00000064039,Ccr1l1
66,CCT2,ENSG00000166226,ENSMUSG00000034024,Cct2
67,CCNDBP1,ENSG00000166946,ENSMUSG00000023572,Ccndbp1
68,CCDC88B,ENSG00000168071,ENSMUSG00000047810,Ccdc88b
69,CD14,ENSG00000170458,ENSMUSG00000051439,Cd14
70,CCL11,ENSG00000172156,ENSMUSG00000020676,Ccl11
71,CCL19,ENSG00000172724,ENSMUSG00000071005,Ccl19
72,CCR9,ENSG00000173585,ENSMUSG00000029530,Ccr9
73,CCS,ENSG00000173992,ENSMUSG00000034108,Ccs
74,CD164L2,ENSG00000174950,ENSMUSG00000028865,Cd164l2
75,CCNE2,ENSG00000175305,ENSMUSG00000028212,Ccne2
76,CD163,ENSG00000177575,ENSMUSG00000008845,Cd163
77,CD151,ENSG00000177697,ENSMUSG00000025510,Cd151
78,CCDC89,ENSG00000179071,ENSMUSG00000044362,Ccdc89
79,CCR8,ENSG00000179934,ENSMUSG00000042262,Ccr8
80,CCR3,ENSG00000183625,ENSMUSG00000035448,Ccr3
81,CCR4,ENSG00000183813,ENSMUSG00000047898,Ccr4
82,CCR10,ENSG00000184451,ENSMUSG00000044052,Ccr10
83,CCIN,ENSG00000185972,ENSMUSG00000070999,Ccin
84,CCK,ENSG00000187094,ENSMUSG00000032532,Cck
85,CCT8L2,ENSG00000198445,ENSMUSG00000038044,Cct8l1
86,CCHCR1,ENSG00000204536,ENSMUSG00000040312,Cchcr1
87,CCL27,ENSG00000213927,ENSMUSG00000073888,Ccl27a
88,CCL27,ENSG00000213927,ENSMUSG00000096826,Ccl27b
89,CCNL2,ENSG00000221978,ENSMUSG00000029068,Ccnl2
90,CCPG1,ENSG00000260916,ENSMUSG00000034563,Ccpg1
91,CCL5,ENSG00000271503,ENSMUSG00000035042,Ccl5
92,CCL23,ENSG00000274736,ENSMUSG00000018927,Ccl6
93,CCL15,ENSG00000275718,ENSMUSG00000018927,Ccl6
94,CCL23,ENSG00000274736,ENSMUSG00000019122,Ccl9
95,CCL15,ENSG00000275718,ENSMUSG00000019122,Ccl9
96,CCL4,ENSG00000275302,ENSMUSG00000018930,Ccl4
97,CCL4L2,ENSG00000276070,ENSMUSG00000018930,Ccl4
98,CCL18,ENSG00000275385,ENSMUSG00000000982,Ccl3
99,CCL3L3,ENSG00000276085,ENSMUSG00000000982,Ccl3
100,CCL3,ENSG00000277632,ENSMUSG00000000982,Ccl3
101,CCNYL1B,ENSG00000284209,ENSMUSG00000070871,Ccnyl1
102,,,ENSMUSG00000020702,Ccl1
103,,,ENSMUSG00000023235,Ccl25
104,,,ENSMUSG00000050677,Ccdc96
105,,,ENSMUSG00000070464,Ccl26
0,CD38,ENSG00000004468,ENSMUSG00000029084,Cd38
1,CDC27,ENSG00000004897,ENSMUSG00000020687,Cdc27
2,CD79B,ENSG00000007312,ENSMUSG00000040592,Cd79b
3,CD9,ENSG00000010278,ENSMUSG00000030342,Cd9
4,CD4,ENSG00000010610,ENSMUSG00000023274,Cd4
5,CD22,ENSG00000012124,ENSMUSG00000030577,Cd22
6,CD6,ENSG00000013725,ENSMUSG00000024670,Cd6
7,CD74,ENSG00000019582,ENSMUSG00000024610,Cd74
8,CD44,ENSG00000026508,ENSMUSG00000005087,Cd44
9,CD84,ENSG00000066294,ENSMUSG00000038147,Cd84
10,CD5L,ENSG00000073754,ENSMUSG00000015854,Cd5l
11,CDC14A,ENSG00000079335,ENSMUSG00000033502,Cdc14a
12,CDC14B,ENSG00000081377,ENSMUSG00000033102,Cdc14b
13,CDC14C,ENSG00000218305,ENSMUSG00000033102,Cdc14b
14,CD59,ENSG00000085063,ENSMUSG00000032679,Cd59a
15,CD59,ENSG00000085063,ENSMUSG00000068686,Cd59b
16,CD82,ENSG00000085117,ENSMUSG00000027215,Cd82
17,CD209,ENSG00000090659,ENSMUSG00000031494,Cd209a
18,CD209,ENSG00000090659,ENSMUSG00000031495,Cd209d
19,CD209,ENSG00000090659,ENSMUSG00000040165,Cd209c
20,CD209,ENSG00000090659,ENSMUSG00000040197,Cd209e
21,CD209,ENSG00000090659,ENSMUSG00000065987,Cd209b
22,CD200,ENSG00000091972,ENSMUSG00000022661,Cd200
23,CDC23,ENSG00000094880,ENSMUSG00000024370,Cdc23
24,CDC34,ENSG00000099804,ENSMUSG00000020307,Cdc34
25,CD40,ENSG00000101017,ENSMUSG00000017652,Cd40
26,CDC25B,ENSG00000101224,ENSMUSG00000027330,Cdc25b
27,CD99L2,ENSG00000102181,ENSMUSG00000035776,Cd99l2
28,CD40LG,ENSG00000102245,ENSMUSG00000031132,Cd40lg
29,CDADC1,ENSG00000102543,ENSMUSG00000021982,Cdadc1
30,CD276,ENSG00000103855,ENSMUSG00000035914,Cd276
31,CD37,ENSG00000104894,ENSMUSG00000030798,Cd37
32,CLEC4M,ENSG00000104938,ENSMUSG00000051906,Cd209f
33,CLEC4M,ENSG00000104938,ENSMUSG00000079168,Cd209g
34,CD79A,ENSG00000105369,ENSMUSG00000003379,Cd79a
35,CD33,ENSG00000105383,ENSMUSG00000004609,Cd33
36,SIGLEC6,ENSG00000105492,ENSMUSG00000004609,Cd33
37,CDC37,ENSG00000105401,ENSMUSG00000019471,Cdc37
38,CDC37L1,ENSG00000106993,ENSMUSG00000024780,Cdc37l1
39,CD5,ENSG00000110448,ENSMUSG00000024669,Cd5
40,CD81,ENSG00000110651,ENSMUSG00000037706,Cd81
41,CD69,ENSG00000110848,ENSMUSG00000030156,Cd69
42,CD83,ENSG00000112149,ENSMUSG00000015396,Cd83
43,CD86,ENSG00000114013,ENSMUSG00000022901,Cd86
44,CD207,ENSG00000116031,ENSMUSG00000034783,Cd207
45,CD2,ENSG00000116824,ENSMUSG00000027863,Cd2
46,CD48,ENSG00000117091,ENSMUSG00000015355,Cd48
47,CD46,ENSG00000117335,ENSMUSG00000016493,Cd46
48,CDC20,ENSG00000117399,ENSMUSG00000006398,Cdc20
49,CD274,ENSG00000120217,ENSMUSG00000016496,Cd274
50,CD80,ENSG00000121594,ENSMUSG00000075122,Cd80
51,CD70,ENSG00000125726,ENSMUSG00000019489,Cd70
52,CD93,ENSG00000125810,ENSMUSG00000027435,Cd93
53,CDC16,ENSG00000130177,ENSMUSG00000038416,Cdc16
54,CD180,ENSG00000134061,ENSMUSG00000021624,Cd180
55,CD36,ENSG00000135218,ENSMUSG00000002944,Cd36
56,CD63,ENSG00000135404,ENSMUSG00000025351,Cd63
57,CD72,ENSG00000137101,ENSMUSG00000028459,Cd72
58,CD27,ENSG00000139193,ENSMUSG00000030336,Cd27
59,CDAN1,ENSG00000140326,ENSMUSG00000027284,Cdan1
60,CD53,ENSG00000143119,ENSMUSG00000040747,Cd53
61,CD226,ENSG00000150637,ENSMUSG00000034028,Cd226
62,CDC123,ENSG00000151465,ENSMUSG00000039128,Cdc123
63,CD96,ENSG00000153283,ENSMUSG00000022657,Cd96
64,CD8A,ENSG00000153563,ENSMUSG00000053977,Cd8a
65,CDC25C,ENSG00000158402,ENSMUSG00000044201,Cdc25c
66,CD1D,ENSG00000158473,ENSMUSG00000028076,Cd1d1
67,CD1D,ENSG00000158473,ENSMUSG00000041750,Cd1d2
68,CDA,ENSG00000158825,ENSMUSG00000028755,Cda
69,CD3G,ENSG00000160654,ENSMUSG00000002033,Cd3g
70,CD300LG,ENSG00000161649,ENSMUSG00000017309,Cd300lg
71,CD200R1,ENSG00000163606,ENSMUSG00000022667,Cd200r1
72,CD200R1L,ENSG00000206531,ENSMUSG00000022667,Cd200r1
73,CD200R1,ENSG00000163606,ENSMUSG00000036172,Cd200r3
74,CD200R1L,ENSG00000206531,ENSMUSG00000036172,Cd200r3
75,CD200R1,ENSG00000163606,ENSMUSG00000062082,Cd200r4
76,CD200R1L,ENSG00000206531,ENSMUSG00000062082,Cd200r4
77,CD200R1,ENSG00000163606,ENSMUSG00000090176,Cd200r2
78,CD200R1L,ENSG00000206531,ENSMUSG00000090176,Cd200r2
79,CDC25A,ENSG00000164045,ENSMUSG00000032477,Cdc25a
80,CD3D,ENSG00000167286,ENSMUSG00000032094,Cd3d
81,CD320,ENSG00000167775,ENSMUSG00000002308,Cd320
82,CD300C,ENSG00000167850,ENSMUSG00000058728,Cd300c
83,CD300A,ENSG00000167851,ENSMUSG00000034652,Cd300a
84,CD300LD,ENSG00000204345,ENSMUSG00000034652,Cd300a
85,CD2BP2,ENSG00000169217,ENSMUSG00000042502,Cd2bp2
86,CD52,ENSG00000169442,ENSMUSG00000000682,Cd52
87,CD8B,ENSG00000172116,ENSMUSG00000053044,Cd8b1
88,CD8B2,ENSG00000254126,ENSMUSG00000053044,Cd8b1
89,CD7,ENSG00000173762,ENSMUSG00000025163,Cd7
90,CD34,ENSG00000174059,ENSMUSG00000016494,Cd34
91,CD248,ENSG00000174807,ENSMUSG00000056481,Cd248
92,CDC26,ENSG00000176386,ENSMUSG00000066149,Cdc26
93,CD19,ENSG00000177455,ENSMUSG00000030724,Cd19
94,CD28,ENSG00000178562,ENSMUSG00000026012,Cd28
95,CD300LB,ENSG00000178789,ENSMUSG00000063193,Cd300lb
96,CD300LF,ENSG00000186074,ENSMUSG00000034641,Cd300ld
97,CD300LF,ENSG00000186074,ENSMUSG00000047798,Cd300lf
98,CD300E,ENSG00000186407,ENSMUSG00000048498,Cd300e
99,CD55,ENSG00000196352,ENSMUSG00000026399,Cd55
100,CD47,ENSG00000196776,ENSMUSG00000055447,Cd47
101,CD2AP,ENSG00000198087,ENSMUSG00000061665,Cd2ap
102,CD247,ENSG00000198821,ENSMUSG00000005763,Cd247
103,CD3E,ENSG00000198851,ENSMUSG00000032093,Cd3e
104,CD177,ENSG00000204936,ENSMUSG00000052212,Cd177
105,CD302,ENSG00000241399,ENSMUSG00000060703,Cd302
106,CD24,ENSG00000272398,ENSMUSG00000047139,Cd24a
107,,,ENSMUSG00000018774,Cd68
0,CDKL3,ENSG00000006837,ENSMUSG00000020389,Cdkl3
1,CDKL5,ENSG00000008086,ENSMUSG00000031292,Cdkl5
2,CDK11A,ENSG00000008128,ENSMUSG00000029062,Cdk11b
3,CDK11B,ENSG00000248333,ENSMUSG00000029062,Cdk11b
4,CDH1,ENSG00000039068,ENSMUSG00000000303,Cdh1
5,CDH10,ENSG00000040731,ENSMUSG00000022321,Cdh10
6,CDK14,ENSG00000058091,ENSMUSG00000028926,Cdk14
7,CDK17,ENSG00000059758,ENSMUSG00000020015,Cdk17
8,CDH3,ENSG00000062038,ENSMUSG00000061048,Cdh3
9,CDON,ENSG00000064309,ENSMUSG00000038119,Cdon
10,CDK13,ENSG00000065883,ENSMUSG00000041297,Cdk13
11,CDC42,ENSG00000070831,ENSMUSG00000006699,Cdc42
12,CDH19,ENSG00000071991,ENSMUSG00000047216,Cdh19
13,CDHR2,ENSG00000074276,ENSMUSG00000034918,Cdhr2
14,CDH17,ENSG00000079112,ENSMUSG00000028217,Cdh17
15,CDH7,ENSG00000081138,ENSMUSG00000026312,Cdh7
16,CDC45,ENSG00000093009,ENSMUSG00000000028,Cdc45
17,CDC6,ENSG00000094804,ENSMUSG00000017499,Cdc6
18,CDC5L,ENSG00000096401,ENSMUSG00000023932,Cdc5l
19,CDC7,ENSG00000097046,ENSMUSG00000029283,Cdc7
20,CDHR5,ENSG00000099834,ENSMUSG00000025497,Cdhr5
21,CDKL1,ENSG00000100490,ENSMUSG00000020990,Cdkl1
22,CDKN3,ENSG00000100526,ENSMUSG00000037628,Cdkn3
23,CDK5RAP1,ENSG00000101391,ENSMUSG00000027487,Cdk5rap1
24,CDH20,ENSG00000101542,ENSMUSG00000050840,Cdh20
25,CDK16,ENSG00000102225,ENSMUSG00000031065,Cdk16
26,CDIPT,ENSG00000103502,ENSMUSG00000030682,Cdipt
27,CDK6,ENSG00000105810,ENSMUSG00000040274,Cdk6
28,CDH23,ENSG00000107736,ENSMUSG00000012819,Cdh23
29,CDK5RAP3,ENSG00000108465,ENSMUSG00000018669,Cdk5rap3
30,CDKN1B,ENSG00000111276,ENSMUSG00000003031,Cdkn1b
31,CDK2AP1,ENSG00000111328,ENSMUSG00000029394,Cdk2ap1
32,CDCA3,ENSG00000111665,ENSMUSG00000023505,Cdca3
33,CDH9,ENSG00000113100,ENSMUSG00000025370,Cdh9
34,CDH6,ENSG00000113361,ENSMUSG00000039385,Cdh6
35,CDK18,ENSG00000117266,ENSMUSG00000026437,Cdk18
36,CDKN2C,ENSG00000123080,ENSMUSG00000028551,Cdkn2c
37,CDK2,ENSG00000123374,ENSMUSG00000025358,Cdk2
38,CDH26,ENSG00000124215,ENSMUSG00000039155,Cdh26
39,CDKN1A,ENSG00000124762,ENSMUSG00000023067,Cdkn1a
40,CDC42EP1,ENSG00000128283,ENSMUSG00000049521,Cdc42ep1
41,CDHR3,ENSG00000128536,ENSMUSG00000035860,Cdhr3
42,CDKN2D,ENSG00000129355,ENSMUSG00000096472,Cdkn2d
43,CDO1,ENSG00000129596,ENSMUSG00000033022,Cdo1
44,CDKN1C,ENSG00000129757,ENSMUSG00000037664,Cdkn1c
45,CDH15,ENSG00000129910,ENSMUSG00000031962,Cdh15
46,CDK8,ENSG00000132964,ENSMUSG00000029635,Cdk8
47,CDK7,ENSG00000134058,ENSMUSG00000069089,Cdk7
48,CDC73,ENSG00000134371,ENSMUSG00000026361,Cdc73
49,CDCA8,ENSG00000134690,ENSMUSG00000028873,Cdca8
50,CDK4,ENSG00000135446,ENSMUSG00000006728,Cdk4
51,CDK9,ENSG00000136807,ENSMUSG00000009555,Cdk9
52,CDK5RAP2,ENSG00000136861,ENSMUSG00000039298,Cdk5rap2
53,CDK15,ENSG00000138395,ENSMUSG00000026023,Cdk15
54,CDKL2,ENSG00000138769,ENSMUSG00000029403,Cdkl2
55,CDH24,ENSG00000139880,ENSMUSG00000059674,Cdh24
56,CDH11,ENSG00000140937,ENSMUSG00000031673,Cdh11
57,CDH13,ENSG00000140945,ENSMUSG00000031841,Cdh13
58,CDC42BPA,ENSG00000143776,ENSMUSG00000026490,Cdc42bpa
59,CDCA7,ENSG00000144354,ENSMUSG00000055612,Cdca7
60,CDH18,ENSG00000145526,ENSMUSG00000040420,Cdh18
61,CDKAL1,ENSG00000145996,ENSMUSG00000006191,Cdkal1
62,CDCA5,ENSG00000146670,ENSMUSG00000024791,Cdca5
63,CDKN2B,ENSG00000147883,ENSMUSG00000073802,Cdkn2b
64,CDHR1,ENSG00000148600,ENSMUSG00000021803,Cdhr1
65,CDH22,ENSG00000149654,ENSMUSG00000053166,Cdh22
66,CDC42EP2,ENSG00000149798,ENSMUSG00000045664,Cdc42ep2
67,CDH8,ENSG00000150394,ENSMUSG00000036510,Cdh8
68,CDH12,ENSG00000154162,ENSMUSG00000040452,Cdh12
69,CDK19,ENSG00000155111,ENSMUSG00000038481,Cdk19
70,CDK20,ENSG00000156345,ENSMUSG00000021483,Cdk20
71,CDCP2,ENSG00000157211,ENSMUSG00000047636,Cdcp2
72,CDC42SE2,ENSG00000158985,ENSMUSG00000052298,Cdc42se2
73,CDC42EP3,ENSG00000163171,ENSMUSG00000036533,Cdc42ep3
74,CDCP1,ENSG00000163814,ENSMUSG00000035498,Cdcp1
75,CDCA7L,ENSG00000164649,ENSMUSG00000021175,Cdca7l
76,CDK5,ENSG00000164885,ENSMUSG00000028969,Cdk5
77,CDH16,ENSG00000166589,ENSMUSG00000031881,Cdh16
78,CDK12,ENSG00000167258,ENSMUSG00000003119,Cdk12
79,CDC42EP5,ENSG00000167617,ENSMUSG00000063838,Cdc42ep5
80,CDK2AP2,ENSG00000167797,ENSMUSG00000024856,Cdk2ap2
81,CDC40,ENSG00000168438,ENSMUSG00000038446,Cdc40
82,CDKN2AIP,ENSG00000168564,ENSMUSG00000038069,Cdkn2aip
83,CDK1,ENSG00000170312,ENSMUSG00000019942,Cdk1
84,CDH2,ENSG00000170558,ENSMUSG00000024304,Cdh2
85,CDCA4,ENSG00000170779,ENSMUSG00000047832,Cdca4
86,CDC42BPG,ENSG00000171219,ENSMUSG00000024769,Cdc42bpg
87,CDK5R2,ENSG00000171450,ENSMUSG00000090071,Cdk5r2
88,CDK5R1,ENSG00000176749,ENSMUSG00000048895,Cdk5r1
89,CDH4,ENSG00000179242,ENSMUSG00000000305,Cdh4
90,CDC42EP4,ENSG00000179604,ENSMUSG00000041598,Cdc42ep4
91,CDH5,ENSG00000179776,ENSMUSG00000031871,Cdh5
92,CDCA2,ENSG00000184661,ENSMUSG00000048922,Cdca2
93,CDNF,ENSG00000185267,ENSMUSG00000039496,Cdnf
94,CDK10,ENSG00000185324,ENSMUSG00000033862,Cdk10
95,CDC42SE1,ENSG00000197622,ENSMUSG00000046722,Cdc42se1
96,CDC42BPB,ENSG00000198752,ENSMUSG00000021279,Cdc42bpb
97,CDKL4,ENSG00000205111,ENSMUSG00000033966,Cdkl4
98,CDKN2AIPNL,ENSG00000237190,ENSMUSG00000020392,Cdkn2aipnl
99,,,ENSMUSG00000044303,Cdkn2a
100,,,ENSMUSG00000090546,Cdr1
0,CEACAM7,ENSG00000007306,ENSMUSG00000054169,Ceacam10
1,CEACAM1,ENSG00000079385,ENSMUSG00000054169,Ceacam10
2,CEACAM6,ENSG00000086548,ENSMUSG00000054169,Ceacam10
3,CEACAM5,ENSG00000105388,ENSMUSG00000054169,Ceacam10
4,PSG8,ENSG00000124467,ENSMUSG00000054169,Ceacam10
5,CEACAM8,ENSG00000124469,ENSMUSG00000054169,Ceacam10
6,PSG6,ENSG00000170848,ENSMUSG00000054169,Ceacam10
7,CEACAM3,ENSG00000170956,ENSMUSG00000054169,Ceacam10
8,PSG9,ENSG00000183668,ENSMUSG00000054169,Ceacam10
9,PSG5,ENSG00000204941,ENSMUSG00000054169,Ceacam10
10,PSG3,ENSG00000221826,ENSMUSG00000054169,Ceacam10
11,PSG7,ENSG00000221878,ENSMUSG00000054169,Ceacam10
12,PSG1,ENSG00000231924,ENSMUSG00000054169,Ceacam10
13,PSG2,ENSG00000242221,ENSMUSG00000054169,Ceacam10
14,PSG11,ENSG00000243130,ENSMUSG00000054169,Ceacam10
15,PSG4,ENSG00000243137,ENSMUSG00000054169,Ceacam10
16,CEACAM7,ENSG00000007306,ENSMUSG00000054385,Ceacam2
17,CEACAM1,ENSG00000079385,ENSMUSG00000054385,Ceacam2
18,CEACAM6,ENSG00000086548,ENSMUSG00000054385,Ceacam2
19,CEACAM5,ENSG00000105388,ENSMUSG00000054385,Ceacam2
20,PSG8,ENSG00000124467,ENSMUSG00000054385,Ceacam2
21,CEACAM8,ENSG00000124469,ENSMUSG00000054385,Ceacam2
22,PSG6,ENSG00000170848,ENSMUSG00000054385,Ceacam2
23,CEACAM3,ENSG00000170956,ENSMUSG00000054385,Ceacam2
24,PSG9,ENSG00000183668,ENSMUSG00000054385,Ceacam2
25,PSG5,ENSG00000204941,ENSMUSG00000054385,Ceacam2
26,PSG3,ENSG00000221826,ENSMUSG00000054385,Ceacam2
27,PSG7,ENSG00000221878,ENSMUSG00000054385,Ceacam2
28,PSG1,ENSG00000231924,ENSMUSG00000054385,Ceacam2
29,PSG2,ENSG00000242221,ENSMUSG00000054385,Ceacam2
30,PSG11,ENSG00000243130,ENSMUSG00000054385,Ceacam2
31,PSG4,ENSG00000243137,ENSMUSG00000054385,Ceacam2
32,CEACAM7,ENSG00000007306,ENSMUSG00000074272,Ceacam1
33,CEACAM1,ENSG00000079385,ENSMUSG00000074272,Ceacam1
34,CEACAM6,ENSG00000086548,ENSMUSG00000074272,Ceacam1
35,CEACAM5,ENSG00000105388,ENSMUSG00000074272,Ceacam1
36,PSG8,ENSG00000124467,ENSMUSG00000074272,Ceacam1
37,CEACAM8,ENSG00000124469,ENSMUSG00000074272,Ceacam1
38,PSG6,ENSG00000170848,ENSMUSG00000074272,Ceacam1
39,CEACAM3,ENSG00000170956,ENSMUSG00000074272,Ceacam1
40,PSG9,ENSG00000183668,ENSMUSG00000074272,Ceacam1
41,PSG5,ENSG00000204941,ENSMUSG00000074272,Ceacam1
42,PSG3,ENSG00000221826,ENSMUSG00000074272,Ceacam1
43,PSG7,ENSG00000221878,ENSMUSG00000074272,Ceacam1
44,PSG1,ENSG00000231924,ENSMUSG00000074272,Ceacam1
45,PSG2,ENSG00000242221,ENSMUSG00000074272,Ceacam1
46,PSG11,ENSG00000243130,ENSMUSG00000074272,Ceacam1
47,PSG4,ENSG00000243137,ENSMUSG00000074272,Ceacam1
48,CELSR3,ENSG00000008300,ENSMUSG00000023473,Celsr3
49,CEP68,ENSG00000011523,ENSMUSG00000044066,Cep68
50,CENPQ,ENSG00000031691,ENSMUSG00000023919,Cenpq
51,CELF2,ENSG00000048740,ENSMUSG00000002107,Celf2
52,CELSR1,ENSG00000075275,ENSMUSG00000016028,Celsr1
53,CDV3,ENSG00000091527,ENSMUSG00000032803,Cdv3
54,CEBPE,ENSG00000092067,ENSMUSG00000052435,Cebpe
55,CECR2,ENSG00000099954,ENSMUSG00000071226,Cecr2
56,CENPM,ENSG00000100162,ENSMUSG00000068101,Cenpm
57,CERK,ENSG00000100422,ENSMUSG00000035891,Cerk
58,CDS2,ENSG00000101290,ENSMUSG00000058793,Cds2
59,CELF4,ENSG00000101489,ENSMUSG00000024268,Celf4
60,CEP76,ENSG00000101624,ENSMUSG00000073542,Cep76
61,CEP192,ENSG00000101639,ENSMUSG00000024542,Cep192
62,CENPI,ENSG00000102384,ENSMUSG00000031262,Cenpi
63,CENPT,ENSG00000102901,ENSMUSG00000036672,Cenpt
64,CEP152,ENSG00000103995,ENSMUSG00000068394,Cep152
65,CDR2L,ENSG00000109089,ENSMUSG00000050910,Cdr2l
66,CEP164,ENSG00000110274,ENSMUSG00000043987,Cep164
67,CEP72,ENSG00000112877,ENSMUSG00000021572,Cep72
68,CDX1,ENSG00000113722,ENSMUSG00000024619,Cdx1
69,CEP70,ENSG00000114107,ENSMUSG00000056267,Cep70
70,CENPA,ENSG00000115163,ENSMUSG00000029177,Cenpa
71,CEBPZ,ENSG00000115816,ENSMUSG00000024081,Cebpz
72,CENPF,ENSG00000117724,ENSMUSG00000026605,Cenpf
73,CENPL,ENSG00000120334,ENSMUSG00000026708,Cenpl
74,CENPK,ENSG00000123219,ENSMUSG00000021714,Cenpk
75,CENPB,ENSG00000125817,ENSMUSG00000068267,Cenpb
76,CEP250,ENSG00000126001,ENSMUSG00000038241,Cep250
77,CDX4,ENSG00000131264,ENSMUSG00000031326,Cdx4
78,CEPT1,ENSG00000134255,ENSMUSG00000040774,Cept1
79,CEP350,ENSG00000135837,ENSMUSG00000033671,Cep350
80,CENPO,ENSG00000138092,ENSMUSG00000020652,Cenpo
81,CEP55,ENSG00000138180,ENSMUSG00000024989,Cep55
82,CENPE,ENSG00000138778,ENSMUSG00000045328,Cenpe
83,CELA1,ENSG00000139610,ENSMUSG00000023031,Cela1
84,CELF6,ENSG00000140488,ENSMUSG00000032297,Celf6
85,CDR2,ENSG00000140743,ENSMUSG00000030878,Cdr2
86,CELA2A,ENSG00000142615,ENSMUSG00000058579,Cela2a
87,CELA2B,ENSG00000215704,ENSMUSG00000058579,Cela2a
88,CELA3A,ENSG00000142789,ENSMUSG00000023433,Cela3b
89,CELA3B,ENSG00000219073,ENSMUSG00000023433,Cela3b
90,CELSR2,ENSG00000143126,ENSMUSG00000068740,Celsr2
91,CEP170,ENSG00000143702,ENSMUSG00000057335,Cep170
92,CENPC,ENSG00000145241,ENSMUSG00000029253,Cenpc1
93,CER1,ENSG00000147869,ENSMUSG00000038192,Cer1
94,CEP78,ENSG00000148019,ENSMUSG00000041491,Cep78
95,CELF1,ENSG00000149187,ENSMUSG00000005506,Celf1
96,CENPJ,ENSG00000151849,ENSMUSG00000064128,Cenpj
97,CENPH,ENSG00000153044,ENSMUSG00000045273,Cenph
98,CDYL,ENSG00000153046,ENSMUSG00000059288,Cdyl
99,CEBPG,ENSG00000153879,ENSMUSG00000056216,Cebpg
100,CELF3,ENSG00000159409,ENSMUSG00000028137,Celf3
101,CELF5,ENSG00000161082,ENSMUSG00000034818,Celf5
102,CDS1,ENSG00000163624,ENSMUSG00000029330,Cds1
103,CDX2,ENSG00000165556,ENSMUSG00000029646,Cdx2
104,CEP57,ENSG00000166037,ENSMUSG00000031922,Cep57
105,CDYL2,ENSG00000166446,ENSMUSG00000031758,Cdyl2
106,CENPN,ENSG00000166451,ENSMUSG00000031756,Cenpn
107,CENPV,ENSG00000166582,ENSMUSG00000018509,Cenpv
108,CERCAM,ENSG00000167123,ENSMUSG00000039787,Cercam
109,CDT1,ENSG00000167513,ENSMUSG00000006585,Cdt1
110,CEP120,ENSG00000168944,ENSMUSG00000048799,Cep120
111,CEL,ENSG00000170835,ENSMUSG00000026818,Cel
112,CEBPB,ENSG00000172216,ENSMUSG00000056501,Cebpb
113,CES2,ENSG00000172831,ENSMUSG00000055730,Ces2a
114,CEP135,ENSG00000174799,ENSMUSG00000036403,Cep135
115,CEP97,ENSG00000182504,ENSMUSG00000022604,Cep97
116,CEP63,ENSG00000182923,ENSMUSG00000032534,Cep63
117,CEP57L1,ENSG00000183137,ENSMUSG00000019813,Cep57l1
118,CEND1,ENSG00000184524,ENSMUSG00000060240,Cend1
119,CEACAM19,ENSG00000186567,ENSMUSG00000049848,Ceacam19
120,CENPP,ENSG00000188312,ENSMUSG00000021391,Cenpp
121,CERKL,ENSG00000188452,ENSMUSG00000075256,Cerkl
122,CEP290,ENSG00000198707,ENSMUSG00000019971,Cep290
123,CES1,ENSG00000198848,ENSMUSG00000056973,Ces1d
124,CES1,ENSG00000198848,ENSMUSG00000057074,Ces1g
125,CES1,ENSG00000198848,ENSMUSG00000057400,Ces1c
126,CES1,ENSG00000198848,ENSMUSG00000078964,Ces1b
127,CENPW,ENSG00000203760,ENSMUSG00000075266,Cenpw
128,CDSN,ENSG00000204539,ENSMUSG00000039518,Cdsn
129,CEACAM18,ENSG00000213822,ENSMUSG00000030472,Ceacam18
130,CEACAM16,ENSG00000213892,ENSMUSG00000014686,Ceacam16
131,CEBPD,ENSG00000221869,ENSMUSG00000071637,Cebpd
132,CDRT4,ENSG00000239704,ENSMUSG00000042200,Cdrt4
133,CEBPA,ENSG00000245848,ENSMUSG00000034957,Cebpa
134,CEACAM20,ENSG00000273777,ENSMUSG00000070777,Ceacam20
135,,,ENSMUSG00000007209,Ceacam9
136,,,ENSMUSG00000008789,Ceacam5
137,,,ENSMUSG00000023185,Ceacam14
138,,,ENSMUSG00000030366,Ceacam12
139,,,ENSMUSG00000030368,Ceacam11
140,,,ENSMUSG00000031725,Ces1f
141,,,ENSMUSG00000053228,Ceacam3
142,,,ENSMUSG00000057195,Ceacam13
143,,,ENSMUSG00000061959,Ces1e
144,,,ENSMUSG00000071047,Ces1a
145,,,ENSMUSG00000078795,Ceacam15
146,,,ENSMUSG00000108307,Ceacam-ps1
0,CFTR,ENSG00000001626,ENSMUSG00000041301,Cftr
1,CFLAR,ENSG00000003402,ENSMUSG00000026031,Cflar
2,CHDH,ENSG00000016391,ENSMUSG00000015970,Chdh
3,CHPF2,ENSG00000033100,ENSMUSG00000038181,Chpf2
4,CHRDL2,ENSG00000054938,ENSMUSG00000030732,Chrdl2
5,CHAT,ENSG00000070748,ENSMUSG00000021919,Chat
6,CHFR,ENSG00000072609,ENSMUSG00000014668,Chfr
7,CFHR2,ENSG00000080910,ENSMUSG00000057037,Cfhr1
8,CFHR1,ENSG00000244414,ENSMUSG00000057037,Cfhr1
9,CHMP2B,ENSG00000083937,ENSMUSG00000004843,Chmp2b
10,CHERP,ENSG00000085872,ENSMUSG00000052488,Cherp
11,CHMP5,ENSG00000086065,ENSMUSG00000028419,Chmp5
12,CHGB,ENSG00000089199,ENSMUSG00000027350,Chgb
13,CHRD,ENSG00000090539,ENSMUSG00000006958,Chrd
14,CHKB,ENSG00000100288,ENSMUSG00000022617,Chkb
15,CHADL,ENSG00000100399,ENSMUSG00000063765,Chadl
16,CGRRF1,ENSG00000100532,ENSMUSG00000055128,Cgrrf1
17,CHGA,ENSG00000100604,ENSMUSG00000021194,Chga
18,CHD8,ENSG00000100888,ENSMUSG00000053754,Chd8
19,CHMP4B,ENSG00000101421,ENSMUSG00000038467,Chmp4b
20,CHRDL1,ENSG00000101938,ENSMUSG00000031283,Chrdl1
21,CHRAC1,ENSG00000104472,ENSMUSG00000068391,Chrac1
22,CHN2,ENSG00000106069,ENSMUSG00000004633,Chn2
23,CHCHD2,ENSG00000106153,ENSMUSG00000070493,Chchd2
24,CHCHD3,ENSG00000106554,ENSMUSG00000053768,Chchd3
25,CHIC2,ENSG00000109220,ENSMUSG00000029229,Chic2
26,CHORDC1,ENSG00000110172,ENSMUSG00000001774,Chordc1
27,CHKA,ENSG00000110721,ENSMUSG00000024843,Chka
28,CHD4,ENSG00000111642,ENSMUSG00000063870,Chd4
29,CHPT1,ENSG00000111666,ENSMUSG00000060002,Chpt1
30,CHMP3,ENSG00000115561,ENSMUSG00000053119,Chmp3
31,CHD5,ENSG00000116254,ENSMUSG00000005045,Chd5
32,CHPF,ENSG00000123989,ENSMUSG00000032997,Chpf
33,CHD6,ENSG00000124177,ENSMUSG00000057133,Chd6
34,CHCHD5,ENSG00000125611,ENSMUSG00000037938,Chchd5
35,CFP,ENSG00000126759,ENSMUSG00000001128,Cfp
36,CHN1,ENSG00000128656,ENSMUSG00000056486,Chn1
37,CGNL1,ENSG00000128849,ENSMUSG00000032232,Cgnl1
38,CHAC1,ENSG00000128965,ENSMUSG00000027313,Chac1
39,CHMP2A,ENSG00000130724,ENSMUSG00000033916,Chmp2a
40,CHMP1A,ENSG00000131165,ENSMUSG00000000743,Chmp1a
41,CHD1L,ENSG00000131778,ENSMUSG00000028089,Chd1l
42,CHRM3,ENSG00000133019,ENSMUSG00000046159,Chrm3
43,CHIT1,ENSG00000133063,ENSMUSG00000026450,Chit1
44,CHL1,ENSG00000134121,ENSMUSG00000030077,Chl1
45,CGA,ENSG00000135346,ENSMUSG00000028298,Cga
46,CHAD,ENSG00000136457,ENSMUSG00000039084,Chad
47,CFC1,ENSG00000136698,ENSMUSG00000026124,Cfc1
48,CFC1B,ENSG00000152093,ENSMUSG00000026124,Cfc1
49,CGREF1,ENSG00000138028,ENSMUSG00000029161,Cgref1
50,CH25H,ENSG00000138135,ENSMUSG00000050370,Ch25h
51,CGN,ENSG00000143375,ENSMUSG00000068876,Cgn
52,CHAC2,ENSG00000143942,ENSMUSG00000020309,Chac2
53,CETN2,ENSG00000147400,ENSMUSG00000031347,Cetn2
54,CHMP7,ENSG00000147457,ENSMUSG00000034190,Chmp7
55,CHEK1,ENSG00000149554,ENSMUSG00000032113,Chek1
56,CETN3,ENSG00000153140,ENSMUSG00000021537,Cetn3
57,CFDP1,ENSG00000153774,ENSMUSG00000031954,Cfdp1
58,CHD1,ENSG00000153922,ENSMUSG00000023852,Chd1
59,CHODL,ENSG00000154645,ENSMUSG00000022860,Chodl
60,CHAF1B,ENSG00000159259,ENSMUSG00000022945,Chaf1b
61,CES5A,ENSG00000159398,ENSMUSG00000058019,Ces5a
62,CHCHD6,ENSG00000159685,ENSMUSG00000030086,Chchd6
63,CGGBP1,ENSG00000163320,ENSMUSG00000054604,Cggbp1
64,CHCHD4,ENSG00000163528,ENSMUSG00000034203,Chchd4
65,CHMP4C,ENSG00000164695,ENSMUSG00000027536,Chmp4c
66,CFL2,ENSG00000165410,ENSMUSG00000062929,Cfl2
67,CHAF1A,ENSG00000167670,ENSMUSG00000002835,Chaf1a
68,CHRM1,ENSG00000168539,ENSMUSG00000032773,Chrm1
69,CHD3,ENSG00000170004,ENSMUSG00000018474,Chd3
70,CHCHD7,ENSG00000170791,ENSMUSG00000042198,Chchd7
71,CHD7,ENSG00000171316,ENSMUSG00000041235,Chd7
72,CHCHD1,ENSG00000172586,ENSMUSG00000063787,Chchd1
73,CFL1,ENSG00000172757,ENSMUSG00000056201,Cfl1
74,CES4A,ENSG00000172824,ENSMUSG00000060560,Ces4a
75,CES3,ENSG00000172828,ENSMUSG00000062181,Ces3b
76,CES3,ENSG00000172828,ENSMUSG00000069922,Ces3a
77,CES2,ENSG00000172831,ENSMUSG00000031877,Ces2g
78,CES2,ENSG00000172831,ENSMUSG00000031886,Ces2e
79,CES2,ENSG00000172831,ENSMUSG00000050097,Ces2b
80,CES2,ENSG00000172831,ENSMUSG00000061825,Ces2c
81,CES2,ENSG00000172831,ENSMUSG00000062826,Ces2f
82,CHD2,ENSG00000173575,ENSMUSG00000078671,Chd2
83,CHMP6,ENSG00000176108,ENSMUSG00000025371,Chmp6
84,CETN1,ENSG00000177143,ENSMUSG00000050996,Cetn1
85,CHD9,ENSG00000177200,ENSMUSG00000056608,Chd9
86,CHID1,ENSG00000177830,ENSMUSG00000025512,Chid1
87,CHRM4,ENSG00000180720,ENSMUSG00000040495,Chrm4
88,CHRM2,ENSG00000181072,ENSMUSG00000045613,Chrm2
89,CHEK2,ENSG00000183765,ENSMUSG00000029521,Chek2
90,CHM,ENSG00000188419,ENSMUSG00000025531,Chm
91,CFD,ENSG00000197766,ENSMUSG00000061780,Cfd
92,CHML,ENSG00000203668,ENSMUSG00000078185,Chml
93,CHIC1,ENSG00000204116,ENSMUSG00000031327,Chic1
94,CFI,ENSG00000205403,ENSMUSG00000058952,Cfi
95,CFB,ENSG00000243649,ENSMUSG00000090231,Cfb
96,CHCHD10,ENSG00000250479,ENSMUSG00000049422,Chchd10
97,CHMP1B,ENSG00000255112,ENSMUSG00000109901,Chmp1b
98,,,ENSMUSG00000026365,Cfh
99,,,ENSMUSG00000031884,Ces2d-ps
100,,,ENSMUSG00000033898,Cfhr2
101,,,ENSMUSG00000045031,Cetn4
0,CIAPIN1,ENSG00000005194,ENSMUSG00000031781,Ciapin1
1,CLCN6,ENSG00000011021,ENSMUSG00000029016,Clcn6
2,CLDN11,ENSG00000013297,ENSMUSG00000037625,Cldn11
3,CLCA1,ENSG00000016490,ENSMUSG00000028255,Clca1
4,CLDN18,ENSG00000066405,ENSMUSG00000032473,Cldn18
5,CLASP1,ENSG00000074054,ENSMUSG00000064302,Clasp1
6,CIC,ENSG00000079432,ENSMUSG00000005442,Cic
7,CHRNA3,ENSG00000080644,ENSMUSG00000032303,Chrna3
8,CIRBP,ENSG00000099622,ENSMUSG00000045193,Cirbp
9,CINP,ENSG00000100865,ENSMUSG00000021276,Cinp
10,CHRNA4,ENSG00000101204,ENSMUSG00000027577,Chrna4
11,CLCN7,ENSG00000103249,ENSMUSG00000036636,Clcn7
12,CLASRP,ENSG00000104859,ENSMUSG00000061028,Clasrp
13,CKM,ENSG00000104879,ENSMUSG00000030399,Ckm
14,CLDN15,ENSG00000106404,ENSMUSG00000001739,Cldn15
15,CHRNE,ENSG00000108556,ENSMUSG00000014609,Chrne
16,CLCN3,ENSG00000109572,ENSMUSG00000004319,Clcn3
17,CLDN16,ENSG00000113946,ENSMUSG00000038148,Cldn16
18,CISH,ENSG00000114737,ENSMUSG00000032578,Cish
19,CLCN2,ENSG00000114859,ENSMUSG00000022843,Clcn2
20,CHST10,ENSG00000115526,ENSMUSG00000026080,Chst10
21,CHRNB4,ENSG00000117971,ENSMUSG00000035200,Chrnb4
22,CHRNA2,ENSG00000120903,ENSMUSG00000022041,Chrna2
23,CLCC1,ENSG00000121940,ENSMUSG00000027884,Clcc1
24,CHST3,ENSG00000122863,ENSMUSG00000057337,Chst3
25,CISD1,ENSG00000122873,ENSMUSG00000037710,Cisd1
26,CIT,ENSG00000122966,ENSMUSG00000029516,Cit
27,CKS2,ENSG00000123975,ENSMUSG00000062248,Cks2
28,CHST8,ENSG00000124302,ENSMUSG00000060402,Chst8
29,CITED1,ENSG00000125931,ENSMUSG00000051159,Cited1
30,CHTF18,ENSG00000127586,ENSMUSG00000019214,Chtf18
31,CHRNA10,ENSG00000129749,ENSMUSG00000066279,Chrna10
32,CKMT2,ENSG00000131730,ENSMUSG00000021622,Ckmt2
33,CHSY1,ENSG00000131873,ENSMUSG00000032640,Chsy1
34,CLDN10,ENSG00000134873,ENSMUSG00000022132,Cldn10
35,CHRND,ENSG00000135902,ENSMUSG00000026251,Chrnd
36,CKAP4,ENSG00000136026,ENSMUSG00000046841,Ckap4
37,CKAP2,ENSG00000136108,ENSMUSG00000037725,Ckap2
38,CHST12,ENSG00000136213,ENSMUSG00000036599,Chst12
39,CIDEB,ENSG00000136305,ENSMUSG00000022219,Cideb
40,CIB2,ENSG00000136425,ENSMUSG00000037493,Cib2
41,CLCA2,ENSG00000137975,ENSMUSG00000036960,Clca2
42,CIR1,ENSG00000138433,ENSMUSG00000041777,Cir1
43,CHRNA1,ENSG00000138435,ENSMUSG00000027107,Chrna1
44,CILP,ENSG00000138615,ENSMUSG00000042254,Cilp
45,CHST4,ENSG00000140835,ENSMUSG00000035930,Chst4
46,CIB3,ENSG00000141977,ENSMUSG00000074240,Cib3
47,CIAO1,ENSG00000144021,ENSMUSG00000003662,Ciao1
48,CISD2,ENSG00000145354,ENSMUSG00000028165,Cisd2
49,CHST7,ENSG00000147119,ENSMUSG00000037347,Chst7
50,CHRNB3,ENSG00000147432,ENSMUSG00000031492,Chrnb3
51,CHRNA6,ENSG00000147434,ENSMUSG00000031491,Chrna6
52,CIZ1,ENSG00000148337,ENSMUSG00000039205,Ciz1
53,CHST9,ENSG00000154080,ENSMUSG00000047161,Chst9
54,CLDN17,ENSG00000156282,ENSMUSG00000055811,Cldn17
55,CLDN12,ENSG00000157224,ENSMUSG00000046798,Cldn12
56,CIB4,ENSG00000157884,ENSMUSG00000053194,Cib4
57,CLDN14,ENSG00000159261,ENSMUSG00000047109,Cldn14
58,CILP2,ENSG00000160161,ENSMUSG00000044006,Cilp2
59,CHRNB2,ENSG00000160716,ENSMUSG00000027950,Chrnb2
60,CLDN1,ENSG00000163347,ENSMUSG00000022512,Cldn1
61,CLASP2,ENSG00000163539,ENSMUSG00000033392,Clasp2
62,CLDN19,ENSG00000164007,ENSMUSG00000066058,Cldn19
63,CITED2,ENSG00000164442,ENSMUSG00000039910,Cited2
64,CLDN2,ENSG00000165376,ENSMUSG00000047230,Cldn2
65,CKB,ENSG00000166165,ENSMUSG00000001270,Ckb
66,CHRFAM7A,ENSG00000166664,ENSMUSG00000030525,Chrna7
67,CHRNA7,ENSG00000175344,ENSMUSG00000030525,Chrna7
68,CHTF8,ENSG00000168802,ENSMUSG00000046691,Chtf8
69,CHST14,ENSG00000169105,ENSMUSG00000074916,Chst14
70,CKAP2L,ENSG00000169607,ENSMUSG00000048327,Ckap2l
71,CHRNA5,ENSG00000169684,ENSMUSG00000035594,Chrna5
72,CHRNB1,ENSG00000170175,ENSMUSG00000041189,Chrnb1
73,CHST11,ENSG00000171310,ENSMUSG00000034612,Chst11
74,CLCN5,ENSG00000171365,ENSMUSG00000004317,Clcn5
75,CKS1B,ENSG00000173207,ENSMUSG00000028044,Cks1b
76,CHRNA9,ENSG00000174343,ENSMUSG00000029205,Chrna9
77,CHST2,ENSG00000175040,ENSMUSG00000033350,Chst2
78,CKAP5,ENSG00000175216,ENSMUSG00000040549,Ckap5
79,CHST1,ENSG00000175264,ENSMUSG00000027221,Chst1
80,CLCF1,ENSG00000175505,ENSMUSG00000040663,Clcf1
81,CIDEA,ENSG00000176194,ENSMUSG00000024526,Cidea
82,CIITA,ENSG00000179583,ENSMUSG00000022504,Ciita
83,CITED4,ENSG00000179862,ENSMUSG00000070803,Cited4
84,CHST13,ENSG00000180767,ENSMUSG00000056643,Chst13
85,CHST15,ENSG00000182022,ENSMUSG00000030930,Chst15
86,CLCNKB,ENSG00000184908,ENSMUSG00000006216,Clcnkb
87,CLCNKA,ENSG00000186510,ENSMUSG00000006216,Clcnkb
88,CLCNKB,ENSG00000184908,ENSMUSG00000033770,Clcnka
89,CLCNKA,ENSG00000186510,ENSMUSG00000033770,Clcnka
90,CHRM5,ENSG00000184984,ENSMUSG00000074939,Chrm5
91,CIB1,ENSG00000185043,ENSMUSG00000030538,Cib1
92,CIDEC,ENSG00000187288,ENSMUSG00000030278,Cidec
93,CLCN1,ENSG00000188037,ENSMUSG00000029862,Clcn1
94,CLDN4,ENSG00000189143,ENSMUSG00000008843,Cldn13
95,CHRNG,ENSG00000196811,ENSMUSG00000026253,Chrng
96,CHSY3,ENSG00000198108,ENSMUSG00000058152,Chsy3
97,CHUK,ENSG00000213341,ENSMUSG00000025199,Chuk
98,CKLF,ENSG00000217555,ENSMUSG00000054400,Cklf
99,CKMT1A,ENSG00000223572,ENSMUSG00000000308,Ckmt1
100,CKMT1B,ENSG00000237289,ENSMUSG00000000308,Ckmt1
101,CHURC1,ENSG00000258289,ENSMUSG00000090258,Churc1
102,CISD3,ENSG00000277972,ENSMUSG00000078695,Cisd3
103,,,ENSMUSG00000031952,Chst5
0,CLK1,ENSG00000013441,ENSMUSG00000026034,Clk1
1,CLEC16A,ENSG00000038532,ENSMUSG00000068663,Clec16a
2,CLPTM1L,ENSG00000049656,ENSMUSG00000021610,Clptm1l
3,CLEC2D,ENSG00000069493,ENSMUSG00000000248,Clec2g
4,CLEC2D,ENSG00000069493,ENSMUSG00000030155,Clec2e
5,CLEC2D,ENSG00000069493,ENSMUSG00000030157,Clec2d
6,CLEC2D,ENSG00000069493,ENSMUSG00000030364,Clec2h
7,CLEC2D,ENSG00000069493,ENSMUSG00000030365,Clec2i
8,CLNS1A,ENSG00000074201,ENSMUSG00000025439,Clns1a
9,CMTM1,ENSG00000089505,ENSMUSG00000110430,Cmtm1
10,CMA1,ENSG00000092009,ENSMUSG00000022225,Cma1
11,CLSPN,ENSG00000092853,ENSMUSG00000042489,Clspn
12,CLN5,ENSG00000102805,ENSMUSG00000022125,Cln5
13,CLUAP1,ENSG00000103351,ENSMUSG00000014232,Cluap1
14,CLPTM1,ENSG00000104853,ENSMUSG00000002981,Clptm1
15,CLIP3,ENSG00000105270,ENSMUSG00000013921,Clip3
16,CLEC11A,ENSG00000105472,ENSMUSG00000004473,Clec11a
17,CLIP2,ENSG00000106665,ENSMUSG00000063146,Clip2
18,CLNK,ENSG00000109684,ENSMUSG00000039315,Clnk
19,CMAS,ENSG00000111726,ENSMUSG00000030282,Cmas
20,CLEC4A,ENSG00000111729,ENSMUSG00000049037,Clec4a1
21,CLIC5,ENSG00000112782,ENSMUSG00000023959,Clic5
22,CLK4,ENSG00000113240,ENSMUSG00000020385,Clk4
23,CLINT1,ENSG00000113282,ENSMUSG00000006169,Clint1
24,CLIP4,ENSG00000115295,ENSMUSG00000024059,Clip4
25,CLU,ENSG00000120885,ENSMUSG00000022037,Clu
26,CLTA,ENSG00000122705,ENSMUSG00000028478,Clta
27,CLYBL,ENSG00000125246,ENSMUSG00000025545,Clybl
28,CLPP,ENSG00000125656,ENSMUSG00000002660,Clpp
29,CLN6,ENSG00000128973,ENSMUSG00000032245,Cln6
30,CLIP1,ENSG00000130779,ENSMUSG00000049550,Clip1
31,CLEC10A,ENSG00000132514,ENSMUSG00000000318,Clec10a
32,CMPK2,ENSG00000134326,ENSMUSG00000020638,Cmpk2
33,CLOCK,ENSG00000134852,ENSMUSG00000029238,Clock
34,CLPS,ENSG00000137392,ENSMUSG00000024225,Clps
35,CLSTN3,ENSG00000139182,ENSMUSG00000008153,Clstn3
36,CLEC18B,ENSG00000140839,ENSMUSG00000033633,Clec18a
37,CLEC18A,ENSG00000157322,ENSMUSG00000033633,Clec18a
38,CLEC18C,ENSG00000157335,ENSMUSG00000033633,Clec18a
39,CMTM2,ENSG00000140932,ENSMUSG00000074127,Cmtm2a
40,CLTC,ENSG00000141367,ENSMUSG00000047126,Cltc
41,CLVS2,ENSG00000146352,ENSMUSG00000019785,Clvs2
42,CLEC1A,ENSG00000150048,ENSMUSG00000033082,Clec1a
43,CLEC4F,ENSG00000152672,ENSMUSG00000014542,Clec4f
44,CLGN,ENSG00000153132,ENSMUSG00000002190,Clgn
45,CLDN8,ENSG00000156284,ENSMUSG00000050520,Cldn8
46,CLSTN2,ENSG00000158258,ENSMUSG00000032452,Clstn2
47,CLIC6,ENSG00000159212,ENSMUSG00000022949,Clic6
48,CLDND2,ENSG00000160318,ENSMUSG00000038973,Cldnd2
49,CLPB,ENSG00000162129,ENSMUSG00000001829,Clpb
50,CMPK1,ENSG00000162368,ENSMUSG00000028719,Cmpk1
51,CLRN1,ENSG00000163646,ENSMUSG00000043850,Clrn1
52,CLEC3B,ENSG00000163815,ENSMUSG00000025784,Clec3b
53,CMBL,ENSG00000164237,ENSMUSG00000022235,Cmbl
54,CLDN3,ENSG00000165215,ENSMUSG00000070473,Cldn3
55,CLEC1B,ENSG00000165682,ENSMUSG00000030159,Clec1b
56,CLMN,ENSG00000165959,ENSMUSG00000021097,Clmn
57,CLEC3A,ENSG00000166509,ENSMUSG00000008874,Clec3a
58,CLEC4E,ENSG00000166523,ENSMUSG00000030142,Clec4e
59,CLEC4D,ENSG00000166527,ENSMUSG00000030144,Clec4d
60,CLPX,ENSG00000166855,ENSMUSG00000015357,Clpx
61,CLIC4,ENSG00000169504,ENSMUSG00000037242,Clic4
62,CLIC3,ENSG00000169583,ENSMUSG00000015093,Clic3
63,CLSTN1,ENSG00000171603,ENSMUSG00000039953,Clstn1
64,CLEC7A,ENSG00000172243,ENSMUSG00000079293,Clec7a
65,CLEC12A,ENSG00000172322,ENSMUSG00000053063,Clec12a
66,CLP1,ENSG00000172409,ENSMUSG00000027079,Clp1
67,CMKLR1,ENSG00000174600,ENSMUSG00000042190,Cmklr1
68,CLTB,ENSG00000175416,ENSMUSG00000047547,Cltb
69,CLEC14A,ENSG00000176435,ENSMUSG00000045930,Clec14a
70,CLK2,ENSG00000176444,ENSMUSG00000068917,Clk2
71,CLVS1,ENSG00000177182,ENSMUSG00000041216,Clvs1
72,CLK3,ENSG00000179335,ENSMUSG00000032316,Clk3
73,CLRN3,ENSG00000180745,ENSMUSG00000050866,Clrn3
74,CLDN7,ENSG00000181885,ENSMUSG00000018569,Cldn7
75,CLN8,ENSG00000182372,ENSMUSG00000026317,Cln8
76,CLEC4G,ENSG00000182566,ENSMUSG00000074491,Clec4g
77,CLDN5,ENSG00000184113,ENSMUSG00000041378,Cldn5
78,CLDN6,ENSG00000184697,ENSMUSG00000023906,Cldn6
79,CMC1,ENSG00000187118,ENSMUSG00000039163,Cmc1
80,CLN3,ENSG00000188603,ENSMUSG00000030720,Cln3
81,CLEC9A,ENSG00000197992,ENSMUSG00000046080,Clec9a
82,CLEC4C,ENSG00000198178,ENSMUSG00000030147,Clec4b1
83,CLEC4C,ENSG00000198178,ENSMUSG00000030148,Clec4a2
84,CLEC4C,ENSG00000198178,ENSMUSG00000043832,Clec4a3
85,CLEC4C,ENSG00000198178,ENSMUSG00000059639,Clec4a4
86,CLEC4C,ENSG00000198178,ENSMUSG00000067767,Clec4b2
87,CLEC6A,ENSG00000205846,ENSMUSG00000023349,Clec4n
88,CLIC1,ENSG00000213719,ENSMUSG00000007041,Clic1
89,CLDN9,ENSG00000213937,ENSMUSG00000066720,Cldn9
90,CLEC2L,ENSG00000236279,ENSMUSG00000079598,Clec2l
91,CLRN2,ENSG00000249581,ENSMUSG00000049530,Clrn2
92,CLDN23,ENSG00000253958,ENSMUSG00000055976,Cldn23
93,CLEC12B,ENSG00000256660,ENSMUSG00000030158,Clec12b
94,CLEC5A,ENSG00000258227,ENSMUSG00000029915,Clec5a
95,,,ENSMUSG00000016756,Cmah
96,,,ENSMUSG00000038064,Cldn22
97,,,ENSMUSG00000047501,Cldn4
98,,,ENSMUSG00000061974,Cldn24
99,,,ENSMUSG00000068289,Cma2
100,,,ENSMUSG00000091530,Cldn20
101,,,ENSMUSG00000105298,Cldn25
0,CNTN1,ENSG00000018236,ENSMUSG00000055022,Cntn1
1,CNTLN,ENSG00000044459,ENSMUSG00000038070,Cntln
2,COL23A1,ENSG00000050767,ENSMUSG00000063564,Col23a1
3,COL11A1,ENSG00000060718,ENSMUSG00000027966,Col11a1
4,CNN2,ENSG00000064666,ENSMUSG00000004665,Cnn2
5,COL17A1,ENSG00000065618,ENSMUSG00000025064,Col17a1
6,COASY,ENSG00000068120,ENSMUSG00000001755,Coasy
7,CNGB1,ENSG00000070729,ENSMUSG00000031789,Cngb1
8,CNOT4,ENSG00000080802,ENSMUSG00000038784,Cnot4
9,COL19A1,ENSG00000082293,ENSMUSG00000026141,Col19a1
10,COBLL1,ENSG00000082438,ENSMUSG00000034903,Cobll1
11,COL16A1,ENSG00000084636,ENSMUSG00000040690,Col16a1
12,CNOT3,ENSG00000088038,ENSMUSG00000035632,Cnot3
13,CMTM6,ENSG00000091317,ENSMUSG00000032434,Cmtm6
14,COCH,ENSG00000100473,ENSMUSG00000020953,Coch
15,COL20A1,ENSG00000101203,ENSMUSG00000016356,Col20a1
16,COG4,ENSG00000103051,ENSMUSG00000031753,Cog4
17,CNFN,ENSG00000105427,ENSMUSG00000063651,Cnfn
18,COBL,ENSG00000106078,ENSMUSG00000020173,Cobl
19,CNTNAP3,ENSG00000106714,ENSMUSG00000033063,Cntnap3
20,CNTNAP3B,ENSG00000154529,ENSMUSG00000033063,Cntnap3
21,CNTNAP3C,ENSG00000283378,ENSMUSG00000033063,Cntnap3
22,CNTNAP1,ENSG00000108797,ENSMUSG00000017167,Cntnap1
23,COL1A1,ENSG00000108821,ENSMUSG00000001506,Col1a1
24,CNOT2,ENSG00000111596,ENSMUSG00000020166,Cnot2
25,COL12A1,ENSG00000111799,ENSMUSG00000032332,Col12a1
26,CNOT6,ENSG00000113300,ENSMUSG00000020362,Cnot6
27,CNTN3,ENSG00000113805,ENSMUSG00000030075,Cntn3
28,CNN3,ENSG00000117519,ENSMUSG00000053931,Cnn3
29,CNR1,ENSG00000118432,ENSMUSG00000044288,Cnr1
30,CNRIP1,ENSG00000119865,ENSMUSG00000044629,Cnrip1
31,CNNM1,ENSG00000119946,ENSMUSG00000025189,Cnnm1
32,COIL,ENSG00000121058,ENSMUSG00000033983,Coil
33,CNTFR,ENSG00000122756,ENSMUSG00000028444,Cntfr
34,CNOT1,ENSG00000125107,ENSMUSG00000036550,Cnot1
35,CNN1,ENSG00000130176,ENSMUSG00000001349,Cnn1
36,CNGA4,ENSG00000132259,ENSMUSG00000030897,Cnga4
37,COG6,ENSG00000133103,ENSMUSG00000027742,Cog6
38,CNDP2,ENSG00000133313,ENSMUSG00000024644,Cndp2
39,CNTN6,ENSG00000134115,ENSMUSG00000030092,Cntn6
40,COG2,ENSG00000135775,ENSMUSG00000031979,Cog2
41,COG3,ENSG00000136152,ENSMUSG00000034893,Cog3
42,CNPY3,ENSG00000137161,ENSMUSG00000023973,Cnpy3
43,CNOT6L,ENSG00000138767,ENSMUSG00000034724,Cnot6l
44,CMTM3,ENSG00000140931,ENSMUSG00000031875,Cmtm3
45,CMTM2,ENSG00000140932,ENSMUSG00000035785,Cmtm2b
46,CNKSR1,ENSG00000142675,ENSMUSG00000028841,Cnksr1
47,CNIH4,ENSG00000143771,ENSMUSG00000062169,Cnih4
48,CNIH3,ENSG00000143786,ENSMUSG00000026514,Cnih3
49,CNGA3,ENSG00000144191,ENSMUSG00000026114,Cnga3
50,CNTN4,ENSG00000144619,ENSMUSG00000064293,Cntn4
51,CNPY1,ENSG00000146910,ENSMUSG00000044681,Cnpy1
52,,ENSG00000283128,ENSMUSG00000044681,Cnpy1
53,CNNM2,ENSG00000148842,ENSMUSG00000064105,Cnnm2
54,CNKSR2,ENSG00000149970,ENSMUSG00000025658,Cnksr2
55,CNTN5,ENSG00000149972,ENSMUSG00000039488,Cntn5
56,CNDP1,ENSG00000150656,ENSMUSG00000056162,Cndp1
57,CNTNAP4,ENSG00000152910,ENSMUSG00000031772,Cntnap4
58,CMTM7,ENSG00000153551,ENSMUSG00000032436,Cmtm7
59,CNKSR3,ENSG00000153721,ENSMUSG00000015202,Cnksr3
60,CNOT8,ENSG00000155508,ENSMUSG00000020515,Cnot8
61,CNNM4,ENSG00000158158,ENSMUSG00000037408,Cnnm4
62,CNST,ENSG00000162852,ENSMUSG00000038949,Cnst
63,CMYA5,ENSG00000164309,ENSMUSG00000047419,Cmya5
64,COG5,ENSG00000164597,ENSMUSG00000035933,Cog5
65,COL1A2,ENSG00000164692,ENSMUSG00000029661,Col1a2
66,CMTM5,ENSG00000166091,ENSMUSG00000040759,Cmtm5
67,COG1,ENSG00000166685,ENSMUSG00000018661,Cog1
68,CNPY4,ENSG00000166997,ENSMUSG00000036968,Cnpy4
69,COG7,ENSG00000168434,ENSMUSG00000034951,Cog7
70,CNNM3,ENSG00000168763,ENSMUSG00000001138,Cnnm3
71,CNTROB,ENSG00000170037,ENSMUSG00000032782,Cntrob
72,CNGB3,ENSG00000170289,ENSMUSG00000056494,Cngb3
73,CMTM8,ENSG00000170293,ENSMUSG00000041012,Cmtm8
74,CNP,ENSG00000173786,ENSMUSG00000006782,Cnp
75,CNTNAP2,ENSG00000174469,ENSMUSG00000039419,Cntnap2
76,CNIH2,ENSG00000174871,ENSMUSG00000024873,Cnih2
77,CNTD1,ENSG00000176563,ENSMUSG00000078653,Cntd1
78,COL18A1,ENSG00000182871,ENSMUSG00000001435,Col18a1
79,CNOT10,ENSG00000182973,ENSMUSG00000056167,Cnot10
80,CMTM4,ENSG00000183723,ENSMUSG00000096188,Cmtm4
81,CNGA2,ENSG00000183862,ENSMUSG00000005864,Cnga2
82,CNTN2,ENSG00000184144,ENSMUSG00000053024,Cntn2
83,COL14A1,ENSG00000187955,ENSMUSG00000022371,Col14a1
84,COL25A1,ENSG00000188517,ENSMUSG00000058897,Col25a1
85,CNR2,ENSG00000188822,ENSMUSG00000062585,Cnr2
86,COL27A1,ENSG00000196739,ENSMUSG00000045672,Col27a1
87,COL13A1,ENSG00000197467,ENSMUSG00000058806,Col13a1
88,CNGA1,ENSG00000198515,ENSMUSG00000067220,Cnga1
89,CNOT7,ENSG00000198791,ENSMUSG00000031601,Cnot7
90,COL11A2,ENSG00000204248,ENSMUSG00000024330,Col11a2
91,COL15A1,ENSG00000204291,ENSMUSG00000028339,Col15a1
92,COG8,ENSG00000213380,ENSMUSG00000031916,Cog8
93,COL28A1,ENSG00000215018,ENSMUSG00000068794,Col28a1
94,CNTF,ENSG00000242689,ENSMUSG00000079415,Cntf
95,CNPY2,ENSG00000257727,ENSMUSG00000025381,Cnpy2
96,,,ENSMUSG00000028197,Col24a1
97,,,ENSMUSG00000030057,Cnbp
98,,,ENSMUSG00000038048,Cntnap5c
99,,,ENSMUSG00000039462,Col10a1
100,,,ENSMUSG00000067028,Cntnap5b
101,,,ENSMUSG00000070695,Cntnap5a
102,,,ENSMUSG00000079022,Col22a1
0,COPZ2,ENSG00000005243,ENSMUSG00000018672,Copz2
1,COX10,ENSG00000006695,ENSMUSG00000042148,Cox10
2,COX15,ENSG00000014919,ENSMUSG00000040018,Cox15
3,CP,ENSG00000047457,ENSMUSG00000003617,Cp
4,COL9A2,ENSG00000049089,ENSMUSG00000028626,Col9a2
5,COL5A3,ENSG00000080573,ENSMUSG00000004098,Col5a3
6,COL4A4,ENSG00000081052,ENSMUSG00000067158,Col4a4
7,COQ9,ENSG00000088682,ENSMUSG00000031782,Coq9
8,COMT,ENSG00000093010,ENSMUSG00000000326,Comt
9,CORO1A,ENSG00000102879,ENSMUSG00000030707,Coro1a
10,COTL1,ENSG00000103187,ENSMUSG00000031827,Cotl1
11,CORO2B,ENSG00000103647,ENSMUSG00000041729,Coro2b
12,COMP,ENSG00000105664,ENSMUSG00000031849,Comp
13,COPE,ENSG00000105669,ENSMUSG00000055681,Cope
14,CORO2A,ENSG00000106789,ENSMUSG00000028337,Coro2a
15,COMMD9,ENSG00000110442,ENSMUSG00000027163,Commd9
16,COQ5,ENSG00000110871,ENSMUSG00000041733,Coq5
17,CORO1C,ENSG00000110880,ENSMUSG00000004530,Coro1c
18,COPZ1,ENSG00000111481,ENSMUSG00000060992,Copz1
19,COPS7A,ENSG00000111652,ENSMUSG00000030127,Cops7a
20,COX6A1,ENSG00000111775,ENSMUSG00000041697,Cox6a1
21,COL9A1,ENSG00000112280,ENSMUSG00000026147,Col9a1
22,COX7A2,ENSG00000112695,ENSMUSG00000032330,Cox7a2
23,COMMD2,ENSG00000114744,ENSMUSG00000036513,Commd2
24,COQ10B,ENSG00000115520,ENSMUSG00000025981,Coq10b
25,COX7A2L,ENSG00000115944,ENSMUSG00000024248,Cox7a2l
26,COLEC11,ENSG00000118004,ENSMUSG00000036655,Colec11
27,COQ6,ENSG00000119723,ENSMUSG00000021235,Coq6
28,COPS5,ENSG00000121022,ENSMUSG00000025917,Cops5
29,COPA,ENSG00000122218,ENSMUSG00000026553,Copa
30,COX6B1,ENSG00000126267,ENSMUSG00000036751,Cox6b1
31,COX7C,ENSG00000127184,ENSMUSG00000017778,Cox7c
32,COPB1,ENSG00000129083,ENSMUSG00000030754,Copb1
33,COL5A1,ENSG00000130635,ENSMUSG00000026837,Col5a1
34,COX4I2,ENSG00000131055,ENSMUSG00000009876,Cox4i2
35,COX4I1,ENSG00000131143,ENSMUSG00000031818,Cox4i1
36,COX7B,ENSG00000131174,ENSMUSG00000031231,Cox7b
37,COQ3,ENSG00000132423,ENSMUSG00000028247,Coq3
38,COX16,ENSG00000133983,ENSMUSG00000091803,Cox16
39,COL4A2,ENSG00000134871,ENSMUSG00000031503,Col4a2
40,COQ10A,ENSG00000135469,ENSMUSG00000039914,Coq10a
41,COX5B,ENSG00000135940,ENSMUSG00000061518,Cox5b
42,COX17,ENSG00000138495,ENSMUSG00000046516,Cox17
43,COPS4,ENSG00000138663,ENSMUSG00000035297,Cops4
44,COL2A1,ENSG00000139219,ENSMUSG00000022483,Col2a1
45,COMMD4,ENSG00000140365,ENSMUSG00000032299,Commd4
46,COPS3,ENSG00000141030,ENSMUSG00000019373,Cops3
47,COL6A1,ENSG00000142156,ENSMUSG00000001119,Col6a1
48,COL6A2,ENSG00000142173,ENSMUSG00000020241,Col6a2
49,COPS7B,ENSG00000144524,ENSMUSG00000026240,Cops7b
50,COL8A1,ENSG00000144810,ENSMUSG00000068196,Col8a1
51,CORIN,ENSG00000145244,ENSMUSG00000005220,Corin
52,COMMD10,ENSG00000145781,ENSMUSG00000042705,Commd10
53,COMMD3,ENSG00000148444,ENSMUSG00000051154,Commd3
54,COMMD7,ENSG00000149600,ENSMUSG00000056941,Commd7
55,COX6A2,ENSG00000156885,ENSMUSG00000030785,Cox6a2
56,COLEC12,ENSG00000158270,ENSMUSG00000036103,Colec12
57,COPG2,ENSG00000158623,ENSMUSG00000025607,Copg2
58,COX6B2,ENSG00000160471,ENSMUSG00000051811,Cox6b2
59,COX7A1,ENSG00000161281,ENSMUSG00000074218,Cox7a1
60,COL6A3,ENSG00000163359,ENSMUSG00000048126,Col6a3
61,COX18,ENSG00000163626,ENSMUSG00000035505,Cox18
62,COX6C,ENSG00000164919,ENSMUSG00000014313,Cox6c
63,COMTD1,ENSG00000165644,ENSMUSG00000021773,Comtd1
64,COPS2,ENSG00000166200,ENSMUSG00000027206,Cops2
65,COX11,ENSG00000166260,ENSMUSG00000020544,Cox11
66,COQ4,ENSG00000167113,ENSMUSG00000026798,Coq4
67,COQ7,ENSG00000167186,ENSMUSG00000030652,Coq7
68,CORO6,ENSG00000167549,ENSMUSG00000020836,Coro6
69,COPS6,ENSG00000168090,ENSMUSG00000019494,Cops6
70,COL3A1,ENSG00000168542,ENSMUSG00000026043,Col3a1
71,COMMD8,ENSG00000169019,ENSMUSG00000029213,Commd8
72,COL4A3,ENSG00000169031,ENSMUSG00000079465,Col4a3
73,COX7B2,ENSG00000170516,ENSMUSG00000049387,Cox7b2
74,COMMD5,ENSG00000170619,ENSMUSG00000055041,Commd5
75,COL8A2,ENSG00000171812,ENSMUSG00000056174,Col8a2
76,CORO1B,ENSG00000172725,ENSMUSG00000024835,Coro1b
77,COL6A5,ENSG00000172752,ENSMUSG00000091345,Col6a5
78,COQ2,ENSG00000173085,ENSMUSG00000029319,Coq2
79,COMMD1,ENSG00000173163,ENSMUSG00000051355,Commd1
80,COX8A,ENSG00000176340,ENSMUSG00000035885,Cox8a
81,COX5A,ENSG00000178741,ENSMUSG00000000088,Cox5a
82,COLEC10,ENSG00000184374,ENSMUSG00000038591,Colec10
83,COPB2,ENSG00000184432,ENSMUSG00000032458,Copb2
84,COL4A1,ENSG00000187498,ENSMUSG00000031502,Col4a1
85,COL4A5,ENSG00000188153,ENSMUSG00000031274,Col4a5
86,COMMD6,ENSG00000188243,ENSMUSG00000075486,Commd6
87,COL4A6,ENSG00000197565,ENSMUSG00000031273,Col4a6
88,COPS8,ENSG00000198612,ENSMUSG00000034432,Cops8
89,COL5A2,ENSG00000204262,ENSMUSG00000026042,Col5a2
90,COL6A6,ENSG00000206384,ENSMUSG00000043719,Col6a6
91,COLQ,ENSG00000206561,ENSMUSG00000057606,Colq
92,COX19,ENSG00000240230,ENSMUSG00000045438,Cox19
93,CORT,ENSG00000241563,ENSMUSG00000028971,Cort
94,CORO7,ENSG00000262246,ENSMUSG00000039637,Coro7
95,,,ENSMUSG00000025488,Cox8b
96,,,ENSMUSG00000025650,Col7a1
97,,,ENSMUSG00000027570,Col9a3
98,,,ENSMUSG00000032572,Col6a4
99,,,ENSMUSG00000043319,Cox8c
0,CREBBP,ENSG00000005339,ENSMUSG00000022521,Crebbp
1,CRLF1,ENSG00000006016,ENSMUSG00000007888,Crlf1
2,CPS1,ENSG00000021826,ENSMUSG00000025991,Cps1
3,CREB3L3,ENSG00000060566,ENSMUSG00000035041,Creb3l3
4,CPSF1,ENSG00000071894,ENSMUSG00000034022,Cpsf1
5,CRMP1,ENSG00000072832,ENSMUSG00000029121,Crmp1
6,CPB2,ENSG00000080618,ENSMUSG00000021999,Cpb2
7,CPOX,ENSG00000080819,ENSMUSG00000022742,Cpox
8,CPNE3,ENSG00000085719,ENSMUSG00000028228,Cpne3
9,CRLS1,ENSG00000088766,ENSMUSG00000027357,Crls1
10,CPXM1,ENSG00000088882,ENSMUSG00000027408,Cpxm1
11,CPA1,ENSG00000091704,ENSMUSG00000054446,Cpa1
12,CRAT,ENSG00000095321,ENSMUSG00000026853,Crat
13,CREM,ENSG00000095794,ENSMUSG00000063889,Crem
14,CRISP3,ENSG00000096006,ENSMUSG00000025431,Crisp1
15,CRISP3,ENSG00000096006,ENSMUSG00000025433,Crisp3
16,CRKL,ENSG00000099942,ENSMUSG00000006134,Crkl
17,CPNE6,ENSG00000100884,ENSMUSG00000022212,Cpne6
18,CRNKL1,ENSG00000101343,ENSMUSG00000001767,Crnkl1
19,CRISPLD2,ENSG00000103196,ENSMUSG00000031825,Crispld2
20,CPPED1,ENSG00000103381,ENSMUSG00000065979,Cpped1
21,CPVL,ENSG00000106066,ENSMUSG00000052955,Cpvl
22,CRHR2,ENSG00000106113,ENSMUSG00000003476,Crhr2
23,CREB3,ENSG00000107175,ENSMUSG00000028466,Creb3
24,CPEB3,ENSG00000107864,ENSMUSG00000039652,Cpeb3
25,CPD,ENSG00000108582,ENSMUSG00000020841,Cpd
26,CPE,ENSG00000109472,ENSMUSG00000037852,Cpe
27,CPZ,ENSG00000109625,ENSMUSG00000036596,Cpz
28,CPT1A,ENSG00000110090,ENSMUSG00000024900,Cpt1a
29,CREBL2,ENSG00000111269,ENSMUSG00000032652,Crebl2
30,CPSF6,ENSG00000111605,ENSMUSG00000055531,Cpsf6
31,CPEB4,ENSG00000113742,ENSMUSG00000020300,Cpeb4
32,CRBN,ENSG00000113851,ENSMUSG00000005362,Crbn
33,CR2,ENSG00000117322,ENSMUSG00000026616,Cr2
34,CREB1,ENSG00000118260,ENSMUSG00000025958,Creb1
35,CPSF3,ENSG00000119203,ENSMUSG00000054309,Cpsf3
36,CRIPT,ENSG00000119878,ENSMUSG00000024146,Cript
37,CPN1,ENSG00000120054,ENSMUSG00000025196,Cpn1
38,CRHR1,ENSG00000120088,ENSMUSG00000018634,Crhr1
39,CRISPLD1,ENSG00000121005,ENSMUSG00000025776,Crispld1
40,CPXM2,ENSG00000121898,ENSMUSG00000030862,Cpxm2
41,CRISP2,ENSG00000124490,ENSMUSG00000023930,Crisp2
42,CPNE5,ENSG00000124772,ENSMUSG00000024008,Cpne5
43,CRISP1,ENSG00000124812,ENSMUSG00000025774,Crisp4
44,CPA4,ENSG00000128510,ENSMUSG00000039070,Cpa4
45,CRB3,ENSG00000130545,ENSMUSG00000044279,Crb3
46,CRB1,ENSG00000134376,ENSMUSG00000063681,Crb1
47,CPM,ENSG00000135678,ENSMUSG00000020183,Cpm
48,CPEB2,ENSG00000137449,ENSMUSG00000039782,Cpeb2
49,CREBZF,ENSG00000137504,ENSMUSG00000051451,Crebzf
50,CPNE8,ENSG00000139117,ENSMUSG00000052560,Cpne8
51,CPNE2,ENSG00000140848,ENSMUSG00000034361,Cpne2
52,CREG1,ENSG00000143162,ENSMUSG00000040713,Creg1
53,CRABP2,ENSG00000143320,ENSMUSG00000004885,Crabp2
54,CRNN,ENSG00000143536,ENSMUSG00000078657,Crnn
55,CREB3L4,ENSG00000143578,ENSMUSG00000027938,Creb3l4
56,CPNE9,ENSG00000144550,ENSMUSG00000030270,Cpne9
57,CRHBP,ENSG00000145708,ENSMUSG00000021680,Crhbp
58,CPLX2,ENSG00000145920,ENSMUSG00000025867,Cplx2
59,CRIP3,ENSG00000146215,ENSMUSG00000023968,Crip3
60,CREB5,ENSG00000146592,ENSMUSG00000053007,Creb5
61,CPXCR1,ENSG00000147183,ENSMUSG00000072995,Cpxcr1
62,CRH,ENSG00000147571,ENSMUSG00000049796,Crh
63,CRB2,ENSG00000148204,ENSMUSG00000035403,Crb2
64,CPSF7,ENSG00000149532,ENSMUSG00000034820,Cpsf7
65,CRIM1,ENSG00000150938,ENSMUSG00000024074,Crim1
66,CPB1,ENSG00000153002,ENSMUSG00000011463,Cpb1
67,CPT2,ENSG00000157184,ENSMUSG00000028607,Cpt2
68,CREB3L1,ENSG00000157613,ENSMUSG00000027230,Creb3l1
69,CPA2,ENSG00000158516,ENSMUSG00000071553,Cpa2
70,CPA5,ENSG00000158525,ENSMUSG00000029788,Cpa5
71,CPSF4,ENSG00000160917,ENSMUSG00000029625,Cpsf4
72,CRELD1,ENSG00000163703,ENSMUSG00000030284,Creld1
73,CPA3,ENSG00000163751,ENSMUSG00000001865,Cpa3
74,CPA6,ENSG00000165078,ENSMUSG00000042501,Cpa6
75,CPSF2,ENSG00000165934,ENSMUSG00000041781,Cpsf2
76,CRABP1,ENSG00000166426,ENSMUSG00000032291,Crabp1
77,CPLX4,ENSG00000166569,ENSMUSG00000024519,Cplx4
78,CRK,ENSG00000167193,ENSMUSG00000017776,Crk
79,CPLX1,ENSG00000168993,ENSMUSG00000033615,Cplx1
80,CPT1C,ENSG00000169169,ENSMUSG00000007783,Cpt1c
81,CRADD,ENSG00000169372,ENSMUSG00000045867,Cradd
82,CREG2,ENSG00000175874,ENSMUSG00000050967,Creg2
83,CRLF3,ENSG00000176390,ENSMUSG00000017561,Crlf3
84,CPN2,ENSG00000178772,ENSMUSG00000023176,Cpn2
85,CPNE7,ENSG00000178773,ENSMUSG00000034796,Cpne7
86,CREB3L2,ENSG00000182158,ENSMUSG00000038648,Creb3l2
87,CRIP2,ENSG00000182809,ENSMUSG00000006356,Crip2
88,CRELD2,ENSG00000184164,ENSMUSG00000023272,Creld2
89,CPSF4L,ENSG00000187959,ENSMUSG00000018727,Cpsf4l
90,CPNE4,ENSG00000196353,ENSMUSG00000032564,Cpne4
91,CR1,ENSG00000203710,ENSMUSG00000016481,Cr1l
92,CPT1B,ENSG00000205560,ENSMUSG00000078937,Cpt1b
93,CRLF2,ENSG00000205755,ENSMUSG00000033467,Crlf2
94,CRIP1,ENSG00000213145,ENSMUSG00000006360,Crip1
95,CPLX3,ENSG00000213578,ENSMUSG00000039714,Cplx3
96,CPEB1,ENSG00000214575,ENSMUSG00000025586,Cpeb1
97,CRCP,ENSG00000241258,ENSMUSG00000025532,Crcp
98,,,ENSMUSG00000027913,Crct1
99,,,ENSMUSG00000074643,Cpne1
0,CROT,ENSG00000005469,ENSMUSG00000003623,Crot
1,CRY1,ENSG00000008405,ENSMUSG00000020038,Cry1
2,CSDE1,ENSG00000009307,ENSMUSG00000068823,Csde1
3,CROCC,ENSG00000058453,ENSMUSG00000040860,Crocc
4,CTDP1,ENSG00000060069,ENSMUSG00000033323,Ctdp1
5,CS,ENSG00000062485,ENSMUSG00000005683,Cs
6,CS,ENSG00000062485,ENSMUSG00000046934,Csl
7,CSNK2A2,ENSG00000070770,ENSMUSG00000046707,Csnk2a2
8,CST7,ENSG00000077984,ENSMUSG00000068129,Cst7
9,CRYBG3,ENSG00000080200,ENSMUSG00000022723,Crybg3
10,CRTAC1,ENSG00000095713,ENSMUSG00000042401,Crtac1
11,CRYBB3,ENSG00000100053,ENSMUSG00000029352,Crybb3
12,CRYBB1,ENSG00000100122,ENSMUSG00000029343,Crybb1
13,CSF2RB,ENSG00000100368,ENSMUSG00000071713,Csf2rb
14,CSF2RB,ENSG00000100368,ENSMUSG00000071714,Csf2rb2
15,CSTF1,ENSG00000101138,ENSMUSG00000027498,Cstf1
16,CSNK2A1,ENSG00000101266,ENSMUSG00000074698,Csnk2a1
17,CSNK2A3,ENSG00000254598,ENSMUSG00000074698,Csnk2a1
18,CST9L,ENSG00000101435,ENSMUSG00000027445,Cst9
19,CST3,ENSG00000101439,ENSMUSG00000027447,Cst3
20,CST3,ENSG00000101439,ENSMUSG00000033156,Cst10
21,CSTF2,ENSG00000101811,ENSMUSG00000031256,Cstf2
22,CTCF,ENSG00000102974,ENSMUSG00000005698,Ctcf
23,CRYM,ENSG00000103316,ENSMUSG00000030905,Crym
24,CSK,ENSG00000103653,ENSMUSG00000032312,Csk
25,CSPP1,ENSG00000104218,ENSMUSG00000056763,Cspp1
26,CRX,ENSG00000105392,ENSMUSG00000041578,Crx
27,CRTC1,ENSG00000105662,ENSMUSG00000003575,Crtc1
28,CRYBA1,ENSG00000108255,ENSMUSG00000000724,Cryba1
29,CSF3,ENSG00000108342,ENSMUSG00000038067,Csf3
30,CRYAB,ENSG00000109846,ENSMUSG00000032060,Cryab
31,CRTAM,ENSG00000109943,ENSMUSG00000032021,Crtam
32,CSRNP2,ENSG00000110925,ENSMUSG00000044636,Csrnp2
33,CSNK1A1,ENSG00000113712,ENSMUSG00000024576,Csnk1a1
34,CSPG5,ENSG00000114646,ENSMUSG00000032482,Cspg5
35,CRYZ,ENSG00000116791,ENSMUSG00000028199,Cryz
36,CTBS,ENSG00000117151,ENSMUSG00000028189,Ctbs
37,CSF3R,ENSG00000119535,ENSMUSG00000028859,Csf3r
38,CRY2,ENSG00000121671,ENSMUSG00000068742,Cry2
39,CTCFL,ENSG00000124092,ENSMUSG00000070495,Ctcfl
40,CSE1L,ENSG00000124207,ENSMUSG00000002718,Cse1l
41,CST8,ENSG00000125815,ENSMUSG00000027442,Cst8
42,CSTL1,ENSG00000125823,ENSMUSG00000055177,Cstl1
43,CST11,ENSG00000125831,ENSMUSG00000036958,Cst11
44,CSN1S1,ENSG00000126545,ENSMUSG00000070702,Csn1s1
45,CRYGN,ENSG00000127377,ENSMUSG00000038135,Crygn
46,CSRP3,ENSG00000129170,ENSMUSG00000030470,Csrp3
47,CRP,ENSG00000132693,ENSMUSG00000037942,Crp
48,CSNK1G2,ENSG00000133275,ENSMUSG00000003345,Csnk1g2
49,CSN2,ENSG00000135222,ENSMUSG00000063157,Csn2
50,CSAD,ENSG00000139631,ENSMUSG00000023044,Csad
51,CRTC3,ENSG00000140577,ENSMUSG00000030527,Crtc3
52,CSNK1D,ENSG00000141551,ENSMUSG00000025162,Csnk1d
53,CSRNP1,ENSG00000144655,ENSMUSG00000032515,Csrnp1
54,CSGALNACT1,ENSG00000147408,ENSMUSG00000036356,Csgalnact1
55,CSNK1G3,ENSG00000151292,ENSMUSG00000073563,Csnk1g3
56,CSRP1,ENSG00000159176,ENSMUSG00000026421,Csrp1
57,CTBP1,ENSG00000159692,ENSMUSG00000037373,Ctbp1
58,CRYAA,ENSG00000160202,ENSMUSG00000024041,Cryaa
59,CSTB,ENSG00000160213,ENSMUSG00000005054,Cstb
60,CRTC2,ENSG00000160741,ENSMUSG00000027936,Crtc2
61,CRYGC,ENSG00000163254,ENSMUSG00000025952,Crygc
62,CRYBA2,ENSG00000163499,ENSMUSG00000006546,Cryba2
63,CSF2,ENSG00000164400,ENSMUSG00000018916,Csf2
64,CSMD3,ENSG00000164796,ENSMUSG00000022311,Csmd3
65,CRYL1,ENSG00000165475,ENSMUSG00000021947,Cryl1
66,CRYGA,ENSG00000168582,ENSMUSG00000044429,Cryga
67,CSNK1G1,ENSG00000169118,ENSMUSG00000032384,Csnk1g1
68,CSGALNACT2,ENSG00000169826,ENSMUSG00000042042,Csgalnact2
69,CRTAP,ENSG00000170275,ENSMUSG00000032431,Crtap
70,CSN3,ENSG00000171209,ENSMUSG00000001622,Csn3
71,CSDC2,ENSG00000172346,ENSMUSG00000042109,Csdc2
72,CSPG4,ENSG00000173546,ENSMUSG00000032911,Cspg4
73,CTBP2,ENSG00000175029,ENSMUSG00000030970,Ctbp2
74,CSRP2,ENSG00000175183,ENSMUSG00000020186,Csrp2
75,CST6,ENSG00000175315,ENSMUSG00000024846,Cst6
76,CTDNEP1,ENSG00000175826,ENSMUSG00000018559,Ctdnep1
77,CSTF3,ENSG00000176102,ENSMUSG00000027176,Cstf3
78,CSTF2T,ENSG00000177613,ENSMUSG00000053536,Cstf2t
79,CSRNP3,ENSG00000178662,ENSMUSG00000044647,Csrnp3
80,CRYGB,ENSG00000182187,ENSMUSG00000073658,Crygb
81,CSF1R,ENSG00000182578,ENSMUSG00000024621,Csf1r
82,CSMD1,ENSG00000183117,ENSMUSG00000060924,Csmd1
83,CSF1,ENSG00000184371,ENSMUSG00000014599,Csf1
84,CRYBA4,ENSG00000196431,ENSMUSG00000066975,Cryba4
85,CSF2RA,ENSG00000198223,ENSMUSG00000059326,Csf2ra
86,CSNK2B,ENSG00000204435,ENSMUSG00000024387,Csnk2b
87,CRYZL1,ENSG00000205758,ENSMUSG00000058240,Cryzl1
88,CRYGS,ENSG00000213139,ENSMUSG00000033501,Crygs
89,CSNK1E,ENSG00000213923,ENSMUSG00000022433,Csnk1e
90,CRYBB2,ENSG00000244752,ENSMUSG00000042240,Crybb2
91,CSNKA2IP,ENSG00000283434,ENSMUSG00000068167,Csnka2ip
92,,,ENSMUSG00000025945,Crygf
93,,,ENSMUSG00000027443,Cst12
94,,,ENSMUSG00000031181,Ctag2
95,,,ENSMUSG00000036924,Cst13
96,,,ENSMUSG00000047363,Cstad
97,,,ENSMUSG00000061388,Csn1s2b
98,,,ENSMUSG00000061937,Csn1s2a
99,,,ENSMUSG00000067299,Crygd
100,,,ENSMUSG00000070870,Cryge
0,CX3CL1,ENSG00000006210,ENSMUSG00000031778,Cx3cl1
1,CUL3,ENSG00000036257,ENSMUSG00000004364,Cul3
2,CTNS,ENSG00000040531,ENSMUSG00000005949,Ctns
3,CUL7,ENSG00000044090,ENSMUSG00000038545,Cul7
4,CTNNA1,ENSG00000044115,ENSMUSG00000037815,Ctnna1
5,CTPS2,ENSG00000047230,ENSMUSG00000031360,Ctps2
6,CUL1,ENSG00000055130,ENSMUSG00000029686,Cul1
7,CTSA,ENSG00000064601,ENSMUSG00000017760,Ctsa
8,CTNNA2,ENSG00000066032,ENSMUSG00000063063,Ctnna2
9,CTTNBP2,ENSG00000077063,ENSMUSG00000000416,Cttnbp2
10,CTTN,ENSG00000085733,ENSMUSG00000031078,Cttn
11,CWF19L1,ENSG00000095485,ENSMUSG00000025200,Cwf19l1
12,CTSG,ENSG00000100448,ENSMUSG00000040314,Ctsg
13,CTSZ,ENSG00000101160,ENSMUSG00000016256,Ctsz
14,CTSH,ENSG00000103811,ENSMUSG00000032359,Ctsh
15,CXCL12,ENSG00000107562,ENSMUSG00000061353,Cxcl12
16,CUBN,ENSG00000107611,ENSMUSG00000026726,Cubn
17,CUEDC2,ENSG00000107874,ENSMUSG00000036748,Cuedc2
18,CUL2,ENSG00000108094,ENSMUSG00000024231,Cul2
19,CWH43,ENSG00000109182,ENSMUSG00000029154,Cwh43
20,CTSC,ENSG00000109861,ENSMUSG00000030560,Ctsc
21,CUX2,ENSG00000111249,ENSMUSG00000042589,Cux2
22,CUTA,ENSG00000112514,ENSMUSG00000024194,Cuta
23,CUL9,ENSG00000112659,ENSMUSG00000040327,Cul9
24,CTH,ENSG00000116761,ENSMUSG00000028179,Cth
25,CTSD,ENSG00000117984,ENSMUSG00000007891,Ctsd
26,CTNNAL1,ENSG00000119326,ENSMUSG00000038816,Ctnnal1
27,CUTC,ENSG00000119929,ENSMUSG00000025193,Cutc
28,CXCL6,ENSG00000124875,ENSMUSG00000029371,Cxcl5
29,CTNNBL1,ENSG00000132792,ENSMUSG00000027649,Ctnnbl1
30,CTIF,ENSG00000134030,ENSMUSG00000052928,Ctif
31,CTDSPL2,ENSG00000137770,ENSMUSG00000033411,Ctdspl2
32,CUZD1,ENSG00000138161,ENSMUSG00000040205,Cuzd1
33,CXCL9,ENSG00000138755,ENSMUSG00000029417,Cxcl9
34,CUL4A,ENSG00000139842,ENSMUSG00000031446,Cul4a
35,CTRL,ENSG00000141086,ENSMUSG00000031896,Ctrl
36,CTU1,ENSG00000142544,ENSMUSG00000038888,Ctu1
37,CTTNBP2NL,ENSG00000143079,ENSMUSG00000062127,Cttnbp2nl
38,CTSK,ENSG00000143387,ENSMUSG00000028111,Ctsk
39,CTDSP1,ENSG00000144579,ENSMUSG00000026176,Ctdsp1
40,CTDSPL,ENSG00000144677,ENSMUSG00000047409,Ctdspl
41,CXCL14,ENSG00000145824,ENSMUSG00000021508,Cxcl14
42,CTF1,ENSG00000150281,ENSMUSG00000042340,Ctf1
43,CWC15,ENSG00000150316,ENSMUSG00000004096,Cwc15
44,CWF19L2,ENSG00000152404,ENSMUSG00000025898,Cwf19l2
45,CWC27,ENSG00000153015,ENSMUSG00000021715,Cwc27
46,CXCL13,ENSG00000156234,ENSMUSG00000023078,Cxcl13
47,CUL4B,ENSG00000158290,ENSMUSG00000031095,Cul4b
48,CXCL16,ENSG00000161921,ENSMUSG00000018920,Cxcl16
49,CTSS,ENSG00000163131,ENSMUSG00000038642,Ctss
50,CXCR1,ENSG00000163464,ENSMUSG00000048480,Cxcr1
51,CWC22,ENSG00000163510,ENSMUSG00000027014,Cwc22
52,CTLA4,ENSG00000163599,ENSMUSG00000026011,Ctla4
53,CTSB,ENSG00000164733,ENSMUSG00000021939,Ctsb
54,CTHRC1,ENSG00000164932,ENSMUSG00000054196,Cthrc1
55,CUL5,ENSG00000166266,ENSMUSG00000032030,Cul5
56,CTNNB1,ENSG00000168036,ENSMUSG00000006932,Ctnnb1
57,CX3CR1,ENSG00000168329,ENSMUSG00000052336,Cx3cr1
58,CTRB1,ENSG00000168925,ENSMUSG00000031957,Ctrb1
59,CTRB2,ENSG00000168928,ENSMUSG00000031957,Ctrb1
60,CXCL10,ENSG00000169245,ENSMUSG00000034855,Cxcl10
61,CTNND2,ENSG00000169862,ENSMUSG00000022240,Ctnnd2
62,CTPS1,ENSG00000171793,ENSMUSG00000028633,Ctps
63,CTSW,ENSG00000172543,ENSMUSG00000024910,Ctsw
64,CTSF,ENSG00000174080,ENSMUSG00000083282,Ctsf
65,CTU2,ENSG00000174177,ENSMUSG00000049482,Ctu2
66,CTDSP2,ENSG00000175215,ENSMUSG00000078429,Ctdsp2
67,CTXN1,ENSG00000178531,ENSMUSG00000048644,Ctxn1
68,CTNNBIP1,ENSG00000178585,ENSMUSG00000028988,Ctnnbip1
69,CUEDC1,ENSG00000180891,ENSMUSG00000018378,Cuedc1
70,CTNNA3,ENSG00000183230,ENSMUSG00000060843,Ctnna3
71,CXCL17,ENSG00000189377,ENSMUSG00000060188,Cxcl17
72,CTSE,ENSG00000196188,ENSMUSG00000004552,Ctse
73,CTNND1,ENSG00000198561,ENSMUSG00000034101,Ctnnd1
74,CTR9,ENSG00000198730,ENSMUSG00000005609,Ctr9
75,CTXN3,ENSG00000205279,ENSMUSG00000069372,Ctxn3
76,CTXN2,ENSG00000233932,ENSMUSG00000074872,Ctxn2
77,CTSO,ENSG00000256043,ENSMUSG00000028015,Ctso
78,CUX1,ENSG00000257923,ENSMUSG00000029705,Cux1
79,CWC25,ENSG00000273559,ENSMUSG00000018541,Cwc25
80,,,ENSMUSG00000021439,Ctsq
81,,,ENSMUSG00000021440,Cts7
82,,,ENSMUSG00000021441,Cts6
83,,,ENSMUSG00000021477,Ctsl
84,,,ENSMUSG00000022865,Cxadr
85,,,ENSMUSG00000029375,Cxcl15
86,,,ENSMUSG00000029379,Cxcl3
87,,,ENSMUSG00000029380,Cxcl1
88,,,ENSMUSG00000044258,Ctla2a
89,,,ENSMUSG00000055298,Ctsj
90,,,ENSMUSG00000055679,Ctsr
91,,,ENSMUSG00000056728,Ctsll3
92,,,ENSMUSG00000057446,Cts8
93,,,ENSMUSG00000058427,Cxcl2
94,,,ENSMUSG00000060034,Ctf2
95,,,ENSMUSG00000060183,Cxcl11
96,,,ENSMUSG00000062478,Ctrc
97,,,ENSMUSG00000074870,Cts3
98,,,ENSMUSG00000074871,Ctsm
99,,,ENSMUSG00000074874,Ctla2b
100,,,ENSMUSG00000114867,Cts8-ps
0,CYP26B1,ENSG00000003137,ENSMUSG00000063415,Cyp26b1
1,CYB561,ENSG00000008283,ENSMUSG00000019590,Cyb561
2,CYP24A1,ENSG00000019186,ENSMUSG00000038567,Cyp24a1
3,CYBA,ENSG00000051523,ENSMUSG00000006519,Cyba
4,CYFIP2,ENSG00000055163,ENSMUSG00000020340,Cyfip2
5,CYB5R4,ENSG00000065615,ENSMUSG00000032872,Cyb5r4
6,CYBRD1,ENSG00000071967,ENSMUSG00000027015,Cybrd1
7,CYP2W1,ENSG00000073067,ENSMUSG00000029541,Cyp2w1
8,CYLD,ENSG00000083799,ENSMUSG00000036712,Cyld
9,CYP26A1,ENSG00000095596,ENSMUSG00000024987,Cyp26a1
10,CYP2D6,ENSG00000100197,ENSMUSG00000022445,Cyp2d26
11,CYP2D6,ENSG00000100197,ENSMUSG00000061740,Cyp2d22
12,CYP2D6,ENSG00000100197,ENSMUSG00000068083,Cyp2d40
13,CYP2D6,ENSG00000100197,ENSMUSG00000068085,Cyp2d11
14,CYP2D6,ENSG00000100197,ENSMUSG00000068086,Cyp2d9
15,CYP2D6,ENSG00000100197,ENSMUSG00000094559,Cyp2d34
16,CYP2D6,ENSG00000100197,ENSMUSG00000094806,Cyp2d10
17,CYP2D6,ENSG00000100197,ENSMUSG00000096852,Cyp2d12
18,CYP2D6,ENSG00000100197,ENSMUSG00000118516,Cyp2d13
19,CYB5R3,ENSG00000100243,ENSMUSG00000018042,Cyb5r3
20,CYB5B,ENSG00000103018,ENSMUSG00000031924,Cyb5b
21,CYP2C18,ENSG00000108242,ENSMUSG00000025002,Cyp2c55
22,CYP27B1,ENSG00000111012,ENSMUSG00000006724,Cyp27b1
23,CYB561D2,ENSG00000114395,ENSMUSG00000037190,Cyb561d2
24,CYP20A1,ENSG00000119004,ENSMUSG00000049439,Cyp20a1
25,CXCR4,ENSG00000121966,ENSMUSG00000045382,Cxcr4
26,CYP2E1,ENSG00000130649,ENSMUSG00000025479,Cyp2e1
27,CYP2J2,ENSG00000134716,ENSMUSG00000015224,Cyp2j9
28,CYP2J2,ENSG00000134716,ENSMUSG00000028571,Cyp2j13
29,CYP27A1,ENSG00000135929,ENSMUSG00000026170,Cyp27a1
30,CYP19A1,ENSG00000137869,ENSMUSG00000032274,Cyp19a1
31,CYP1B1,ENSG00000138061,ENSMUSG00000024087,Cyp1b1
32,CYP11A1,ENSG00000140459,ENSMUSG00000032323,Cyp11a1
33,CYP1A1,ENSG00000140465,ENSMUSG00000032315,Cyp1a1
34,CYP1A2,ENSG00000140505,ENSMUSG00000032310,Cyp1a2
35,CYP39A1,ENSG00000146233,ENSMUSG00000023963,Cyp39a1
36,CYP17A1,ENSG00000148795,ENSMUSG00000003555,Cyp17a1
37,CXXC1,ENSG00000154832,ENSMUSG00000024560,Cxxc1
38,CYP2U1,ENSG00000155016,ENSMUSG00000027983,Cyp2u1
39,CYLC2,ENSG00000155833,ENSMUSG00000039555,Cylc2
40,CYB5R1,ENSG00000159348,ENSMUSG00000026456,Cyb5r1
41,CXCR5,ENSG00000160683,ENSMUSG00000047880,Cxcr5
42,CYGB,ENSG00000161544,ENSMUSG00000020810,Cygb
43,CYBB,ENSG00000165168,ENSMUSG00000015340,Cybb
44,CYB5R2,ENSG00000166394,ENSMUSG00000048065,Cyb5r2
45,CYP2S1,ENSG00000167600,ENSMUSG00000040703,Cyp2s1
46,CYB5D2,ENSG00000167740,ENSMUSG00000057778,Cyb5d2
47,CXXC4,ENSG00000168772,ENSMUSG00000044365,Cxxc4
48,CXXC5,ENSG00000171604,ENSMUSG00000046668,Cxxc5
49,CYCS,ENSG00000172115,ENSMUSG00000063694,Cycs
50,CXCR6,ENSG00000172215,ENSMUSG00000048521,Cxcr6
51,CYB561D1,ENSG00000174151,ENSMUSG00000048796,Cyb561d1
52,CYC1,ENSG00000179091,ENSMUSG00000022551,Cyc1
53,CXCR2,ENSG00000180871,ENSMUSG00000026180,Cxcr2
54,CYB5D1,ENSG00000182224,ENSMUSG00000044795,Cyb5d1
55,CYLC1,ENSG00000183035,ENSMUSG00000073001,Cylc1
56,CYP2R1,ENSG00000186104,ENSMUSG00000030670,Cyp2r1
57,CXCR3,ENSG00000186810,ENSMUSG00000050232,Cxcr3
58,CYP26C1,ENSG00000187553,ENSMUSG00000062432,Cyp26c1
59,CYP2F1,ENSG00000197446,ENSMUSG00000052974,Cyp2f2
60,CYP2A13,ENSG00000197838,ENSMUSG00000005547,Cyp2a5
61,CYP2A7,ENSG00000198077,ENSMUSG00000005547,Cyp2a5
62,CYP2A6,ENSG00000255974,ENSMUSG00000005547,Cyp2a5
63,CYP2A13,ENSG00000197838,ENSMUSG00000060407,Cyp2a12
64,CYP2A7,ENSG00000198077,ENSMUSG00000060407,Cyp2a12
65,CYP2A6,ENSG00000255974,ENSMUSG00000060407,Cyp2a12
66,CYP2A13,ENSG00000197838,ENSMUSG00000074254,Cyp2a4
67,CYP2A7,ENSG00000198077,ENSMUSG00000074254,Cyp2a4
68,CYP2A6,ENSG00000255974,ENSMUSG00000074254,Cyp2a4
69,CYP2A13,ENSG00000197838,ENSMUSG00000091867,Cyp2a22
70,CYP2A7,ENSG00000198077,ENSMUSG00000091867,Cyp2a22
71,CYP2A6,ENSG00000255974,ENSMUSG00000091867,Cyp2a22
72,CYB5RL,ENSG00000215883,ENSMUSG00000028621,Cyb5rl
73,CYP21A2,ENSG00000231852,ENSMUSG00000024365,Cyp21a1
74,CYFIP1,ENSG00000273749,ENSMUSG00000030447,Cyfip1
75,,,ENSMUSG00000003053,Cyp2c29
76,,,ENSMUSG00000022589,Cyp11b2
77,,,ENSMUSG00000022818,Cyp2ab1
78,,,ENSMUSG00000025003,Cyp2c39
79,,,ENSMUSG00000025004,Cyp2c40
80,,,ENSMUSG00000030483,Cyp2b10
81,,,ENSMUSG00000032808,Cyp2c38
82,,,ENSMUSG00000040583,Cyp2b13
83,,,ENSMUSG00000040650,Cyp2b23
84,,,ENSMUSG00000040660,Cyp2b9
85,,,ENSMUSG00000042248,Cyp2c37
86,,,ENSMUSG00000046213,Cym
87,,,ENSMUSG00000049685,Cyp2g1
88,,,ENSMUSG00000052520,Cyp2j5
89,,,ENSMUSG00000052914,Cyp2j6
90,,,ENSMUSG00000054827,Cyp2c50
91,,,ENSMUSG00000056436,Cyct
92,,,ENSMUSG00000060613,Cyp2c70
93,,,ENSMUSG00000062624,Cyp2c67
94,,,ENSMUSG00000066097,Cyp2j11
95,,,ENSMUSG00000066704,Cyp2b19
96,,,ENSMUSG00000067225,Cyp2c54
97,,,ENSMUSG00000067229,Cyp2c66
98,,,ENSMUSG00000067231,Cyp2c65
99,,,ENSMUSG00000074882,Cyp2c68
100,,,ENSMUSG00000075517,Cyp2d37-ps
101,,,ENSMUSG00000075604,Cyp11b1
102,,,ENSMUSG00000078787,Cyp2t4
103,,,ENSMUSG00000081225,Cyp2j12
104,,,ENSMUSG00000082932,Cyp2j8
105,,,ENSMUSG00000092008,Cyp2c69
106,,,ENSMUSG00000093610,Cyp2c53-ps
0,CYP51A1,ENSG00000001630,ENSMUSG00000001467,Cyp51
1,CYTH3,ENSG00000008256,ENSMUSG00000018001,Cyth3
2,CYP3A43,ENSG00000021461,ENSMUSG00000029630,Cyp3a25
3,CYP3A5,ENSG00000106258,ENSMUSG00000029630,Cyp3a25
4,CYP3A4,ENSG00000160868,ENSMUSG00000029630,Cyp3a25
5,CYP3A7,ENSG00000160870,ENSMUSG00000029630,Cyp3a25
6,CYP3A43,ENSG00000021461,ENSMUSG00000029727,Cyp3a13
7,CYP3A5,ENSG00000106258,ENSMUSG00000029727,Cyp3a13
8,CYP3A4,ENSG00000160868,ENSMUSG00000029727,Cyp3a13
9,CYP3A7,ENSG00000160870,ENSMUSG00000029727,Cyp3a13
10,CYP3A43,ENSG00000021461,ENSMUSG00000038656,Cyp3a16
11,CYP3A5,ENSG00000106258,ENSMUSG00000038656,Cyp3a16
12,CYP3A4,ENSG00000160868,ENSMUSG00000038656,Cyp3a16
13,CYP3A7,ENSG00000160870,ENSMUSG00000038656,Cyp3a16
14,CYP3A43,ENSG00000021461,ENSMUSG00000054417,Cyp3a44
15,CYP3A5,ENSG00000106258,ENSMUSG00000054417,Cyp3a44
16,CYP3A4,ENSG00000160868,ENSMUSG00000054417,Cyp3a44
17,CYP3A7,ENSG00000160870,ENSMUSG00000054417,Cyp3a44
18,CYP3A43,ENSG00000021461,ENSMUSG00000056035,Cyp3a11
19,CYP3A5,ENSG00000106258,ENSMUSG00000056035,Cyp3a11
20,CYP3A4,ENSG00000160868,ENSMUSG00000056035,Cyp3a11
21,CYP3A7,ENSG00000160870,ENSMUSG00000056035,Cyp3a11
22,CYP3A43,ENSG00000021461,ENSMUSG00000061292,Cyp3a59
23,CYP3A5,ENSG00000106258,ENSMUSG00000061292,Cyp3a59
24,CYP3A4,ENSG00000160868,ENSMUSG00000061292,Cyp3a59
25,CYP3A7,ENSG00000160870,ENSMUSG00000061292,Cyp3a59
26,CYP3A43,ENSG00000021461,ENSMUSG00000070419,Cyp3a57
27,CYP3A5,ENSG00000106258,ENSMUSG00000070419,Cyp3a57
28,CYP3A4,ENSG00000160868,ENSMUSG00000070419,Cyp3a57
29,CYP3A7,ENSG00000160870,ENSMUSG00000070419,Cyp3a57
30,CYP3A43,ENSG00000021461,ENSMUSG00000075551,Cyp3a41a
31,CYP3A5,ENSG00000106258,ENSMUSG00000075551,Cyp3a41a
32,CYP3A4,ENSG00000160868,ENSMUSG00000075551,Cyp3a41a
33,CYP3A7,ENSG00000160870,ENSMUSG00000075551,Cyp3a41a
34,CYP3A43,ENSG00000021461,ENSMUSG00000075552,Cyp3a41b
35,CYP3A5,ENSG00000106258,ENSMUSG00000075552,Cyp3a41b
36,CYP3A4,ENSG00000160868,ENSMUSG00000075552,Cyp3a41b
37,CYP3A7,ENSG00000160870,ENSMUSG00000075552,Cyp3a41b
38,CYP46A1,ENSG00000036530,ENSMUSG00000021259,Cyp46a1
39,C12orf4,ENSG00000047621,ENSMUSG00000030347,D6Wsu163e
40,CYTH4,ENSG00000100055,ENSMUSG00000018008,Cyth4
41,C19orf53,ENSG00000104979,ENSMUSG00000019362,D8Ertd738e
42,CYTH2,ENSG00000105443,ENSMUSG00000003269,Cyth2
43,CYTH1,ENSG00000108669,ENSMUSG00000017132,Cyth1
44,KIAA1549L,ENSG00000110427,ENSMUSG00000068373,D430041D05Rik
45,CYTIP,ENSG00000115165,ENSMUSG00000026832,Cytip
46,KIAA1549,ENSG00000122778,ENSMUSG00000063455,D630045J12Rik
47,C9orf40,ENSG00000135045,ENSMUSG00000047044,D030056L22Rik
48,KIAA0319,ENSG00000137261,ENSMUSG00000006711,D130043K22Rik
49,C17orf80,ENSG00000141219,ENSMUSG00000041623,D11Wsu47e
50,CYP4B1,ENSG00000142973,ENSMUSG00000028713,Cyp4b1
51,CYP4V2,ENSG00000145476,ENSMUSG00000079057,Cyp4v3
52,KIAA1755,ENSG00000149633,ENSMUSG00000037813,D630003M21Rik
53,C4orf33,ENSG00000151470,ENSMUSG00000025766,D3Ertd751e
54,C10orf90,ENSG00000154493,ENSMUSG00000030994,D7Ertd443e
55,C21orf91,ENSG00000154642,ENSMUSG00000022864,D16Ertd472e
56,CYP4A22,ENSG00000162365,ENSMUSG00000028712,Cyp4a31
57,CYP4F11,ENSG00000171903,ENSMUSG00000028712,Cyp4a31
58,CYP4F12,ENSG00000186204,ENSMUSG00000028712,Cyp4a31
59,CYP4A11,ENSG00000187048,ENSMUSG00000028712,Cyp4a31
60,CYP4A22,ENSG00000162365,ENSMUSG00000063929,Cyp4a32
61,CYP4F11,ENSG00000171903,ENSMUSG00000063929,Cyp4a32
62,CYP4F12,ENSG00000186204,ENSMUSG00000063929,Cyp4a32
63,CYP4A11,ENSG00000187048,ENSMUSG00000063929,Cyp4a32
64,CYP4A22,ENSG00000162365,ENSMUSG00000066072,Cyp4a10
65,CYP4F11,ENSG00000171903,ENSMUSG00000066072,Cyp4a10
66,CYP4F12,ENSG00000186204,ENSMUSG00000066072,Cyp4a10
67,CYP4A11,ENSG00000187048,ENSMUSG00000066072,Cyp4a10
68,CYYR1,ENSG00000166265,ENSMUSG00000041134,Cyyr1
69,CYP7A1,ENSG00000167910,ENSMUSG00000028240,Cyp7a1
70,KIAA0232,ENSG00000170871,ENSMUSG00000029190,D5Ertd579e
71,CYTL1,ENSG00000170891,ENSMUSG00000062329,Cytl1
72,CYP4F22,ENSG00000171954,ENSMUSG00000061126,Cyp4f39
73,CYP7B1,ENSG00000172817,ENSMUSG00000039519,Cyp7b1
74,CYSLTR1,ENSG00000173198,ENSMUSG00000052821,Cysltr1
75,CYP8B1,ENSG00000180432,ENSMUSG00000050445,Cyp8b1
76,D2HGDH,ENSG00000180902,ENSMUSG00000073609,D2hgdh
77,C12orf56,ENSG00000185306,ENSMUSG00000047642,D930020B18Rik
78,CYP4F2,ENSG00000186115,ENSMUSG00000024292,Cyp4f14
79,CYP4F2,ENSG00000186115,ENSMUSG00000073424,Cyp4f15
80,CYP4F2,ENSG00000186115,ENSMUSG00000090700,Cyp4f40
81,CYP4X1,ENSG00000186377,ENSMUSG00000047155,Cyp4x1
82,CYP4F8,ENSG00000186526,ENSMUSG00000024055,Cyp4f13
83,CYP4F8,ENSG00000186526,ENSMUSG00000048440,Cyp4f16
84,CYP4F8,ENSG00000186526,ENSMUSG00000091586,Cyp4f17
85,CYP4F3,ENSG00000186529,ENSMUSG00000003484,Cyp4f18
86,C2orf80,ENSG00000188674,ENSMUSG00000044816,D630023F18Rik
87,C9orf152,ENSG00000188959,ENSMUSG00000052117,D630039A03Rik
88,C6orf47,ENSG00000204439,ENSMUSG00000043311,D17H6S53E
89,CYS1,ENSG00000205795,ENSMUSG00000062563,Cys1
90,DDX3X,ENSG00000215301,ENSMUSG00000039224,D1Pas1
91,C14orf132,ENSG00000227051,ENSMUSG00000094910,D430019H16Rik
92,,,ENSMUSG00000023257,Cypt1
93,,,ENSMUSG00000024295,Cyp4f41-ps
94,,,ENSMUSG00000027564,Cypt12
95,,,ENSMUSG00000028715,Cyp4a14
96,,,ENSMUSG00000031294,D630029K05Rik
97,,,ENSMUSG00000033470,Cysltr2
98,,,ENSMUSG00000047995,Cypt4
99,,,ENSMUSG00000048573,Cypt3
100,,,ENSMUSG00000056359,D830013O20Rik
101,,,ENSMUSG00000066071,Cyp4a12a
102,,,ENSMUSG00000072679,D6Ertd474e
103,,,ENSMUSG00000073437,D330041H03Rik
104,,,ENSMUSG00000078597,Cyp4a12b
105,,,ENSMUSG00000078700,D030028A08Rik
106,,,ENSMUSG00000078925,D030018L15Rik
107,,,ENSMUSG00000079038,D130040H23Rik
108,,,ENSMUSG00000084781,D930015M05Rik
109,,,ENSMUSG00000085316,D330050G23Rik
110,,,ENSMUSG00000085886,D030047H15Rik
111,,,ENSMUSG00000087269,D330023K18Rik
112,,,ENSMUSG00000090263,D730045A05Rik
113,,,ENSMUSG00000090891,D6Ertd527e
114,,,ENSMUSG00000092130,D030025P21Rik
115,,,ENSMUSG00000095385,D630033O11Rik
116,,,ENSMUSG00000096039,D830030K20Rik
117,,,ENSMUSG00000097003,D930007P13Rik
118,,,ENSMUSG00000097121,D130020L05Rik
119,,,ENSMUSG00000097287,D130017N08Rik
120,,,ENSMUSG00000097466,D430036J16Rik
121,,,ENSMUSG00000097744,D030040B21Rik
122,,,ENSMUSG00000101812,D530049I02Rik
123,,,ENSMUSG00000105816,D030025E07Rik
124,,,ENSMUSG00000106820,D5Ertd605e
125,,,ENSMUSG00000110874,D030045P18Rik
126,,,ENSMUSG00000112707,D830005E20Rik
127,,,ENSMUSG00000112980,D430020J02Rik
128,,,ENSMUSG00000113082,D730050B12Rik
129,,,ENSMUSG00000113875,D230030E09Rik
130,,,ENSMUSG00000115432,D130009I18Rik
131,,,ENSMUSG00000116031,D030024E09Rik
132,,,ENSMUSG00000116792,D16Ertd519e
133,,,ENSMUSG00000117959,D330050I16Rik
0,DBNDD1,ENSG00000003249,ENSMUSG00000031970,Dbndd1
1,DBF4,ENSG00000006634,ENSMUSG00000002297,Dbf4
2,DCN,ENSG00000011465,ENSMUSG00000019929,Dcn
3,DAPK2,ENSG00000035664,ENSMUSG00000032380,Dapk2
4,DCUN1D1,ENSG00000043093,ENSMUSG00000027708,Dcun1d1
5,DCBLD2,ENSG00000057019,ENSMUSG00000035107,Dcbld2
6,DAPP1,ENSG00000070190,ENSMUSG00000028159,Dapp1
7,DAZAP1,ENSG00000071626,ENSMUSG00000069565,Dazap1
8,DCX,ENSG00000077279,ENSMUSG00000031285,Dcx
9,DCT,ENSG00000080166,ENSMUSG00000022129,Dct
10,DAZL,ENSG00000092345,ENSMUSG00000010592,Dazl
11,DAAM1,ENSG00000100592,ENSMUSG00000034574,Daam1
12,DCAF11,ENSG00000100897,ENSMUSG00000022214,Dcaf11
13,DCTN6,ENSG00000104671,ENSMUSG00000031516,Dctn6
14,DBP,ENSG00000105516,ENSMUSG00000059824,Dbp
15,DCUN1D4,ENSG00000109184,ENSMUSG00000051674,Dcun1d4
16,DBX1,ENSG00000109851,ENSMUSG00000030507,Dbx1
17,DCPS,ENSG00000110063,ENSMUSG00000032040,Dcps
18,DAO,ENSG00000110887,ENSMUSG00000042096,Dao
19,DAP,ENSG00000112977,ENSMUSG00000039168,Dap
20,DBN1,ENSG00000113758,ENSMUSG00000034675,Dbn1
21,DCAF17,ENSG00000115827,ENSMUSG00000041966,Dcaf17
22,DARS1,ENSG00000115866,ENSMUSG00000026356,Dars
23,DARS2,ENSG00000117593,ENSMUSG00000026709,Dars2
24,DCLRE1B,ENSG00000118655,ENSMUSG00000027845,Dclre1b
25,DCAF4,ENSG00000119599,ENSMUSG00000021222,Dcaf4
26,DCAF4L2,ENSG00000176566,ENSMUSG00000021222,Dcaf4
27,DCAF10,ENSG00000122741,ENSMUSG00000035572,Dcaf10
28,DBH,ENSG00000123454,ENSMUSG00000000889,Dbh
29,DACH2,ENSG00000126733,ENSMUSG00000025592,Dach2
30,DCTD,ENSG00000129187,ENSMUSG00000031562,Dctd
31,DAD1,ENSG00000129562,ENSMUSG00000022174,Dad1
32,DCAF15,ENSG00000132017,ENSMUSG00000037103,Dcaf15
33,DAP3,ENSG00000132676,ENSMUSG00000068921,Dap3
34,DCAF8,ENSG00000132716,ENSMUSG00000026554,Dcaf8
35,DCTN4,ENSG00000132912,ENSMUSG00000024603,Dctn4
36,DCLK1,ENSG00000133083,ENSMUSG00000027797,Dclk1
37,DAGLA,ENSG00000134780,ENSMUSG00000035735,Dagla
38,DBNL,ENSG00000136279,ENSMUSG00000020476,Dbnl
39,DCAF7,ENSG00000136485,ENSMUSG00000049354,Dcaf7
40,DAB2IP,ENSG00000136848,ENSMUSG00000026883,Dab2ip
41,DCTN3,ENSG00000137100,ENSMUSG00000028447,Dctn3
42,DCUN1D5,ENSG00000137692,ENSMUSG00000032002,Dcun1d5
43,DBT,ENSG00000137992,ENSMUSG00000000340,Dbt
44,DBR1,ENSG00000138231,ENSMUSG00000032469,Dbr1
45,DCAF5,ENSG00000139990,ENSMUSG00000049106,Dcaf5
46,DCAF6,ENSG00000143164,ENSMUSG00000026571,Dcaf6
47,DCDC2,ENSG00000146038,ENSMUSG00000035910,Dcdc2a
48,DAAM2,ENSG00000146122,ENSMUSG00000040260,Daam2
49,DCUN1D2,ENSG00000150401,ENSMUSG00000038506,Dcun1d2
50,DCP1B,ENSG00000151065,ENSMUSG00000041477,Dcp1b
51,DCLRE1C,ENSG00000152457,ENSMUSG00000026648,Dclre1c
52,DAB2,ENSG00000153071,ENSMUSG00000022150,Dab2
53,DBI,ENSG00000155368,ENSMUSG00000026385,Dbi
54,DCK,ENSG00000156136,ENSMUSG00000029366,Dck
55,DAPL1,ENSG00000163331,ENSMUSG00000026989,Dapl1
56,DCST1,ENSG00000163357,ENSMUSG00000042672,Dcst1
57,DCLK3,ENSG00000163673,ENSMUSG00000032500,Dclk3
58,DCBLD1,ENSG00000164465,ENSMUSG00000019891,Dcbld1
59,DACT2,ENSG00000164488,ENSMUSG00000048826,Dact2
60,DAGLB,ENSG00000164535,ENSMUSG00000039206,Daglb
61,DCAF13,ENSG00000164934,ENSMUSG00000022300,Dcaf13
62,DCSTAMP,ENSG00000164935,ENSMUSG00000022303,Dcstamp
63,DACT1,ENSG00000165617,ENSMUSG00000044548,Dact1
64,DCHS1,ENSG00000166341,ENSMUSG00000036862,Dchs1
65,DCTN5,ENSG00000166847,ENSMUSG00000030868,Dctn5
66,DAPK3,ENSG00000167657,ENSMUSG00000034974,Dapk3
67,DCLK2,ENSG00000170390,ENSMUSG00000028078,Dclk2
68,DCP2,ENSG00000172795,ENSMUSG00000024472,Dcp2
69,DCAKD,ENSG00000172992,ENSMUSG00000020935,Dcakd
70,DAG1,ENSG00000173402,ENSMUSG00000039952,Dag1
71,DAB1,ENSG00000173406,ENSMUSG00000028519,Dab1
72,DCTN2,ENSG00000175203,ENSMUSG00000025410,Dctn2
73,DALRD3,ENSG00000178149,ENSMUSG00000019039,Dalrd3
74,DAND5,ENSG00000179284,ENSMUSG00000053226,Dand5
75,DCTPP1,ENSG00000179958,ENSMUSG00000042462,Dctpp1
76,DAZAP2,ENSG00000183283,ENSMUSG00000000346,Dazap2
77,DBX2,ENSG00000185610,ENSMUSG00000045608,Dbx2
78,DCC,ENSG00000187323,ENSMUSG00000060534,Dcc
79,DCUN1D3,ENSG00000188215,ENSMUSG00000048787,Dcun1d3
80,DAPK1,ENSG00000196730,ENSMUSG00000021559,Dapk1
81,DACT3,ENSG00000197380,ENSMUSG00000078794,Dact3
82,DCAF12L2,ENSG00000198354,ENSMUSG00000045284,Dcaf12l1
83,DCAF12L2,ENSG00000198354,ENSMUSG00000050926,Dcaf12l2
84,DCAF12,ENSG00000198876,ENSMUSG00000028436,Dcaf12
85,DCLRE1A,ENSG00000198924,ENSMUSG00000025077,Dclre1a
86,DAXX,ENSG00000204209,ENSMUSG00000002307,Daxx
87,DCTN1,ENSG00000204843,ENSMUSG00000031865,Dctn1
88,DCDC2C,ENSG00000214866,ENSMUSG00000020633,Dcdc2c
89,DCDC2B,ENSG00000222046,ENSMUSG00000078552,Dcdc2b
90,DBNDD2,ENSG00000244274,ENSMUSG00000017734,Dbndd2
91,DCP1A,ENSG00000272886,ENSMUSG00000021962,Dcp1a
92,DACH1,ENSG00000276644,ENSMUSG00000055639,Dach1
93,,,ENSMUSG00000029878,Dbpht2
94,,,ENSMUSG00000038057,Dbil5
95,,,ENSMUSG00000052563,D930048N14Rik
96,,,ENSMUSG00000057417,Dcpp3
97,,,ENSMUSG00000074274,D930028M14Rik
98,,,ENSMUSG00000096278,Dcpp2
99,,,ENSMUSG00000096445,Dcpp1
100,,,ENSMUSG00000097735,D930032P07Rik
0,DDX11,ENSG00000013573,ENSMUSG00000035842,Ddx11
1,DEF6,ENSG00000023892,ENSMUSG00000002257,Def6
2,DDX20,ENSG00000064703,ENSMUSG00000027905,Ddx20
3,DDX3Y,ENSG00000067048,ENSMUSG00000069045,Ddx3y
4,DDX1,ENSG00000079785,ENSMUSG00000037149,Ddx1
5,DDHD2,ENSG00000085788,ENSMUSG00000061313,Ddhd2
6,DDX18,ENSG00000088205,ENSMUSG00000001674,Ddx18
7,DEFB127,ENSG00000088782,ENSMUSG00000027468,Defb22
8,DEFB104A,ENSG00000176782,ENSMUSG00000027468,Defb22
9,DEFB104B,ENSG00000177023,ENSMUSG00000027468,Defb22
10,DEFB108B,ENSG00000184276,ENSMUSG00000027468,Defb22
11,DEFB132,ENSG00000186458,ENSMUSG00000027468,Defb22
12,DEFB121,ENSG00000204548,ENSMUSG00000027468,Defb22
13,DEFB134,ENSG00000205882,ENSMUSG00000027468,Defb22
14,DEFB108C,ENSG00000215371,ENSMUSG00000027468,Defb22
15,DDX24,ENSG00000089737,ENSMUSG00000041645,Ddx24
16,DDTL,ENSG00000099974,ENSMUSG00000001666,Ddt
17,DDT,ENSG00000099977,ENSMUSG00000001666,Ddt
18,DDX17,ENSG00000100201,ENSMUSG00000055065,Ddx17
19,DDHD1,ENSG00000100523,ENSMUSG00000037697,Ddhd1
20,DECR1,ENSG00000104325,ENSMUSG00000028223,Decr1
21,DDX49,ENSG00000105671,ENSMUSG00000057788,Ddx49
22,DDX50,ENSG00000107625,ENSMUSG00000020076,Ddx50
23,DDX5,ENSG00000108654,ENSMUSG00000020719,Ddx5
24,DDX25,ENSG00000109832,ENSMUSG00000032101,Ddx25
25,DDX6,ENSG00000110367,ENSMUSG00000032097,Ddx6
26,DDX55,ENSG00000111364,ENSMUSG00000029389,Ddx55
27,DDX59,ENSG00000118197,ENSMUSG00000026404,Ddx59
28,DDX54,ENSG00000123064,ENSMUSG00000029599,Ddx54
29,DDX27,ENSG00000124228,ENSMUSG00000017999,Ddx27
30,DDX31,ENSG00000125485,ENSMUSG00000026806,Ddx31
31,DEFB129,ENSG00000125903,ENSMUSG00000074681,Defb23
32,DDA1,ENSG00000130311,ENSMUSG00000074247,Dda1
33,DEFB118,ENSG00000131068,ENSMUSG00000056544,Defb21
34,DDC,ENSG00000132437,ENSMUSG00000020182,Ddc
35,DDB2,ENSG00000134574,ENSMUSG00000002109,Ddb2
36,DDX56,ENSG00000136271,ENSMUSG00000004393,Ddx56
37,DDX60,ENSG00000137628,ENSMUSG00000037921,Ddx60
38,DEF8,ENSG00000140995,ENSMUSG00000001482,Def8
39,DDIT4L,ENSG00000145358,ENSMUSG00000046818,Ddit4l
40,DDX46,ENSG00000145833,ENSMUSG00000021500,Ddx46
41,DDX4,ENSG00000152670,ENSMUSG00000021758,Ddx4
42,DDAH1,ENSG00000153904,ENSMUSG00000028194,Ddah1
43,DDX19B,ENSG00000157349,ENSMUSG00000033658,Ddx19b
44,DEDD,ENSG00000158796,ENSMUSG00000013973,Dedd
45,DEDD2,ENSG00000160570,ENSMUSG00000054499,Dedd2
46,DDR2,ENSG00000162733,ENSMUSG00000026674,Ddr2
47,DEFA5,ENSG00000164816,ENSMUSG00000060070,Defa26
48,DEFA4,ENSG00000164821,ENSMUSG00000060070,Defa26
49,DEFA6,ENSG00000164822,ENSMUSG00000060070,Defa26
50,DEFA1,ENSG00000206047,ENSMUSG00000060070,Defa26
51,DEFA3,ENSG00000239839,ENSMUSG00000060070,Defa26
52,DEFA1B,ENSG00000240247,ENSMUSG00000060070,Defa26
53,DEFA5,ENSG00000164816,ENSMUSG00000060208,Defa17
54,DEFA4,ENSG00000164821,ENSMUSG00000060208,Defa17
55,DEFA6,ENSG00000164822,ENSMUSG00000060208,Defa17
56,DEFA1,ENSG00000206047,ENSMUSG00000060208,Defa17
57,DEFA3,ENSG00000239839,ENSMUSG00000060208,Defa17
58,DEFA1B,ENSG00000240247,ENSMUSG00000060208,Defa17
59,DEFA5,ENSG00000164816,ENSMUSG00000064213,Defa24
60,DEFA4,ENSG00000164821,ENSMUSG00000064213,Defa24
61,DEFA6,ENSG00000164822,ENSMUSG00000064213,Defa24
62,DEFA1,ENSG00000206047,ENSMUSG00000064213,Defa24
63,DEFA3,ENSG00000239839,ENSMUSG00000064213,Defa24
64,DEFA1B,ENSG00000240247,ENSMUSG00000064213,Defa24
65,DEFA5,ENSG00000164816,ENSMUSG00000074439,Defa5
66,DEFA4,ENSG00000164821,ENSMUSG00000074439,Defa5
67,DEFA6,ENSG00000164822,ENSMUSG00000074439,Defa5
68,DEFA1,ENSG00000206047,ENSMUSG00000074439,Defa5
69,DEFA3,ENSG00000239839,ENSMUSG00000074439,Defa5
70,DEFA1B,ENSG00000240247,ENSMUSG00000074439,Defa5
71,DEFA5,ENSG00000164816,ENSMUSG00000074440,Defa3
72,DEFA4,ENSG00000164821,ENSMUSG00000074440,Defa3
73,DEFA6,ENSG00000164822,ENSMUSG00000074440,Defa3
74,DEFA1,ENSG00000206047,ENSMUSG00000074440,Defa3
75,DEFA3,ENSG00000239839,ENSMUSG00000074440,Defa3
76,DEFA1B,ENSG00000240247,ENSMUSG00000074440,Defa3
77,DEFA5,ENSG00000164816,ENSMUSG00000074443,Defa22
78,DEFA4,ENSG00000164821,ENSMUSG00000074443,Defa22
79,DEFA6,ENSG00000164822,ENSMUSG00000074443,Defa22
80,DEFA1,ENSG00000206047,ENSMUSG00000074443,Defa22
81,DEFA3,ENSG00000239839,ENSMUSG00000074443,Defa22
82,DEFA1B,ENSG00000240247,ENSMUSG00000074443,Defa22
83,DEFA5,ENSG00000164816,ENSMUSG00000074446,Defa23
84,DEFA4,ENSG00000164821,ENSMUSG00000074446,Defa23
85,DEFA6,ENSG00000164822,ENSMUSG00000074446,Defa23
86,DEFA1,ENSG00000206047,ENSMUSG00000074446,Defa23
87,DEFA3,ENSG00000239839,ENSMUSG00000074446,Defa23
88,DEFA1B,ENSG00000240247,ENSMUSG00000074446,Defa23
89,DEFA5,ENSG00000164816,ENSMUSG00000074447,Defa21
90,DEFA4,ENSG00000164821,ENSMUSG00000074447,Defa21
91,DEFA6,ENSG00000164822,ENSMUSG00000074447,Defa21
92,DEFA1,ENSG00000206047,ENSMUSG00000074447,Defa21
93,DEFA3,ENSG00000239839,ENSMUSG00000074447,Defa21
94,DEFA1B,ENSG00000240247,ENSMUSG00000074447,Defa21
95,DEFA5,ENSG00000164816,ENSMUSG00000094687,Defa25
96,DEFA4,ENSG00000164821,ENSMUSG00000094687,Defa25
97,DEFA6,ENSG00000164822,ENSMUSG00000094687,Defa25
98,DEFA1,ENSG00000206047,ENSMUSG00000094687,Defa25
99,DEFA3,ENSG00000239839,ENSMUSG00000094687,Defa25
100,DEFA1B,ENSG00000240247,ENSMUSG00000094687,Defa25
101,DEFA5,ENSG00000164816,ENSMUSG00000095066,Defa20
102,DEFA4,ENSG00000164821,ENSMUSG00000095066,Defa20
103,DEFA6,ENSG00000164822,ENSMUSG00000095066,Defa20
104,DEFA1,ENSG00000206047,ENSMUSG00000095066,Defa20
105,DEFA3,ENSG00000239839,ENSMUSG00000095066,Defa20
106,DEFA1B,ENSG00000240247,ENSMUSG00000095066,Defa20
107,DDX21,ENSG00000165732,ENSMUSG00000020075,Ddx21
108,DDB1,ENSG00000167986,ENSMUSG00000024740,Ddb1
109,DDIT4,ENSG00000168209,ENSMUSG00000020108,Ddit4
110,DDX19A,ENSG00000168872,ENSMUSG00000015023,Ddx19a
111,DCXR,ENSG00000169738,ENSMUSG00000039450,Dcxr
112,DDI1,ENSG00000170967,ENSMUSG00000047619,Ddi1
113,DEFB4A,ENSG00000171711,ENSMUSG00000039775,Defb3
114,DEFB4B,ENSG00000177257,ENSMUSG00000039775,Defb3
115,DDX23,ENSG00000174243,ENSMUSG00000003360,Ddx23
116,DDIT3,ENSG00000175197,ENSMUSG00000025408,Ddit3
117,DEFB103A,ENSG00000176797,ENSMUSG00000046354,Defb14
118,DEFB103B,ENSG00000177243,ENSMUSG00000046354,Defb14
119,DEAF1,ENSG00000177030,ENSMUSG00000058886,Deaf1
120,DDX10,ENSG00000178105,ENSMUSG00000053289,Ddx10
121,DEFB125,ENSG00000178591,ENSMUSG00000074680,Defb26
122,DEFB124,ENSG00000180383,ENSMUSG00000074678,Defb25
123,DEFB123,ENSG00000180424,ENSMUSG00000044863,Defb36
124,DEFB119,ENSG00000180483,ENSMUSG00000050645,Defb19
125,DDN,ENSG00000181418,ENSMUSG00000059213,Ddn
126,DDX28,ENSG00000182810,ENSMUSG00000045538,Ddx28
127,DDX41,ENSG00000183258,ENSMUSG00000021494,Ddx41
128,DDX51,ENSG00000185163,ENSMUSG00000029504,Ddx51
129,DEFB128,ENSG00000185982,ENSMUSG00000049560,Defb20
130,DEFB132,ENSG00000186458,ENSMUSG00000048500,Defb15
131,DEFB132,ENSG00000186458,ENSMUSG00000052554,Defb34
132,DEFB105A,ENSG00000186562,ENSMUSG00000043787,Defb12
133,DEFB105B,ENSG00000186599,ENSMUSG00000043787,Defb12
134,DEFB105A,ENSG00000186562,ENSMUSG00000058052,Defb35
135,DEFB105B,ENSG00000186599,ENSMUSG00000058052,Defb35
136,DEFB107A,ENSG00000186572,ENSMUSG00000044222,Defb13
137,DEFB107B,ENSG00000198129,ENSMUSG00000044222,Defb13
138,DDRGK1,ENSG00000198171,ENSMUSG00000068290,Ddrgk1
139,DDX42,ENSG00000198231,ENSMUSG00000020705,Ddx42
140,DDX39B,ENSG00000198563,ENSMUSG00000019432,Ddx39b
141,DDO,ENSG00000203797,ENSMUSG00000063428,Ddo
142,DDR1,ENSG00000204580,ENSMUSG00000003534,Ddr1
143,DEFB135,ENSG00000205883,ENSMUSG00000075571,Defb30
144,DDAH2,ENSG00000213722,ENSMUSG00000007039,Ddah2
145,DDX47,ENSG00000213782,ENSMUSG00000030204,Ddx47
146,DEFB113,ENSG00000214642,ENSMUSG00000073735,Defb18
147,DDX3X,ENSG00000215301,ENSMUSG00000000787,Ddx3x
148,DEFB116,ENSG00000215545,ENSMUSG00000044249,Defb29
149,DEFB115,ENSG00000215547,ENSMUSG00000074679,Defb28
150,RSC1A1,ENSG00000215695,ENSMUSG00000078515,Ddi2
151,DECR2,ENSG00000242612,ENSMUSG00000036775,Decr2
152,DDOST,ENSG00000244038,ENSMUSG00000028757,Ddost
153,DDX52,ENSG00000278053,ENSMUSG00000020677,Ddx52
154,,,ENSMUSG00000006570,Defb2
155,,,ENSMUSG00000044743,Defb10
156,,,ENSMUSG00000044748,Defb1
157,,,ENSMUSG00000045337,Defb11
158,,,ENSMUSG00000070291,Ddx43
159,,,ENSMUSG00000074454,Defb33
160,,,ENSMUSG00000081154,Defa-ps13
161,,,ENSMUSG00000081163,Defa-ps12
162,,,ENSMUSG00000095813,Defa-ps1
163,,,ENSMUSG00000116429,Ddit3
0,DHX33,ENSG00000005100,ENSMUSG00000040620,Dhx33
1,DERA,ENSG00000023697,ENSMUSG00000030225,Dera
2,DEPDC1,ENSG00000024526,ENSMUSG00000028175,Depdc1a
3,DEPDC1B,ENSG00000035499,ENSMUSG00000021697,Depdc1b
4,DGKG,ENSG00000058866,ENSMUSG00000022861,Dgkg
5,DGAT2,ENSG00000062282,ENSMUSG00000030747,Dgat2
6,DGKA,ENSG00000065357,ENSMUSG00000025357,Dgka
7,DHX29,ENSG00000067248,ENSMUSG00000042426,Dhx29
8,DHX8,ENSG00000067596,ENSMUSG00000034931,Dhx8
9,DGCR2,ENSG00000070413,ENSMUSG00000003166,Dgcr2
10,DERL2,ENSG00000072849,ENSMUSG00000018442,Derl2
11,DHRS9,ENSG00000073737,ENSMUSG00000027068,Dhrs9
12,DGKD,ENSG00000077044,ENSMUSG00000070738,Dgkd
13,DHX32,ENSG00000089876,ENSMUSG00000030986,Dhx32
14,DHPS,ENSG00000095059,ENSMUSG00000060038,Dhps
15,DERL3,ENSG00000099958,ENSMUSG00000009092,Derl3
16,DEPDC5,ENSG00000100150,ENSMUSG00000037426,Depdc5
17,DHRS7,ENSG00000100612,ENSMUSG00000021094,Dhrs7
18,DHRS2,ENSG00000100867,ENSMUSG00000022209,Dhrs2
19,DHX35,ENSG00000101452,ENSMUSG00000027655,Dhx35
20,DGKH,ENSG00000102780,ENSMUSG00000034731,Dgkh
21,DHODH,ENSG00000102967,ENSMUSG00000031730,Dhodh
22,DHDH,ENSG00000104808,ENSMUSG00000011382,Dhdh
23,DENND3,ENSG00000105339,ENSMUSG00000036661,Dennd3
24,DHX40,ENSG00000108406,ENSMUSG00000018425,Dhx40
25,DHX58,ENSG00000108771,ENSMUSG00000017830,Dhx58
26,DHRS7B,ENSG00000109016,ENSMUSG00000042569,Dhrs7b
27,DHX15,ENSG00000109606,ENSMUSG00000029169,Dhx15
28,DGUOK,ENSG00000114956,ENSMUSG00000014554,Dguok
29,DHCR24,ENSG00000116133,ENSMUSG00000034926,Dhcr24
30,DHDDS,ENSG00000117682,ENSMUSG00000012117,Dhdds
31,DENND1A,ENSG00000119522,ENSMUSG00000035392,Dennd1a
32,DEPDC7,ENSG00000121690,ENSMUSG00000027173,Depdc7
33,DEK,ENSG00000124795,ENSMUSG00000021377,Dek
34,DGCR6L,ENSG00000128185,ENSMUSG00000003531,Dgcr6
35,DGCR6,ENSG00000183628,ENSMUSG00000003531,Dgcr6
36,,ENSG00000278817,ENSMUSG00000003531,Dgcr6
37,DGCR8,ENSG00000128191,ENSMUSG00000022718,Dgcr8
38,DHX30,ENSG00000132153,ENSMUSG00000032480,Dhx30
39,DHX34,ENSG00000134815,ENSMUSG00000006019,Dhx34
40,DGKB,ENSG00000136267,ENSMUSG00000036095,Dgkb
41,DERL1,ENSG00000136986,ENSMUSG00000022365,Derl1
42,DENND4C,ENSG00000137145,ENSMUSG00000038024,Dennd4c
43,DHH,ENSG00000139549,ENSMUSG00000023000,Dhh
44,DENR,ENSG00000139726,ENSMUSG00000023106,Denr
45,DET1,ENSG00000140543,ENSMUSG00000030610,Det1
46,DHX38,ENSG00000140829,ENSMUSG00000037993,Dhx38
47,DEGS1,ENSG00000143753,ENSMUSG00000038633,Degs1
48,DGKQ,ENSG00000145214,ENSMUSG00000004815,Dgkq
49,DENND2A,ENSG00000146966,ENSMUSG00000038456,Dennd2a
50,DGKZ,ENSG00000149091,ENSMUSG00000040479,Dgkz
51,DHX37,ENSG00000150990,ENSMUSG00000029480,Dhx37
52,DGKE,ENSG00000153933,ENSMUSG00000000276,Dgke
53,DEPTOR,ENSG00000155792,ENSMUSG00000022419,Deptor
54,DHRS4,ENSG00000157326,ENSMUSG00000022210,Dhrs4
55,DHRS1,ENSG00000157379,ENSMUSG00000002332,Dhrs1
56,DGKI,ENSG00000157680,ENSMUSG00000038665,Dgki
57,DFFA,ENSG00000160049,ENSMUSG00000028974,Dffa
58,DHRS3,ENSG00000162496,ENSMUSG00000066026,Dhrs3
59,DENND2D,ENSG00000162777,ENSMUSG00000027901,Dennd2d
60,DHX57,ENSG00000163214,ENSMUSG00000035051,Dhx57
61,DHRS13,ENSG00000167536,ENSMUSG00000020834,Dhrs13
62,DEGS2,ENSG00000168350,ENSMUSG00000021263,Degs2
63,DFFB,ENSG00000169598,ENSMUSG00000029027,Dffb
64,DENND5B,ENSG00000170456,ENSMUSG00000030313,Dennd5b
65,DEFB4A,ENSG00000171711,ENSMUSG00000059230,Defb4
66,DEFB4B,ENSG00000177257,ENSMUSG00000059230,Defb4
67,DHCR7,ENSG00000172893,ENSMUSG00000058454,Dhcr7
68,DENND4A,ENSG00000174485,ENSMUSG00000053641,Dennd4a
69,DHX36,ENSG00000174953,ENSMUSG00000027770,Dhx36
70,DES,ENSG00000175084,ENSMUSG00000026208,Des
71,DENND2C,ENSG00000175984,ENSMUSG00000007379,Dennd2c
72,DHFR2,ENSG00000178700,ENSMUSG00000021707,Dhfr
73,DHFR,ENSG00000228716,ENSMUSG00000021707,Dhfr
74,DHTKD1,ENSG00000181192,ENSMUSG00000025815,Dhtkd1
75,DEXI,ENSG00000182108,ENSMUSG00000038055,Dexi
76,DENND5A,ENSG00000184014,ENSMUSG00000035901,Dennd5a
77,DGAT2L6,ENSG00000184210,ENSMUSG00000067597,Dgat2l6
78,DHRS7C,ENSG00000184544,ENSMUSG00000033044,Dhrs7c
79,DGAT1,ENSG00000185000,ENSMUSG00000022555,Dgat1
80,DEFB131A,ENSG00000186146,ENSMUSG00000075572,Defb43
81,DEFB131B,ENSG00000225805,ENSMUSG00000075572,Defb43
82,DENND4B,ENSG00000198837,ENSMUSG00000042404,Dennd4b
83,DEFB110,ENSG00000203970,ENSMUSG00000067773,Defb41
84,DHX16,ENSG00000204560,ENSMUSG00000024422,Dhx16
85,DENND1C,ENSG00000205744,ENSMUSG00000002668,Dennd1c
86,DEFB136,ENSG00000205884,ENSMUSG00000054763,Defb42
87,DEFB109C,ENSG00000205989,ENSMUSG00000075574,Defb48
88,DEFB109B,ENSG00000206034,ENSMUSG00000075574,Defb48
89,DEFB109D,ENSG00000254866,ENSMUSG00000075574,Defb48
90,DENND1B,ENSG00000213047,ENSMUSG00000056268,Dennd1b
91,DEFB130A,ENSG00000232948,ENSMUSG00000075573,Defb47
92,DEFB130B,ENSG00000233050,ENSMUSG00000075573,Defb47
93,DGKK,ENSG00000274588,ENSMUSG00000062393,Dgkk
94,DHRS11,ENSG00000278535,ENSMUSG00000034449,Dhrs11
95,,,ENSMUSG00000031471,Defb8
96,,,ENSMUSG00000037790,Defb7
97,,,ENSMUSG00000039785,Defb5
98,,,ENSMUSG00000047390,Defb9
99,,,ENSMUSG00000050756,Defb6
100,,,ENSMUSG00000053678,Defb40
101,,,ENSMUSG00000053695,Defb37
102,,,ENSMUSG00000053790,Defb38
103,,,ENSMUSG00000058568,Defb50
104,,,ENSMUSG00000061847,Defb39
105,,,ENSMUSG00000062124,Defb45
106,,,ENSMUSG00000070977,Defb44-ps
107,,,ENSMUSG00000071169,Defb46
0,DLX6,ENSG00000006377,ENSMUSG00000029754,Dlx6
1,DLEC1,ENSG00000008226,ENSMUSG00000038060,Dlec1
2,DKK3,ENSG00000050165,ENSMUSG00000030772,Dkk3
3,DLX3,ENSG00000064195,ENSMUSG00000001510,Dlx3
4,DMRT3,ENSG00000064218,ENSMUSG00000042372,Dmrt3
5,DIP2B,ENSG00000066084,ENSMUSG00000023026,Dip2b
6,DNAJA2,ENSG00000069345,ENSMUSG00000031701,Dnaja2
7,DLG1,ENSG00000075711,ENSMUSG00000022770,Dlg1
8,DNAJC10,ENSG00000077232,ENSMUSG00000027006,Dnajc10
9,DLGAP4,ENSG00000080845,ENSMUSG00000061689,Dlgap4
10,DLG3,ENSG00000082458,ENSMUSG00000000881,Dlg3
11,DIS3,ENSG00000083520,ENSMUSG00000033166,Dis3
12,DNAJA1,ENSG00000086061,ENSMUSG00000028410,Dnaja1
13,DIMT1,ENSG00000086189,ENSMUSG00000021692,Dimt1
14,DNAJB11,ENSG00000090520,ENSMUSG00000004460,Dnajb11
15,DLL3,ENSG00000090932,ENSMUSG00000003436,Dll3
16,DLD,ENSG00000091140,ENSMUSG00000020664,Dld
17,DMC1,ENSG00000100206,ENSMUSG00000022429,Dmc1
18,DICER1,ENSG00000100697,ENSMUSG00000041415,Dicer1
19,DIDO1,ENSG00000101191,ENSMUSG00000038914,Dido1
20,DNAJA3,ENSG00000103423,ENSMUSG00000004069,Dnaja3
21,DMXL2,ENSG00000104093,ENSMUSG00000041268,Dmxl2
22,DKK4,ENSG00000104371,ENSMUSG00000031535,Dkk4
23,DKKL1,ENSG00000104901,ENSMUSG00000030792,Dkkl1
24,DMPK,ENSG00000104936,ENSMUSG00000030409,Dmpk
25,DLX5,ENSG00000105880,ENSMUSG00000029755,Dlx5
26,DNAJB6,ENSG00000105993,ENSMUSG00000029131,Dnajb6
27,DKK1,ENSG00000107984,ENSMUSG00000024868,Dkk1
28,DLX4,ENSG00000108813,ENSMUSG00000020871,Dlx4
29,DLX2,ENSG00000115844,ENSMUSG00000023391,Dlx2
30,DLGAP3,ENSG00000116544,ENSMUSG00000042388,Dlgap3
31,DLST,ENSG00000119689,ENSMUSG00000004789,Dlst
32,DLGAP5,ENSG00000126787,ENSMUSG00000037544,Dlgap5
33,DNAJB9,ENSG00000128590,ENSMUSG00000014905,Dnajb9
34,DLL4,ENSG00000128917,ENSMUSG00000027314,Dll4
35,DKC1,ENSG00000130826,ENSMUSG00000031403,Dkc1
36,DNAJB1,ENSG00000132002,ENSMUSG00000005483,Dnajb1
37,DLG4,ENSG00000132535,ENSMUSG00000020886,Dlg4
38,DMGDH,ENSG00000132837,ENSMUSG00000042102,Dmgdh
39,DMTF1,ENSG00000135164,ENSMUSG00000042508,Dmtf1
40,DHX9,ENSG00000135829,ENSMUSG00000042699,Dhx9
41,DNAJB2,ENSG00000135924,ENSMUSG00000026203,Dnajb2
42,DNAJC1,ENSG00000136770,ENSMUSG00000026740,Dnajc1
43,DMRT1,ENSG00000137090,ENSMUSG00000024837,Dmrt1
44,DNAJB5,ENSG00000137094,ENSMUSG00000036052,Dnajb5
45,DNA2,ENSG00000138346,ENSMUSG00000036875,Dna2
46,DISP2,ENSG00000140323,ENSMUSG00000040035,Disp2
47,DNAJA4,ENSG00000140403,ENSMUSG00000032285,Dnaja4
48,DMRTC2,ENSG00000142025,ENSMUSG00000011349,Dmrtc2
49,DMRTA2,ENSG00000142700,ENSMUSG00000047143,Dmrta2
50,DMRTB1,ENSG00000143006,ENSMUSG00000028610,Dmrtb1
51,DLX1,ENSG00000144355,ENSMUSG00000041911,Dlx1
52,DIS3L2,ENSG00000144535,ENSMUSG00000053333,Dis3l2
53,DNAJB12,ENSG00000148719,ENSMUSG00000020109,Dnajb12
54,DLG2,ENSG00000150672,ENSMUSG00000052572,Dlg2
55,DIXDC1,ENSG00000150764,ENSMUSG00000032064,Dixdc1
56,DLAT,ENSG00000150768,ENSMUSG00000000168,Dlat
57,DLG5,ENSG00000151208,ENSMUSG00000021782,Dlg5
58,DIP2C,ENSG00000151240,ENSMUSG00000048264,Dip2c
59,DMP1,ENSG00000152592,ENSMUSG00000029307,Dmp1
60,DISP1,ENSG00000154309,ENSMUSG00000030768,Disp1
61,DKK2,ENSG00000155011,ENSMUSG00000028031,Dkk2
62,DIP2A,ENSG00000160305,ENSMUSG00000020231,Dip2a
63,DMKN,ENSG00000161249,ENSMUSG00000060962,Dmkn
64,DNAJB4,ENSG00000162616,ENSMUSG00000028035,Dnajb4
65,DISC1,ENSG00000162946,ENSMUSG00000043051,Disc1
66,DNAJB14,ENSG00000164031,ENSMUSG00000074212,Dnajb14
67,DLC1,ENSG00000164741,ENSMUSG00000031523,Dlc1
68,DIRAS2,ENSG00000165023,ENSMUSG00000047842,Diras2
69,DIS3L,ENSG00000166938,ENSMUSG00000032396,Dis3l
70,DLGAP1,ENSG00000170579,ENSMUSG00000003279,Dlgap1
71,DLK2,ENSG00000171462,ENSMUSG00000047428,Dlk2
72,DNAJB7,ENSG00000172404,ENSMUSG00000047108,Dnajb7
73,DMXL1,ENSG00000172869,ENSMUSG00000037416,Dmxl1
74,DMRT2,ENSG00000173253,ENSMUSG00000048138,Dmrt2
75,DMRTA1,ENSG00000176399,ENSMUSG00000043753,Dmrta1
76,DIRAS1,ENSG00000176490,ENSMUSG00000043670,Diras1
77,DMAP1,ENSG00000178028,ENSMUSG00000009640,Dmap1
78,DNAJB8,ENSG00000179407,ENSMUSG00000048206,Dnajb8
79,DIABLO,ENSG00000184047,ENSMUSG00000029433,Diablo
80,DLK1,ENSG00000185559,ENSMUSG00000040856,Dlk1
81,DMWD,ENSG00000185800,ENSMUSG00000030410,Dmwd
82,DLEU7,ENSG00000186047,ENSMUSG00000048281,Dleu7
83,DNAJB13,ENSG00000187726,ENSMUSG00000030708,Dnajb13
84,DMBT1,ENSG00000187908,ENSMUSG00000047517,Dmbt1
85,DIO3,ENSG00000197406,ENSMUSG00000075707,Dio3
86,DMBX1,ENSG00000197587,ENSMUSG00000028707,Dmbx1
87,DLGAP2,ENSG00000198010,ENSMUSG00000047495,Dlgap2
88,DLL1,ENSG00000198719,ENSMUSG00000014773,Dll1
89,DMD,ENSG00000198947,ENSMUSG00000045103,Dmd
90,DIO2,ENSG00000211448,ENSMUSG00000007682,Dio2
91,DIO1,ENSG00000211452,ENSMUSG00000034785,Dio1
92,,,ENSMUSG00000031323,Dmrtc1a
93,,,ENSMUSG00000067561,Dmrtc1c2
94,,,ENSMUSG00000067562,Dmrtc1c1
95,,,ENSMUSG00000073027,Dmrtc1b
96,,,ENSMUSG00000081984,Dnajb3
97,,,ENSMUSG00000084946,Dlx1as
98,,,ENSMUSG00000097589,Dleu2
99,,,ENSMUSG00000113581,Dio3os
0,DPM1,ENSG00000000419,ENSMUSG00000078919,Dpm1
1,DNAJC11,ENSG00000007923,ENSMUSG00000039768,Dnajc11
2,DPF1,ENSG00000011332,ENSMUSG00000030584,Dpf1
3,DNASE1L1,ENSG00000013563,ENSMUSG00000019088,Dnase1l1
4,DPEP1,ENSG00000015413,ENSMUSG00000019278,Dpep1
5,DNAJC25,ENSG00000059769,ENSMUSG00000070972,Dnajc25
6,DNTTIP2,ENSG00000067334,ENSMUSG00000039756,Dnttip2
7,DPP8,ENSG00000074603,ENSMUSG00000032393,Dpp8
8,DNM2,ENSG00000079805,ENSMUSG00000033335,Dnm2
9,DNM1L,ENSG00000087470,ENSMUSG00000022789,Dnm1l
10,DNMT3B,ENSG00000088305,ENSMUSG00000027478,Dnmt3b
11,DOCK9,ENSG00000088387,ENSMUSG00000025558,Dock9
12,DOCK3,ENSG00000088538,ENSMUSG00000039716,Dock3
13,DOK5,ENSG00000101134,ENSMUSG00000027560,Dok5
14,DNAJC5,ENSG00000101152,ENSMUSG00000000826,Dnajc5
15,DNTTIP1,ENSG00000101457,ENSMUSG00000017299,Dnttip1
16,DNAJC3,ENSG00000102580,ENSMUSG00000022136,Dnajc3
17,DNAJC17,ENSG00000104129,ENSMUSG00000034278,Dnajc17
18,DOT1L,ENSG00000104885,ENSMUSG00000061589,Dot1l
19,DNASE2,ENSG00000105612,ENSMUSG00000003812,Dnase2a
20,DNAJC2,ENSG00000105821,ENSMUSG00000029014,Dnajc2
21,DNM1,ENSG00000106976,ENSMUSG00000026825,Dnm1
22,DOCK8,ENSG00000107099,ENSMUSG00000052085,Dock8
23,DNTT,ENSG00000107447,ENSMUSG00000025014,Dntt
24,DNMBP,ENSG00000107554,ENSMUSG00000025195,Dnmbp
25,DNAJC12,ENSG00000108176,ENSMUSG00000036764,Dnajc12
26,DPH1,ENSG00000108963,ENSMUSG00000078789,Dph1
27,DNAJC4,ENSG00000110011,ENSMUSG00000024963,Dnajc4
28,DNAJC27,ENSG00000115137,ENSMUSG00000020657,Dnajc27
29,DOK1,ENSG00000115325,ENSMUSG00000068335,Dok1
30,DNAJC16,ENSG00000116138,ENSMUSG00000040697,Dnajc16
31,DOCK7,ENSG00000116641,ENSMUSG00000028556,Dock7
32,DNAJC6,ENSG00000116675,ENSMUSG00000028528,Dnajc6
33,DPH5,ENSG00000117543,ENSMUSG00000033554,Dph5
34,DNMT3A,ENSG00000119772,ENSMUSG00000020661,Dnmt3a
35,DNAJC15,ENSG00000120675,ENSMUSG00000022013,Dnajc15
36,DNPEP,ENSG00000123992,ENSMUSG00000026209,Dnpep
37,DOK4,ENSG00000125170,ENSMUSG00000040631,Dok4
38,DNAJC8,ENSG00000126698,ENSMUSG00000054405,Dnajc8
39,DOCK4,ENSG00000128512,ENSMUSG00000035954,Dock4
40,DOHH,ENSG00000129932,ENSMUSG00000078440,Dohh
41,DOCK6,ENSG00000130158,ENSMUSG00000032198,Dock6
42,DPP6,ENSG00000130226,ENSMUSG00000061576,Dpp6
43,DNMT1,ENSG00000130816,ENSMUSG00000004099,Dnmt1
44,DPH2,ENSG00000132768,ENSMUSG00000028540,Dph2
45,DPF2,ENSG00000133884,ENSMUSG00000024826,Dpf2
46,DOCK2,ENSG00000134516,ENSMUSG00000020143,Dock2
47,DNAJC14,ENSG00000135392,ENSMUSG00000025354,Dnajc14
48,DOCK10,ENSG00000135905,ENSMUSG00000038608,Dock10
49,DPM2,ENSG00000136908,ENSMUSG00000026810,Dpm2
50,DNASE2B,ENSG00000137976,ENSMUSG00000028185,Dnase2b
51,DNAJC13,ENSG00000138246,ENSMUSG00000032560,Dnajc13
52,DPEP3,ENSG00000141096,ENSMUSG00000031898,Dpep3
53,DPP9,ENSG00000142002,ENSMUSG00000001229,Dpp9
54,DNMT3L,ENSG00000142182,ENSMUSG00000000730,Dnmt3l
55,DOK3,ENSG00000146094,ENSMUSG00000035711,Dok3
56,DOCK11,ENSG00000147251,ENSMUSG00000031093,Dock11
57,DOK2,ENSG00000147443,ENSMUSG00000022102,Dok2
58,DOCK5,ENSG00000147459,ENSMUSG00000044447,Dock5
59,DNAJC5B,ENSG00000147570,ENSMUSG00000027606,Dnajc5b
60,DOC2A,ENSG00000149927,ENSMUSG00000052301,Doc2a
61,DOCK1,ENSG00000150760,ENSMUSG00000058325,Dock1
62,DPH3,ENSG00000154813,ENSMUSG00000021905,Dph3
63,DONSON,ENSG00000159147,ENSMUSG00000022960,Donson
64,DPPA2,ENSG00000163530,ENSMUSG00000072419,Dppa2
65,DNASE1L3,ENSG00000163687,ENSMUSG00000025279,Dnase1l3
66,DNAJC5G,ENSG00000163793,ENSMUSG00000053856,Dnajc5g
67,DNALI1,ENSG00000163879,ENSMUSG00000042707,Dnali1
68,DPCD,ENSG00000166171,ENSMUSG00000041035,Dpcd
69,DOLPP1,ENSG00000167130,ENSMUSG00000026856,Dolpp1
70,DPEP2,ENSG00000167261,ENSMUSG00000053687,Dpep2
71,DNASE1L2,ENSG00000167968,ENSMUSG00000024136,Dnase1l2
72,DNAJC7,ENSG00000168259,ENSMUSG00000014195,Dnajc7
73,DNAJC21,ENSG00000168724,ENSMUSG00000044224,Dnajc21
74,DNAJC18,ENSG00000170464,ENSMUSG00000024350,Dnajc18
75,DNAJC24,ENSG00000170946,ENSMUSG00000027166,Dnajc24
76,DPAGT1,ENSG00000172269,ENSMUSG00000032123,Dpagt1
77,DOLK,ENSG00000175283,ENSMUSG00000075419,Dolk
78,DPP10,ENSG00000175497,ENSMUSG00000036815,Dpp10
79,DOK7,ENSG00000175920,ENSMUSG00000044716,Dok7
80,DNAJC30,ENSG00000176410,ENSMUSG00000061118,Dnajc30
81,DPP7,ENSG00000176978,ENSMUSG00000026958,Dpp7
82,DNAJC28,ENSG00000177692,ENSMUSG00000039763,Dnajc28
83,DNAJC22,ENSG00000178401,ENSMUSG00000038009,Dnajc22
84,DPM3,ENSG00000179085,ENSMUSG00000042737,Dpm3
85,DNER,ENSG00000187957,ENSMUSG00000036766,Dner
86,DPP4,ENSG00000197635,ENSMUSG00000035000,Dpp4
87,DNM3,ENSG00000197959,ENSMUSG00000040265,Dnm3
88,DPF3,ENSG00000205683,ENSMUSG00000021221,Dpf3
89,DNAJC19,ENSG00000205981,ENSMUSG00000027679,Dnajc19
90,DOK6,ENSG00000206052,ENSMUSG00000073514,Dok6
91,DNLZ,ENSG00000213221,ENSMUSG00000075467,Dnlz
92,DNAJC9,ENSG00000213551,ENSMUSG00000021811,Dnajc9
93,DNASE1,ENSG00000213918,ENSMUSG00000005980,Dnase1
94,DPP3,ENSG00000254986,ENSMUSG00000063904,Dpp3
95,DND1,ENSG00000256453,ENSMUSG00000044595,Dnd1
96,DOC2B,ENSG00000272636,ENSMUSG00000020848,Doc2b
97,,,ENSMUSG00000024871,Doc2g
98,,,ENSMUSG00000064010,Dppa1
99,,,ENSMUSG00000078190,Dnm3os
100,,,ENSMUSG00000115067,Dpep2
0,DVL2,ENSG00000004975,ENSMUSG00000020888,Dvl2
1,DSG2,ENSG00000046604,ENSMUSG00000044393,Dsg2
2,DTNBP1,ENSG00000047579,ENSMUSG00000057531,Dtnbp1
3,DRD4,ENSG00000069696,ENSMUSG00000025496,Drd4
4,DUSP13B,ENSG00000079393,ENSMUSG00000021768,Dusp13
5,DUSP12,ENSG00000081721,ENSMUSG00000026659,Dusp12
6,DTX2,ENSG00000091073,ENSMUSG00000004947,Dtx2
7,DPYSL2,ENSG00000092964,ENSMUSG00000022048,Dpysl2
8,DSP,ENSG00000096696,ENSMUSG00000054889,Dsp
9,DRP2,ENSG00000102385,ENSMUSG00000000223,Drp2
10,DTWD1,ENSG00000104047,ENSMUSG00000023330,Dtwd1
11,DUS4L,ENSG00000105865,ENSMUSG00000020648,Dus4l
12,DVL1,ENSG00000107404,ENSMUSG00000029071,Dvl1
13,DRG2,ENSG00000108591,ENSMUSG00000020537,Drg2
14,DTX4,ENSG00000110042,ENSMUSG00000039982,Dtx4
15,DUSP16,ENSG00000111266,ENSMUSG00000030203,Dusp16
16,DSE,ENSG00000111817,ENSMUSG00000039497,Dse
17,DUSP22,ENSG00000112679,ENSMUSG00000069255,Dusp22
18,DROSHA,ENSG00000113360,ENSMUSG00000022191,Drosha
19,DPYSL3,ENSG00000113657,ENSMUSG00000024501,Dpysl3
20,DR1,ENSG00000117505,ENSMUSG00000029265,Dr1
21,DUSP1,ENSG00000120129,ENSMUSG00000024190,Dusp1
22,DUSP4,ENSG00000120875,ENSMUSG00000031530,Dusp4
23,DPPA4,ENSG00000121570,ENSMUSG00000058550,Dppa4
24,DTD1,ENSG00000125821,ENSMUSG00000027430,Dtd1
25,DSTN,ENSG00000125868,ENSMUSG00000015932,Dstn
26,DUT,ENSG00000128951,ENSMUSG00000027203,Dut
27,DUSP9,ENSG00000130829,ENSMUSG00000031383,Dusp9
28,DSTYK,ENSG00000133059,ENSMUSG00000042046,Dstyk
29,DYDC2,ENSG00000133665,ENSMUSG00000021791,Dydc2
30,DUSP26,ENSG00000133878,ENSMUSG00000039661,Dusp26
31,DSC2,ENSG00000134755,ENSMUSG00000024331,Dsc2
32,DSG3,ENSG00000134757,ENSMUSG00000056632,Dsg3
33,DSG1,ENSG00000134760,ENSMUSG00000034774,Dsg1c
34,DSG1,ENSG00000134760,ENSMUSG00000061928,Dsg1b
35,DSG1,ENSG00000134760,ENSMUSG00000069441,Dsg1a
36,DSC3,ENSG00000134762,ENSMUSG00000059898,Dsc3
37,DSC1,ENSG00000134765,ENSMUSG00000044322,Dsc1
38,DTNA,ENSG00000134769,ENSMUSG00000024302,Dtna
39,DTX1,ENSG00000135144,ENSMUSG00000029603,Dtx1
40,DRAM1,ENSG00000136048,ENSMUSG00000020057,Dram1
41,DSCC1,ENSG00000136982,ENSMUSG00000022422,Dscc1
42,DUOX1,ENSG00000137857,ENSMUSG00000033268,Duox1
43,DUSP5,ENSG00000138166,ENSMUSG00000034765,Dusp5
44,DUSP6,ENSG00000139318,ENSMUSG00000019960,Dusp6
45,DUOXA1,ENSG00000140254,ENSMUSG00000027224,Duoxa1
46,DUOXA2,ENSG00000140274,ENSMUSG00000027225,Duoxa2
47,DUOX2,ENSG00000140279,ENSMUSG00000068452,Duox2
48,DYM,ENSG00000141627,ENSMUSG00000035765,Dym
49,DUS3L,ENSG00000141994,ENSMUSG00000007603,Dus3l
50,DPT,ENSG00000143196,ENSMUSG00000026574,Dpt
51,DTL,ENSG00000143476,ENSMUSG00000037474,Dtl
52,DUSP10,ENSG00000143507,ENSMUSG00000039384,Dusp10
53,DQX1,ENSG00000144045,ENSMUSG00000009145,Dqx1
54,DUSP11,ENSG00000144048,ENSMUSG00000030002,Dusp11
55,DPYS,ENSG00000147647,ENSMUSG00000022304,Dpys
56,DRD2,ENSG00000149295,ENSMUSG00000032259,Drd2
57,DUSP15,ENSG00000149599,ENSMUSG00000042662,Dusp15
58,DSN1,ENSG00000149636,ENSMUSG00000027635,Dsn1
59,DRD3,ENSG00000151577,ENSMUSG00000022705,Drd3
60,DPYSL4,ENSG00000151640,ENSMUSG00000025478,Dpysl4
61,DST,ENSG00000151914,ENSMUSG00000026131,Dst
62,DSPP,ENSG00000152591,ENSMUSG00000053268,Dspp
63,DPY19L4,ENSG00000156162,ENSMUSG00000045205,Dpy19l4
64,DRAM2,ENSG00000156171,ENSMUSG00000027900,Dram2
65,DPYSL5,ENSG00000157851,ENSMUSG00000029168,Dpysl5
66,DUSP2,ENSG00000158050,ENSMUSG00000027368,Dusp2
67,DUSP23,ENSG00000158716,ENSMUSG00000026544,Dusp23
68,DVL3,ENSG00000161202,ENSMUSG00000003233,Dvl3
69,DPY30,ENSG00000162961,ENSMUSG00000024067,Dpy30
70,DUSP19,ENSG00000162999,ENSMUSG00000027001,Dusp19
71,DTX3L,ENSG00000163840,ENSMUSG00000049502,Dtx3l
72,DUSP7,ENSG00000164086,ENSMUSG00000053716,Dusp7
73,DUSP18,ENSG00000167065,ENSMUSG00000047205,Dusp18
74,DTYMK,ENSG00000168393,ENSMUSG00000026281,Dtymk
75,DTWD2,ENSG00000169570,ENSMUSG00000024505,Dtwd2
76,DRD5,ENSG00000169676,ENSMUSG00000039358,Drd5
77,DUS1L,ENSG00000169718,ENSMUSG00000025155,Dus1l
78,DYDC1,ENSG00000170788,ENSMUSG00000021790,Dydc1
79,DSEL,ENSG00000171451,ENSMUSG00000038702,Dsel
80,DSCAM,ENSG00000171587,ENSMUSG00000050272,Dscam
81,DPY19L1,ENSG00000173852,ENSMUSG00000043067,Dpy19l1
82,DSG4,ENSG00000175065,ENSMUSG00000001804,Dsg4
83,DRAP1,ENSG00000175550,ENSMUSG00000024914,Drap1
84,DSCAML1,ENSG00000177103,ENSMUSG00000032087,Dscaml1
85,DPY19L2,ENSG00000177990,ENSMUSG00000085576,Dpy19l2
86,DTX3,ENSG00000178498,ENSMUSG00000040415,Dtx3
87,DPY19L3,ENSG00000178904,ENSMUSG00000043671,Dpy19l3
88,DUSP8,ENSG00000184545,ENSMUSG00000037887,Dusp8
89,DRG1,ENSG00000185721,ENSMUSG00000020457,Drg1
90,DPPA3,ENSG00000187569,ENSMUSG00000046323,Dppa3
91,DUSP28,ENSG00000188542,ENSMUSG00000047067,Dusp28
92,DPYD,ENSG00000188641,ENSMUSG00000033308,Dpyd
93,DUSP21,ENSG00000189037,ENSMUSG00000025043,Dusp21
94,DYNC1H1,ENSG00000197102,ENSMUSG00000018707,Dync1h1
95,DPPA5,ENSG00000203909,ENSMUSG00000060461,Dppa5a
96,DUSP14,ENSG00000276023,ENSMUSG00000018648,Dusp14
97,,,ENSMUSG00000003518,Dusp3
98,,,ENSMUSG00000071454,Dtnb
0,E2F2,ENSG00000007968,ENSMUSG00000018983,E2f2
1,DYRK4,ENSG00000010219,ENSMUSG00000030345,Dyrk4
2,DYNC1I2,ENSG00000077380,ENSMUSG00000027012,Dync1i2
3,EBF4,ENSG00000088881,ENSMUSG00000053552,Ebf4
4,DYNLL1,ENSG00000088986,ENSMUSG00000009013,Dynll1
5,ECHDC1,ENSG00000093144,ENSMUSG00000019883,Echdc1
6,E2F1,ENSG00000101412,ENSMUSG00000027490,E2f1
7,EARS2,ENSG00000103356,ENSMUSG00000030871,Ears2
8,ECH1,ENSG00000104823,ENSMUSG00000053898,Ech1
9,DYRK1B,ENSG00000105204,ENSMUSG00000002409,Dyrk1b
10,EBI3,ENSG00000105246,ENSMUSG00000003206,Ebi3
11,EBF3,ENSG00000108001,ENSMUSG00000010476,Ebf3
12,E2F3,ENSG00000112242,ENSMUSG00000016477,E2f3
13,ECE1,ENSG00000117298,ENSMUSG00000057530,Ece1
14,EBNA1BP2,ENSG00000117395,ENSMUSG00000028729,Ebna1bp2
15,ECHDC2,ENSG00000121310,ENSMUSG00000028601,Echdc2
16,ECD,ENSG00000122882,ENSMUSG00000021810,Ecd
17,EBPL,ENSG00000123179,ENSMUSG00000021928,Ebpl
18,DYNLRB1,ENSG00000125971,ENSMUSG00000047459,Dynlrb1
19,DYRK2,ENSG00000127334,ENSMUSG00000028630,Dyrk2
20,ECHS1,ENSG00000127884,ENSMUSG00000025465,Echs1
21,E2F8,ENSG00000129173,ENSMUSG00000046179,E2f8
22,EAPP,ENSG00000129518,ENSMUSG00000054302,Eapp
23,E2F5,ENSG00000133740,ENSMUSG00000027552,E2f5
24,ECHDC3,ENSG00000134463,ENSMUSG00000039063,Echdc3
25,DZIP1,ENSG00000134874,ENSMUSG00000042156,Dzip1
26,DYSF,ENSG00000135636,ENSMUSG00000033788,Dysf
27,DYNC1LI2,ENSG00000135720,ENSMUSG00000035770,Dync1li2
28,DYNC2LI1,ENSG00000138036,ENSMUSG00000024253,Dync2li1
29,ECM1,ENSG00000143369,ENSMUSG00000028108,Ecm1
30,DYRK3,ENSG00000143479,ENSMUSG00000016526,Dyrk3
31,EAF1,ENSG00000144597,ENSMUSG00000021890,Eaf1
32,DYNC1LI1,ENSG00000144635,ENSMUSG00000032435,Dync1li1
33,EAF2,ENSG00000145088,ENSMUSG00000022838,Eaf2
34,ECE2,ENSG00000145194,ENSMUSG00000022842,Ece2
35,DYNLT1,ENSG00000146425,ENSMUSG00000000579,Dynlt1c
36,DYNLT1,ENSG00000146425,ENSMUSG00000092074,Dynlt1a
37,DYNLT1,ENSG00000146425,ENSMUSG00000095677,Dynlt1f
38,DYNLT1,ENSG00000146425,ENSMUSG00000096255,Dynlt1b
39,EBP,ENSG00000147155,ENSMUSG00000031168,Ebp
40,EBAG9,ENSG00000147654,ENSMUSG00000022339,Ebag9
41,DYRK1A,ENSG00000157540,ENSMUSG00000022897,Dyrk1a
42,DZIP1L,ENSG00000158163,ENSMUSG00000037784,Dzip1l
43,DYNC1I1,ENSG00000158560,ENSMUSG00000029757,Dync1i1
44,EBF1,ENSG00000164330,ENSMUSG00000057098,Ebf1
45,DYNLT3,ENSG00000165169,ENSMUSG00000031176,Dynlt3
46,KIAA1958,ENSG00000165185,ENSMUSG00000045071,E130308A19Rik
47,E2F7,ENSG00000165891,ENSMUSG00000020185,E2f7
48,E4F1,ENSG00000167967,ENSMUSG00000024137,E4f1
49,ECI1,ENSG00000167969,ENSMUSG00000024132,Eci1
50,DYNLRB2,ENSG00000168589,ENSMUSG00000034467,Dynlrb2
51,E2F6,ENSG00000169016,ENSMUSG00000057469,E2f6
52,RNASE2,ENSG00000169385,ENSMUSG00000050766,Ear14
53,RNASE3,ENSG00000169397,ENSMUSG00000050766,Ear14
54,RNASE2,ENSG00000169385,ENSMUSG00000062148,Ear6
55,RNASE3,ENSG00000169397,ENSMUSG00000062148,Ear6
56,RNASE2,ENSG00000169385,ENSMUSG00000072596,Ear2
57,RNASE3,ENSG00000169397,ENSMUSG00000072596,Ear2
58,RNASE2,ENSG00000169385,ENSMUSG00000072601,Ear1
59,RNASE3,ENSG00000169397,ENSMUSG00000072601,Ear1
60,RNASE2,ENSG00000169385,ENSMUSG00000090166,Ear10
61,RNASE3,ENSG00000169397,ENSMUSG00000090166,Ear10
62,ZNF764,ENSG00000169951,ENSMUSG00000078580,E430018J23Rik
63,ZNF747,ENSG00000169955,ENSMUSG00000078580,E430018J23Rik
64,ECEL1,ENSG00000171551,ENSMUSG00000026247,Ecel1
65,C3orf33,ENSG00000174928,ENSMUSG00000048581,E130311K13Rik
66,DYNC2H1,ENSG00000187240,ENSMUSG00000047193,Dync2h1
67,ECI2,ENSG00000198721,ENSMUSG00000021416,Eci3
68,ECI2,ENSG00000198721,ENSMUSG00000021417,Eci2
69,DZIP3,ENSG00000198919,ENSMUSG00000064061,Dzip3
70,E2F4,ENSG00000205250,ENSMUSG00000014859,E2f4
71,EBF2,ENSG00000221818,ENSMUSG00000022053,Ebf2
72,DYTN,ENSG00000232125,ENSMUSG00000069085,Dytn
73,DYNLL2,ENSG00000264364,ENSMUSG00000020483,Dynll2
74,,,ENSMUSG00000038925,E330034G19Rik
75,,,ENSMUSG00000044141,E130201H02Rik
76,,,ENSMUSG00000044719,E230025N22Rik
77,,,ENSMUSG00000044997,E130304I02Rik
78,,,ENSMUSG00000048747,E130114P18Rik
79,,,ENSMUSG00000051832,E230016K23Rik
80,,,ENSMUSG00000053117,E330013P04Rik
81,,,ENSMUSG00000073538,E330020D12Rik
82,,,ENSMUSG00000074887,EU599041
83,,,ENSMUSG00000078605,E030025P04Rik
84,,,ENSMUSG00000083889,E530001F21Rik
85,,,ENSMUSG00000085271,E130006D01Rik
86,,,ENSMUSG00000085600,E330012B07Rik
87,,,ENSMUSG00000086369,E330017L17Rik
88,,,ENSMUSG00000086782,E130102H24Rik
89,,,ENSMUSG00000086843,E030013I19Rik
90,,,ENSMUSG00000087177,E130307A14Rik
91,,,ENSMUSG00000087231,E230016M11Rik
92,,,ENSMUSG00000087406,E130215H24Rik
93,,,ENSMUSG00000087648,E130018N17Rik
94,,,ENSMUSG00000091994,E130317F20Rik
95,,,ENSMUSG00000095061,E030018B13Rik
96,,,ENSMUSG00000097327,E030030I06Rik
97,,,ENSMUSG00000097585,E230029C05Rik
98,,,ENSMUSG00000097740,E030044B06Rik
99,,,ENSMUSG00000097820,E530011L22Rik
100,,,ENSMUSG00000109841,E330011O21Rik
101,,,ENSMUSG00000116665,E130310I04Rik
102,,,ENSMUSG00000117011,E130008D07Rik
0,EHD3,ENSG00000013016,ENSMUSG00000024065,Ehd3
1,EHD2,ENSG00000024422,ENSMUSG00000074364,Ehd2
2,EDC4,ENSG00000038358,ENSMUSG00000036270,Edc4
3,EIF2AK2,ENSG00000055332,ENSMUSG00000024079,Eif2ak2
4,EED,ENSG00000074266,ENSMUSG00000030619,Eed
5,EDN1,ENSG00000078401,ENSMUSG00000021367,Edn1
6,EFR3B,ENSG00000084710,ENSMUSG00000020658,Efr3b
7,EIF2AK1,ENSG00000086232,ENSMUSG00000029613,Eif2ak1
8,EDEM2,ENSG00000088298,ENSMUSG00000038312,Edem2
9,EFNB1,ENSG00000090776,ENSMUSG00000031217,Efnb1
10,EFHC1,ENSG00000096093,ENSMUSG00000041809,Efhc1
11,EFNA2,ENSG00000099617,ENSMUSG00000003070,Efna2
12,EFS,ENSG00000100842,ENSMUSG00000022203,Efs
13,EEF1A2,ENSG00000101210,ENSMUSG00000016349,Eef1a2
14,EEA1,ENSG00000102189,ENSMUSG00000036499,Eea1
15,EEF2K,ENSG00000103319,ENSMUSG00000035064,Eef2k
16,EHD4,ENSG00000103966,ENSMUSG00000027293,Ehd4
17,EEF1D,ENSG00000104529,ENSMUSG00000055762,Eef1d
18,ECM2,ENSG00000106823,ENSMUSG00000043631,Ecm2
19,EDF1,ENSG00000107223,ENSMUSG00000015092,Edf1
20,EFTUD2,ENSG00000108883,ENSMUSG00000020929,Eftud2
21,EFNB3,ENSG00000108947,ENSMUSG00000003934,Efnb3
22,EHD1,ENSG00000110047,ENSMUSG00000024772,Ehd1
23,EHHADH,ENSG00000113790,ENSMUSG00000022853,Ehhadh
24,ECT2,ENSG00000114346,ENSMUSG00000027699,Ect2
25,EIF1B,ENSG00000114784,ENSMUSG00000006941,Eif1b
26,EEF1B2,ENSG00000114942,ENSMUSG00000025967,Eef1b2
27,EFEMP1,ENSG00000115380,ENSMUSG00000020467,Efemp1
28,EFHD1,ENSG00000115468,ENSMUSG00000026255,Efhd1
29,EHBP1,ENSG00000115504,ENSMUSG00000042302,Ehbp1
30,EDEM3,ENSG00000116406,ENSMUSG00000043019,Edem3
31,EGR1,ENSG00000120738,ENSMUSG00000038418,Egr1
32,EEPD1,ENSG00000122547,ENSMUSG00000036611,Eepd1
33,EGR2,ENSG00000122877,ENSMUSG00000037868,Egr2
34,EDN3,ENSG00000124205,ENSMUSG00000027524,Edn3
35,EEF1E1,ENSG00000124802,ENSMUSG00000001707,Eef1e1
36,EFNB2,ENSG00000125266,ENSMUSG00000001300,Efnb2
37,EDN2,ENSG00000127129,ENSMUSG00000028635,Edn2
38,EGLN3,ENSG00000129521,ENSMUSG00000035105,Egln3
39,ECSIT,ENSG00000130159,ENSMUSG00000066839,Ecsit
40,EDA2R,ENSG00000131080,ENSMUSG00000034457,Eda2r
41,EFR3A,ENSG00000132294,ENSMUSG00000015002,Efr3a
42,EEFSEC,ENSG00000132394,ENSMUSG00000033216,Eefsec
43,EDEM1,ENSG00000134109,ENSMUSG00000030104,Edem1
44,EHF,ENSG00000135373,ENSMUSG00000012350,Ehf
45,EGR4,ENSG00000135625,ENSMUSG00000071341,Egr4
46,EGLN1,ENSG00000135766,ENSMUSG00000031987,Egln1
47,EDAR,ENSG00000135960,ENSMUSG00000003227,Edar
48,EDNRB,ENSG00000136160,ENSMUSG00000022122,Ednrb
49,EGF,ENSG00000138798,ENSMUSG00000028017,Egf
50,EFHD2,ENSG00000142634,ENSMUSG00000040659,Efhd2
51,EFNA3,ENSG00000143590,ENSMUSG00000028039,Efna3
52,EIF2A,ENSG00000144895,ENSMUSG00000027810,Eif2a
53,EGFR,ENSG00000146648,ENSMUSG00000020122,Egfr
54,EI24,ENSG00000149547,ENSMUSG00000062762,Ei24
55,EDNRA,ENSG00000151617,ENSMUSG00000031616,Ednra
56,EDA,ENSG00000158813,ENSMUSG00000059327,Eda
57,EFHB,ENSG00000163576,ENSMUSG00000023931,Efhb
58,EDIL3,ENSG00000164176,ENSMUSG00000034488,Edil3
59,EGFLAM,ENSG00000164318,ENSMUSG00000042961,Egflam
60,EEF2,ENSG00000167658,ENSMUSG00000034994,Eef2
61,EFNA1,ENSG00000169242,ENSMUSG00000027954,Efna1
62,EIF2AK3,ENSG00000172071,ENSMUSG00000031668,Eif2ak3
63,EFCAB3,ENSG00000172421,ENSMUSG00000020690,Efcab3
64,EFEMP2,ENSG00000172638,ENSMUSG00000024909,Efemp2
65,EGFL7,ENSG00000172889,ENSMUSG00000026921,Egfl7
66,EHBP1L1,ENSG00000173442,ENSMUSG00000024937,Ehbp1l1
67,EIF1AX,ENSG00000173674,ENSMUSG00000067194,Eif1ax
68,EIF1,ENSG00000173812,ENSMUSG00000035530,Eif1
69,EIF1AD,ENSG00000175376,ENSMUSG00000024841,Eif1ad
70,EID2,ENSG00000176396,ENSMUSG00000046058,Eid2
71,EID2B,ENSG00000176401,ENSMUSG00000070705,Eid2b
72,EFCAB5,ENSG00000176927,ENSMUSG00000050944,Efcab5
73,EDC3,ENSG00000179151,ENSMUSG00000038957,Edc3
74,EGR3,ENSG00000179388,ENSMUSG00000033730,Egr3
75,EHMT1,ENSG00000181090,ENSMUSG00000036893,Ehmt1
76,EDDM3B,ENSG00000181552,ENSMUSG00000072575,Eddm3b
77,EDDM3A,ENSG00000181562,ENSMUSG00000072575,Eddm3b
78,EFHC2,ENSG00000183690,ENSMUSG00000025038,Efhc2
79,EFNA5,ENSG00000184349,ENSMUSG00000048915,Efna5
80,EFCAB10,ENSG00000185055,ENSMUSG00000020562,Efcab10
81,EDARADD,ENSG00000186197,ENSMUSG00000095105,Edaradd
82,EFCAB6,ENSG00000186976,ENSMUSG00000022441,Efcab6
83,EGFL6,ENSG00000198759,ENSMUSG00000000402,Egfl6
84,EFCAB2,ENSG00000203666,ENSMUSG00000026495,Efcab2
85,ECT2L,ENSG00000203734,ENSMUSG00000071392,Ect2l
86,EFCAB7,ENSG00000203965,ENSMUSG00000073791,Efcab7
87,EHMT2,ENSG00000204371,ENSMUSG00000013787,Ehmt2
88,EFCAB9,ENSG00000214360,ENSMUSG00000044056,Efcab9
89,EFCAB8,ENSG00000215529,ENSMUSG00000044083,Efcab8
90,EGFL8,ENSG00000241404,ENSMUSG00000015467,Egfl8
91,EFNA4,ENSG00000243364,ENSMUSG00000028040,Efna4
92,ECSCR,ENSG00000249751,ENSMUSG00000073599,Ecscr
93,EEF1G,ENSG00000254772,ENSMUSG00000071644,Eef1g
94,EID3,ENSG00000255150,ENSMUSG00000109864,Eid3
95,EGLN2,ENSG00000269858,ENSMUSG00000058709,Egln2
96,,,ENSMUSG00000037742,Eef1a1
97,,,ENSMUSG00000057561,Eif1a
98,,,ENSMUSG00000063600,Egfem1
99,,,ENSMUSG00000091337,Eid1
0,ELAC2,ENSG00000006744,ENSMUSG00000020549,Elac2
1,ELOVL5,ENSG00000012660,ENSMUSG00000032349,Elovl5
2,ELN,ENSG00000049540,ENSMUSG00000029675,Eln
3,ELMO2,ENSG00000062598,ENSMUSG00000017670,Elmo2
4,EIF4B,ENSG00000063046,ENSMUSG00000058655,Eif4b
5,ELAVL1,ENSG00000066044,ENSMUSG00000040028,Elavl1
6,ELOVL1,ENSG00000066322,ENSMUSG00000006390,Elovl1
7,EML1,ENSG00000066629,ENSMUSG00000058070,Eml1
8,EIF2B3,ENSG00000070785,ENSMUSG00000028683,Eif2b3
9,EIF4G3,ENSG00000075151,ENSMUSG00000028760,Eif4g3
10,EIF3I,ENSG00000084623,ENSMUSG00000028798,Eif3i
11,EIF3L,ENSG00000100129,ENSMUSG00000033047,Eif3l
12,EIF3D,ENSG00000100353,ENSMUSG00000016554,Eif3d
13,EIF5,ENSG00000100664,ENSMUSG00000021282,Eif5
14,ELF4,ENSG00000102034,ENSMUSG00000031103,Elf4
15,EMD,ENSG00000102119,ENSMUSG00000001964,Emd
16,ELMO3,ENSG00000102890,ENSMUSG00000014791,Elmo3
17,EIF3E,ENSG00000104408,ENSMUSG00000022336,Eif3e
18,ELL,ENSG00000105656,ENSMUSG00000070002,Ell
19,EIF3B,ENSG00000106263,ENSMUSG00000056076,Eif3b
20,EIF4H,ENSG00000106682,ENSMUSG00000040731,Eif4h
21,ELAVL2,ENSG00000107105,ENSMUSG00000008489,Elavl2
22,EIF3A,ENSG00000107581,ENSMUSG00000024991,Eif3a
23,ELF2,ENSG00000109381,ENSMUSG00000037174,Elf2
24,ELP4,ENSG00000109911,ENSMUSG00000027167,Elp4
25,EIF4G2,ENSG00000110321,ENSMUSG00000005610,Eif4g2
26,ELMOD1,ENSG00000110675,ENSMUSG00000041986,Elmod1
27,ELK3,ENSG00000111145,ENSMUSG00000008398,Elk3
28,EIF2B1,ENSG00000111361,ENSMUSG00000029388,Eif2b1
29,EIF4G1,ENSG00000114867,ENSMUSG00000045983,Eif4g1
30,EIF2B4,ENSG00000115211,ENSMUSG00000029145,Eif2b4
31,ELMOD3,ENSG00000115459,ENSMUSG00000056698,Elmod3
32,ELOVL4,ENSG00000118402,ENSMUSG00000032262,Elovl4
33,ELL2,ENSG00000118985,ENSMUSG00000001542,Ell2
34,EIF2B2,ENSG00000119718,ENSMUSG00000004788,Eif2b2
35,ELOVL3,ENSG00000119915,ENSMUSG00000038754,Elovl3
36,ELF1,ENSG00000120690,ENSMUSG00000036461,Elf1
37,EML2,ENSG00000125746,ENSMUSG00000040811,Eml2
38,EIF2S2,ENSG00000125977,ENSMUSG00000074656,Eif2s2
39,EMG1,ENSG00000126749,ENSMUSG00000004268,Emg1
40,ELK1,ENSG00000126767,ENSMUSG00000009406,Elk1
41,EIF2AK4,ENSG00000128829,ENSMUSG00000005102,Eif2ak4
42,ELL3,ENSG00000128886,ENSMUSG00000027246,Ell3
43,ELOF1,ENSG00000130165,ENSMUSG00000013822,Elof1
44,EIF3G,ENSG00000130811,ENSMUSG00000070319,Eif3g
45,EMILIN2,ENSG00000132205,ENSMUSG00000024053,Emilin2
46,EIF5A,ENSG00000132507,ENSMUSG00000078812,Eif5a
47,EIF5AL1,ENSG00000253626,ENSMUSG00000078812,Eif5a
48,EIF2S1,ENSG00000134001,ENSMUSG00000021116,Eif2s1
49,ELP3,ENSG00000134014,ENSMUSG00000022031,Elp3
50,EMP1,ENSG00000134531,ENSMUSG00000030208,Emp1
51,ELP2,ENSG00000134759,ENSMUSG00000024271,Elp2
52,ELF5,ENSG00000135374,ENSMUSG00000027186,Elf5
53,EIF4E2,ENSG00000135930,ENSMUSG00000026254,Eif4e2
54,EMILIN1,ENSG00000138080,ENSMUSG00000029163,Emilin1
55,EIF4A3,ENSG00000141543,ENSMUSG00000025580,Eif4a3
56,ELAC1,ENSG00000141642,ENSMUSG00000036941,Elac1
57,EIF2D,ENSG00000143486,ENSMUSG00000026427,Eif2d
58,EML4,ENSG00000143924,ENSMUSG00000032624,Eml4
59,EIF2B5,ENSG00000145191,ENSMUSG00000003235,Eif2b5
60,EIF3H,ENSG00000147677,ENSMUSG00000022312,Eif3h
61,EIF4EBP2,ENSG00000148730,ENSMUSG00000020091,Eif4ebp2
62,EIF3M,ENSG00000149100,ENSMUSG00000027170,Eif3m
63,EML3,ENSG00000149499,ENSMUSG00000071647,Eml3
64,EIF4E,ENSG00000151247,ENSMUSG00000028156,Eif4e
65,EME1,ENSG00000154920,ENSMUSG00000039055,Eme1
66,ELMO1,ENSG00000155849,ENSMUSG00000041112,Elmo1
67,EIF4A2,ENSG00000156976,ENSMUSG00000022884,Eif4a2
68,EIF5B,ENSG00000158417,ENSMUSG00000026083,Eif5b
69,ELK4,ENSG00000158711,ENSMUSG00000026436,Elk4
70,EIF4A1,ENSG00000161960,ENSMUSG00000059796,Eif4a1
71,ELAVL4,ENSG00000162374,ENSMUSG00000028546,Elavl4
72,EIF4E3,ENSG00000163412,ENSMUSG00000093661,Eif4e3
73,ELF3,ENSG00000163435,ENSMUSG00000003051,Elf3
74,EIF5A2,ENSG00000163577,ENSMUSG00000050192,Eif5a2
75,EMCN,ENSG00000164035,ENSMUSG00000054690,Emcn
76,ELOVL7,ENSG00000164181,ENSMUSG00000021696,Elovl7
77,EML5,ENSG00000165521,ENSMUSG00000051166,Eml5
78,ELFN2,ENSG00000166897,ENSMUSG00000043460,Elfn2
79,ELOVL6,ENSG00000170522,ENSMUSG00000041220,Elovl6
80,EMB,ENSG00000170571,ENSMUSG00000021728,Emb
81,EIF3F,ENSG00000175390,ENSMUSG00000031029,Eif3f
82,EIF4E1B,ENSG00000175766,ENSMUSG00000074895,Eif4e1b
83,EIF3K,ENSG00000178982,ENSMUSG00000053565,Eif3k
84,ELMOD2,ENSG00000179387,ENSMUSG00000035151,Elmod2
85,EIF2S3B,ENSG00000180574,ENSMUSG00000069049,Eif2s3y
86,EMILIN3,ENSG00000183798,ENSMUSG00000050700,Emilin3
87,EIF3C,ENSG00000184110,ENSMUSG00000030738,Eif3c
88,EIF3CL,ENSG00000205609,ENSMUSG00000030738,Eif3c
89,EIF4ENIF1,ENSG00000184708,ENSMUSG00000020454,Eif4enif1
90,EMID1,ENSG00000186998,ENSMUSG00000034164,Emid1
91,EIF4EBP1,ENSG00000187840,ENSMUSG00000031490,Eif4ebp1
92,ELAVL3,ENSG00000196361,ENSMUSG00000003410,Elavl3
93,ELANE,ENSG00000197561,ENSMUSG00000020125,Elane
94,EME2,ENSG00000197774,ENSMUSG00000073436,Eme2
95,ELOVL2,ENSG00000197977,ENSMUSG00000021364,Elovl2
96,EMP2,ENSG00000213853,ENSMUSG00000022505,Emp2
97,EML6,ENSG00000214595,ENSMUSG00000044072,Eml6
98,ELFN1,ENSG00000225968,ENSMUSG00000048988,Elfn1
99,EIF6,ENSG00000242372,ENSMUSG00000027613,Eif6
100,EIF4EBP3,ENSG00000243056,ENSMUSG00000090264,Eif4ebp3
101,,,ENSMUSG00000035150,Eif2s3x
0,ENPP4,ENSG00000001561,ENSMUSG00000023961,Enpp4
1,ERCC1,ENSG00000012061,ENSMUSG00000003549,Ercc1
2,EPHA3,ENSG00000044524,ENSMUSG00000052504,Epha3
3,EPN3,ENSG00000049283,ENSMUSG00000010080,Epn3
4,ENTPD2,ENSG00000054179,ENSMUSG00000015085,Entpd2
5,EPN1,ENSG00000063245,ENSMUSG00000035203,Epn1
6,ERBB3,ENSG00000065361,ENSMUSG00000018166,Erbb3
7,EPHA8,ENSG00000070886,ENSMUSG00000028661,Epha8
8,EPN2,ENSG00000072134,ENSMUSG00000001036,Epn2
9,ENO1,ENSG00000074800,ENSMUSG00000063524,Eno1
10,EPHA6,ENSG00000080224,ENSMUSG00000055540,Epha6
11,ERC1,ENSG00000082805,ENSMUSG00000030172,Erc1
12,EPYC,ENSG00000083782,ENSMUSG00000019936,Epyc
13,EPS15,ENSG00000085832,ENSMUSG00000028552,Eps15
14,EPDR1,ENSG00000086289,ENSMUSG00000002808,Epdr1
15,EP300,ENSG00000100393,ENSMUSG00000055024,Ep300
16,ERCC2,ENSG00000104884,ENSMUSG00000030400,Ercc2
17,EPHX3,ENSG00000105131,ENSMUSG00000037577,Ephx3
18,EPHB6,ENSG00000106123,ENSMUSG00000029869,Ephb6
19,ENG,ENSG00000106991,ENSMUSG00000026814,Eng
20,ENO3,ENSG00000108515,ENSMUSG00000060600,Eno3
21,ENDOU,ENSG00000111405,ENSMUSG00000022468,Endou
22,ENO2,ENSG00000111674,ENSMUSG00000004267,Eno2
23,EPM2A,ENSG00000112425,ENSMUSG00000055493,Epm2a
24,ENPP5,ENSG00000112796,ENSMUSG00000023960,Enpp5
25,EPAS1,ENSG00000116016,ENSMUSG00000024140,Epas1
26,EPHA4,ENSG00000116106,ENSMUSG00000026235,Epha4
27,EPCAM,ENSG00000119888,ENSMUSG00000045394,Epcam
28,ENY2,ENSG00000120533,ENSMUSG00000022338,Eny2
29,EPC1,ENSG00000120616,ENSMUSG00000024240,Epc1
30,ENOX1,ENSG00000120658,ENSMUSG00000022012,Enox1
31,EPHX2,ENSG00000120915,ENSMUSG00000022040,Ephx2
32,EPX,ENSG00000121053,ENSMUSG00000052234,Epx
33,EPS15L1,ENSG00000127527,ENSMUSG00000006276,Eps15l1
34,EPO,ENSG00000130427,ENSMUSG00000029711,Epo
35,EPS8L1,ENSG00000131037,ENSMUSG00000006154,Eps8l1
36,ENAM,ENSG00000132464,ENSMUSG00000029286,Enam
37,ERAL1,ENSG00000132591,ENSMUSG00000020832,Eral1
38,EPSTI1,ENSG00000133106,ENSMUSG00000022014,Epsti1
39,EPHB2,ENSG00000133216,ENSMUSG00000028664,Ephb2
40,ERCC5,ENSG00000134899,ENSMUSG00000026048,Ercc5
41,EPHA7,ENSG00000135333,ENSMUSG00000028289,Epha7
42,EMX1,ENSG00000135638,ENSMUSG00000033726,Emx1
43,EPC2,ENSG00000135999,ENSMUSG00000069495,Epc2
44,EPRS1,ENSG00000136628,ENSMUSG00000026615,Eprs
45,ENPP2,ENSG00000136960,ENSMUSG00000022425,Enpp2
46,ENTPD1,ENSG00000138185,ENSMUSG00000048120,Entpd1
47,ENPEP,ENSG00000138792,ENSMUSG00000028024,Enpep
48,ERBB2,ENSG00000141736,ENSMUSG00000062312,Erbb2
49,EMP3,ENSG00000142227,ENSMUSG00000040212,Emp3
50,EPHA2,ENSG00000142627,ENSMUSG00000006445,Epha2
51,ENSA,ENSG00000143420,ENSMUSG00000038619,Ensa
52,EPHX1,ENSG00000143819,ENSMUSG00000038776,Ephx1
53,EPHA5,ENSG00000145242,ENSMUSG00000029245,Epha5
54,ENOPH1,ENSG00000145293,ENSMUSG00000029326,Enoph1
55,EPHA1,ENSG00000146904,ENSMUSG00000029859,Epha1
56,ENDOD1,ENSG00000149218,ENSMUSG00000037419,Endod1
57,ENKUR,ENSG00000151023,ENSMUSG00000026679,Enkur
58,EPS8,ENSG00000151491,ENSMUSG00000015766,Eps8
59,ENPP3,ENSG00000154269,ENSMUSG00000019989,Enpp3
60,ENAH,ENSG00000154380,ENSMUSG00000022995,Enah
61,EPHB1,ENSG00000154928,ENSMUSG00000032537,Ephb1
62,EN1,ENSG00000163064,ENSMUSG00000058665,En1
63,ERCC3,ENSG00000163161,ENSMUSG00000024382,Ercc3
64,EOMES,ENSG00000163508,ENSMUSG00000032446,Eomes
65,ENPP6,ENSG00000164303,ENSMUSG00000038173,Enpp6
66,ERAP1,ENSG00000164307,ENSMUSG00000021583,Erap1
67,EN2,ENSG00000164778,ENSMUSG00000039095,En2
68,ENOX2,ENSG00000165675,ENSMUSG00000031109,Enox2
69,ENDOG,ENSG00000167136,ENSMUSG00000015337,Endog
70,ENGASE,ENSG00000167280,ENSMUSG00000033857,Engase
71,ENTPD3,ENSG00000168032,ENSMUSG00000041608,Entpd3
72,ENHO,ENSG00000168913,ENSMUSG00000028445,Enho
73,EMX2,ENSG00000170370,ENSMUSG00000043969,Emx2
74,ENC1,ENSG00000171617,ENSMUSG00000041773,Enc1
75,EPHX4,ENSG00000172031,ENSMUSG00000033805,Ephx4
76,ERCC4,ENSG00000175595,ENSMUSG00000022545,Ercc4
77,ENTHD1,ENSG00000176177,ENSMUSG00000050439,Enthd1
78,EPS8L2,ENSG00000177106,ENSMUSG00000025504,Eps8l2
79,EPM2AIP1,ENSG00000178567,ENSMUSG00000046785,Epm2aip1
80,ERBB4,ENSG00000178568,ENSMUSG00000062209,Erbb4
81,ENPP7,ENSG00000182156,ENSMUSG00000046697,Enpp7
82,EPHB3,ENSG00000182580,ENSMUSG00000005958,Ephb3
83,EPGN,ENSG00000182585,ENSMUSG00000035020,Epgn
84,EPHA10,ENSG00000183317,ENSMUSG00000028876,Epha10
85,EP400,ENSG00000183495,ENSMUSG00000029505,Ep400
86,ENTPD5,ENSG00000187097,ENSMUSG00000021236,Entpd5
87,EPOR,ENSG00000187266,ENSMUSG00000006235,Epor
88,ERC2,ENSG00000187672,ENSMUSG00000040640,Erc2
89,ERAS,ENSG00000187682,ENSMUSG00000031160,Eras
90,ENO4,ENSG00000188316,ENSMUSG00000048029,Eno4
91,ENTPD8,ENSG00000188833,ENSMUSG00000036813,Entpd8
92,EPHB4,ENSG00000196411,ENSMUSG00000029710,Ephb4
93,ENTPD4,ENSG00000197217,ENSMUSG00000095463,Entpd4
94,ENTPD6,ENSG00000197586,ENSMUSG00000033068,Entpd6
95,ENPP1,ENSG00000197594,ENSMUSG00000037370,Enpp1
96,ENTPD7,ENSG00000198018,ENSMUSG00000025192,Entpd7
97,EPS8L3,ENSG00000198758,ENSMUSG00000040600,Eps8l3
98,EPPK1,ENSG00000261150,ENSMUSG00000118671,Eppk1
99,,,ENSMUSG00000087095,Emx2os
0,ETV1,ENSG00000006468,ENSMUSG00000004151,Etv1
1,ERP44,ENSG00000023318,ENSMUSG00000028343,Erp44
2,ERCC8,ENSG00000049167,ENSMUSG00000021694,Ercc8
3,EVI5,ENSG00000067208,ENSMUSG00000011831,Evi5
4,ERLEC1,ENSG00000068912,ENSMUSG00000020311,Erlec1
5,EXOC5,ENSG00000070367,ENSMUSG00000061244,Exoc5
6,EVC,ENSG00000072840,ENSMUSG00000029122,Evc
7,EXOSC5,ENSG00000077348,ENSMUSG00000061286,Exosc5
8,EXD2,ENSG00000081177,ENSMUSG00000032705,Exd2
9,ERGIC2,ENSG00000087502,ENSMUSG00000030304,Ergic2
10,ESF1,ENSG00000089048,ENSMUSG00000045624,Esf1
11,ERP29,ENSG00000089248,ENSMUSG00000029616,Erp29
12,EXOC1,ENSG00000090989,ENSMUSG00000036435,Exoc1
13,ESR1,ENSG00000091831,ENSMUSG00000019768,Esr1
14,ERMP1,ENSG00000099219,ENSMUSG00000046324,Ermp1
15,ERH,ENSG00000100632,ENSMUSG00000021131,Erh
16,ESRP2,ENSG00000103067,ENSMUSG00000084128,Esrp2
17,ESRP1,ENSG00000104413,ENSMUSG00000040728,Esrp1
18,ERI1,ENSG00000104626,ENSMUSG00000031527,Eri1
19,ERICH1,ENSG00000104714,ENSMUSG00000051978,Erich1
20,ETFB,ENSG00000105379,ENSMUSG00000004610,Etfb
21,ETV2,ENSG00000105672,ENSMUSG00000006311,Etv2
22,ERF,ENSG00000105722,ENSMUSG00000040857,Erf
23,ETHE1,ENSG00000105755,ENSMUSG00000064254,Ethe1
24,EVX1,ENSG00000106038,ENSMUSG00000005503,Evx1
25,EXOSC3,ENSG00000107371,ENSMUSG00000028322,Exosc3
26,ERLIN1,ENSG00000107566,ENSMUSG00000025198,Erlin1
27,EXOC2,ENSG00000112685,ENSMUSG00000021357,Exoc2
28,ERGIC1,ENSG00000113719,ENSMUSG00000001576,Ergic1
29,ERRFI1,ENSG00000116285,ENSMUSG00000028967,Errfi1
30,EXOC8,ENSG00000116903,ENSMUSG00000074030,Exoc8
31,ETV3,ENSG00000117036,ENSMUSG00000003382,Etv3
32,ERI3,ENSG00000117419,ENSMUSG00000033423,Eri3
33,ESYT2,ENSG00000117868,ENSMUSG00000021171,Esyt2
34,ESRRB,ENSG00000119715,ENSMUSG00000021255,Esrrb
35,KIAA1217,ENSG00000120549,ENSMUSG00000036617,Etl4
36,ETF1,ENSG00000120705,ENSMUSG00000024360,Etf1
37,ESX1,ENSG00000123576,ENSMUSG00000023443,Esx1
38,EREG,ENSG00000124882,ENSMUSG00000029377,Ereg
39,ERGIC3,ENSG00000125991,ENSMUSG00000005881,Ergic3
40,EVI2A,ENSG00000126860,ENSMUSG00000078771,Evi2a
41,EXOSC2,ENSG00000130713,ENSMUSG00000039356,Exosc2
42,EXOC4,ENSG00000131558,ENSMUSG00000029763,Exoc4
43,ERN2,ENSG00000134398,ENSMUSG00000030866,Ern2
44,ETS1,ENSG00000134954,ENSMUSG00000032035,Ets1
45,ESPL1,ENSG00000135476,ENSMUSG00000058290,Espl1
46,ERMN,ENSG00000136541,ENSMUSG00000026830,Ermn
47,EXOC6,ENSG00000138190,ENSMUSG00000053799,Exoc6
48,ERP27,ENSG00000139055,ENSMUSG00000030219,Erp27
49,ETV6,ENSG00000139083,ENSMUSG00000030199,Etv6
50,ETNK1,ENSG00000139163,ENSMUSG00000030275,Etnk1
51,ESYT1,ENSG00000139641,ENSMUSG00000025366,Esyt1
52,ESD,ENSG00000139684,ENSMUSG00000021996,Esd
53,ESR2,ENSG00000140009,ENSMUSG00000021055,Esr2
54,ETFA,ENSG00000140374,ENSMUSG00000032314,Etfa
55,ESCO1,ENSG00000141446,ENSMUSG00000024293,Esco1
56,EVI5L,ENSG00000142459,ENSMUSG00000011832,Evi5l
57,ETNK2,ENSG00000143845,ENSMUSG00000070644,Etnk2
58,ETAA1,ENSG00000143971,ENSMUSG00000016984,Etaa1
59,EXOC6B,ENSG00000144036,ENSMUSG00000033769,Exoc6b
60,ESPNL,ENSG00000144488,ENSMUSG00000049515,Espnl
61,ERLIN2,ENSG00000147475,ENSMUSG00000031483,Erlin2
62,ESAM,ENSG00000149564,ENSMUSG00000001946,Esam
63,EXOG,ENSG00000157036,ENSMUSG00000042787,Exog
64,ERG,ENSG00000157554,ENSMUSG00000040732,Erg
65,ETS2,ENSG00000157557,ENSMUSG00000022895,Ets2
66,ESYT3,ENSG00000158220,ENSMUSG00000037681,Esyt3
67,ERMAP,ENSG00000164010,ENSMUSG00000028644,Ermap
68,ESM1,ENSG00000164283,ENSMUSG00000042379,Esm1
69,EVPL,ENSG00000167880,ENSMUSG00000034282,Evpl
70,EVPLL,ENSG00000214860,ENSMUSG00000034282,Evpl
71,EXOSC1,ENSG00000171311,ENSMUSG00000034321,Exosc1
72,ESCO2,ENSG00000171320,ENSMUSG00000022034,Esco2
73,ETFDH,ENSG00000171503,ENSMUSG00000027809,Etfdh
74,EXOSC10,ENSG00000171824,ENSMUSG00000017264,Exosc10
75,EVC2,ENSG00000173040,ENSMUSG00000050248,Evc2
76,ESRRA,ENSG00000173153,ENSMUSG00000024955,Esrra
77,EVX2,ENSG00000174279,ENSMUSG00000001815,Evx2
78,EXO1,ENSG00000174371,ENSMUSG00000039748,Exo1
79,ETV4,ENSG00000175832,ENSMUSG00000017724,Etv4
80,ERN1,ENSG00000178607,ENSMUSG00000020715,Ern1
81,EXOSC4,ENSG00000178896,ENSMUSG00000034259,Exosc4
82,EXD1,ENSG00000178997,ENSMUSG00000048647,Exd1
83,EXOC3L1,ENSG00000179044,ENSMUSG00000043251,Exoc3l
84,EXOC3,ENSG00000180104,ENSMUSG00000034152,Exoc3
85,EXOC7,ENSG00000182473,ENSMUSG00000020792,Exoc7
86,EWSR1,ENSG00000182944,ENSMUSG00000009079,Ewsr1
87,EVI2B,ENSG00000185862,ENSMUSG00000093938,Evi2b
88,ERCC6L,ENSG00000186871,ENSMUSG00000051220,Ercc6l
89,ESPN,ENSG00000187017,ENSMUSG00000028943,Espn
90,EVL,ENSG00000196405,ENSMUSG00000021262,Evl
91,ESRRG,ENSG00000196482,ENSMUSG00000026610,Esrrg
92,ERI2,ENSG00000196678,ENSMUSG00000030929,Eri2
93,ERCC6,ENSG00000225830,ENSMUSG00000054051,Ercc6
94,ETV5,ENSG00000244405,ENSMUSG00000013089,Etv5
95,,,ENSMUSG00000037482,Erv3
96,,,ENSMUSG00000060967,Etd
97,,,ENSMUSG00000089875,Etohd2
98,,,ENSMUSG00000093957,Esp3
99,,,ENSMUSG00000095625,Esp24
100,,,ENSMUSG00000095886,Esp38
0,EXTL3,ENSG00000012232,ENSMUSG00000021978,Extl3
1,FAM13B,ENSG00000031003,ENSMUSG00000036501,Fam13b
2,FAM136A,ENSG00000035141,ENSMUSG00000057497,Fam136a
3,FAM114A2,ENSG00000055147,ENSMUSG00000020523,Fam114a2
4,F7,ENSG00000057593,ENSMUSG00000031443,F7
5,EYA2,ENSG00000064655,ENSMUSG00000017897,Eya2
6,FAM107B,ENSG00000065809,ENSMUSG00000026655,Fam107b
7,EXOSC7,ENSG00000075914,ENSMUSG00000025785,Exosc7
8,FAM135A,ENSG00000082269,ENSMUSG00000026153,Fam135a
9,F11,ENSG00000088926,ENSMUSG00000031645,F11
10,EZR,ENSG00000092820,ENSMUSG00000052397,Ezr
11,FAM118A,ENSG00000100376,ENSMUSG00000022434,Fam118a
12,F9,ENSG00000101981,ENSMUSG00000031138,F9
13,FA2H,ENSG00000103089,ENSMUSG00000033579,Fa2h
14,FAH,ENSG00000103876,ENSMUSG00000030630,Fah
15,EYA1,ENSG00000104313,ENSMUSG00000025932,Eya1
16,EZH2,ENSG00000106462,ENSMUSG00000029687,Ezh2
17,EZH1,ENSG00000108799,ENSMUSG00000006920,Ezh1
18,FAM149A,ENSG00000109794,ENSMUSG00000070044,Fam149a
19,EXPH5,ENSG00000110723,ENSMUSG00000034584,Exph5
20,EYA4,ENSG00000112319,ENSMUSG00000010461,Eya4
21,FAM120B,ENSG00000112584,ENSMUSG00000014763,Fam120b
22,FAF2,ENSG00000113194,ENSMUSG00000025873,Faf2
23,FAHD2A,ENSG00000115042,ENSMUSG00000027371,Fahd2a
24,FAAH,ENSG00000117480,ENSMUSG00000034171,Faah
25,F3,ENSG00000117525,ENSMUSG00000028128,F3
26,EXOSC8,ENSG00000120699,ENSMUSG00000027752,Exosc8
27,FAM117A,ENSG00000121104,ENSMUSG00000038893,Fam117a
28,FABP3,ENSG00000121769,ENSMUSG00000028773,Fabp3
29,EXOSC9,ENSG00000123737,ENSMUSG00000027714,Exosc9
30,FAM124B,ENSG00000124019,ENSMUSG00000043230,Fam124b
31,F13A1,ENSG00000124491,ENSMUSG00000039109,F13a1
32,FAM110A,ENSG00000125898,ENSMUSG00000027459,Fam110a
33,F10,ENSG00000126218,ENSMUSG00000031444,F10
34,F2RL3,ENSG00000127533,ENSMUSG00000050147,F2rl3
35,F12,ENSG00000131187,ENSMUSG00000021492,F12
36,FADS2,ENSG00000134824,ENSMUSG00000024665,Fads2
37,FAIM2,ENSG00000135472,ENSMUSG00000023011,Faim2
38,FAM149B1,ENSG00000138286,ENSMUSG00000039599,Fam149b
39,FAM117B,ENSG00000138439,ENSMUSG00000041040,Fam117b
40,FAM13A,ENSG00000138640,ENSMUSG00000037709,Fam13a
41,F13B,ENSG00000143278,ENSMUSG00000026368,F13b
42,FABP2,ENSG00000145384,ENSMUSG00000023057,Fabp2
43,FAM135B,ENSG00000147724,ENSMUSG00000036800,Fam135b
44,FAM13C,ENSG00000148541,ENSMUSG00000043259,Fam13c
45,FADS1,ENSG00000149485,ENSMUSG00000010663,Fads1
46,FAM124A,ENSG00000150510,ENSMUSG00000035184,Fam124a
47,EXT2,ENSG00000151348,ENSMUSG00000027198,Ext2
48,FAM151B,ENSG00000152380,ENSMUSG00000034334,Fam151b
49,EXTL1,ENSG00000158008,ENSMUSG00000028838,Extl1
50,EYA3,ENSG00000158161,ENSMUSG00000028886,Eya3
51,FAIM,ENSG00000158234,ENSMUSG00000032463,Faim
52,F11R,ENSG00000158769,ENSMUSG00000038235,F11r
53,FAM131B,ENSG00000159784,ENSMUSG00000029861,Fam131b
54,FAM151A,ENSG00000162391,ENSMUSG00000034871,Fam151a
55,EXTL2,ENSG00000162694,ENSMUSG00000027963,Extl2
56,FABP1,ENSG00000163586,ENSMUSG00000054422,Fabp1
57,F2RL2,ENSG00000164220,ENSMUSG00000021675,F2rl2
58,F2RL1,ENSG00000164251,ENSMUSG00000021678,F2rl1
59,FABP7,ENSG00000164434,ENSMUSG00000019874,Fabp7
60,FABP5,ENSG00000164687,ENSMUSG00000027533,Fabp5
61,FAM111A,ENSG00000166801,ENSMUSG00000024691,Fam111a
62,FADD,ENSG00000168040,ENSMUSG00000031077,Fadd
63,FAM107A,ENSG00000168309,ENSMUSG00000021750,Fam107a
64,FAM110B,ENSG00000169122,ENSMUSG00000049119,Fam110b
65,FABP6,ENSG00000170231,ENSMUSG00000020405,Fabp6
66,FAM161A,ENSG00000170264,ENSMUSG00000049811,Fam161a
67,FABP4,ENSG00000170323,ENSMUSG00000062515,Fabp4
68,FADS6,ENSG00000172782,ENSMUSG00000044788,Fads6
69,FAM131A,ENSG00000175182,ENSMUSG00000050821,Fam131a
70,FAHD1,ENSG00000180185,ENSMUSG00000045316,Fahd1
71,F2,ENSG00000180210,ENSMUSG00000027249,F2
72,F2R,ENSG00000181104,ENSMUSG00000048376,F2r
73,EXT1,ENSG00000182197,ENSMUSG00000061731,Ext1
74,FAM120C,ENSG00000184083,ENSMUSG00000025262,Fam120c
75,FAM110C,ENSG00000184731,ENSMUSG00000036136,Fam110c
76,F8,ENSG00000185010,ENSMUSG00000031196,F8
77,FAF1,ENSG00000185104,ENSMUSG00000010517,Faf1
78,FAM131C,ENSG00000185519,ENSMUSG00000006218,Fam131c
79,FABP12,ENSG00000197416,ENSMUSG00000027530,Fabp12
80,FAM114A1,ENSG00000197712,ENSMUSG00000029185,Fam114a1
81,FAM118B,ENSG00000197798,ENSMUSG00000050471,Fam118b
82,F5,ENSG00000198734,ENSMUSG00000026579,F5
83,FABP9,ENSG00000205186,ENSMUSG00000027528,Fabp9
84,FADS3,ENSG00000221968,ENSMUSG00000024664,Fads3
85,EXOSC6,ENSG00000223496,ENSMUSG00000109941,Exosc6
86,FAM133B,ENSG00000234545,ENSMUSG00000058503,Fam133b
87,F8A3,ENSG00000277150,ENSMUSG00000078317,F8a
88,F8A2,ENSG00000288709,ENSMUSG00000078317,F8a
89,F8A1,ENSG00000288722,ENSMUSG00000078317,F8a
90,,,ENSMUSG00000038014,Fam120a
91,,,ENSMUSG00000043727,F830045P16Rik
92,,,ENSMUSG00000052125,F730043M19Rik
93,,,ENSMUSG00000078122,F630028O10Rik
94,,,ENSMUSG00000085298,F730035M05Rik
95,,,ENSMUSG00000086686,F630206G17Rik
96,,,ENSMUSG00000090942,F830016B08Rik
97,,,ENSMUSG00000097331,F420014N23Rik
98,,,ENSMUSG00000114442,F630042J09Rik
0,FARP2,ENSG00000006607,ENSMUSG00000034066,Farp2
1,FAM76A,ENSG00000009780,ENSMUSG00000028878,Fam76a
2,FAS,ENSG00000026103,ENSMUSG00000024778,Fas
3,FAM184B,ENSG00000047662,ENSMUSG00000015879,Fam184b
4,FAM168A,ENSG00000054965,ENSMUSG00000029461,Fam168a
5,FAR2,ENSG00000064763,ENSMUSG00000030303,Far2
6,FAM50A,ENSG00000071859,ENSMUSG00000001962,Fam50a
7,FAM3A,ENSG00000071889,ENSMUSG00000031399,Fam3a
8,FAM76B,ENSG00000077458,ENSMUSG00000037808,Fam76b
9,FAP,ENSG00000078098,ENSMUSG00000000392,Fap
10,FAM83D,ENSG00000101447,ENSMUSG00000027654,Fam83d
11,FAM32A,ENSG00000105058,ENSMUSG00000003039,Fam32a
12,FAM83E,ENSG00000105523,ENSMUSG00000054161,Fam83e
13,FAM20A,ENSG00000108950,ENSMUSG00000020614,Fam20a
14,FAM184A,ENSG00000111879,ENSMUSG00000019856,Fam184a
15,FANCE,ENSG00000112039,ENSMUSG00000007570,Fance
16,FAM172A,ENSG00000113391,ENSMUSG00000064138,Fam172a
17,FAM162A,ENSG00000114023,ENSMUSG00000003955,Fam162a
18,FANCL,ENSG00000115392,ENSMUSG00000004018,Fancl
19,FARSB,ENSG00000116120,ENSMUSG00000026245,Farsb
20,FAM20B,ENSG00000116199,ENSMUSG00000033557,Fam20b
21,FASLG,ENSG00000117560,ENSMUSG00000000817,Fasl
22,FASTKD2,ENSG00000118246,ENSMUSG00000025962,Fastkd2
23,FAM98A,ENSG00000119812,ENSMUSG00000002017,Fam98a
24,FAM53C,ENSG00000120709,ENSMUSG00000034300,Fam53c
25,FAM199X,ENSG00000123575,ENSMUSG00000042595,Fam199x
26,FASTKD3,ENSG00000124279,ENSMUSG00000021532,Fastkd3
27,FAM193A,ENSG00000125386,ENSMUSG00000037210,Fam193a
28,FAM83C,ENSG00000125998,ENSMUSG00000074647,Fam83c
29,FAM78A,ENSG00000126882,ENSMUSG00000050592,Fam78a
30,FAM98C,ENSG00000130244,ENSMUSG00000030590,Fam98c
31,FAM83F,ENSG00000133477,ENSMUSG00000022408,Fam83f
32,FAM186B,ENSG00000135436,ENSMUSG00000078907,Fam186b
33,FASTKD1,ENSG00000138399,ENSMUSG00000027086,Fastkd1
34,FAM181A,ENSG00000140067,ENSMUSG00000096753,Fam181a
35,FANCI,ENSG00000140525,ENSMUSG00000039187,Fanci
36,FAM163A,ENSG00000143340,ENSMUSG00000015484,Fam163a
37,FAM171B,ENSG00000144369,ENSMUSG00000048388,Fam171b
38,FANCD2,ENSG00000144554,ENSMUSG00000034023,Fancd2
39,FAM50B,ENSG00000145945,ENSMUSG00000038246,Fam50b
40,FARS2,ENSG00000145982,ENSMUSG00000021420,Fars2
41,FAM193B,ENSG00000146067,ENSMUSG00000021495,Fam193b
42,FAM83A,ENSG00000147689,ENSMUSG00000051225,Fam83a
43,FAM171A1,ENSG00000148468,ENSMUSG00000050530,Fam171a1
44,FAM177A1,ENSG00000151327,ENSMUSG00000095595,Fam177a
45,FAM168B,ENSG00000152102,ENSMUSG00000037503,Fam168b
46,FARP1,ENSG00000152767,ENSMUSG00000025555,Farp1
47,FAM167A,ENSG00000154319,ENSMUSG00000035095,Fam167a
48,FAM161B,ENSG00000156050,ENSMUSG00000021234,Fam161b
49,FAM81A,ENSG00000157470,ENSMUSG00000032224,Fam81a
50,FANCC,ENSG00000158169,ENSMUSG00000021461,Fancc
51,FAM171A2,ENSG00000161682,ENSMUSG00000034685,Fam171a2
52,FAM170A,ENSG00000164334,ENSMUSG00000035420,Fam170a
53,FASTK,ENSG00000164896,ENSMUSG00000028959,Fastk
54,FAM83B,ENSG00000168143,ENSMUSG00000032358,Fam83b
55,FAM178B,ENSG00000168754,ENSMUSG00000046337,Fam178b
56,FASN,ENSG00000169710,ENSMUSG00000025153,Fasn
57,FAM98B,ENSG00000171262,ENSMUSG00000027349,Fam98b
58,FAM170B,ENSG00000172538,ENSMUSG00000078127,Fam170b
59,FAM174A,ENSG00000174132,ENSMUSG00000051185,Fam174a
60,FAM53A,ENSG00000174137,ENSMUSG00000037339,Fam53a
61,FAM89B,ENSG00000176973,ENSMUSG00000024939,Fam89b
62,FAM187B,ENSG00000177558,ENSMUSG00000046826,Fam187b
63,FAM20C,ENSG00000177706,ENSMUSG00000025854,Fam20c
64,FARSA,ENSG00000179115,ENSMUSG00000003808,Farsa
65,FAM83H,ENSG00000180921,ENSMUSG00000046761,Fam83h
66,FANCB,ENSG00000181544,ENSMUSG00000047757,Fancb
67,FAM181B,ENSG00000182103,ENSMUSG00000051515,Fam181b
68,FAM89A,ENSG00000182118,ENSMUSG00000043068,Fam89a
69,FAM43B,ENSG00000183114,ENSMUSG00000078235,Fam43b
70,FANCF,ENSG00000183161,ENSMUSG00000092118,Fancf
71,FAM167B,ENSG00000183615,ENSMUSG00000050493,Fam167b
72,FAM162B,ENSG00000183807,ENSMUSG00000019909,Fam162b
73,FAM3B,ENSG00000183844,ENSMUSG00000022938,Fam3b
74,FAM43A,ENSG00000185112,ENSMUSG00000046546,Fam43a
75,FAM174B,ENSG00000185442,ENSMUSG00000078670,Fam174b
76,CFAP144,ENSG00000186973,ENSMUSG00000049154,Fam183b
77,FANCA,ENSG00000187741,ENSMUSG00000032815,Fanca
78,FANCM,ENSG00000187790,ENSMUSG00000055884,Fancm
79,CIMIP2A,ENSG00000188163,ENSMUSG00000026969,Fam166a
80,FAM83G,ENSG00000188522,ENSMUSG00000042377,Fam83g
81,FAM72B,ENSG00000188610,ENSMUSG00000055184,Fam72a
82,FAM72A,ENSG00000196550,ENSMUSG00000055184,Fam72a
83,FAM72D,ENSG00000215784,ENSMUSG00000055184,Fam72a
84,FAM72C,ENSG00000263513,ENSMUSG00000055184,Fam72a
85,FAM78B,ENSG00000188859,ENSMUSG00000060568,Fam78b
86,FAM47E,ENSG00000189157,ENSMUSG00000057068,Fam47e
87,FAM53B,ENSG00000189319,ENSMUSG00000030956,Fam53b
88,FAM180A,ENSG00000189320,ENSMUSG00000047420,Fam180a
89,FAM3C,ENSG00000196937,ENSMUSG00000029672,Fam3c
90,FAM163B,ENSG00000196990,ENSMUSG00000009216,Fam163b
91,FAR1,ENSG00000197601,ENSMUSG00000030759,Far1
92,FAN1,ENSG00000198690,ENSMUSG00000033458,Fan1
93,FAM169A,ENSG00000198780,ENSMUSG00000041817,Fam169a
94,FANK1,ENSG00000203780,ENSMUSG00000053111,Fank1
95,FAM187A,ENSG00000214447,ENSMUSG00000075510,Fam187a
96,CIMIP2B,ENSG00000215187,ENSMUSG00000042788,Fam166b
97,FANCG,ENSG00000221829,ENSMUSG00000028453,Fancg
98,FAM185A,ENSG00000222011,ENSMUSG00000047221,Fam185a
99,,,ENSMUSG00000030859,Fam24a
100,,,ENSMUSG00000074071,Fam169b
101,,,ENSMUSG00000078315,Fam47c
0,FBXL3,ENSG00000005812,ENSMUSG00000022124,Fbxl3
1,FBXO42,ENSG00000037637,ENSMUSG00000028920,Fbxo42
2,FBXW11,ENSG00000072803,ENSMUSG00000020271,Fbxw11
3,FBLN1,ENSG00000077942,ENSMUSG00000006369,Fbln1
4,FAT1,ENSG00000083857,ENSMUSG00000070047,Fat1
5,FAT2,ENSG00000086570,ENSMUSG00000055333,Fat2
6,FBXL19,ENSG00000099364,ENSMUSG00000030811,Fbxl19
7,FBXO7,ENSG00000100225,ENSMUSG00000001786,Fbxo7
8,FBXO31,ENSG00000103264,ENSMUSG00000052934,Fbxo31
9,FCER2,ENSG00000104921,ENSMUSG00000005540,Fcer2a
10,FBL,ENSG00000105202,ENSMUSG00000046865,Fbl
11,FBXO24,ENSG00000106336,ENSMUSG00000089984,Fbxo24
12,FBXW4,ENSG00000107829,ENSMUSG00000040913,Fbxw4
13,FBXL15,ENSG00000107872,ENSMUSG00000025226,Fbxl15
14,FBXL20,ENSG00000108306,ENSMUSG00000020883,Fbxl20
15,FBXW7,ENSG00000109670,ENSMUSG00000028086,Fbxw7
16,FBXO3,ENSG00000110429,ENSMUSG00000027180,Fbxo3
17,FBXO5,ENSG00000112029,ENSMUSG00000019773,Fbxo5
18,FBXO9,ENSG00000112146,ENSMUSG00000001366,Fbxo9
19,FBXL4,ENSG00000112234,ENSMUSG00000040410,Fbxl4
20,FBRSL1,ENSG00000112787,ENSMUSG00000043323,Fbrsl1
21,FBXO2,ENSG00000116661,ENSMUSG00000041556,Fbxo2
22,FBXO6,ENSG00000116663,ENSMUSG00000055401,Fbxo6
23,FBXO30,ENSG00000118496,ENSMUSG00000047648,Fbxo30
24,FBXL5,ENSG00000118564,ENSMUSG00000039753,Fbxl5
25,FBXW2,ENSG00000119402,ENSMUSG00000035949,Fbxw2
26,FBXL12,ENSG00000127452,ENSMUSG00000066892,Fbxl12
27,FBXL16,ENSG00000127585,ENSMUSG00000025738,Fbxl16
28,FBP2,ENSG00000130957,ENSMUSG00000021456,Fbp2
29,FBXW9,ENSG00000132004,ENSMUSG00000008167,Fbxw9
30,FBXO44,ENSG00000132879,ENSMUSG00000029001,Fbxo44
31,FBXO21,ENSG00000135108,ENSMUSG00000032898,Fbxo21
32,FBXL8,ENSG00000135722,ENSMUSG00000033313,Fbxl8
33,FBXO11,ENSG00000138081,ENSMUSG00000005371,Fbxo11
34,FBN2,ENSG00000138829,ENSMUSG00000024598,Fbn2
35,FBLN5,ENSG00000140092,ENSMUSG00000021186,Fbln5
36,FBXO15,ENSG00000141665,ENSMUSG00000034391,Fbxo15
37,FBXO28,ENSG00000143756,ENSMUSG00000047539,Fbxo28
38,FBLN7,ENSG00000144152,ENSMUSG00000027386,Fbln7
39,FBXL17,ENSG00000145743,ENSMUSG00000023965,Fbxl17
40,FBXO38,ENSG00000145868,ENSMUSG00000042211,Fbxo38
41,FBXO25,ENSG00000147364,ENSMUSG00000038365,Fbxo25
42,FATE1,ENSG00000147378,ENSMUSG00000053593,Fate1
43,FBXO10,ENSG00000147912,ENSMUSG00000048232,Fbxo10
44,FAU,ENSG00000149806,ENSMUSG00000038274,Fau
45,FBXO4,ENSG00000151876,ENSMUSG00000022184,Fbxo4
46,FBXL2,ENSG00000153558,ENSMUSG00000032507,Fbxl2
47,FBXO36,ENSG00000153832,ENSMUSG00000073633,Fbxo36
48,FBXL18,ENSG00000155034,ENSMUSG00000066640,Fbxl18
49,FBXO43,ENSG00000156509,ENSMUSG00000048230,Fbxo43
50,FBXO32,ENSG00000156804,ENSMUSG00000022358,Fbxo32
51,FBRS,ENSG00000156860,ENSMUSG00000042423,Fbrs
52,FCER1G,ENSG00000158869,ENSMUSG00000058715,Fcer1g
53,FBXW5,ENSG00000159069,ENSMUSG00000015095,Fbxw5
54,FBXL13,ENSG00000161040,ENSMUSG00000048520,Fbxl13
55,FBXO27,ENSG00000161243,ENSMUSG00000037463,Fbxo27
56,FBLIM1,ENSG00000162458,ENSMUSG00000006219,Fblim1
57,FCAMR,ENSG00000162897,ENSMUSG00000026415,Fcamr
58,FBXO41,ENSG00000163013,ENSMUSG00000047013,Fbxo41
59,FBLN2,ENSG00000163520,ENSMUSG00000064080,Fbln2
60,FBXO40,ENSG00000163833,ENSMUSG00000047746,Fbxo40
61,FBXW12,ENSG00000164049,ENSMUSG00000047237,Fbxw21
62,FBXW12,ENSG00000164049,ENSMUSG00000049314,Fbxw13
63,FBXW12,ENSG00000164049,ENSMUSG00000054087,Fbxw28
64,FBXW12,ENSG00000164049,ENSMUSG00000059547,Fbxw26
65,FBXW12,ENSG00000164049,ENSMUSG00000061701,Fbxw20
66,FBXW12,ENSG00000164049,ENSMUSG00000062275,Fbxw24
67,FBXW12,ENSG00000164049,ENSMUSG00000070324,Fbxw22
68,FBXW12,ENSG00000164049,ENSMUSG00000074059,Fbxw18
69,FBXW12,ENSG00000164049,ENSMUSG00000074060,Fbxw15
70,FBXW12,ENSG00000164049,ENSMUSG00000074061,Fbxw19
71,FBXW12,ENSG00000164049,ENSMUSG00000074062,Fbxw16
72,FBXW12,ENSG00000164049,ENSMUSG00000105589,Fbxw14
73,FBXO8,ENSG00000164117,ENSMUSG00000038206,Fbxo8
74,FBP1,ENSG00000165140,ENSMUSG00000069805,Fbp1
75,FAT3,ENSG00000165323,ENSMUSG00000074505,Fat3
76,FBXO33,ENSG00000165355,ENSMUSG00000035329,Fbxo33
77,FBN1,ENSG00000166147,ENSMUSG00000027204,Fbn1
78,FBXO22,ENSG00000167196,ENSMUSG00000032309,Fbxo22
79,FBXL14,ENSG00000171823,ENSMUSG00000030019,Fbxl14
80,FBXW10,ENSG00000171931,ENSMUSG00000090173,Fbxw10
81,FBXW10B,ENSG00000241322,ENSMUSG00000090173,Fbxw10
82,FBXO45,ENSG00000174013,ENSMUSG00000035764,Fbxo45
83,FBXW8,ENSG00000174989,ENSMUSG00000032867,Fbxw8
84,FBXO46,ENSG00000177051,ENSMUSG00000050428,Fbxo46
85,FBXO39,ENSG00000177294,ENSMUSG00000070388,Fbxo39
86,FBXO34,ENSG00000178974,ENSMUSG00000037536,Fbxo34
87,FCER1A,ENSG00000179639,ENSMUSG00000005339,Fcer1a
88,FBXL6,ENSG00000182325,ENSMUSG00000022559,Fbxl6
89,FBXL7,ENSG00000183580,ENSMUSG00000043556,Fbxl7
90,FBLL1,ENSG00000188573,ENSMUSG00000051062,Fbll1
91,FBF1,ENSG00000188878,ENSMUSG00000020776,Fbf1
92,FAT4,ENSG00000196159,ENSMUSG00000046743,Fat4
93,FBXL22,ENSG00000197361,ENSMUSG00000050503,Fbxl22
94,FBXO48,ENSG00000204923,ENSMUSG00000044966,Fbxo48
95,FBXO47,ENSG00000204952,ENSMUSG00000070336,Fbxo47
96,FBXO16,ENSG00000214050,ENSMUSG00000034532,Fbxo16
97,FASTKD5,ENSG00000215251,ENSMUSG00000079043,Fastkd5
98,FBXO17,ENSG00000269190,ENSMUSG00000030598,Fbxo17
99,,,ENSMUSG00000035509,Fbxl21
100,,,ENSMUSG00000037816,Fbxw17
0,FGR,ENSG00000000938,ENSMUSG00000028874,Fgr
1,FHL1,ENSG00000022267,ENSMUSG00000050035,Fhl4
2,FGFR2,ENSG00000066468,ENSMUSG00000030849,Fgfr2
3,FECH,ENSG00000066926,ENSMUSG00000024588,Fech
4,FGFR3,ENSG00000068078,ENSMUSG00000054252,Fgfr3
5,FGF10,ENSG00000070193,ENSMUSG00000021732,Fgf10
6,FGF22,ENSG00000070388,ENSMUSG00000020327,Fgf22
7,FCGR2B,ENSG00000072694,ENSMUSG00000026656,Fcgr2b
8,FCGR2A,ENSG00000143226,ENSMUSG00000026656,Fcgr2b
9,FCGR2C,ENSG00000244682,ENSMUSG00000026656,Fcgr2b
10,FCGR2B,ENSG00000072694,ENSMUSG00000059498,Fcgr3
11,FCGR2A,ENSG00000143226,ENSMUSG00000059498,Fcgr3
12,FCGR2C,ENSG00000244682,ENSMUSG00000059498,Fcgr3
13,FERMT2,ENSG00000073712,ENSMUSG00000037712,Fermt2
14,FGF4,ENSG00000075388,ENSMUSG00000050917,Fgf4
15,FGFR1,ENSG00000077782,ENSMUSG00000031565,Fgfr1
16,FGF20,ENSG00000078579,ENSMUSG00000031603,Fgf20
17,FDFT1,ENSG00000079459,ENSMUSG00000021273,Fdft1
18,FCN1,ENSG00000085265,ENSMUSG00000026835,Fcnb
19,FETUB,ENSG00000090512,ENSMUSG00000022871,Fetub
20,FH,ENSG00000091483,ENSMUSG00000026526,Fh1
21,FERMT1,ENSG00000101311,ENSMUSG00000027356,Fermt1
22,FGD1,ENSG00000102302,ENSMUSG00000025265,Fgd1
23,FGF14,ENSG00000102466,ENSMUSG00000025551,Fgf14
24,FGF9,ENSG00000102678,ENSMUSG00000021974,Fgf9
25,FGL1,ENSG00000104760,ENSMUSG00000031594,Fgl1
26,FCGRT,ENSG00000104870,ENSMUSG00000003420,Fcgrt
27,FGF21,ENSG00000105550,ENSMUSG00000030827,Fgf21
28,FGF8,ENSG00000107831,ENSMUSG00000025219,Fgf8
29,FGF6,ENSG00000111241,ENSMUSG00000000183,Fgf6
30,FGFR1OP2,ENSG00000111790,ENSMUSG00000040242,Fgfr1op2
31,FHL5,ENSG00000112214,ENSMUSG00000028259,Fhl5
32,FGF1,ENSG00000113578,ENSMUSG00000036585,Fgf1
33,FGF12,ENSG00000114279,ENSMUSG00000022523,Fgf12
34,FHL2,ENSG00000115641,ENSMUSG00000008136,Fhl2
35,FGF23,ENSG00000118972,ENSMUSG00000000182,Fgf23
36,FCF1,ENSG00000119616,ENSMUSG00000021243,Fcf1
37,GPR42,ENSG00000126251,ENSMUSG00000019429,Ffar3
38,FFAR3,ENSG00000185897,ENSMUSG00000019429,Ffar3
39,FFAR2,ENSG00000126262,ENSMUSG00000051314,Ffar2
40,FFAR1,ENSG00000126266,ENSMUSG00000044453,Ffar1
41,FGD3,ENSG00000127084,ENSMUSG00000037946,Fgd3
42,FGFRL1,ENSG00000127418,ENSMUSG00000008090,Fgfrl1
43,FGL2,ENSG00000127951,ENSMUSG00000039899,Fgl2
44,FEZF1,ENSG00000128610,ENSMUSG00000029697,Fezf1
45,FGF13,ENSG00000129682,ENSMUSG00000031137,Fgf13
46,FCHO1,ENSG00000130475,ENSMUSG00000070000,Fcho1
47,FIBCD1,ENSG00000130720,ENSMUSG00000026841,Fibcd1
48,FCRLA,ENSG00000132185,ENSMUSG00000038421,Fcrla
49,FHOD3,ENSG00000134775,ENSMUSG00000034295,Fhod3
50,FHOD1,ENSG00000135723,ENSMUSG00000014778,Fhod1
51,FGFBP1,ENSG00000137440,ENSMUSG00000048373,Fgfbp1
52,FHDC1,ENSG00000137460,ENSMUSG00000041842,Fhdc1
53,FCHSD2,ENSG00000137478,ENSMUSG00000030691,Fchsd2
54,FDX1,ENSG00000137714,ENSMUSG00000032051,Fdx1
55,FGF5,ENSG00000138675,ENSMUSG00000029337,Fgf5
56,FGF2,ENSG00000138685,ENSMUSG00000037225,Fgf2
57,FGD4,ENSG00000139132,ENSMUSG00000022788,Fgd4
58,FGF7,ENSG00000140285,ENSMUSG00000027208,Fgf7
59,FEM1A,ENSG00000141965,ENSMUSG00000043683,Fem1a
60,FHAD1,ENSG00000142621,ENSMUSG00000051435,Fhad1
61,FCRL5,ENSG00000143297,ENSMUSG00000048031,Fcrl5
62,FEM1C,ENSG00000145780,ENSMUSG00000033319,Fem1c
63,FGD2,ENSG00000146192,ENSMUSG00000024013,Fgd2
64,FERD3L,ENSG00000146618,ENSMUSG00000046518,Ferd3l
65,FEZ1,ENSG00000149557,ENSMUSG00000032118,Fez1
66,FERMT3,ENSG00000149781,ENSMUSG00000024965,Fermt3
67,FCGR1A,ENSG00000150337,ENSMUSG00000015947,Fcgr1
68,FEZF2,ENSG00000153266,ENSMUSG00000021743,Fezf2
69,FGD5,ENSG00000154783,ENSMUSG00000034037,Fgd5
70,FGF18,ENSG00000156427,ENSMUSG00000057967,Fgf18
71,FCHO2,ENSG00000157107,ENSMUSG00000041685,Fcho2
72,FGF17,ENSG00000158815,ENSMUSG00000022101,Fgf17
73,FDPS,ENSG00000160752,ENSMUSG00000059743,Fdps
74,FGFR4,ENSG00000160867,ENSMUSG00000005320,Fgfr4
75,FGF11,ENSG00000161958,ENSMUSG00000042826,Fgf11
76,FGF19,ENSG00000162344,ENSMUSG00000031073,Fgf15
77,FCRLB,ENSG00000162746,ENSMUSG00000070524,Fcrlb
78,FCGR3B,ENSG00000162747,ENSMUSG00000059089,Fcgr4
79,FCGR3A,ENSG00000203747,ENSMUSG00000059089,Fcgr4
80,FEV,ENSG00000163497,ENSMUSG00000055197,Fev
81,FCRL1,ENSG00000163534,ENSMUSG00000059994,Fcrl1
82,FEN1,ENSG00000168496,ENSMUSG00000024742,Fen1
83,FEM1B,ENSG00000169018,ENSMUSG00000032244,Fem1b
84,FEZ2,ENSG00000171055,ENSMUSG00000056121,Fez2
85,FGG,ENSG00000171557,ENSMUSG00000033860,Fgg
86,FGB,ENSG00000171564,ENSMUSG00000033831,Fgb
87,FGGY,ENSG00000172456,ENSMUSG00000028573,Fggy
88,FGFBP3,ENSG00000174721,ENSMUSG00000047632,Fgfbp3
89,FIBIN,ENSG00000176971,ENSMUSG00000074971,Fibin
90,FGD6,ENSG00000180263,ENSMUSG00000020021,Fgd6
91,FCRL6,ENSG00000181036,ENSMUSG00000070504,Fcrl6
92,FES,ENSG00000182511,ENSMUSG00000053158,Fes
93,FHL3,ENSG00000183386,ENSMUSG00000032643,Fhl3
94,FGF3,ENSG00000186895,ENSMUSG00000031074,Fgf3
95,FHIT,ENSG00000189283,ENSMUSG00000060579,Fhit
96,FGF16,ENSG00000196468,ENSMUSG00000031230,Fgf16
97,FCHSD1,ENSG00000197948,ENSMUSG00000038524,Fchsd1
98,FDXACB1,ENSG00000255561,ENSMUSG00000037845,Fdxacb1
99,,,ENSMUSG00000013338,Fer1l4
100,,,ENSMUSG00000018861,Fdxr
101,,,ENSMUSG00000023092,Fhl1
102,,,ENSMUSG00000026938,Fcna
103,,,ENSMUSG00000028001,Fga
104,,,ENSMUSG00000047730,Fcgbp
0,FKBP4,ENSG00000004478,ENSMUSG00000030357,Fkbp4
1,FMO3,ENSG00000007933,ENSMUSG00000026691,Fmo3
2,FMO1,ENSG00000010932,ENSMUSG00000040181,Fmo1
3,FLT4,ENSG00000037280,ENSMUSG00000020357,Flt4
4,FNIP2,ENSG00000052795,ENSMUSG00000061175,Fnip2
5,FOXC1,ENSG00000054598,ENSMUSG00000050295,Foxc1
6,FLYWCH1,ENSG00000059122,ENSMUSG00000040097,Flywch1
7,FNDC8,ENSG00000073598,ENSMUSG00000018844,Fndc8
8,FNDC3B,ENSG00000075420,ENSMUSG00000039286,Fndc3b
9,FOSL2,ENSG00000075426,ENSMUSG00000029135,Fosl2
10,FMO4,ENSG00000076258,ENSMUSG00000026692,Fmo4
11,FKBP6,ENSG00000077800,ENSMUSG00000040013,Fkbp6
12,FKBP7,ENSG00000079150,ENSMUSG00000002732,Fkbp7
13,FOLH1,ENSG00000086205,ENSMUSG00000001773,Folh1
14,FKBP1A,ENSG00000088832,ENSMUSG00000032966,Fkbp1a
15,FKBP1C,ENSG00000198225,ENSMUSG00000032966,Fkbp1a
16,FLT3LG,ENSG00000090554,ENSMUSG00000110206,Flt3l
17,FMO2,ENSG00000094963,ENSMUSG00000040170,Fmo2
18,FKBP5,ENSG00000096060,ENSMUSG00000024222,Fkbp5
19,FKBP3,ENSG00000100442,ENSMUSG00000020949,Fkbp3
20,FMR1,ENSG00000102081,ENSMUSG00000000838,Fmr1
21,FNDC3A,ENSG00000102531,ENSMUSG00000033487,Fndc3a
22,FLT1,ENSG00000102755,ENSMUSG00000029648,Flt1
23,FKBP8,ENSG00000105701,ENSMUSG00000019428,Fkbp8
24,FKBP14,ENSG00000106080,ENSMUSG00000038074,Fkbp14
25,FKTN,ENSG00000106692,ENSMUSG00000028414,Fktn
26,FNBP4,ENSG00000109920,ENSMUSG00000008200,Fnbp4
27,FOLR1,ENSG00000110195,ENSMUSG00000001827,Folr1
28,FIG4,ENSG00000112367,ENSMUSG00000038417,Fig4
29,FNDC4,ENSG00000115226,ENSMUSG00000038552,Fndc4
30,FN1,ENSG00000115414,ENSMUSG00000026193,Fn1
31,FILIP1,ENSG00000118407,ENSMUSG00000034898,Filip1
32,FKBP15,ENSG00000119321,ENSMUSG00000066151,Fkbp15
33,FKBP1B,ENSG00000119782,ENSMUSG00000020635,Fkbp1b
34,FLT3,ENSG00000122025,ENSMUSG00000042817,Flt3
35,FMOD,ENSG00000122176,ENSMUSG00000041559,Fmod
36,FKBP9,ENSG00000122642,ENSMUSG00000029781,Fkbp9
37,FOSB,ENSG00000125740,ENSMUSG00000003545,Fosb
38,FOXA2,ENSG00000125798,ENSMUSG00000037025,Foxa2
39,FLRT3,ENSG00000125848,ENSMUSG00000051379,Flrt3
40,FLRT1,ENSG00000126500,ENSMUSG00000047787,Flrt1
41,FLNC,ENSG00000128591,ENSMUSG00000068699,Flnc
42,FOXA1,ENSG00000129514,ENSMUSG00000035451,Foxa1
43,FMO5,ENSG00000131781,ENSMUSG00000028088,Fmo5
44,FIGNL1,ENSG00000132436,ENSMUSG00000035455,Fignl1
45,FLOT2,ENSG00000132589,ENSMUSG00000061981,Flot2
46,FKBP11,ENSG00000134285,ENSMUSG00000003355,Fkbp11
47,FLNB,ENSG00000136068,ENSMUSG00000025278,Flnb
48,FLOT1,ENSG00000137312,ENSMUSG00000059714,Flot1
49,FNBP1L,ENSG00000137942,ENSMUSG00000039735,Fnbp1l
50,FITM1,ENSG00000139914,ENSMUSG00000022215,Fitm1
51,FN3KRP,ENSG00000141560,ENSMUSG00000039253,Fn3krp
52,FKBP10,ENSG00000141756,ENSMUSG00000001555,Fkbp10
53,FNDC7,ENSG00000143107,ENSMUSG00000045326,Fndc7
54,FLG2,ENSG00000143520,ENSMUSG00000049133,Flg2
55,FLI1,ENSG00000151702,ENSMUSG00000016087,Fli1
56,FLCN,ENSG00000154803,ENSMUSG00000032633,Flcn
57,FMN2,ENSG00000155816,ENSMUSG00000028354,Fmn2
58,FMNL2,ENSG00000157827,ENSMUSG00000036053,Fmnl2
59,FNDC5,ENSG00000160097,ENSMUSG00000001334,Fndc5
60,FLAD1,ENSG00000160688,ENSMUSG00000042642,Flad1
61,FMNL3,ENSG00000161791,ENSMUSG00000023008,Fmnl3
62,FLYWCH2,ENSG00000162076,ENSMUSG00000023911,Flywch2
63,FNDC1,ENSG00000164694,ENSMUSG00000071984,Fndc1
64,FOLR2,ENSG00000165457,ENSMUSG00000032725,Folr2
65,FN3K,ENSG00000167363,ENSMUSG00000025175,Fn3k
66,FILIP1L,ENSG00000168386,ENSMUSG00000043336,Filip1l
67,FNTA,ENSG00000168522,ENSMUSG00000015994,Fnta
68,FOS,ENSG00000170345,ENSMUSG00000021250,Fos
69,FOXA3,ENSG00000170608,ENSMUSG00000040891,Foxa3
70,FOXB1,ENSG00000171956,ENSMUSG00000059246,Foxb1
71,FIBP,ENSG00000172500,ENSMUSG00000024911,Fibp
72,FOSL1,ENSG00000175592,ENSMUSG00000024912,Fosl1
73,FOXC2,ENSG00000176692,ENSMUSG00000046714,Foxc2
74,FMR1NB,ENSG00000176988,ENSMUSG00000062170,Fmr1nb
75,FLII,ENSG00000177731,ENSMUSG00000002812,Flii
76,FJX1,ENSG00000179431,ENSMUSG00000075012,Fjx1
77,FIZ1,ENSG00000179943,ENSMUSG00000061374,Fiz1
78,FKRP,ENSG00000181027,ENSMUSG00000048920,Fkrp
79,FIGN,ENSG00000182263,ENSMUSG00000075324,Fign
80,FIGLA,ENSG00000183733,ENSMUSG00000030001,Figla
81,FMNL1,ENSG00000184922,ENSMUSG00000055805,Fmnl1
82,FLRT2,ENSG00000185070,ENSMUSG00000047414,Flrt2
83,FNBP1,ENSG00000187239,ENSMUSG00000075415,Fnbp1
84,FLNA,ENSG00000196924,ENSMUSG00000031328,Flna
85,FITM2,ENSG00000197296,ENSMUSG00000048486,Fitm2
86,FICD,ENSG00000198855,ENSMUSG00000053334,Ficd
87,FKBPL,ENSG00000204315,ENSMUSG00000033739,Fkbpl
88,FOXB2,ENSG00000204612,ENSMUSG00000056829,Foxb2
89,FIS1,ENSG00000214253,ENSMUSG00000019054,Fis1
90,FNIP1,ENSG00000217128,ENSMUSG00000035992,Fnip1
91,FMN1,ENSG00000248905,ENSMUSG00000044042,Fmn1
92,FOXD1,ENSG00000251493,ENSMUSG00000078302,Foxd1
93,FNTB,ENSG00000257365,ENSMUSG00000033373,Fntb
94,FIGNL2,ENSG00000261308,ENSMUSG00000095440,Fignl2
95,,,ENSMUSG00000026560,Fmo9
96,,,ENSMUSG00000029227,Fip1l1
97,,,ENSMUSG00000033737,Fndc3c1
98,,,ENSMUSG00000056629,Fkbp2
99,,,ENSMUSG00000073012,Fnd3c2
100,,,ENSMUSG00000095576,Fmo6
0,FUCA2,ENSG00000001036,ENSMUSG00000019810,Fuca2
1,FOXP3,ENSG00000049768,ENSMUSG00000039521,Foxp3
2,FSTL4,ENSG00000053108,ENSMUSG00000036264,Fstl4
3,FOXN3,ENSG00000053254,ENSMUSG00000033713,Foxn3
4,FOXJ2,ENSG00000065970,ENSMUSG00000003154,Foxj2
5,FTSJ1,ENSG00000068438,ENSMUSG00000031171,Ftsj1
6,FUNDC1,ENSG00000069509,ENSMUSG00000025040,Fundc1
7,FSTL3,ENSG00000070404,ENSMUSG00000020325,Fstl3
8,FRMPD1,ENSG00000070601,ENSMUSG00000035615,Frmpd1
9,FRY,ENSG00000073910,ENSMUSG00000056602,Fry
10,FRYL,ENSG00000075539,ENSMUSG00000070733,Fryl
11,FSCN1,ENSG00000075618,ENSMUSG00000029581,Fscn1
12,FTL,ENSG00000087086,ENSMUSG00000050708,Ftl1
13,FOXRED2,ENSG00000100350,ENSMUSG00000016552,Foxred2
14,FSD1,ENSG00000105255,ENSMUSG00000011589,Fsd1
15,FSCN3,ENSG00000106328,ENSMUSG00000029707,Fscn3
16,FSD1L,ENSG00000106701,ENSMUSG00000054752,Fsd1l
17,FUBP3,ENSG00000107164,ENSMUSG00000026843,Fubp3
18,FTSJ3,ENSG00000108592,ENSMUSG00000020706,Ftsj3
19,FOXN1,ENSG00000109101,ENSMUSG00000002057,Foxn1
20,FRG1,ENSG00000109536,ENSMUSG00000031590,Frg1
21,,ENSG00000273748,ENSMUSG00000031590,Frg1
22,FOXRED1,ENSG00000110074,ENSMUSG00000039048,Foxred1
23,FOXM1,ENSG00000111206,ENSMUSG00000001517,Foxm1
24,FRK,ENSG00000111816,ENSMUSG00000019779,Frk
25,FRMD4B,ENSG00000114541,ENSMUSG00000030064,Frmd4b
26,FOXP1,ENSG00000114861,ENSMUSG00000030067,Foxp1
27,FOXO3,ENSG00000118689,ENSMUSG00000048756,Foxo3
28,FRMD8,ENSG00000126391,ENSMUSG00000024816,Frmd8
29,FOXP2,ENSG00000128573,ENSMUSG00000029563,Foxp2
30,FOXJ1,ENSG00000129654,ENSMUSG00000034227,Foxj1
31,FSHB,ENSG00000131808,ENSMUSG00000027120,Fshb
32,FST,ENSG00000134363,ENSMUSG00000021765,Fst
33,FPGS,ENSG00000136877,ENSMUSG00000009566,Fpgs
34,FOXP4,ENSG00000137166,ENSMUSG00000023991,Foxp4
35,FRS3,ENSG00000137218,ENSMUSG00000023266,Frs3
36,FOXF2,ENSG00000137273,ENSMUSG00000038402,Foxf2
37,FRAS1,ENSG00000138759,ENSMUSG00000034687,Fras1
38,FOXN4,ENSG00000139445,ENSMUSG00000042002,Foxn4
39,FRMD6,ENSG00000139926,ENSMUSG00000048285,Frmd6
40,FURIN,ENSG00000140564,ENSMUSG00000030530,Furin
41,FTO,ENSG00000140718,ENSMUSG00000055932,Fto
42,FOXK2,ENSG00000141568,ENSMUSG00000039275,Foxk2
43,FRMPD3,ENSG00000147234,ENSMUSG00000042425,Frmpd3
44,FSIP1,ENSG00000150667,ENSMUSG00000027344,Fsip1
45,FREM2,ENSG00000150893,ENSMUSG00000037016,Frem2
46,FOXO1,ENSG00000150907,ENSMUSG00000044167,Foxo1
47,FRMD4A,ENSG00000151474,ENSMUSG00000026657,Frmd4a
48,FRRS1,ENSG00000156869,ENSMUSG00000033386,Frrs1
49,FTCD,ENSG00000160282,ENSMUSG00000001155,Ftcd
50,FOXH1,ENSG00000160973,ENSMUSG00000033837,Foxh1
51,FUBP1,ENSG00000162613,ENSMUSG00000028034,Fubp1
52,FRZB,ENSG00000162998,ENSMUSG00000027004,Frzb
53,FSTL1,ENSG00000163430,ENSMUSG00000022816,Fstl1
54,FOXQ1,ENSG00000164379,ENSMUSG00000038415,Foxq1
55,FOXK1,ENSG00000164916,ENSMUSG00000056493,Foxk1
56,FREM1,ENSG00000164946,ENSMUSG00000059049,Frem1
57,FRMD7,ENSG00000165694,ENSMUSG00000036131,Frmd7
58,FUNDC2,ENSG00000165775,ENSMUSG00000031198,Fundc2
59,FRAT1,ENSG00000165879,ENSMUSG00000067199,Frat1
60,FRS2,ENSG00000166225,ENSMUSG00000020170,Frs2
61,FOXI1,ENSG00000168269,ENSMUSG00000047861,Foxi1
62,FSTL5,ENSG00000168843,ENSMUSG00000034098,Fstl5
63,FRMPD4,ENSG00000169933,ENSMUSG00000049176,Frmpd4
64,FOXD4,ENSG00000170122,ENSMUSG00000051490,Foxd4
65,FOXD4L1,ENSG00000184492,ENSMUSG00000051490,Foxd4
66,FOXD4L4,ENSG00000184659,ENSMUSG00000051490,Foxd4
67,FOXD4L3,ENSG00000187559,ENSMUSG00000051490,Foxd4
68,FOXD4L5,ENSG00000204779,ENSMUSG00000051490,Foxd4
69,FOXD4L6,ENSG00000273514,ENSMUSG00000051490,Foxd4
70,FOXN2,ENSG00000170802,ENSMUSG00000034998,Foxn2
71,FSHR,ENSG00000170820,ENSMUSG00000032937,Fshr
72,FPR1,ENSG00000171051,ENSMUSG00000045551,Fpr1
73,FRMD5,ENSG00000171877,ENSMUSG00000027238,Frmd5
74,FRMD3,ENSG00000172159,ENSMUSG00000049122,Frmd3
75,FOXG1,ENSG00000176165,ENSMUSG00000020950,Foxg1
76,FOXR1,ENSG00000176302,ENSMUSG00000074397,Foxr1
77,FOXL1,ENSG00000176678,ENSMUSG00000097084,Foxl1
78,FOXE1,ENSG00000178919,ENSMUSG00000070990,Foxe1
79,FUCA1,ENSG00000179163,ENSMUSG00000028673,Fuca1
80,FOXS1,ENSG00000179772,ENSMUSG00000074676,Foxs1
81,FRAT2,ENSG00000181274,ENSMUSG00000047604,Frat2
82,FTMT,ENSG00000181867,ENSMUSG00000024510,Ftmt
83,FREM3,ENSG00000183090,ENSMUSG00000042353,Frem3
84,FOXL2,ENSG00000183770,ENSMUSG00000050397,Foxl2
85,FOXO4,ENSG00000184481,ENSMUSG00000042903,Foxo4
86,FOXD2,ENSG00000186564,ENSMUSG00000055210,Foxd2
87,FSD2,ENSG00000186628,ENSMUSG00000038663,Fsd2
88,FSCN2,ENSG00000186765,ENSMUSG00000025380,Fscn2
89,FOXI2,ENSG00000186766,ENSMUSG00000048377,Foxi2
90,FOXE3,ENSG00000186790,ENSMUSG00000044518,Foxe3
91,FOXD3,ENSG00000187140,ENSMUSG00000067261,Foxd3
92,FPR3,ENSG00000187474,ENSMUSG00000048062,Fpr-rs4
93,FPR3,ENSG00000187474,ENSMUSG00000052270,Fpr2
94,FPR3,ENSG00000187474,ENSMUSG00000060701,Fpr-rs3
95,FPR3,ENSG00000187474,ENSMUSG00000071275,Fpr-rs6
96,FPR3,ENSG00000187474,ENSMUSG00000079700,Fpr3
97,FSCB,ENSG00000189139,ENSMUSG00000043060,Fscb
98,FOXR2,ENSG00000189299,ENSMUSG00000071665,Foxr2
99,FOXJ3,ENSG00000198815,ENSMUSG00000032998,Foxj3
100,FOXO6,ENSG00000204060,ENSMUSG00000052135,Foxo6
101,FOXI3,ENSG00000214336,ENSMUSG00000055874,Foxi3
102,FPGT,ENSG00000254685,ENSMUSG00000053870,Fpgt
103,FSBP,ENSG00000265817,ENSMUSG00000094595,Fsbp
104,,,ENSMUSG00000024661,Fth1
105,,,ENSMUSG00000097072,Foxl2os
0,FUZ,ENSG00000010361,ENSMUSG00000011658,Fuz
1,FYN,ENSG00000010810,ENSMUSG00000019843,Fyn
2,GABRA3,ENSG00000011677,ENSMUSG00000031343,Gabra3
3,GABRA1,ENSG00000022355,ENSMUSG00000010803,Gabra1
4,FUT8,ENSG00000033170,ENSMUSG00000021065,Fut8
5,GAB2,ENSG00000033327,ENSMUSG00000004508,Gab2
6,GABARAPL2,ENSG00000034713,ENSMUSG00000031950,Gabarapl2
7,GALC,ENSG00000054983,ENSMUSG00000021003,Galc
8,GAL,ENSG00000069482,ENSMUSG00000024907,Gal
9,FYB1,ENSG00000082074,ENSMUSG00000022148,Fyb
10,FUS,ENSG00000089280,ENSMUSG00000030795,Fus
11,FXYD3,ENSG00000089356,ENSMUSG00000057092,Fxyd3
12,G2E3,ENSG00000092140,ENSMUSG00000035293,G2e3
13,GABRP,ENSG00000094755,ENSMUSG00000020159,Gabrp
14,GADD45B,ENSG00000099860,ENSMUSG00000015312,Gadd45b
15,GABRE,ENSG00000102287,ENSMUSG00000031340,Gabre
16,GABPB1,ENSG00000104064,ENSMUSG00000027361,Gabpb1
17,FZD3,ENSG00000104290,ENSMUSG00000007989,Fzd3
18,FZR1,ENSG00000105325,ENSMUSG00000020235,Fzr1
19,GALK1,ENSG00000108479,ENSMUSG00000020766,Galk1
20,GABRA4,ENSG00000109158,ENSMUSG00000029211,Gabra4
21,GAB1,ENSG00000109458,ENSMUSG00000031714,Gab1
22,FZD10,ENSG00000111432,ENSMUSG00000081683,Fzd10
23,GABRR2,ENSG00000111886,ENSMUSG00000023267,Gabrr2
24,GABRG2,ENSG00000113327,ENSMUSG00000020436,Gabrg2
25,FXR1,ENSG00000114416,ENSMUSG00000027680,Fxr1
26,GADD45A,ENSG00000116717,ENSMUSG00000036390,Gadd45a
27,GALE,ENSG00000117308,ENSMUSG00000028671,Gale
28,FYTTD1,ENSG00000122068,ENSMUSG00000022800,Fyttd1
29,G0S2,ENSG00000123689,ENSMUSG00000009633,G0s2
30,GAL3ST1,ENSG00000128242,ENSMUSG00000049721,Gal3st1
31,GAD1,ENSG00000128683,ENSMUSG00000070880,Gad1
32,FXR2,ENSG00000129245,ENSMUSG00000018765,Fxr2
33,GADD45G,ENSG00000130222,ENSMUSG00000021453,Gadd45g
34,G6PC1,ENSG00000131482,ENSMUSG00000078650,G6pc
35,GAD2,ENSG00000136750,ENSMUSG00000026787,Gad2
36,GABBR2,ENSG00000136928,ENSMUSG00000039809,Gabbr2
37,FXYD6,ENSG00000137726,ENSMUSG00000066705,Fxyd6
38,FXYD2,ENSG00000137731,ENSMUSG00000059412,Fxyd2
39,G3BP2,ENSG00000138757,ENSMUSG00000029405,G3bp2
40,GABARAPL1,ENSG00000139112,ENSMUSG00000030161,Gabarapl1
41,GALNS,ENSG00000141012,ENSMUSG00000015027,Galns
42,G6PC3,ENSG00000141349,ENSMUSG00000034793,G6pc3
43,GABPB2,ENSG00000143458,ENSMUSG00000038766,Gabpb2
44,GALM,ENSG00000143891,ENSMUSG00000035473,Galm
45,GADL1,ENSG00000144644,ENSMUSG00000056880,Gadl1
46,GABRA6,ENSG00000145863,ENSMUSG00000020428,Gabra6
47,GABRB2,ENSG00000145864,ENSMUSG00000007653,Gabrb2
48,G3BP1,ENSG00000145907,ENSMUSG00000018583,G3bp1
49,GABRR1,ENSG00000146276,ENSMUSG00000028280,Gabrr1
50,FXYD4,ENSG00000150201,ENSMUSG00000004988,Fxyd4
51,GABRA2,ENSG00000151834,ENSMUSG00000000560,Gabra2
52,G6PC2,ENSG00000152254,ENSMUSG00000005232,G6pc2
53,GAL3ST2,ENSG00000154252,ENSMUSG00000094651,Gal3st2
54,GABPA,ENSG00000154727,ENSMUSG00000008976,Gabpa
55,FZD7,ENSG00000155760,ENSMUSG00000041075,Fzd7
56,GALK2,ENSG00000156958,ENSMUSG00000027207,Galk2
57,FZD1,ENSG00000157240,ENSMUSG00000044674,Fzd1
58,G6PD,ENSG00000160211,ENSMUSG00000031400,G6pdx
59,G6PD,ENSG00000160211,ENSMUSG00000089992,G6pd2
60,GAB3,ENSG00000160219,ENSMUSG00000032750,Gab3
61,FZD5,ENSG00000163251,ENSMUSG00000045005,Fzd5
62,GABRG1,ENSG00000163285,ENSMUSG00000001260,Gabrg1
63,GABRB1,ENSG00000163288,ENSMUSG00000029212,Gabrb1
64,FYCO1,ENSG00000163820,ENSMUSG00000025241,Fyco1
65,FZD6,ENSG00000164930,ENSMUSG00000022297,Fzd6
66,FXN,ENSG00000165060,ENSMUSG00000059363,Fxn
67,GABRB3,ENSG00000166206,ENSMUSG00000033676,Gabrb3
68,GABARAP,ENSG00000170296,ENSMUSG00000018567,Gabarap
69,GAA,ENSG00000171298,ENSMUSG00000025579,Gaa
70,FUT9,ENSG00000172461,ENSMUSG00000055373,Fut9
71,FUT10,ENSG00000172728,ENSMUSG00000046152,Fut10
72,FZD4,ENSG00000174804,ENSMUSG00000049791,Fzd4
73,FUT1,ENSG00000174951,ENSMUSG00000008461,Fut1
74,GAL3ST3,ENSG00000175229,ENSMUSG00000047658,Gal3st3
75,FZD8,ENSG00000177283,ENSMUSG00000036904,Fzd8
76,GAK,ENSG00000178950,ENSMUSG00000062234,Gak
77,GADD45GIP1,ENSG00000179271,ENSMUSG00000033751,Gadd45gip1
78,FZD2,ENSG00000180340,ENSMUSG00000050288,Fzd2
79,FUT7,ENSG00000180549,ENSMUSG00000036587,Fut7
80,GABRG3,ENSG00000182256,ENSMUSG00000055026,Gabrg3
81,GABRR3,ENSG00000183185,ENSMUSG00000074991,Gabrr3
82,GABRA5,ENSG00000186297,ENSMUSG00000055078,Gabra5
83,GABRD,ENSG00000187730,ENSMUSG00000029054,Gabrd
84,FZD9,ENSG00000188763,ENSMUSG00000049551,Fzd9
85,FUT4,ENSG00000196371,ENSMUSG00000049307,Fut4
86,FUT11,ENSG00000196968,ENSMUSG00000039357,Fut11
87,GAL3ST4,ENSG00000197093,ENSMUSG00000075593,Gal3st4
88,GABBR1,ENSG00000204681,ENSMUSG00000024462,Gabbr1
89,FXYD7,ENSG00000221946,ENSMUSG00000036578,Fxyd7
90,FXYD1,ENSG00000266964,ENSMUSG00000036570,Fxyd1
91,GABRQ,ENSG00000268089,ENSMUSG00000031344,Gabrq
92,,,ENSMUSG00000009687,Fxyd5
93,,,ENSMUSG00000055978,Fut2
94,,,ENSMUSG00000070583,Fv1
95,,,ENSMUSG00000097694,G730013B05Rik
96,,,ENSMUSG00000114959,G630093K05Rik
97,,,ENSMUSG00000117146,Fut4-ps1
98,,,ENSMUSG00000118267,G630055G22Rik
0,GCLC,ENSG00000001084,ENSMUSG00000032350,Gclc
1,GDE1,ENSG00000006007,ENSMUSG00000033917,Gde1
2,GAS7,ENSG00000007237,ENSMUSG00000033066,Gas7
3,GCLM,ENSG00000023909,ENSMUSG00000028124,Gclm
4,GBA2,ENSG00000070610,ENSMUSG00000028467,Gba2
5,GCKR,ENSG00000084734,ENSMUSG00000059434,Gckr
6,GANAB,ENSG00000089597,ENSMUSG00000071650,Ganab
7,GCAT,ENSG00000100116,ENSMUSG00000006378,Gcat
8,GATA1,ENSG00000102145,ENSMUSG00000031162,Gata1
9,GDAP1,ENSG00000104381,ENSMUSG00000025777,Gdap1
10,GCDH,ENSG00000105607,ENSMUSG00000003809,Gcdh
11,GAPDHS,ENSG00000105679,ENSMUSG00000061099,Gapdhs
12,GARS1,ENSG00000106105,ENSMUSG00000029777,Gars
13,GCK,ENSG00000106633,ENSMUSG00000041798,Gck
14,GALNTL5,ENSG00000106648,ENSMUSG00000028938,Galntl5
15,GATA3,ENSG00000107485,ENSMUSG00000015619,Gata3
16,GBF1,ENSG00000107862,ENSMUSG00000025224,Gbf1
17,GAR1,ENSG00000109534,ENSMUSG00000028010,Gar1
18,GALNT7,ENSG00000109586,ENSMUSG00000031608,Galnt7
19,GCNT2,ENSG00000111846,ENSMUSG00000021360,Gcnt2
20,GBE1,ENSG00000114480,ENSMUSG00000022707,Gbe1
21,GCG,ENSG00000115263,ENSMUSG00000000394,Gcg
22,GCA,ENSG00000115271,ENSMUSG00000026893,Gca
23,GALNT3,ENSG00000115339,ENSMUSG00000026994,Galnt3
24,GDA,ENSG00000119125,ENSMUSG00000058624,Gda
25,GALNT12,ENSG00000119514,ENSMUSG00000039774,Galnt12
26,GCNT7,ENSG00000124091,ENSMUSG00000074569,Gcnt7
27,GDAP1L1,ENSG00000124194,ENSMUSG00000017943,Gdap1l1
28,GCM2,ENSG00000124827,ENSMUSG00000021362,Gcm2
29,GALR3,ENSG00000128310,ENSMUSG00000114755,Galr3
30,GAMT,ENSG00000130005,ENSMUSG00000020150,Gamt
31,GDF1,ENSG00000130283,ENSMUSG00000109523,Gdf1
32,GATA5,ENSG00000130700,ENSMUSG00000015627,Gata5
33,GCH1,ENSG00000131979,ENSMUSG00000037580,Gch1
34,GCC2,ENSG00000135968,ENSMUSG00000038039,Gcc2
35,GALNT5,ENSG00000136542,ENSMUSG00000026828,Galnt5
36,GATA4,ENSG00000136574,ENSMUSG00000021944,Gata4
37,GARNL3,ENSG00000136895,ENSMUSG00000038860,Garnl3
38,GCM1,ENSG00000137270,ENSMUSG00000023333,Gcm1
39,GCHFR,ENSG00000137880,ENSMUSG00000046814,Gchfr
40,GAS2L3,ENSG00000139354,ENSMUSG00000074802,Gas2l3
41,GALNT6,ENSG00000139629,ENSMUSG00000037280,Galnt6
42,GCNT3,ENSG00000140297,ENSMUSG00000032226,Gcnt3
43,GCSH,ENSG00000140905,ENSMUSG00000034424,Gcsh
44,GAS8,ENSG00000141013,ENSMUSG00000040220,Gas8
45,GALNT1,ENSG00000141429,ENSMUSG00000000420,Galnt1
46,GATA6,ENSG00000141448,ENSMUSG00000005836,Gata6
47,GATAD2B,ENSG00000143614,ENSMUSG00000042390,Gatad2b
48,GALNT2,ENSG00000143641,ENSMUSG00000089704,Galnt2
49,GALNT13,ENSG00000144278,ENSMUSG00000060988,Galnt13
50,GC,ENSG00000145321,ENSMUSG00000035540,Gc
51,GBGT1,ENSG00000148288,ENSMUSG00000026829,Gbgt1
52,GAS2,ENSG00000148935,ENSMUSG00000030498,Gas2
53,GBP5,ENSG00000154451,ENSMUSG00000105504,Gbp5
54,GATAD1,ENSG00000157259,ENSMUSG00000007415,Gatad1
55,GALNT14,ENSG00000158089,ENSMUSG00000024064,Galnt14
56,GART,ENSG00000159131,ENSMUSG00000022962,Gart
57,GBP2,ENSG00000162645,ENSMUSG00000028270,Gbp2
58,GBP4,ENSG00000162654,ENSMUSG00000028268,Gbp3
59,GBP4,ENSG00000162654,ENSMUSG00000040253,Gbp7
60,GALNT10,ENSG00000164574,ENSMUSG00000020520,Galnt10
61,GBX1,ENSG00000164900,ENSMUSG00000067724,Gbx1
62,GAPVD1,ENSG00000165219,ENSMUSG00000026867,Gapvd1
63,GALR1,ENSG00000166573,ENSMUSG00000024553,Galr1
64,GATAD2A,ENSG00000167491,ENSMUSG00000036180,Gatad2a
65,GBX2,ENSG00000168505,ENSMUSG00000034486,Gbx2
66,GATM,ENSG00000171766,ENSMUSG00000027199,Gatm
67,GAP43,ENSG00000172020,ENSMUSG00000047261,Gap43
68,GALNTL6,ENSG00000174473,ENSMUSG00000096914,Galntl6
69,GAPT,ENSG00000175857,ENSMUSG00000046006,Gapt
70,GCNT4,ENSG00000176928,ENSMUSG00000091387,Gcnt4
71,GBA1,ENSG00000177628,ENSMUSG00000028048,Gba
72,GALNT11,ENSG00000178234,ENSMUSG00000038072,Galnt11
73,GATA2,ENSG00000179348,ENSMUSG00000015053,Gata2
74,GCC1,ENSG00000179562,ENSMUSG00000029708,Gcc1
75,GAS1,ENSG00000180447,ENSMUSG00000052957,Gas1
76,GALR2,ENSG00000182687,ENSMUSG00000020793,Galr2
77,GALNT9,ENSG00000182870,ENSMUSG00000033316,Galnt9
78,GAS6,ENSG00000183087,ENSMUSG00000031451,Gas6
79,GBP6,ENSG00000183347,ENSMUSG00000029298,Gbp9
80,GBP6,ENSG00000183347,ENSMUSG00000034438,Gbp8
81,GBP6,ENSG00000183347,ENSMUSG00000079363,Gbp4
82,GBP6,ENSG00000183347,ENSMUSG00000092021,Gbp11
83,GBP6,ENSG00000183347,ENSMUSG00000104713,Gbp6
84,GBP6,ENSG00000183347,ENSMUSG00000105096,Gbp10
85,GAST,ENSG00000184502,ENSMUSG00000017165,Gast
86,GAS2L1,ENSG00000185340,ENSMUSG00000034201,Gas2l1
87,GCNT1,ENSG00000187210,ENSMUSG00000038843,Gcnt1
88,GDAP2,ENSG00000196505,ENSMUSG00000027865,Gdap2
89,GALP,ENSG00000197487,ENSMUSG00000034660,Galp
90,GALT,ENSG00000213930,ENSMUSG00000036073,Galt
91,GANC,ENSG00000214013,ENSMUSG00000062646,Ganc
92,GCGR,ENSG00000215644,ENSMUSG00000025127,Gcgr
93,GATC,ENSG00000257218,ENSMUSG00000029536,Gatc
94,GALNT4,ENSG00000257594,ENSMUSG00000090035,Galnt4
95,GAN,ENSG00000261609,ENSMUSG00000052557,Gan
96,GDF10,ENSG00000266524,ENSMUSG00000021943,Gdf10
97,GAS2L2,ENSG00000270765,ENSMUSG00000020686,Gas2l2
98,,,ENSMUSG00000053332,Gas5
99,,,ENSMUSG00000057666,Gapdh
100,,,ENSMUSG00000116378,Gcat
0,GGCT,ENSG00000006625,ENSMUSG00000002797,Ggct
1,GIPR,ENSG00000010310,ENSMUSG00000030406,Gipr
2,GEMIN8,ENSG00000046647,ENSMUSG00000040621,Gemin8
3,GDI2,ENSG00000057608,ENSMUSG00000021218,Gdi2
4,GEMIN5,ENSG00000082516,ENSMUSG00000037275,Gemin5
5,GGT5,ENSG00000099998,ENSMUSG00000006344,Ggt5
6,GGT1,ENSG00000100031,ENSMUSG00000006345,Ggt1
7,GGTLC2,ENSG00000100121,ENSMUSG00000006345,Ggt1
8,GGTLC1,ENSG00000149435,ENSMUSG00000006345,Ggt1
9,GGTLC3,ENSG00000274252,ENSMUSG00000006345,Ggt1
10,GGA1,ENSG00000100083,ENSMUSG00000033128,Gga1
11,GINS1,ENSG00000101003,ENSMUSG00000027454,Gins1
12,GDPD3,ENSG00000102886,ENSMUSG00000030703,Gdpd3
13,GGA2,ENSG00000103365,ENSMUSG00000030872,Gga2
14,GHRHR,ENSG00000106128,ENSMUSG00000004654,Ghrhr
15,GIT1,ENSG00000108262,ENSMUSG00000011877,Git1
16,GHR,ENSG00000112964,ENSMUSG00000055737,Ghr
17,GGCX,ENSG00000115486,ENSMUSG00000053460,Ggcx
18,GHRH,ENSG00000118702,ENSMUSG00000027643,Ghrh
19,GJA8,ENSG00000121634,ENSMUSG00000049908,Gja8
20,GJB6,ENSG00000121742,ENSMUSG00000040055,Gjb6
21,GJA3,ENSG00000121743,ENSMUSG00000048582,Gja3
22,GHSR,ENSG00000121853,ENSMUSG00000051136,Ghsr
23,GIPC1,ENSG00000123159,ENSMUSG00000019433,Gipc1
24,GGA3,ENSG00000125447,ENSMUSG00000020740,Gga3
25,GFRA4,ENSG00000125861,ENSMUSG00000027316,Gfra4
26,GDF5,ENSG00000125965,ENSMUSG00000038259,Gdf5
27,GFER,ENSG00000127554,ENSMUSG00000040888,Gfer
28,GDPD2,ENSG00000130055,ENSMUSG00000019359,Gdpd2
29,GDF15,ENSG00000130513,ENSMUSG00000038508,Gdf15
30,GGT7,ENSG00000131067,ENSMUSG00000027603,Ggt7
31,GFAP,ENSG00000131095,ENSMUSG00000020932,Gfap
32,GINS2,ENSG00000131153,ENSMUSG00000031821,Gins2
33,GFPT2,ENSG00000131459,ENSMUSG00000020363,Gfpt2
34,GIMAP6,ENSG00000133561,ENSMUSG00000047867,Gimap6
35,GIMAP4,ENSG00000133574,ENSMUSG00000054435,Gimap4
36,GJA10,ENSG00000135355,ENSMUSG00000051056,Gja10
37,GDF11,ENSG00000135414,ENSMUSG00000025352,Gdf11
38,GH2,ENSG00000136487,ENSMUSG00000020713,Gh
39,CSH1,ENSG00000136488,ENSMUSG00000020713,Gh
40,CSHL1,ENSG00000204414,ENSMUSG00000020713,Gh
41,CSH2,ENSG00000213218,ENSMUSG00000020713,Gh
42,GH1,ENSG00000259384,ENSMUSG00000020713,Gh
43,GGH,ENSG00000137563,ENSMUSG00000073987,Ggh
44,GIPC2,ENSG00000137960,ENSMUSG00000039131,Gipc2
45,GIT2,ENSG00000139436,ENSMUSG00000041890,Git2
46,GFOD2,ENSG00000141098,ENSMUSG00000013150,Gfod2
47,GEMIN7,ENSG00000142252,ENSMUSG00000044709,Gemin7
48,GDF7,ENSG00000143869,ENSMUSG00000037660,Gdf7
49,GIN1,ENSG00000145723,ENSMUSG00000026333,Gin1
50,GFOD1,ENSG00000145990,ENSMUSG00000051335,Gfod1
51,GFRA3,ENSG00000146013,ENSMUSG00000024366,Gfra3
52,GIGYF1,ENSG00000146830,ENSMUSG00000029714,Gigyf1
53,GINS4,ENSG00000147536,ENSMUSG00000031546,Gins4
54,GFRA1,ENSG00000151892,ENSMUSG00000025089,Gfra1
55,GEMIN6,ENSG00000152147,ENSMUSG00000055760,Gemin6
56,GJA1,ENSG00000152661,ENSMUSG00000050953,Gja1
57,GGPS1,ENSG00000152904,ENSMUSG00000021302,Ggps1
58,GDPD1,ENSG00000153982,ENSMUSG00000061666,Gdpd1
59,GDF6,ENSG00000156466,ENSMUSG00000051279,Gdf6
60,GHRL,ENSG00000157017,ENSMUSG00000064177,Ghrl
61,GDPD5,ENSG00000158555,ENSMUSG00000035314,Gdpd5
62,GIP,ENSG00000159224,ENSMUSG00000014351,Gip
63,GFI1,ENSG00000162676,ENSMUSG00000029275,Gfi1
64,GFM2,ENSG00000164347,ENSMUSG00000021666,Gfm2
65,GDF9,ENSG00000164404,ENSMUSG00000018238,Gdf9
66,GEM,ENSG00000164949,ENSMUSG00000028214,Gem
67,GJB2,ENSG00000165474,ENSMUSG00000046352,Gjb2
68,GHITM,ENSG00000165678,ENSMUSG00000041028,Ghitm
69,GFI1B,ENSG00000165702,ENSMUSG00000026815,Gfi1b
70,GGT6,ENSG00000167741,ENSMUSG00000040471,Ggt6
71,GHDC,ENSG00000167925,ENSMUSG00000017747,Ghdc
72,GFRA2,ENSG00000168546,ENSMUSG00000022103,Gfra2
73,GDNF,ENSG00000168621,ENSMUSG00000022144,Gdnf
74,GFM1,ENSG00000168827,ENSMUSG00000027774,Gfm1
75,GJB1,ENSG00000169562,ENSMUSG00000047797,Gjb1
76,GIMAP8,ENSG00000171115,ENSMUSG00000064262,Gimap8
77,GJC3,ENSG00000176402,ENSMUSG00000056966,Gjc3
78,GEN1,ENSG00000178295,ENSMUSG00000051235,Gen1
79,GDPD4,ENSG00000178795,ENSMUSG00000035582,Gdpd4
80,GIMAP7,ENSG00000179144,ENSMUSG00000043931,Gimap7
81,GGN,ENSG00000179168,ENSMUSG00000031493,Ggn
82,GEMIN4,ENSG00000179409,ENSMUSG00000049396,Gemin4
83,GIPC3,ENSG00000179855,ENSMUSG00000034872,Gipc3
84,GINS3,ENSG00000181938,ENSMUSG00000031669,Gins3
85,GJC1,ENSG00000182963,ENSMUSG00000034520,Gjc1
86,GDF3,ENSG00000184344,ENSMUSG00000030117,Gdf3
87,GJA4,ENSG00000187513,ENSMUSG00000050234,Gja4
88,GFRAL,ENSG00000187871,ENSMUSG00000059383,Gfral
89,GJB3,ENSG00000188910,ENSMUSG00000042367,Gjb3
90,GJB5,ENSG00000189280,ENSMUSG00000042357,Gjb5
91,GJB4,ENSG00000189433,ENSMUSG00000046623,Gjb4
92,GIMAP5,ENSG00000196329,ENSMUSG00000039264,Gimap3
93,GIMAP5,ENSG00000196329,ENSMUSG00000043505,Gimap5
94,GFPT1,ENSG00000198380,ENSMUSG00000029992,Gfpt1
95,GJC2,ENSG00000198835,ENSMUSG00000043448,Gjc2
96,GDI1,ENSG00000203879,ENSMUSG00000015291,Gdi1
97,GIGYF2,ENSG00000204120,ENSMUSG00000048000,Gigyf2
98,GIMAP1,ENSG00000213203,ENSMUSG00000090019,Gimap1
99,GET4,ENSG00000239857,ENSMUSG00000025858,Get4
100,GDF2,ENSG00000263761,ENSMUSG00000072625,Gdf2
101,GJA5,ENSG00000265107,ENSMUSG00000057123,Gja5
102,GGNBP2,ENSG00000278311,ENSMUSG00000020530,Ggnbp2
103,,,ENSMUSG00000035778,Ggta1
104,,,ENSMUSG00000048731,Ggnbp1
105,,,ENSMUSG00000051124,Gimap9
106,,,ENSMUSG00000055691,Gja6
0,PRSS3,ENSG00000010438,ENSMUSG00000071517,Gm10334
1,PRSS1,ENSG00000204983,ENSMUSG00000071517,Gm10334
2,PRSS2,ENSG00000275896,ENSMUSG00000071517,Gm10334
3,GLT8D1,ENSG00000016864,ENSMUSG00000021916,Glt8d1
4,GLP2R,ENSG00000065325,ENSMUSG00000049928,Glp2r
5,GLI2,ENSG00000074047,ENSMUSG00000048402,Gli2
6,GLG1,ENSG00000090863,ENSMUSG00000003316,Glg1
7,GLRA2,ENSG00000101958,ENSMUSG00000018589,Glra2
8,GLA,ENSG00000102393,ENSMUSG00000031266,Gla
9,GLCCI1,ENSG00000106415,ENSMUSG00000029638,Glcci1
10,GLI3,ENSG00000106571,ENSMUSG00000021318,Gli3
11,GLIS3,ENSG00000107249,ENSMUSG00000052942,Glis3
12,GLRX3,ENSG00000108010,ENSMUSG00000031068,Glrx3
13,GLRB,ENSG00000109738,ENSMUSG00000028020,Glrb
14,GLI1,ENSG00000111087,ENSMUSG00000025407,Gli1
15,GLP1R,ENSG00000112164,ENSMUSG00000024027,Glp1r
16,GLS,ENSG00000115419,ENSMUSG00000026103,Gls
17,GLE1,ENSG00000119392,ENSMUSG00000019715,Gle1
18,GLT8D2,ENSG00000120820,ENSMUSG00000020251,Glt8d2
19,GLIPR2,ENSG00000122694,ENSMUSG00000028480,Glipr2
20,GLO1,ENSG00000124767,ENSMUSG00000024026,Glo1
21,GLIS2,ENSG00000126603,ENSMUSG00000014303,Glis2
22,GLS2,ENSG00000135423,ENSMUSG00000044005,Gls2
23,GLUL,ENSG00000135821,ENSMUSG00000026473,Glul
24,GLCE,ENSG00000138604,ENSMUSG00000032252,Glce
25,GLIPR1,ENSG00000139278,ENSMUSG00000056888,Glipr1
26,SYCP3,ENSG00000139351,ENSMUSG00000095293,Gm10058
27,SYCP3,ENSG00000139351,ENSMUSG00000095546,Gm10230
28,SYCP3,ENSG00000139351,ENSMUSG00000095887,Gm10096
29,SYCP3,ENSG00000139351,ENSMUSG00000096457,Gm10147
30,GLTP,ENSG00000139433,ENSMUSG00000011884,Gltp
31,GLYR1,ENSG00000140632,ENSMUSG00000022536,Glyr1
32,GLRA3,ENSG00000145451,ENSMUSG00000038257,Glra3
33,GLRA1,ENSG00000145888,ENSMUSG00000000263,Glra1
34,GLUD1,ENSG00000148672,ENSMUSG00000021794,Glud1
35,GLUD2,ENSG00000182890,ENSMUSG00000021794,Glud1
36,GLYAT,ENSG00000149124,ENSMUSG00000063683,Glyat
37,GLB1L2,ENSG00000149328,ENSMUSG00000036395,Glb1l2
38,GLT1D1,ENSG00000151948,ENSMUSG00000049971,Glt1d1
39,GJD2,ENSG00000159248,ENSMUSG00000068615,Gjd2
40,GLB1L,ENSG00000163521,ENSMUSG00000026200,Glb1l
41,GKAP1,ENSG00000165113,ENSMUSG00000021552,Gkap1
42,GLB1L3,ENSG00000166105,ENSMUSG00000031966,Glb1l3
43,GLOD4,ENSG00000167699,ENSMUSG00000017286,Glod4
44,GLYCTK,ENSG00000168237,ENSMUSG00000020258,Glyctk
45,GKN1,ENSG00000169605,ENSMUSG00000030050,Gkn1
46,GLB1,ENSG00000170266,ENSMUSG00000045594,Glb1
47,GLOD5,ENSG00000171433,ENSMUSG00000031163,Glod5
48,GLRX,ENSG00000173221,ENSMUSG00000021591,Glrx
49,GLIPR1L1,ENSG00000173401,ENSMUSG00000020213,Glipr1l1
50,GLIS1,ENSG00000174332,ENSMUSG00000034762,Glis1
51,GLMN,ENSG00000174842,ENSMUSG00000029276,Glmn
52,GK5,ENSG00000175066,ENSMUSG00000041440,Gk5
53,GJD4,ENSG00000177291,ENSMUSG00000036855,Gjd4
54,GLDC,ENSG00000178445,ENSMUSG00000024827,Gldc
55,GLIPR1L2,ENSG00000180481,ENSMUSG00000020214,Glipr1l2
56,GLTPD2,ENSG00000182327,ENSMUSG00000046811,Gltpd2
57,GLRX5,ENSG00000182512,ENSMUSG00000021102,Glrx5
58,GJD3,ENSG00000183153,ENSMUSG00000047197,Gjd3
59,GKN2,ENSG00000183607,ENSMUSG00000030049,Gkn2
60,GLDN,ENSG00000186417,ENSMUSG00000046167,Gldn
61,KRTAP12-1,ENSG00000187175,ENSMUSG00000071195,Gm10318
62,KRTAP10-6,ENSG00000188155,ENSMUSG00000071195,Gm10318
63,KRTAP4-5,ENSG00000198271,ENSMUSG00000071195,Gm10318
64,KRTAP12-3,ENSG00000205439,ENSMUSG00000071195,Gm10318
65,KRTAP10-4,ENSG00000215454,ENSMUSG00000071195,Gm10318
66,KRTAP10-9,ENSG00000221837,ENSMUSG00000071195,Gm10318
67,KRTAP12-2,ENSG00000221864,ENSMUSG00000071195,Gm10318
68,KRTAP9-1,ENSG00000240542,ENSMUSG00000071195,Gm10318
69,KRTAP10-11,ENSG00000243489,ENSMUSG00000071195,Gm10318
70,KRTAP10-6,ENSG00000188155,ENSMUSG00000069584,Gm10272
71,KRTAP4-5,ENSG00000198271,ENSMUSG00000069584,Gm10272
72,KRTAP10-4,ENSG00000215454,ENSMUSG00000069584,Gm10272
73,KRTAP10-9,ENSG00000221837,ENSMUSG00000069584,Gm10272
74,KRTAP10-11,ENSG00000243489,ENSMUSG00000069584,Gm10272
75,KRTAP10-6,ENSG00000188155,ENSMUSG00000094012,Gm10024
76,KRTAP4-5,ENSG00000198271,ENSMUSG00000094012,Gm10024
77,KRTAP10-4,ENSG00000215454,ENSMUSG00000094012,Gm10024
78,KRTAP10-9,ENSG00000221837,ENSMUSG00000094012,Gm10024
79,KRTAP10-11,ENSG00000243489,ENSMUSG00000094012,Gm10024
80,KRTAP10-6,ENSG00000188155,ENSMUSG00000094146,Gm10142
81,KRTAP4-5,ENSG00000198271,ENSMUSG00000094146,Gm10142
82,KRTAP10-4,ENSG00000215454,ENSMUSG00000094146,Gm10142
83,KRTAP10-9,ENSG00000221837,ENSMUSG00000094146,Gm10142
84,KRTAP10-11,ENSG00000243489,ENSMUSG00000094146,Gm10142
85,KRTAP10-6,ENSG00000188155,ENSMUSG00000096421,Gm10100
86,KRTAP4-5,ENSG00000198271,ENSMUSG00000096421,Gm10100
87,KRTAP10-4,ENSG00000215454,ENSMUSG00000096421,Gm10100
88,KRTAP10-9,ENSG00000221837,ENSMUSG00000096421,Gm10100
89,KRTAP10-11,ENSG00000243489,ENSMUSG00000096421,Gm10100
90,GK2,ENSG00000196475,ENSMUSG00000050553,Gk2
91,GJE1,ENSG00000203733,ENSMUSG00000019867,Gje1
92,GLYATL3,ENSG00000203972,ENSMUSG00000091043,Glyatl3
93,GLT6D1,ENSG00000204007,ENSMUSG00000036401,Glt6d1
94,,,ENSMUSG00000018196,Glrx2
95,,,ENSMUSG00000018595,Glra4
96,,,ENSMUSG00000022491,Glycam1
97,,,ENSMUSG00000030048,Gkn3
98,,,ENSMUSG00000031286,Glt28d2
99,,,ENSMUSG00000058922,Gm10052
100,,,ENSMUSG00000059659,Gm10069
101,,,ENSMUSG00000062310,Glrp1
102,,,ENSMUSG00000063087,Gm10125
103,,,ENSMUSG00000066938,Gm10190
104,,,ENSMUSG00000067698,Gm10220
105,,,ENSMUSG00000068075,Gm10229
106,,,ENSMUSG00000068680,Gm10248
107,,,ENSMUSG00000069385,Gm10267
108,,,ENSMUSG00000071204,Gm10319
109,,,ENSMUSG00000072592,Gm10373
110,,,ENSMUSG00000072739,Gm10408
111,,,ENSMUSG00000072884,Gm10433
112,,,ENSMUSG00000072923,Gm10439
113,,,ENSMUSG00000093985,Gm10406
114,,,ENSMUSG00000095226,Gm10377
115,,,ENSMUSG00000095528,Gm10375
116,,,ENSMUSG00000095533,Gm10413
117,,,ENSMUSG00000097368,Gm10390
118,,,ENSMUSG00000099907,Gm10421
119,,,ENSMUSG00000105044,Gm10416
120,,,ENSMUSG00000107456,Gm10400
121,,,ENSMUSG00000107623,Gm10415
122,,,ENSMUSG00000109143,Gm10046
123,,,ENSMUSG00000110444,Gm10033
124,,,ENSMUSG00000110541,Gm10280
125,,,ENSMUSG00000113679,Gm10432
126,,,ENSMUSG00000115667,Gm10389
0,CCL21,ENSG00000137077,ENSMUSG00000096596,Gm10591
1,SYCP3,ENSG00000139351,ENSMUSG00000073247,Gm10486
2,SYCP3,ENSG00000139351,ENSMUSG00000073257,Gm10488
3,SYCP3,ENSG00000139351,ENSMUSG00000094759,Gm10487
4,CXADR,ENSG00000154639,ENSMUSG00000044860,Gm1123
5,PASD1,ENSG00000166049,ENSMUSG00000073130,Gm1141
6,FAM9B,ENSG00000177138,ENSMUSG00000079578,Gm1140
7,FAM9A,ENSG00000183304,ENSMUSG00000079578,Gm1140
8,FAM9C,ENSG00000187268,ENSMUSG00000079578,Gm1140
9,KRTAP4-3,ENSG00000196156,ENSMUSG00000069718,Gm11563
10,KRTAP4-3,ENSG00000196156,ENSMUSG00000078258,Gm11564
11,KRTAP4-3,ENSG00000196156,ENSMUSG00000078259,Gm11554
12,KRTAP4-3,ENSG00000196156,ENSMUSG00000078260,Gm11569
13,KRTAP4-3,ENSG00000196156,ENSMUSG00000078261,Gm11596
14,KRTAP4-3,ENSG00000196156,ENSMUSG00000078668,Gm11595
15,KRTAP10-4,ENSG00000215454,ENSMUSG00000057674,Gm11938
16,KRTAP10-11,ENSG00000243489,ENSMUSG00000057674,Gm11938
17,KRTAP10-4,ENSG00000215454,ENSMUSG00000058725,Gm11937
18,KRTAP10-11,ENSG00000243489,ENSMUSG00000058725,Gm11937
19,KRTAP10-4,ENSG00000215454,ENSMUSG00000062278,Gm11562
20,KRTAP10-11,ENSG00000243489,ENSMUSG00000062278,Gm11562
21,C8orf88,ENSG00000253250,ENSMUSG00000086587,Gm11837
22,C17orf78,ENSG00000278505,ENSMUSG00000051452,Gm11437
23,MSANTD5,ENSG00000285891,ENSMUSG00000066137,Gm11487
24,MSANTD5,ENSG00000285891,ENSMUSG00000093962,Gm11756
25,MSANTD5,ENSG00000285891,ENSMUSG00000096530,Gm11758
26,MSANTD5,ENSG00000285891,ENSMUSG00000096750,Gm11757
27,,,ENSMUSG00000055045,Gm11190
28,,,ENSMUSG00000056008,Gm11541
29,,,ENSMUSG00000056288,Gm11961
30,,,ENSMUSG00000056687,Gm11696
31,,,ENSMUSG00000059845,Gm11567
32,,,ENSMUSG00000069717,Gm11568
33,,,ENSMUSG00000069796,Gm11426
34,,,ENSMUSG00000073103,Gm10466
35,,,ENSMUSG00000073116,Gm10471
36,,,ENSMUSG00000073448,Gm10509
37,,,ENSMUSG00000073607,Gm10548
38,,,ENSMUSG00000074178,Gm10638
39,,,ENSMUSG00000074235,Gm10649
40,,,ENSMUSG00000074250,Gm10653
41,,,ENSMUSG00000074284,Gm10658
42,,,ENSMUSG00000074385,Gm10684
43,,,ENSMUSG00000074555,Gm10714
44,,,ENSMUSG00000074620,Gm10731
45,,,ENSMUSG00000074776,Gm10754
46,,,ENSMUSG00000074885,Gm10782
47,,,ENSMUSG00000074919,Gm10787
48,,,ENSMUSG00000075025,Gm10804
49,,,ENSMUSG00000075555,Gm10863
50,,,ENSMUSG00000075586,Gm11529
51,,,ENSMUSG00000075611,Gm11545
52,,,ENSMUSG00000078256,Gm11565
53,,,ENSMUSG00000078444,Gm10941
54,,,ENSMUSG00000078640,Gm11627
55,,,ENSMUSG00000079414,Gm11110
56,,,ENSMUSG00000079492,Gm11127
57,,,ENSMUSG00000079564,Gm11149
58,,,ENSMUSG00000079644,Gm1110
59,,,ENSMUSG00000081249,Gm11517
60,,,ENSMUSG00000081586,Gm11544
61,,,ENSMUSG00000084840,Gm11468
62,,,ENSMUSG00000084941,Gm11944
63,,,ENSMUSG00000085034,Gm11240
64,,,ENSMUSG00000085169,Gm10785
65,,,ENSMUSG00000085603,Gm11346
66,,,ENSMUSG00000085941,Gm11201
67,,,ENSMUSG00000086321,Gm11413
68,,,ENSMUSG00000086373,Gm11978
69,,,ENSMUSG00000086514,Gm11747
70,,,ENSMUSG00000086531,Gm11351
71,,,ENSMUSG00000086808,Gm11981
72,,,ENSMUSG00000087668,Gm11186
73,,,ENSMUSG00000087675,Gm11762
74,,,ENSMUSG00000090225,Gm11559
75,,,ENSMUSG00000094762,Gm10670
76,,,ENSMUSG00000095683,Gm10662
77,,,ENSMUSG00000095959,Gm10845
78,,,ENSMUSG00000096856,Gm10778
79,,,ENSMUSG00000096871,Gm10665
80,,,ENSMUSG00000096937,Gm10825
81,,,ENSMUSG00000097043,Gm10556
82,,,ENSMUSG00000097316,Gm10516
83,,,ENSMUSG00000097404,Gm10814
84,,,ENSMUSG00000097712,Gm10532
85,,,ENSMUSG00000099207,Gm10637
86,,,ENSMUSG00000100985,Gm10640
87,,,ENSMUSG00000101126,Gm10538
88,,,ENSMUSG00000102887,Gm10857
89,,,ENSMUSG00000104015,Gm10745
90,,,ENSMUSG00000105602,Gm10636
91,,,ENSMUSG00000105912,Gm10440
92,,,ENSMUSG00000107797,Gm10445
93,,,ENSMUSG00000109270,Gm10584
94,,,ENSMUSG00000109722,Gm10578
95,,,ENSMUSG00000111765,Gm10635
96,,,ENSMUSG00000113856,Gm10790
97,,,ENSMUSG00000115518,Gm10791
98,,,ENSMUSG00000116505,Gm10865
99,,,ENSMUSG00000116654,Gm10823
100,,,ENSMUSG00000117051,Gm10512
101,,,ENSMUSG00000117147,Gm11166
102,,,ENSMUSG00000118292,Gm10549
0,HAVCR1,ENSG00000113249,ENSMUSG00000078924,Gm12169
1,PRAMEF1,ENSG00000116721,ENSMUSG00000070616,Gm13040
2,PRAMEF12,ENSG00000116726,ENSMUSG00000070616,Gm13040
3,PRAMEF2,ENSG00000120952,ENSMUSG00000070616,Gm13040
4,PRAMEF8,ENSG00000182330,ENSMUSG00000070616,Gm13040
5,PRAME,ENSG00000185686,ENSMUSG00000070616,Gm13040
6,PRAMEF10,ENSG00000187545,ENSMUSG00000070616,Gm13040
7,PRAMEF20,ENSG00000204478,ENSMUSG00000070616,Gm13040
8,PRAMEF17,ENSG00000204479,ENSMUSG00000070616,Gm13040
9,PRAMEF19,ENSG00000204480,ENSMUSG00000070616,Gm13040
10,PRAMEF14,ENSG00000204481,ENSMUSG00000070616,Gm13040
11,PRAMEF15,ENSG00000204501,ENSMUSG00000070616,Gm13040
12,PRAMEF9,ENSG00000204505,ENSMUSG00000070616,Gm13040
13,PRAMEF7,ENSG00000204510,ENSMUSG00000070616,Gm13040
14,PRAMEF25,ENSG00000229571,ENSMUSG00000070616,Gm13040
15,PRAMEF6,ENSG00000232423,ENSMUSG00000070616,Gm13040
16,PRAMEF33,ENSG00000237700,ENSMUSG00000070616,Gm13040
17,PRAMEF11,ENSG00000239810,ENSMUSG00000070616,Gm13040
18,PRAMEF4,ENSG00000243073,ENSMUSG00000070616,Gm13040
19,PRAMEF5,ENSG00000270601,ENSMUSG00000070616,Gm13040
20,PRAMEF27,ENSG00000274764,ENSMUSG00000070616,Gm13040
21,PRAMEF13,ENSG00000279169,ENSMUSG00000070616,Gm13040
22,PRAMEF18,ENSG00000279804,ENSMUSG00000070616,Gm13040
23,PRAMEF26,ENSG00000280267,ENSMUSG00000070616,Gm13040
24,PRAMEF1,ENSG00000116721,ENSMUSG00000073723,Gm13102
25,PRAMEF12,ENSG00000116726,ENSMUSG00000073723,Gm13102
26,PRAMEF2,ENSG00000120952,ENSMUSG00000073723,Gm13102
27,PRAMEF8,ENSG00000182330,ENSMUSG00000073723,Gm13102
28,PRAME,ENSG00000185686,ENSMUSG00000073723,Gm13102
29,PRAMEF10,ENSG00000187545,ENSMUSG00000073723,Gm13102
30,PRAMEF20,ENSG00000204478,ENSMUSG00000073723,Gm13102
31,PRAMEF17,ENSG00000204479,ENSMUSG00000073723,Gm13102
32,PRAMEF19,ENSG00000204480,ENSMUSG00000073723,Gm13102
33,PRAMEF14,ENSG00000204481,ENSMUSG00000073723,Gm13102
34,PRAMEF15,ENSG00000204501,ENSMUSG00000073723,Gm13102
35,PRAMEF9,ENSG00000204505,ENSMUSG00000073723,Gm13102
36,PRAMEF7,ENSG00000204510,ENSMUSG00000073723,Gm13102
37,PRAMEF25,ENSG00000229571,ENSMUSG00000073723,Gm13102
38,PRAMEF6,ENSG00000232423,ENSMUSG00000073723,Gm13102
39,PRAMEF33,ENSG00000237700,ENSMUSG00000073723,Gm13102
40,PRAMEF11,ENSG00000239810,ENSMUSG00000073723,Gm13102
41,PRAMEF4,ENSG00000243073,ENSMUSG00000073723,Gm13102
42,PRAMEF5,ENSG00000270601,ENSMUSG00000073723,Gm13102
43,PRAMEF27,ENSG00000274764,ENSMUSG00000073723,Gm13102
44,PRAMEF13,ENSG00000279169,ENSMUSG00000073723,Gm13102
45,PRAMEF18,ENSG00000279804,ENSMUSG00000073723,Gm13102
46,PRAMEF26,ENSG00000280267,ENSMUSG00000073723,Gm13102
47,PRAMEF1,ENSG00000116721,ENSMUSG00000078625,Gm12789
48,PRAMEF12,ENSG00000116726,ENSMUSG00000078625,Gm12789
49,PRAMEF2,ENSG00000120952,ENSMUSG00000078625,Gm12789
50,PRAMEF8,ENSG00000182330,ENSMUSG00000078625,Gm12789
51,PRAME,ENSG00000185686,ENSMUSG00000078625,Gm12789
52,PRAMEF10,ENSG00000187545,ENSMUSG00000078625,Gm12789
53,PRAMEF20,ENSG00000204478,ENSMUSG00000078625,Gm12789
54,PRAMEF17,ENSG00000204479,ENSMUSG00000078625,Gm12789
55,PRAMEF19,ENSG00000204480,ENSMUSG00000078625,Gm12789
56,PRAMEF14,ENSG00000204481,ENSMUSG00000078625,Gm12789
57,PRAMEF15,ENSG00000204501,ENSMUSG00000078625,Gm12789
58,PRAMEF9,ENSG00000204505,ENSMUSG00000078625,Gm12789
59,PRAMEF7,ENSG00000204510,ENSMUSG00000078625,Gm12789
60,PRAMEF25,ENSG00000229571,ENSMUSG00000078625,Gm12789
61,PRAMEF6,ENSG00000232423,ENSMUSG00000078625,Gm12789
62,PRAMEF33,ENSG00000237700,ENSMUSG00000078625,Gm12789
63,PRAMEF11,ENSG00000239810,ENSMUSG00000078625,Gm12789
64,PRAMEF4,ENSG00000243073,ENSMUSG00000078625,Gm12789
65,PRAMEF5,ENSG00000270601,ENSMUSG00000078625,Gm12789
66,PRAMEF27,ENSG00000274764,ENSMUSG00000078625,Gm12789
67,PRAMEF13,ENSG00000279169,ENSMUSG00000078625,Gm12789
68,PRAMEF18,ENSG00000279804,ENSMUSG00000078625,Gm12789
69,PRAMEF26,ENSG00000280267,ENSMUSG00000078625,Gm12789
70,PRAMEF1,ENSG00000116721,ENSMUSG00000095409,Gm13043
71,PRAMEF12,ENSG00000116726,ENSMUSG00000095409,Gm13043
72,PRAMEF2,ENSG00000120952,ENSMUSG00000095409,Gm13043
73,PRAMEF8,ENSG00000182330,ENSMUSG00000095409,Gm13043
74,PRAME,ENSG00000185686,ENSMUSG00000095409,Gm13043
75,PRAMEF10,ENSG00000187545,ENSMUSG00000095409,Gm13043
76,PRAMEF20,ENSG00000204478,ENSMUSG00000095409,Gm13043
77,PRAMEF17,ENSG00000204479,ENSMUSG00000095409,Gm13043
78,PRAMEF19,ENSG00000204480,ENSMUSG00000095409,Gm13043
79,PRAMEF14,ENSG00000204481,ENSMUSG00000095409,Gm13043
80,PRAMEF15,ENSG00000204501,ENSMUSG00000095409,Gm13043
81,PRAMEF9,ENSG00000204505,ENSMUSG00000095409,Gm13043
82,PRAMEF7,ENSG00000204510,ENSMUSG00000095409,Gm13043
83,PRAMEF25,ENSG00000229571,ENSMUSG00000095409,Gm13043
84,PRAMEF6,ENSG00000232423,ENSMUSG00000095409,Gm13043
85,PRAMEF33,ENSG00000237700,ENSMUSG00000095409,Gm13043
86,PRAMEF11,ENSG00000239810,ENSMUSG00000095409,Gm13043
87,PRAMEF4,ENSG00000243073,ENSMUSG00000095409,Gm13043
88,PRAMEF5,ENSG00000270601,ENSMUSG00000095409,Gm13043
89,PRAMEF27,ENSG00000274764,ENSMUSG00000095409,Gm13043
90,PRAMEF13,ENSG00000279169,ENSMUSG00000095409,Gm13043
91,PRAMEF18,ENSG00000279804,ENSMUSG00000095409,Gm13043
92,PRAMEF26,ENSG00000280267,ENSMUSG00000095409,Gm13043
93,PRAMEF1,ENSG00000116721,ENSMUSG00000096154,Gm13057
94,PRAMEF12,ENSG00000116726,ENSMUSG00000096154,Gm13057
95,PRAMEF2,ENSG00000120952,ENSMUSG00000096154,Gm13057
96,PRAMEF8,ENSG00000182330,ENSMUSG00000096154,Gm13057
97,PRAME,ENSG00000185686,ENSMUSG00000096154,Gm13057
98,PRAMEF10,ENSG00000187545,ENSMUSG00000096154,Gm13057
99,PRAMEF20,ENSG00000204478,ENSMUSG00000096154,Gm13057
100,PRAMEF17,ENSG00000204479,ENSMUSG00000096154,Gm13057
101,PRAMEF19,ENSG00000204480,ENSMUSG00000096154,Gm13057
102,PRAMEF14,ENSG00000204481,ENSMUSG00000096154,Gm13057
103,PRAMEF15,ENSG00000204501,ENSMUSG00000096154,Gm13057
104,PRAMEF9,ENSG00000204505,ENSMUSG00000096154,Gm13057
105,PRAMEF7,ENSG00000204510,ENSMUSG00000096154,Gm13057
106,PRAMEF25,ENSG00000229571,ENSMUSG00000096154,Gm13057
107,PRAMEF6,ENSG00000232423,ENSMUSG00000096154,Gm13057
108,PRAMEF33,ENSG00000237700,ENSMUSG00000096154,Gm13057
109,PRAMEF11,ENSG00000239810,ENSMUSG00000096154,Gm13057
110,PRAMEF4,ENSG00000243073,ENSMUSG00000096154,Gm13057
111,PRAMEF5,ENSG00000270601,ENSMUSG00000096154,Gm13057
112,PRAMEF27,ENSG00000274764,ENSMUSG00000096154,Gm13057
113,PRAMEF13,ENSG00000279169,ENSMUSG00000096154,Gm13057
114,PRAMEF18,ENSG00000279804,ENSMUSG00000096154,Gm13057
115,PRAMEF26,ENSG00000280267,ENSMUSG00000096154,Gm13057
116,IL11RA,ENSG00000137070,ENSMUSG00000073876,Gm13305
117,CCL21,ENSG00000137077,ENSMUSG00000073878,Gm13304
118,C1orf56,ENSG00000143443,ENSMUSG00000068860,Gm128
119,C1orf87,ENSG00000162598,ENSMUSG00000078639,Gm12695
120,C7orf57,ENSG00000164746,ENSMUSG00000040978,Gm11992
121,ZNF778,ENSG00000170100,ENSMUSG00000078889,Gm14288
122,C11orf96,ENSG00000187479,ENSMUSG00000087006,Gm13889
123,C15orf62,ENSG00000188277,ENSMUSG00000055926,Gm14137
124,C6orf163,ENSG00000203872,ENSMUSG00000071015,Gm136
125,CCL27,ENSG00000213927,ENSMUSG00000073877,Gm13306
126,,ENSG00000236543,ENSMUSG00000085484,Gm13539
127,MSANTD5,ENSG00000285891,ENSMUSG00000096333,Gm13871
128,,,ENSMUSG00000044689,Gm13749
129,,,ENSMUSG00000048852,Gm12185
130,,,ENSMUSG00000055198,Gm12830
131,,,ENSMUSG00000058287,Gm12253
132,,,ENSMUSG00000060795,Gm13363
133,,,ENSMUSG00000063314,Gm12657
134,,,ENSMUSG00000068062,Gm14164
135,,,ENSMUSG00000069939,Gm12070
136,,,ENSMUSG00000070908,Gm13288
137,,,ENSMUSG00000072834,Gm12298
138,,,ENSMUSG00000073764,Gm12888
139,,,ENSMUSG00000074281,Gm12522
140,,,ENSMUSG00000074521,Gm14327
141,,,ENSMUSG00000074753,Gm14092
142,,,ENSMUSG00000074912,Gm14207
143,,,ENSMUSG00000075325,Gm13582
144,,,ENSMUSG00000075425,Gm13547
145,,,ENSMUSG00000075514,Gm13375
146,,,ENSMUSG00000075576,Gm12359
147,,,ENSMUSG00000078575,Gm12887
148,,,ENSMUSG00000078576,Gm12886
149,,,ENSMUSG00000078862,Gm14326
150,,,ENSMUSG00000078864,Gm14322
151,,,ENSMUSG00000078877,Gm14295
152,,,ENSMUSG00000078880,Gm14308
153,,,ENSMUSG00000078903,Gm14391
154,,,ENSMUSG00000079006,Gm14151
155,,,ENSMUSG00000080756,Gm12633
156,,,ENSMUSG00000081501,Gm13286
157,,,ENSMUSG00000081769,Gm12216
158,,,ENSMUSG00000082195,Gm13034
159,,,ENSMUSG00000082292,Gm12250
160,,,ENSMUSG00000083061,Gm12191
161,,,ENSMUSG00000083270,Gm13498
162,,,ENSMUSG00000083305,Gm13315
163,,,ENSMUSG00000084773,Gm12159
164,,,ENSMUSG00000085014,Gm13490
165,,,ENSMUSG00000085162,Gm12295
166,,,ENSMUSG00000085181,Gm12709
167,,,ENSMUSG00000085498,Gm14023
168,,,ENSMUSG00000085833,Gm13003
169,,,ENSMUSG00000085845,Gm13944
170,,,ENSMUSG00000085852,Gm13807
171,,,ENSMUSG00000085862,Gm13483
172,,,ENSMUSG00000085876,Gm12409
173,,,ENSMUSG00000085918,Gm13032
174,,,ENSMUSG00000085921,Gm13752
175,,,ENSMUSG00000085967,Gm12530
176,,,ENSMUSG00000086006,Gm13293
177,,,ENSMUSG00000086118,Gm14169
178,,,ENSMUSG00000086496,Gm14204
179,,,ENSMUSG00000086555,Gm13446
180,,,ENSMUSG00000086862,Gm13546
181,,,ENSMUSG00000086981,Gm12171
182,,,ENSMUSG00000086995,Gm13544
183,,,ENSMUSG00000087070,Gm12505
184,,,ENSMUSG00000087226,Gm14015
185,,,ENSMUSG00000087252,Gm14379
186,,,ENSMUSG00000087283,Gm13580
187,,,ENSMUSG00000087296,Gm12130
188,,,ENSMUSG00000087301,Gm13629
189,,,ENSMUSG00000087342,Gm12238
190,,,ENSMUSG00000087362,Gm13710
191,,,ENSMUSG00000087698,Gm13031
192,,,ENSMUSG00000089662,Gm14057
193,,,ENSMUSG00000094271,Gm13290
194,,,ENSMUSG00000094618,Gm13271
195,,,ENSMUSG00000094648,Gm13287
196,,,ENSMUSG00000095101,Gm13285
197,,,ENSMUSG00000095362,Gm14325
198,,,ENSMUSG00000096233,Gm13238
199,,,ENSMUSG00000096582,Gm13289
200,,,ENSMUSG00000096591,Gm13272
201,,,ENSMUSG00000099420,Gm13279
202,,,ENSMUSG00000099518,Gm13275
203,,,ENSMUSG00000099545,Gm13276
204,,,ENSMUSG00000100234,Gm13277
205,,,ENSMUSG00000100505,Gm13283
206,,,ENSMUSG00000100863,Gm12669
207,,,ENSMUSG00000101163,Gm13278
0,SSX1,ENSG00000126752,ENSMUSG00000079704,Gm14459
1,SSX5,ENSG00000165583,ENSMUSG00000079704,Gm14459
2,SSX3,ENSG00000165584,ENSMUSG00000079704,Gm14459
3,SSX7,ENSG00000187754,ENSMUSG00000079704,Gm14459
4,SSX2,ENSG00000241476,ENSMUSG00000079704,Gm14459
5,SSX4,ENSG00000268009,ENSMUSG00000079704,Gm14459
6,SSX2B,ENSG00000268447,ENSMUSG00000079704,Gm14459
7,SSX4B,ENSG00000269791,ENSMUSG00000079704,Gm14459
8,SYCP3,ENSG00000139351,ENSMUSG00000071788,Gm14525
9,SYCP3,ENSG00000139351,ENSMUSG00000073245,Gm14819
10,SYCP3,ENSG00000139351,ENSMUSG00000073255,Gm14632
11,SYCP3,ENSG00000139351,ENSMUSG00000094714,Gm16430
12,SYCP3,ENSG00000139351,ENSMUSG00000096468,Gm16405
13,FAM9B,ENSG00000177138,ENSMUSG00000079577,Gm14692
14,FAM9A,ENSG00000183304,ENSMUSG00000079577,Gm14692
15,FAM9C,ENSG00000187268,ENSMUSG00000079577,Gm14692
16,C4orf48,ENSG00000243449,ENSMUSG00000070858,Gm1673
17,,,ENSMUSG00000053049,Gm15413
18,,,ENSMUSG00000054510,Gm14461
19,,,ENSMUSG00000056332,Gm16294
20,,,ENSMUSG00000062353,Gm15772
21,,,ENSMUSG00000066477,Gm16551
22,,,ENSMUSG00000072930,Gm15107
23,,,ENSMUSG00000072931,Gm15080
24,,,ENSMUSG00000072999,Gm15401
25,,,ENSMUSG00000073051,Gm14812
26,,,ENSMUSG00000073739,Gm16287
27,,,ENSMUSG00000074398,Gm15441
28,,,ENSMUSG00000074466,Gm15417
29,,,ENSMUSG00000074469,Gm15348
30,,,ENSMUSG00000074655,Gm1527
31,,,ENSMUSG00000075512,Gm1587
32,,,ENSMUSG00000078881,Gm14434
33,,,ENSMUSG00000078901,Gm14440
34,,,ENSMUSG00000078905,Gm14393
35,,,ENSMUSG00000079261,Gm15217
36,,,ENSMUSG00000079395,Gm15114
37,,,ENSMUSG00000079519,Gm14743
38,,,ENSMUSG00000079522,Gm14744
39,,,ENSMUSG00000080797,Gm15760
40,,,ENSMUSG00000081402,Gm15455
41,,,ENSMUSG00000082315,Gm16523
42,,,ENSMUSG00000082652,Gm14725
43,,,ENSMUSG00000082976,Gm15056
44,,,ENSMUSG00000083170,Gm14405
45,,,ENSMUSG00000084235,Gm15421
46,,,ENSMUSG00000084780,Gm15350
47,,,ENSMUSG00000084821,Gm15880
48,,,ENSMUSG00000084904,Gm14827
49,,,ENSMUSG00000084997,Gm15471
50,,,ENSMUSG00000085253,Gm16833
51,,,ENSMUSG00000085254,Gm15881
52,,,ENSMUSG00000085282,Gm15663
53,,,ENSMUSG00000085495,Gm16796
54,,,ENSMUSG00000085653,Gm15179
55,,,ENSMUSG00000085723,Gm15915
56,,,ENSMUSG00000085751,Gm15412
57,,,ENSMUSG00000085786,Gm15987
58,,,ENSMUSG00000085808,Gm14718
59,,,ENSMUSG00000085810,Gm16325
60,,,ENSMUSG00000085828,Gm15612
61,,,ENSMUSG00000085891,Gm14634
62,,,ENSMUSG00000086013,Gm15706
63,,,ENSMUSG00000086247,Gm15787
64,,,ENSMUSG00000086414,Gm15645
65,,,ENSMUSG00000086593,Gm16548
66,,,ENSMUSG00000086610,Gm15408
67,,,ENSMUSG00000086682,Gm16023
68,,,ENSMUSG00000086894,Gm15708
69,,,ENSMUSG00000086992,Gm15941
70,,,ENSMUSG00000087138,Gm15545
71,,,ENSMUSG00000087155,Gm15008
72,,,ENSMUSG00000087160,Gm16336
73,,,ENSMUSG00000087249,Gm16062
74,,,ENSMUSG00000087360,Gm15104
75,,,ENSMUSG00000087480,Gm15910
76,,,ENSMUSG00000087543,Gm16576
77,,,ENSMUSG00000087591,Gm14635
78,,,ENSMUSG00000087695,Gm16291
79,,,ENSMUSG00000094083,Gm1604b
80,,,ENSMUSG00000094118,Gm16445
81,,,ENSMUSG00000094186,Gm1553
82,,,ENSMUSG00000094378,Gm15097
83,,,ENSMUSG00000094763,Gm1647
84,,,ENSMUSG00000094786,Gm14403
85,,,ENSMUSG00000094941,Gm15093
86,,,ENSMUSG00000095082,Gm15091
87,,,ENSMUSG00000095398,Gm16404
88,,,ENSMUSG00000095621,Gm15085
89,,,ENSMUSG00000096127,Gm14625
90,,,ENSMUSG00000096304,Gm16451
91,,,ENSMUSG00000096834,Gm15127
92,,,ENSMUSG00000096981,Gm16845
93,,,ENSMUSG00000097357,Gm16793
94,,,ENSMUSG00000097397,Gm16861
95,,,ENSMUSG00000097511,Gm16677
96,,,ENSMUSG00000097534,Gm16675
97,,,ENSMUSG00000097633,Gm16617
98,,,ENSMUSG00000097653,Gm16387
99,,,ENSMUSG00000097665,Gm16853
100,,,ENSMUSG00000097788,Gm16596
101,,,ENSMUSG00000097823,Gm16701
102,,,ENSMUSG00000097899,Gm16894
103,,,ENSMUSG00000098505,Gm14496
104,,,ENSMUSG00000102548,Gm16701
105,,,ENSMUSG00000107132,Gm15997
106,,,ENSMUSG00000113336,Gm16497
107,,,ENSMUSG00000117333,Gm16386
0,SYCP3,ENSG00000139351,ENSMUSG00000073267,Gm1993
1,SYCP3,ENSG00000139351,ENSMUSG00000082639,Gm2012
2,SYCP3,ENSG00000139351,ENSMUSG00000083628,Gm2030
3,SPMIP2,ENSG00000164123,ENSMUSG00000091685,Gm17359
4,KRTAP12-1,ENSG00000187175,ENSMUSG00000095817,Gm3238
5,KRTAP10-6,ENSG00000188155,ENSMUSG00000095817,Gm3238
6,KRTAP4-5,ENSG00000198271,ENSMUSG00000095817,Gm3238
7,KRTAP12-3,ENSG00000205439,ENSMUSG00000095817,Gm3238
8,KRTAP10-4,ENSG00000215454,ENSMUSG00000095817,Gm3238
9,KRTAP10-9,ENSG00000221837,ENSMUSG00000095817,Gm3238
10,KRTAP12-2,ENSG00000221864,ENSMUSG00000095817,Gm3238
11,KRTAP9-1,ENSG00000240542,ENSMUSG00000095817,Gm3238
12,KRTAP10-11,ENSG00000243489,ENSMUSG00000095817,Gm3238
13,KRTAP12-1,ENSG00000187175,ENSMUSG00000095970,Gm19402
14,KRTAP10-6,ENSG00000188155,ENSMUSG00000095970,Gm19402
15,KRTAP4-5,ENSG00000198271,ENSMUSG00000095970,Gm19402
16,KRTAP12-3,ENSG00000205439,ENSMUSG00000095970,Gm19402
17,KRTAP10-4,ENSG00000215454,ENSMUSG00000095970,Gm19402
18,KRTAP10-9,ENSG00000221837,ENSMUSG00000095970,Gm19402
19,KRTAP12-2,ENSG00000221864,ENSMUSG00000095970,Gm19402
20,KRTAP9-1,ENSG00000240542,ENSMUSG00000095970,Gm19402
21,KRTAP10-11,ENSG00000243489,ENSMUSG00000095970,Gm19402
22,KRTAP12-1,ENSG00000187175,ENSMUSG00000096380,Gm19668
23,KRTAP10-6,ENSG00000188155,ENSMUSG00000096380,Gm19668
24,KRTAP4-5,ENSG00000198271,ENSMUSG00000096380,Gm19668
25,KRTAP12-3,ENSG00000205439,ENSMUSG00000096380,Gm19668
26,KRTAP10-4,ENSG00000215454,ENSMUSG00000096380,Gm19668
27,KRTAP10-9,ENSG00000221837,ENSMUSG00000096380,Gm19668
28,KRTAP12-2,ENSG00000221864,ENSMUSG00000096380,Gm19668
29,KRTAP9-1,ENSG00000240542,ENSMUSG00000096380,Gm19668
30,KRTAP10-11,ENSG00000243489,ENSMUSG00000096380,Gm19668
31,KRTAP12-1,ENSG00000187175,ENSMUSG00000111915,Gm3285
32,KRTAP10-6,ENSG00000188155,ENSMUSG00000111915,Gm3285
33,KRTAP4-5,ENSG00000198271,ENSMUSG00000111915,Gm3285
34,KRTAP12-3,ENSG00000205439,ENSMUSG00000111915,Gm3285
35,KRTAP10-4,ENSG00000215454,ENSMUSG00000111915,Gm3285
36,KRTAP10-9,ENSG00000221837,ENSMUSG00000111915,Gm3285
37,KRTAP12-2,ENSG00000221864,ENSMUSG00000111915,Gm3285
38,KRTAP9-1,ENSG00000240542,ENSMUSG00000111915,Gm3285
39,KRTAP10-11,ENSG00000243489,ENSMUSG00000111915,Gm3285
40,GM2A,ENSG00000196743,ENSMUSG00000000594,Gm2a
41,C10orf105,ENSG00000214688,ENSMUSG00000090439,Gm17455
42,CIST1,ENSG00000284797,ENSMUSG00000095026,Gm3336
43,,,ENSMUSG00000010529,Gm266
44,,,ENSMUSG00000029720,Gm20605
45,,,ENSMUSG00000041505,Gm3402
46,,,ENSMUSG00000041716,Gm20604
47,,,ENSMUSG00000066057,Gm1976
48,,,ENSMUSG00000075286,Gm1968
49,,,ENSMUSG00000079076,Gm3086
50,,,ENSMUSG00000079091,Gm3404
51,,,ENSMUSG00000079402,Gm3020
52,,,ENSMUSG00000079410,Gm2897
53,,,ENSMUSG00000086860,Gm1720
54,,,ENSMUSG00000090254,Gm1965
55,,,ENSMUSG00000091034,Gm17660
56,,,ENSMUSG00000091509,Gm17066
57,,,ENSMUSG00000091897,Gm17019
58,,,ENSMUSG00000092225,Gm2381
59,,,ENSMUSG00000093587,Gm20554
60,,,ENSMUSG00000094132,Gm3264
61,,,ENSMUSG00000095912,Gm3317
62,,,ENSMUSG00000096525,Gm2663
63,,,ENSMUSG00000096629,Gm3383
64,,,ENSMUSG00000096664,Gm3409
65,,,ENSMUSG00000096793,Gm3002
66,,,ENSMUSG00000096887,Gm20594
67,,,ENSMUSG00000097069,Gm16998
68,,,ENSMUSG00000097113,Gm19705
69,,,ENSMUSG00000097170,Gm16982
70,,,ENSMUSG00000097248,Gm2694
71,,,ENSMUSG00000097325,Gm16897
72,,,ENSMUSG00000097615,Gm2061
73,,,ENSMUSG00000097743,Gm16973
74,,,ENSMUSG00000097990,Gm19557
75,,,ENSMUSG00000100155,Gm2109
76,,,ENSMUSG00000100199,Gm20324
77,,,ENSMUSG00000100553,Gm17751
78,,,ENSMUSG00000100684,Gm20268
79,,,ENSMUSG00000100798,Gm19589
80,,,ENSMUSG00000101693,Gm19461
81,,,ENSMUSG00000101969,Gm20125
82,,,ENSMUSG00000102059,Gm20257
83,,,ENSMUSG00000102785,Gm2447
84,,,ENSMUSG00000104096,Gm20356
85,,,ENSMUSG00000104257,Gm20172
86,,,ENSMUSG00000105153,Gm3143
87,,,ENSMUSG00000105552,Gm19710
88,,,ENSMUSG00000107008,Gm2762
89,,,ENSMUSG00000107192,Gm19583
90,,,ENSMUSG00000107198,Gm19619
91,,,ENSMUSG00000107741,Gm2011
92,,,ENSMUSG00000108063,Gm3279
93,,,ENSMUSG00000108072,Gm20362
94,,,ENSMUSG00000108237,Gm19757
95,,,ENSMUSG00000108239,Gm19434
96,,,ENSMUSG00000110281,Gm2516
97,,,ENSMUSG00000110528,Gm1943
98,,,ENSMUSG00000110647,Gm17745
99,,,ENSMUSG00000111020,Gm1715
100,,,ENSMUSG00000111052,Gm20139
101,,,ENSMUSG00000111080,Gm20300
102,,,ENSMUSG00000111556,Gm19299
103,,,ENSMUSG00000111962,Gm20110
104,,,ENSMUSG00000112164,Gm19990
105,,,ENSMUSG00000112503,Gm18409
106,,,ENSMUSG00000112709,Gm19395
107,,,ENSMUSG00000112739,Gm20597
108,,,ENSMUSG00000112795,Gm2027
109,,,ENSMUSG00000112880,Gm20337
110,,,ENSMUSG00000112937,Gm17746
111,,,ENSMUSG00000113011,Gm1995
112,,,ENSMUSG00000113314,Gm2721
113,,,ENSMUSG00000113429,Gm20063
114,,,ENSMUSG00000113657,Gm17821
115,,,ENSMUSG00000115151,Gm19276
116,,,ENSMUSG00000115426,Gm19510
117,,,ENSMUSG00000115431,Gm3219
118,,,ENSMUSG00000115654,Gm19303
119,,,ENSMUSG00000115924,Gm19277
120,,,ENSMUSG00000116396,Gm20556
121,,,ENSMUSG00000116483,Gm19782
122,,,ENSMUSG00000116903,Gm19522
123,,,ENSMUSG00000117175,Gm20098
124,,,ENSMUSG00000117221,Gm17830
125,,,ENSMUSG00000117399,Gm19689
126,,,ENSMUSG00000118216,Gm19784
127,,,ENSMUSG00000118261,Gm2518
128,,,ENSMUSG00000118319,Gm2176
129,,,ENSMUSG00000118362,Gm19466
130,,,ENSMUSG00000120488,Gm2848
0,SIRPG,ENSG00000089012,ENSMUSG00000078780,Gm5150
1,SIRPB1,ENSG00000101307,ENSMUSG00000078780,Gm5150
2,SIRPA,ENSG00000198053,ENSMUSG00000078780,Gm5150
3,SYCP3,ENSG00000139351,ENSMUSG00000079655,Gm5168
4,SYCP3,ENSG00000139351,ENSMUSG00000081218,Gm4297
5,SYCP3,ENSG00000139351,ENSMUSG00000094624,Gm4836
6,SYCP3,ENSG00000139351,ENSMUSG00000096620,Gm5169
7,C14orf28,ENSG00000179476,ENSMUSG00000047227,Gm527
8,ALYREF,ENSG00000183684,ENSMUSG00000090854,Gm4340
9,ALYREF,ENSG00000183684,ENSMUSG00000091101,Gm4302
10,ALYREF,ENSG00000183684,ENSMUSG00000094314,Gm4301
11,ALYREF,ENSG00000183684,ENSMUSG00000096640,Gm4312
12,ALYREF,ENSG00000183684,ENSMUSG00000096744,Gm4307
13,ALYREF,ENSG00000183684,ENSMUSG00000112856,Gm4305
14,ALYREF,ENSG00000183684,ENSMUSG00000112931,Gm4303
15,C2orf78,ENSG00000187833,ENSMUSG00000048312,Gm4884
16,C2orf78,ENSG00000187833,ENSMUSG00000053742,Gm5114
17,C17orf67,ENSG00000214226,ENSMUSG00000072553,Gm525
18,MSANTD5,ENSG00000285891,ENSMUSG00000095341,Gm428
19,,,ENSMUSG00000025936,Gm4956
20,,,ENSMUSG00000033255,Gm5134
21,,,ENSMUSG00000044624,Gm4922
22,,,ENSMUSG00000049349,Gm5105
23,,,ENSMUSG00000050765,Gm5084
24,,,ENSMUSG00000051081,Gm4847
25,,,ENSMUSG00000051537,Gm5124
26,,,ENSMUSG00000051729,Gm5087
27,,,ENSMUSG00000052730,Gm5111
28,,,ENSMUSG00000053121,Gm5129
29,,,ENSMUSG00000053420,Gm4792
30,,,ENSMUSG00000053868,Gm5142
31,,,ENSMUSG00000054156,Gm4894
32,,,ENSMUSG00000054258,Gm5082
33,,,ENSMUSG00000055138,Gm4861
34,,,ENSMUSG00000055676,Gm5069
35,,,ENSMUSG00000058174,Gm5148
36,,,ENSMUSG00000058869,Gm4832
37,,,ENSMUSG00000061707,Gm4871
38,,,ENSMUSG00000062791,Gm382
39,,,ENSMUSG00000064052,Gm5089
40,,,ENSMUSG00000066647,Gm5113
41,,,ENSMUSG00000068606,Gm4841
42,,,ENSMUSG00000069540,Gm4925
43,,,ENSMUSG00000071633,Gm4952
44,,,ENSMUSG00000072974,Gm4787
45,,,ENSMUSG00000073010,Gm5127
46,,,ENSMUSG00000075045,Gm4981
47,,,ENSMUSG00000078123,Gm5071
48,,,ENSMUSG00000078897,Gm4724
49,,,ENSMUSG00000079070,Gm3985
50,,,ENSMUSG00000079276,Gm4736
51,,,ENSMUSG00000079871,Gm4984
52,,,ENSMUSG00000080069,Gm41
53,,,ENSMUSG00000082191,Gm5166
54,,,ENSMUSG00000085829,Gm4285
55,,,ENSMUSG00000086056,Gm4846
56,,,ENSMUSG00000086909,Gm4926
57,,,ENSMUSG00000089815,Gm5083
58,,,ENSMUSG00000090682,Gm3852
59,,,ENSMUSG00000091183,Gm5141
60,,,ENSMUSG00000091937,Gm3646
61,,,ENSMUSG00000092167,Gm3696
62,,,ENSMUSG00000094293,Gm3893
63,,,ENSMUSG00000094719,Gm5108
64,,,ENSMUSG00000094893,Gm4791
65,,,ENSMUSG00000094942,Gm3604
66,,,ENSMUSG00000095363,Gm4567
67,,,ENSMUSG00000095557,Gm3415
68,,,ENSMUSG00000096003,Gm3500
69,,,ENSMUSG00000097174,Gm4890
70,,,ENSMUSG00000097532,Gm4349
71,,,ENSMUSG00000097624,Gm5091
72,,,ENSMUSG00000098065,Gm5177
73,,,ENSMUSG00000098390,Gm3434
74,,,ENSMUSG00000098705,Gm3428
75,,,ENSMUSG00000100205,Gm4850
76,,,ENSMUSG00000104667,Gm4961
77,,,ENSMUSG00000105402,Gm3716
78,,,ENSMUSG00000106738,Gm5
79,,,ENSMUSG00000108337,Gm4971
80,,,ENSMUSG00000108470,Gm4598
81,,,ENSMUSG00000108504,Gm4265
82,,,ENSMUSG00000108907,Gm4541
83,,,ENSMUSG00000110042,Gm4224
84,,,ENSMUSG00000110235,Gm5086
85,,,ENSMUSG00000111290,Gm5122
86,,,ENSMUSG00000111709,Gm3776
87,,,ENSMUSG00000111952,Gm4489
88,,,ENSMUSG00000111997,Gm5176
89,,,ENSMUSG00000114382,Gm4814
90,,,ENSMUSG00000115019,Gm4278
91,,,ENSMUSG00000115139,Gm4251
92,,,ENSMUSG00000115263,Gm5089
93,,,ENSMUSG00000117199,Gm4566
94,,,ENSMUSG00000117524,Gm4719
95,,,ENSMUSG00000117539,Gm4710
96,,,ENSMUSG00000117662,Gm4013
97,,,ENSMUSG00000118259,Gm5095
98,,,ENSMUSG00000120085,Gm4827
0,PRSS3,ENSG00000010438,ENSMUSG00000058119,Gm5771
1,PRSS1,ENSG00000204983,ENSMUSG00000058119,Gm5771
2,PRSS2,ENSG00000275896,ENSMUSG00000058119,Gm5771
3,SLCO1A2,ENSG00000084453,ENSMUSG00000079263,Gm6614
4,SSX1,ENSG00000126752,ENSMUSG00000079699,Gm6592
5,SSX5,ENSG00000165583,ENSMUSG00000079699,Gm6592
6,SSX3,ENSG00000165584,ENSMUSG00000079699,Gm6592
7,SSX7,ENSG00000187754,ENSMUSG00000079699,Gm6592
8,SSX2,ENSG00000241476,ENSMUSG00000079699,Gm6592
9,SSX4,ENSG00000268009,ENSMUSG00000079699,Gm6592
10,SSX2B,ENSG00000268447,ENSMUSG00000079699,Gm6592
11,SSX4B,ENSG00000269791,ENSMUSG00000079699,Gm6592
12,SYCP3,ENSG00000139351,ENSMUSG00000080725,Gm6121
13,SYCP3,ENSG00000139351,ENSMUSG00000084063,Gm5934
14,SYCP3,ENSG00000139351,ENSMUSG00000093923,Gm5935
15,KRT6C,ENSG00000170465,ENSMUSG00000064232,Gm5414
16,KRT6B,ENSG00000185479,ENSMUSG00000064232,Gm5414
17,KRT6A,ENSG00000205420,ENSMUSG00000064232,Gm5414
18,C1orf127,ENSG00000175262,ENSMUSG00000070577,Gm572
19,C11orf71,ENSG00000180425,ENSMUSG00000042293,Gm5617
20,C11orf42,ENSG00000180878,ENSMUSG00000078611,Gm5901
21,KRT5,ENSG00000186081,ENSMUSG00000095241,Gm5478
22,C2orf78,ENSG00000187833,ENSMUSG00000060565,Gm5591
23,C2orf78,ENSG00000187833,ENSMUSG00000072259,Gm5592
24,CXorf65,ENSG00000204165,ENSMUSG00000090141,Gm614
25,C3orf85,ENSG00000241224,ENSMUSG00000110573,Gm5485
26,ANTXRL,ENSG00000274209,ENSMUSG00000072624,Gm5460
27,,,ENSMUSG00000046687,Gm5424
28,,,ENSMUSG00000048411,Gm597
29,,,ENSMUSG00000048621,Gm6377
30,,,ENSMUSG00000056089,Gm5468
31,,,ENSMUSG00000056716,Gm5420
32,,,ENSMUSG00000057223,Gm6578
33,,,ENSMUSG00000058163,Gm5431
34,,,ENSMUSG00000058581,Gm5801
35,,,ENSMUSG00000059014,Gm5409
36,,,ENSMUSG00000059301,Gm5434
37,,,ENSMUSG00000063885,Gm6498
38,,,ENSMUSG00000068506,Gm5800
39,,,ENSMUSG00000070995,Gm6313
40,,,ENSMUSG00000071165,Gm6040
41,,,ENSMUSG00000071726,Gm5941
42,,,ENSMUSG00000072726,Gm5797
43,,,ENSMUSG00000072874,Gm6116
44,,,ENSMUSG00000072952,Gm5878
45,,,ENSMUSG00000073407,Gm6034
46,,,ENSMUSG00000074388,Gm5544
47,,,ENSMUSG00000074758,Gm5535
48,,,ENSMUSG00000075553,Gm5464
49,,,ENSMUSG00000078214,Gm5925
50,,,ENSMUSG00000078706,Gm53
51,,,ENSMUSG00000078887,Gm6710
52,,,ENSMUSG00000079244,Gm5622
53,,,ENSMUSG00000079521,Gm5938
54,,,ENSMUSG00000079579,Gm6760
55,,,ENSMUSG00000082002,Gm6568
56,,,ENSMUSG00000083019,Gm6222
57,,,ENSMUSG00000083311,Gm5643
58,,,ENSMUSG00000084291,Gm6654
59,,,ENSMUSG00000084950,Gm5577
60,,,ENSMUSG00000085022,Gm5860
61,,,ENSMUSG00000086404,Gm6787
62,,,ENSMUSG00000087444,Gm5475
63,,,ENSMUSG00000089645,Gm5766
64,,,ENSMUSG00000091269,Gm6682
65,,,ENSMUSG00000091411,Gm5916
66,,,ENSMUSG00000091422,Gm6455
67,,,ENSMUSG00000091549,Gm6548
68,,,ENSMUSG00000091903,Gm6460
69,,,ENSMUSG00000092086,Gm6793
70,,,ENSMUSG00000092374,Gm6623
71,,,ENSMUSG00000093812,Gm5627
72,,,ENSMUSG00000094854,Gm5334
73,,,ENSMUSG00000095024,Gm5458
74,,,ENSMUSG00000095412,Gm5885
75,,,ENSMUSG00000095976,Gm5891
76,,,ENSMUSG00000096344,Gm6408
77,,,ENSMUSG00000096527,Gm6370
78,,,ENSMUSG00000096775,Gm5796
79,,,ENSMUSG00000097440,Gm6277
80,,,ENSMUSG00000097711,Gm5523
81,,,ENSMUSG00000097746,Gm6225
82,,,ENSMUSG00000100309,Gm6644
83,,,ENSMUSG00000100459,Gm5833
84,,,ENSMUSG00000101930,Gm5441
85,,,ENSMUSG00000104043,Gm6525
86,,,ENSMUSG00000104375,Gm6300
87,,,ENSMUSG00000104543,Gm6602
88,,,ENSMUSG00000104835,Gm5547
89,,,ENSMUSG00000105279,Gm6260
90,,,ENSMUSG00000105662,Gm6639
91,,,ENSMUSG00000108106,Gm5886
92,,,ENSMUSG00000108383,Gm6567
93,,,ENSMUSG00000109723,Gm5347
94,,,ENSMUSG00000109827,Gm6213
95,,,ENSMUSG00000110101,Gm6249
96,,,ENSMUSG00000110177,Gm6524
97,,,ENSMUSG00000110231,Gm6329
98,,,ENSMUSG00000110759,Gm6607
99,,,ENSMUSG00000111901,Gm6150
100,,,ENSMUSG00000112471,Gm5779
101,,,ENSMUSG00000112693,Gm5512
102,,,ENSMUSG00000114792,Gm6416
103,,,ENSMUSG00000115729,Gm5468
104,,,ENSMUSG00000115983,Gm5476
105,,,ENSMUSG00000116129,Gm5477
106,,,ENSMUSG00000117962,Gm6402
107,,,ENSMUSG00000117994,Gm5820
108,,,ENSMUSG00000119972,Gm6634
0,GNA15,ENSG00000060558,ENSMUSG00000034792,Gna15
1,GNAI3,ENSG00000065135,ENSMUSG00000000001,Gnai3
2,GMCL1,ENSG00000087338,ENSMUSG00000001157,Gmcl1
3,GMCL2,ENSG00000244234,ENSMUSG00000001157,Gmcl1
4,GNA11,ENSG00000088256,ENSMUSG00000034781,Gna11
5,GMIP,ENSG00000089639,ENSMUSG00000036246,Gmip
6,GMPR2,ENSG00000100938,ENSMUSG00000002326,Gmpr2
7,GMEB2,ENSG00000101216,ENSMUSG00000038705,Gmeb2
8,GMNN,ENSG00000112312,ENSMUSG00000006715,Gmnn
9,GMDS,ENSG00000112699,ENSMUSG00000038372,Gmds
10,GNAI2,ENSG00000114353,ENSMUSG00000032562,Gnai2
11,GNA13,ENSG00000120063,ENSMUSG00000020611,Gna13
12,GNAI1,ENSG00000127955,ENSMUSG00000057614,Gnai1
13,GMFG,ENSG00000130755,ENSMUSG00000060791,Gmfg
14,GMPR,ENSG00000137198,ENSMUSG00000000253,Gmpr
15,SYCP3,ENSG00000139351,ENSMUSG00000073177,Gm773
16,GNAL,ENSG00000141404,ENSMUSG00000024524,Gnal
17,GMPPA,ENSG00000144591,ENSMUSG00000033021,Gmppa
18,GNA12,ENSG00000146535,ENSMUSG00000000149,Gna12
19,GNA14,ENSG00000156049,ENSMUSG00000024697,Gna14
20,GMEB1,ENSG00000162419,ENSMUSG00000028901,Gmeb1
21,GMPS,ENSG00000163655,ENSMUSG00000027823,Gmps
22,GMPPB,ENSG00000173540,ENSMUSG00000070284,Gmppb
23,C11orf80,ENSG00000173715,ENSMUSG00000071691,Gm960
24,C5orf46,ENSG00000178776,ENSMUSG00000071858,Gm94
25,KIAA2012,ENSG00000182329,ENSMUSG00000047361,Gm973
26,GMFB,ENSG00000197045,ENSMUSG00000062014,Gmfb
27,CXorf66,ENSG00000203933,ENSMUSG00000079583,Gm7073
28,,,ENSMUSG00000024437,Gm8615
29,,,ENSMUSG00000033219,Gm9758
30,,,ENSMUSG00000035983,Gm7008
31,,,ENSMUSG00000039098,Gm9767
32,,,ENSMUSG00000042857,Gm9776
33,,,ENSMUSG00000044645,Gm7334
34,,,ENSMUSG00000047370,Gm7367
35,,,ENSMUSG00000052236,Gm9871
36,,,ENSMUSG00000053214,Gm9899
37,,,ENSMUSG00000053749,Gm9920
38,,,ENSMUSG00000054945,Gm9958
39,,,ENSMUSG00000055015,Gm9961
40,,,ENSMUSG00000055048,Gm9962
41,,,ENSMUSG00000056815,Gm6812
42,,,ENSMUSG00000058470,Gm8369
43,,,ENSMUSG00000060416,Gm839
44,,,ENSMUSG00000067156,Gm7337
45,,,ENSMUSG00000067941,Gm7168
46,,,ENSMUSG00000067973,Gm6994
47,,,ENSMUSG00000068349,Gml
48,,,ENSMUSG00000070465,Gm9696
49,,,ENSMUSG00000072683,Gm7457
50,,,ENSMUSG00000073243,Gm9
51,,,ENSMUSG00000073402,Gm8909
52,,,ENSMUSG00000073699,Gm833
53,,,ENSMUSG00000073860,Gm829
54,,,ENSMUSG00000074623,Gm826
55,,,ENSMUSG00000074913,Gm815
56,,,ENSMUSG00000075549,Gm6878
57,,,ENSMUSG00000079457,Gm7609
58,,,ENSMUSG00000080796,Gm9159
59,,,ENSMUSG00000082853,Gm7134
60,,,ENSMUSG00000084913,Gm7616
61,,,ENSMUSG00000085720,Gm7854
62,,,ENSMUSG00000086008,Gm8817
63,,,ENSMUSG00000087586,Gm6938
64,,,ENSMUSG00000090159,Gm8580
65,,,ENSMUSG00000091003,Gm7244
66,,,ENSMUSG00000091297,Gm8439
67,,,ENSMUSG00000091923,Gm8267
68,,,ENSMUSG00000092109,Gm9376
69,,,ENSMUSG00000092243,Gm7030
70,,,ENSMUSG00000092284,Gm8801
71,,,ENSMUSG00000094635,Gm7104
72,,,ENSMUSG00000094918,Gm8765
73,,,ENSMUSG00000095300,Gm906
74,,,ENSMUSG00000095704,Gm8221
75,,,ENSMUSG00000096641,Gm904
76,,,ENSMUSG00000097543,Gm805
77,,,ENSMUSG00000098076,Gm6981
78,,,ENSMUSG00000098179,Gm8709
79,,,ENSMUSG00000099707,Gm8883
80,,,ENSMUSG00000100865,Gm9320
81,,,ENSMUSG00000102752,Gm7694
82,,,ENSMUSG00000102865,Gm9839
83,,,ENSMUSG00000103257,Gm7977
84,,,ENSMUSG00000105021,Gm8234
85,,,ENSMUSG00000106779,Gm8579
86,,,ENSMUSG00000107334,Gm7538
87,,,ENSMUSG00000110372,Gm8096
88,,,ENSMUSG00000110989,Gm7444
89,,,ENSMUSG00000111812,Gm7904
90,,,ENSMUSG00000112896,Gm8633
91,,,ENSMUSG00000113970,Gm7550
92,,,ENSMUSG00000118038,Gm9895
93,,,ENSMUSG00000118376,Gm9926
94,,,ENSMUSG00000119955,Gm9054
0,GOPC,ENSG00000047932,ENSMUSG00000019861,Gopc
1,GPBP1,ENSG00000062194,ENSMUSG00000032745,Gpbp1
2,GPC1,ENSG00000063660,ENSMUSG00000034220,Gpc1
3,GOLGA5,ENSG00000066455,ENSMUSG00000021192,Golga5
4,GPKOW,ENSG00000068394,ENSMUSG00000031148,Gpkow
5,GNB5,ENSG00000069966,ENSMUSG00000032192,Gnb5
6,GPATCH1,ENSG00000076650,ENSMUSG00000063808,Gpatch1
7,GPC4,ENSG00000076716,ENSMUSG00000031119,Gpc4
8,GNB1,ENSG00000078369,ENSMUSG00000029064,Gnb1
9,GNAS,ENSG00000087460,ENSMUSG00000027523,Gnas
10,GP6,ENSG00000088053,ENSMUSG00000078810,Gp6
11,GNPTG,ENSG00000090581,ENSMUSG00000035521,Gnptg
12,GOLGA3,ENSG00000090615,ENSMUSG00000029502,Golga3
13,GPATCH2,ENSG00000092978,ENSMUSG00000039210,Gpatch2
14,GNPNAT1,ENSG00000100522,ENSMUSG00000037722,Gnpnat1
15,GPI,ENSG00000105220,ENSMUSG00000036427,Gpi1
16,GOSR2,ENSG00000108433,ENSMUSG00000020946,Gosr2
17,GOSR1,ENSG00000108587,ENSMUSG00000010392,Gosr1
18,GNRHR,ENSG00000109163,ENSMUSG00000029255,Gnrhr
19,GNB3,ENSG00000111664,ENSMUSG00000023439,Gnb3
20,GNPTAB,ENSG00000111670,ENSMUSG00000035311,Gnptab
21,GOLT1B,ENSG00000111711,ENSMUSG00000030245,Golt1b
22,GPLD1,ENSG00000112293,ENSMUSG00000021340,Gpld1
23,GOLPH3,ENSG00000113384,ENSMUSG00000022200,Golph3
24,GNPDA1,ENSG00000113552,ENSMUSG00000052102,Gnpda1
25,GNAT1,ENSG00000114349,ENSMUSG00000034837,Gnat1
26,GNB4,ENSG00000114450,ENSMUSG00000027669,Gnb4
27,GORASP1,ENSG00000114745,ENSMUSG00000032513,Gorasp1
28,GPD2,ENSG00000115159,ENSMUSG00000026827,Gpd2
29,GORASP2,ENSG00000115806,ENSMUSG00000014959,Gorasp2
30,GON4L,ENSG00000116580,ENSMUSG00000054199,Gon4l
31,YY1AP1,ENSG00000163374,ENSMUSG00000054199,Gon4l
32,GNPAT,ENSG00000116906,ENSMUSG00000031985,Gnpat
33,GPAM,ENSG00000119927,ENSMUSG00000024978,Gpam
34,GOT1,ENSG00000120053,ENSMUSG00000025190,Got1
35,GORAB,ENSG00000120370,ENSMUSG00000040124,Gorab
36,GNMT,ENSG00000124713,ENSMUSG00000002769,Gnmt
37,GOT2,ENSG00000125166,ENSMUSG00000031672,Got2
38,GPCPD1,ENSG00000125772,ENSMUSG00000027346,Gpcpd1
39,GNG13,ENSG00000127588,ENSMUSG00000025739,Gng13
40,GNG11,ENSG00000127920,ENSMUSG00000032766,Gng11
41,GNGT1,ENSG00000127928,ENSMUSG00000029663,Gngt1
42,GNAZ,ENSG00000128266,ENSMUSG00000040009,Gnaz
43,GNL3L,ENSG00000130119,ENSMUSG00000025266,Gnl3l
44,GNAT2,ENSG00000134183,ENSMUSG00000009108,Gnat2
45,GNL2,ENSG00000134697,ENSMUSG00000028869,Gnl2
46,GOLM1,ENSG00000135052,ENSMUSG00000021556,Golm1
47,GNS,ENSG00000135677,ENSMUSG00000034707,Gns
48,GOLGA1,ENSG00000136935,ENSMUSG00000026754,Golga1
49,GOLGA6D,ENSG00000140478,ENSMUSG00000002546,Golga2
50,GOLGA8F,ENSG00000153684,ENSMUSG00000002546,Golga2
51,GOLGA6A,ENSG00000159289,ENSMUSG00000002546,Golga2
52,GOLGA2,ENSG00000167110,ENSMUSG00000002546,Golga2
53,GOLGA6C,ENSG00000167195,ENSMUSG00000002546,Golga2
54,GOLGA8A,ENSG00000175265,ENSMUSG00000002546,Golga2
55,GOLGA8Q,ENSG00000178115,ENSMUSG00000002546,Golga2
56,GOLGA8J,ENSG00000179938,ENSMUSG00000002546,Golga2
57,GOLGA8G,ENSG00000183629,ENSMUSG00000002546,Golga2
58,GOLGA8R,ENSG00000186399,ENSMUSG00000002546,Golga2
59,GOLGA8M,ENSG00000188626,ENSMUSG00000002546,Golga2
60,GOLGA8O,ENSG00000206127,ENSMUSG00000002546,Golga2
61,GOLGA6B,ENSG00000215186,ENSMUSG00000002546,Golga2
62,GOLGA8B,ENSG00000215252,ENSMUSG00000002546,Golga2
63,GOLGA8N,ENSG00000232653,ENSMUSG00000002546,Golga2
64,GOLGA8K,ENSG00000249931,ENSMUSG00000002546,Golga2
65,GOLGA8T,ENSG00000261247,ENSMUSG00000002546,Golga2
66,GOLGA8S,ENSG00000261739,ENSMUSG00000002546,Golga2
67,GOLGA8H,ENSG00000261794,ENSMUSG00000002546,Golga2
68,GPA33,ENSG00000143167,ENSMUSG00000000544,Gpa33
69,GOLPH3L,ENSG00000143457,ENSMUSG00000046519,Golph3l
70,GOLGA4,ENSG00000144674,ENSMUSG00000038708,Golga4
71,GPC3,ENSG00000147257,ENSMUSG00000055653,Gpc3
72,GNRH1,ENSG00000147437,ENSMUSG00000015812,Gnrh1
73,GOLGA7,ENSG00000147533,ENSMUSG00000015341,Golga7
74,GPHA2,ENSG00000149735,ENSMUSG00000024784,Gpha2
75,GPD1L,ENSG00000152642,ENSMUSG00000050627,Gpd1l
76,GOLGA7B,ENSG00000155265,ENSMUSG00000042532,Golga7b
77,GPBP1L1,ENSG00000159592,ENSMUSG00000034042,Gpbp1l1
78,GNE,ENSG00000159921,ENSMUSG00000028479,Gne
79,GPATCH4,ENSG00000160818,ENSMUSG00000028069,Gpatch4
80,GNG3,ENSG00000162188,ENSMUSG00000071658,Gng3
81,GNPDA2,ENSG00000163281,ENSMUSG00000029209,Gnpda2
82,GNL3,ENSG00000163938,ENSMUSG00000042354,Gnl3
83,GNGT2,ENSG00000167083,ENSMUSG00000038811,Gngt2
84,GNG8,ENSG00000167414,ENSMUSG00000063594,Gng8
85,GPD1,ENSG00000167588,ENSMUSG00000023019,Gpd1
86,GNG4,ENSG00000168243,ENSMUSG00000021303,Gng4
87,GOT1L1,ENSG00000169154,ENSMUSG00000039720,Got1l1
88,GP2,ENSG00000169347,ENSMUSG00000030954,Gp2
89,GP9,ENSG00000169704,ENSMUSG00000030054,Gp9
90,GPHN,ENSG00000171723,ENSMUSG00000047454,Gphn
91,GNB2,ENSG00000172354,ENSMUSG00000029713,Gnb2
92,GNG12,ENSG00000172380,ENSMUSG00000036402,Gng12
93,GOLGB1,ENSG00000173230,ENSMUSG00000034243,Golgb1
94,GOLIM4,ENSG00000173905,ENSMUSG00000034109,Golim4
95,GNG5,ENSG00000174021,ENSMUSG00000068523,Gng5
96,GOLT1A,ENSG00000174567,ENSMUSG00000103421,Golt1a
97,GNG7,ENSG00000176533,ENSMUSG00000048240,Gng7
98,GP5,ENSG00000178732,ENSMUSG00000047953,Gp5
99,GPC5,ENSG00000179399,ENSMUSG00000022112,Gpc5
100,GPHB5,ENSG00000179600,ENSMUSG00000048982,Gphb5
101,GPBAR1,ENSG00000179921,ENSMUSG00000064272,Gpbar1
102,GPC6,ENSG00000183098,ENSMUSG00000058571,Gpc6
103,GP1BA,ENSG00000185245,ENSMUSG00000050675,Gp1ba
104,GNB1L,ENSG00000185838,ENSMUSG00000000884,Gnb1l
105,GPAT2,ENSG00000186281,ENSMUSG00000046338,Gpat2
106,GNG2,ENSG00000186469,ENSMUSG00000043004,Gng2
107,GPATCH8,ENSG00000186566,ENSMUSG00000034621,Gpatch8
108,GPAA1,ENSG00000197858,ENSMUSG00000022561,Gpaa1
109,GPATCH3,ENSG00000198746,ENSMUSG00000028850,Gpatch3
110,GP1BB,ENSG00000203618,ENSMUSG00000050761,Gp1bb
111,GPANK1,ENSG00000204438,ENSMUSG00000092417,Gpank1
112,GNL1,ENSG00000204590,ENSMUSG00000024429,Gnl1
113,GPC2,ENSG00000213420,ENSMUSG00000029510,Gpc2
114,GNAT3,ENSG00000214415,ENSMUSG00000028777,Gnat3
115,GNG10,ENSG00000242616,ENSMUSG00000038607,Gng10
116,GPIHBP1,ENSG00000277494,ENSMUSG00000022579,Gpihbp1
117,,,ENSMUSG00000024639,Gnaq
118,,,ENSMUSG00000031748,Gnao1
0,GPRC5A,ENSG00000013588,ENSMUSG00000046733,Gprc5a
1,GPM6B,ENSG00000046653,ENSMUSG00000031342,Gpm6b
2,GPR137B,ENSG00000077585,ENSMUSG00000021306,Gpr137b
3,GPR143,ENSG00000101850,ENSMUSG00000025333,Gpr143
4,GPR50,ENSG00000102195,ENSMUSG00000056380,Gpr50
5,GPN3,ENSG00000111231,ENSMUSG00000029464,Gpn3
6,GPRC5D,ENSG00000111291,ENSMUSG00000030205,Gprc5d
7,GPR63,ENSG00000112218,ENSMUSG00000040372,Gpr63
8,GPR89A,ENSG00000117262,ENSMUSG00000028096,Gpr89
9,GPR89B,ENSG00000188092,ENSMUSG00000028096,Gpr89
10,GPR68,ENSG00000119714,ENSMUSG00000047415,Gpr68
11,GPR75,ENSG00000119737,ENSMUSG00000043999,Gpr75
12,GPSM2,ENSG00000121957,ENSMUSG00000027883,Gpsm2
13,GPR83,ENSG00000123901,ENSMUSG00000031932,Gpr83
14,GPR18,ENSG00000125245,ENSMUSG00000050350,Gpr18
15,GPR108,ENSG00000125734,ENSMUSG00000005823,Gpr108
16,GPS2,ENSG00000132522,ENSMUSG00000023170,Gps2
17,GPR12,ENSG00000132975,ENSMUSG00000041468,Gpr12
18,GPR55,ENSG00000135898,ENSMUSG00000049608,Gpr55
19,GPR45,ENSG00000135973,ENSMUSG00000041907,Gpr45
20,GPNMB,ENSG00000136235,ENSMUSG00000029816,Gpnmb
21,GPR87,ENSG00000138271,ENSMUSG00000051431,Gpr87
22,GPR65,ENSG00000140030,ENSMUSG00000021886,Gpr65
23,GPN2,ENSG00000142751,ENSMUSG00000028848,Gpn2
24,GPR161,ENSG00000143147,ENSMUSG00000040836,Gpr161
25,GPR17,ENSG00000144230,ENSMUSG00000052229,Gpr17
26,GPR6,ENSG00000146360,ENSMUSG00000046922,Gpr6
27,GPR174,ENSG00000147138,ENSMUSG00000073008,Gpr174
28,GPR119,ENSG00000147262,ENSMUSG00000051209,Gpr119
29,GPR107,ENSG00000148358,ENSMUSG00000000194,Gpr107
30,GPM6A,ENSG00000150625,ENSMUSG00000031517,Gpm6a
31,GPR158,ENSG00000151025,ENSMUSG00000045967,Gpr158
32,GPR180,ENSG00000152749,ENSMUSG00000022131,Gpr180
33,GPR15,ENSG00000154165,ENSMUSG00000047293,Gpr15
34,GPR26,ENSG00000154478,ENSMUSG00000040125,Gpr26
35,GPR61,ENSG00000156097,ENSMUSG00000046793,Gpr61
36,GPR153,ENSG00000158292,ENSMUSG00000042804,Gpr153
37,GPRASP2,ENSG00000158301,ENSMUSG00000072966,Gprasp2
38,GPSM1,ENSG00000160360,ENSMUSG00000026930,Gpsm1
39,GPR155,ENSG00000163328,ENSMUSG00000041762,Gpr155
40,GPR85,ENSG00000164604,ENSMUSG00000048216,Gpr85
41,GPR146,ENSG00000164849,ENSMUSG00000044197,Gpr146
42,GPR101,ENSG00000165370,ENSMUSG00000036357,Gpr101
43,GPR176,ENSG00000166073,ENSMUSG00000040133,Gpr176
44,GPT2,ENSG00000166123,ENSMUSG00000031700,Gpt2
45,GPR182,ENSG00000166856,ENSMUSG00000058396,Gpr182
46,GPRC5B,ENSG00000167191,ENSMUSG00000008734,Gprc5b
47,GPT,ENSG00000167701,ENSMUSG00000022546,Gpt
48,GPRIN1,ENSG00000169258,ENSMUSG00000069227,Gprin1
49,GPR183,ENSG00000169508,ENSMUSG00000051212,Gpr183
50,GPS1,ENSG00000169727,ENSMUSG00000025156,Gps1
51,GPR37L1,ENSG00000170075,ENSMUSG00000026424,Gpr37l1
52,GPR25,ENSG00000170128,ENSMUSG00000052759,Gpr25
53,GPRC5C,ENSG00000170412,ENSMUSG00000051043,Gprc5c
54,GPR37,ENSG00000170775,ENSMUSG00000039904,Gpr37
55,GPR27,ENSG00000170837,ENSMUSG00000072875,Gpr27
56,GPR82,ENSG00000171657,ENSMUSG00000047678,Gpr82
57,GPR34,ENSG00000171659,ENSMUSG00000040229,Gpr34
58,GPR22,ENSG00000172209,ENSMUSG00000044067,Gpr22
59,GPR151,ENSG00000173250,ENSMUSG00000042816,Gpr151
60,GPR137,ENSG00000173264,ENSMUSG00000024958,Gpr137
61,GPRC6A,ENSG00000173612,ENSMUSG00000019905,Gprc6a
62,GPR160,ENSG00000173890,ENSMUSG00000037661,Gpr160
63,GPR171,ENSG00000174946,ENSMUSG00000050075,Gpr171
64,GPR149,ENSG00000174948,ENSMUSG00000043441,Gpr149
65,GPR152,ENSG00000175514,ENSMUSG00000044724,Gpr152
66,GPR156,ENSG00000175697,ENSMUSG00000046961,Gpr156
67,GPX2,ENSG00000176153,ENSMUSG00000042808,Gpx2
68,GPR4,ENSG00000177464,ENSMUSG00000044317,Gpr4
69,GPR35,ENSG00000178623,ENSMUSG00000026271,Gpr35
70,GPR139,ENSG00000180269,ENSMUSG00000066197,Gpr139
71,GPR157,ENSG00000180758,ENSMUSG00000047875,Gpr157
72,GPR62,ENSG00000180929,ENSMUSG00000091735,Gpr62
73,GPR137C,ENSG00000180998,ENSMUSG00000049092,Gpr137c
74,GPR135,ENSG00000181619,ENSMUSG00000043398,Gpr135
75,GPR88,ENSG00000181656,ENSMUSG00000068696,Gpr88
76,GPR3,ENSG00000181773,ENSMUSG00000049649,Gpr3
77,GPR19,ENSG00000183150,ENSMUSG00000032641,Gpr19
78,GPR39,ENSG00000183840,ENSMUSG00000026343,Gpr39
79,GPR173,ENSG00000184194,ENSMUSG00000056679,Gpr173
80,GPRIN3,ENSG00000185477,ENSMUSG00000045441,Gprin3
81,GPR141,ENSG00000187037,ENSMUSG00000053101,Gpr141
82,GPR21,ENSG00000188394,ENSMUSG00000053164,Gpr21
83,GPN1,ENSG00000198522,ENSMUSG00000064037,Gpn1
84,GPRASP1,ENSG00000198932,ENSMUSG00000043384,Gprasp1
85,GPR52,ENSG00000203737,ENSMUSG00000118401,Gpr52
86,GPRIN2,ENSG00000204175,ENSMUSG00000071531,Gprin2
87,GPR20,ENSG00000204882,ENSMUSG00000045281,Gpr20
88,GPSM3,ENSG00000213654,ENSMUSG00000034786,Gpsm3
89,GPR33,ENSG00000214943,ENSMUSG00000035148,Gpr33
90,GPX1,ENSG00000233276,ENSMUSG00000063856,Gpx1
91,GPR162,ENSG00000250510,ENSMUSG00000038390,Gpr162
92,GPR142,ENSG00000257008,ENSMUSG00000034677,Gpr142
93,GPR179,ENSG00000277399,ENSMUSG00000070337,Gpr179
94,,,ENSMUSG00000021298,Gpr132
95,,,ENSMUSG00000031210,Gpr165
96,,,ENSMUSG00000045509,Gpr150
97,,,ENSMUSG00000063234,Gpr84
98,,,ENSMUSG00000089987,Gpx2-ps1
99,,,ENSMUSG00000097715,Gpr137b-ps
100,,,ENSMUSG00000117239,Gpr31c
0,GRAMD1B,ENSG00000023171,ENSMUSG00000040111,Gramd1b
1,GRN,ENSG00000030582,ENSMUSG00000034708,Grn
2,GSC2,ENSG00000063515,ENSMUSG00000022738,Gsc2
3,GRIPAP1,ENSG00000068400,ENSMUSG00000031153,Gripap1
4,GRAMD4,ENSG00000075240,ENSMUSG00000035900,Gramd4
5,GSK3B,ENSG00000082701,ENSMUSG00000022812,Gsk3b
6,GRHL2,ENSG00000083307,ENSMUSG00000022286,Grhl2
7,GRAMD1A,ENSG00000089351,ENSMUSG00000001248,Gramd1a
8,GRAP2,ENSG00000100351,ENSMUSG00000042351,Grap2
9,GSS,ENSG00000100983,ENSMUSG00000027610,Gss
10,GSPT1,ENSG00000103342,ENSMUSG00000062203,Gspt1
11,GSDMD,ENSG00000104518,ENSMUSG00000022575,Gsdmd
12,GSR,ENSG00000104687,ENSMUSG00000031584,Gsr
13,GRWD1,ENSG00000105447,ENSMUSG00000053801,Grwd1
14,GRIN2D,ENSG00000105464,ENSMUSG00000002771,Grin2d
15,GSK3A,ENSG00000105723,ENSMUSG00000057177,Gsk3a
16,GRIK5,ENSG00000105737,ENSMUSG00000003378,Grik5
17,GRB10,ENSG00000106070,ENSMUSG00000020176,Grb10
18,GRPEL1,ENSG00000109519,ENSMUSG00000029198,Grpel1
19,GSG1,ENSG00000111305,ENSMUSG00000030206,Gsg1
20,C12orf57,ENSG00000111678,ENSMUSG00000072772,Grcc10
21,GRM6,ENSG00000113262,ENSMUSG00000000617,Grm6
22,GRB14,ENSG00000115290,ENSMUSG00000026888,Grb14
23,GRIN3B,ENSG00000116032,ENSMUSG00000035745,Grin3b
24,GPX7,ENSG00000116157,ENSMUSG00000028597,Gpx7
25,GRIA2,ENSG00000120251,ENSMUSG00000033981,Gria2
26,GRM4,ENSG00000124493,ENSMUSG00000063239,Grm4
27,GRK4,ENSG00000125388,ENSMUSG00000052783,Grk4
28,GRIA3,ENSG00000125675,ENSMUSG00000001986,Gria3
29,GRPR,ENSG00000126010,ENSMUSG00000031364,Grpr
30,GSE1,ENSG00000131149,ENSMUSG00000031822,Gse1
31,GRSF1,ENSG00000132463,ENSMUSG00000044221,Grsf1
32,GSC,ENSG00000133937,ENSMUSG00000021095,Gsc
33,GRHL1,ENSG00000134317,ENSMUSG00000020656,Grhl1
34,GRP,ENSG00000134443,ENSMUSG00000024517,Grp
35,GRHPR,ENSG00000137106,ENSMUSG00000035637,Grhpr
36,GSTCD,ENSG00000138780,ENSMUSG00000028018,Gstcd
37,GRTP1,ENSG00000139835,ENSMUSG00000038515,Grtp1
38,GREB1L,ENSG00000141449,ENSMUSG00000042942,Greb1l
39,GRB7,ENSG00000141738,ENSMUSG00000019312,Grb7
40,GRIP2,ENSG00000144596,ENSMUSG00000030098,Grip2
41,GSDMC,ENSG00000147697,ENSMUSG00000055748,Gsdmc4
42,GSDMC,ENSG00000147697,ENSMUSG00000055827,Gsdmc3
43,GSDMC,ENSG00000147697,ENSMUSG00000056293,Gsdmc2
44,GSDMC,ENSG00000147697,ENSMUSG00000079025,Gsdmc
45,GSN,ENSG00000148180,ENSMUSG00000026879,Gsn
46,GRIK4,ENSG00000149403,ENSMUSG00000032017,Grik4
47,GRID2,ENSG00000152208,ENSMUSG00000071424,Grid2
48,GRIA4,ENSG00000152578,ENSMUSG00000025892,Gria4
49,GRM1,ENSG00000152822,ENSMUSG00000019828,Grm1
50,GRIA1,ENSG00000155511,ENSMUSG00000020524,Gria1
51,GRIP1,ENSG00000155974,ENSMUSG00000034813,Grip1
52,GRHL3,ENSG00000158055,ENSMUSG00000037188,Grhl3
53,GRIN2C,ENSG00000161509,ENSMUSG00000020734,Grin2c
54,GRIK3,ENSG00000163873,ENSMUSG00000001985,Grik3
55,GRM2,ENSG00000164082,ENSMUSG00000023192,Grm2
56,GRPEL2,ENSG00000164284,ENSMUSG00000024580,Grpel2
57,GPX8,ENSG00000164294,ENSMUSG00000021760,Gpx8
58,GRIK2,ENSG00000164418,ENSMUSG00000056073,Grik2
59,GREM1,ENSG00000166923,ENSMUSG00000074934,Grem1
60,GPX4,ENSG00000167468,ENSMUSG00000075706,Gpx4
61,GSDMA,ENSG00000167914,ENSMUSG00000017204,Gsdma
62,GSDMA,ENSG00000167914,ENSMUSG00000017211,Gsdma2
63,GSDMA,ENSG00000167914,ENSMUSG00000064224,Gsdma3
64,GRM5,ENSG00000168959,ENSMUSG00000049583,Grm5
65,GSG1L,ENSG00000169181,ENSMUSG00000046182,Gsg1l
66,GRIK1,ENSG00000171189,ENSMUSG00000022935,Grik1
67,GRIN1,ENSG00000176884,ENSMUSG00000026959,Grin1
68,GRB2,ENSG00000177885,ENSMUSG00000059923,Grb2
69,GRAMD1C,ENSG00000178075,ENSMUSG00000036292,Gramd1c
70,GRINA,ENSG00000178719,ENSMUSG00000022564,Grina
71,GRM8,ENSG00000179603,ENSMUSG00000024211,Grm8
72,GREM2,ENSG00000180875,ENSMUSG00000050069,Grem2
73,GRID1,ENSG00000182771,ENSMUSG00000041078,Grid1
74,GSTA5,ENSG00000182793,ENSMUSG00000025934,Gsta3
75,GRIN2A,ENSG00000183454,ENSMUSG00000059003,Grin2a
76,GRK1,ENSG00000185974,ENSMUSG00000031450,Grk1
77,GRAPL,ENSG00000189152,ENSMUSG00000004837,Grap
78,GSPT2,ENSG00000189369,ENSMUSG00000071723,Gspt2
79,GREB1,ENSG00000196208,ENSMUSG00000036523,Greb1
80,GRM7,ENSG00000196277,ENSMUSG00000056755,Grm7
81,GRK6,ENSG00000198055,ENSMUSG00000074886,Grk6
82,GPX6,ENSG00000198704,ENSMUSG00000004341,Gpx6
83,GRIN3A,ENSG00000198785,ENSMUSG00000039579,Grin3a
84,GRM3,ENSG00000198822,ENSMUSG00000003974,Grm3
85,GRK5,ENSG00000198873,ENSMUSG00000003228,Grk5
86,GRXCR2,ENSG00000204928,ENSMUSG00000073574,Grxcr2
87,GPX3,ENSG00000211445,ENSMUSG00000018339,Gpx3
88,GRID2IP,ENSG00000215045,ENSMUSG00000010825,Grid2ip
89,GRXCR1,ENSG00000215203,ENSMUSG00000068082,Grxcr1
90,GRIN2B,ENSG00000273079,ENSMUSG00000030209,Grin2b
91,GRIFIN,ENSG00000275572,ENSMUSG00000036586,Grifin
92,,,ENSMUSG00000004344,Gpx5
93,,,ENSMUSG00000032348,Gsta4
94,,,ENSMUSG00000057933,Gsta2
95,,,ENSMUSG00000062543,Gsdmcl1
96,,,ENSMUSG00000074183,Gsta1
97,,,ENSMUSG00000100127,Gsdmcl-ps
0,GTF2IRD1,ENSG00000006704,ENSMUSG00000023079,Gtf2ird1
1,GUCA2B,ENSG00000044012,ENSMUSG00000032978,Guca2b
2,GUCA1A,ENSG00000048545,ENSMUSG00000023982,Guca1a
3,GSTO2,ENSG00000065621,ENSMUSG00000025069,Gsto2
4,GUCY2C,ENSG00000070019,ENSMUSG00000042638,Gucy2c
5,GTSE1,ENSG00000075218,ENSMUSG00000022385,Gtse1
6,GTF3C1,ENSG00000077235,ENSMUSG00000032777,Gtf3c1
7,GSTP1,ENSG00000084207,ENSMUSG00000038155,Gstp2
8,GSTP1,ENSG00000084207,ENSMUSG00000060803,Gstp1
9,GSTT2,ENSG00000099984,ENSMUSG00000033318,Gstt2
10,GSTT2B,ENSG00000133433,ENSMUSG00000033318,Gstt2
11,GTPBP1,ENSG00000100226,ENSMUSG00000042535,Gtpbp1
12,GZMH,ENSG00000100450,ENSMUSG00000015441,Gzmf
13,GZMH,ENSG00000100450,ENSMUSG00000015443,Gzmn
14,GZMH,ENSG00000100450,ENSMUSG00000022156,Gzme
15,GZMH,ENSG00000100450,ENSMUSG00000040284,Gzmg
16,GZMH,ENSG00000100450,ENSMUSG00000059256,Gzmd
17,GZMB,ENSG00000100453,ENSMUSG00000015437,Gzmb
18,GZMB,ENSG00000100453,ENSMUSG00000079186,Gzmc
19,GSTZ1,ENSG00000100577,ENSMUSG00000021033,Gstz1
20,HM13,ENSG00000101294,ENSMUSG00000019188,H13
21,GUCY2F,ENSG00000101890,ENSMUSG00000042282,Gucy2f
22,GYS1,ENSG00000104812,ENSMUSG00000003865,Gys1
23,GTPBP10,ENSG00000105793,ENSMUSG00000040464,Gtpbp10
24,GTPBP4,ENSG00000107937,ENSMUSG00000021149,Gtpbp4
25,GTF2H1,ENSG00000110768,ENSMUSG00000006599,Gtf2h1
26,GTF2H3,ENSG00000111358,ENSMUSG00000029387,Gtf2h3
27,GYS2,ENSG00000111713,ENSMUSG00000030244,Gys2
28,GUCA1B,ENSG00000112599,ENSMUSG00000023979,Guca1b
29,GZMK,ENSG00000113088,ENSMUSG00000042385,Gzmk
30,GTF3C2,ENSG00000115207,ENSMUSG00000106864,Gtf3c2
31,GTF3C3,ENSG00000119041,ENSMUSG00000041303,Gtf3c3
32,GTDC1,ENSG00000121964,ENSMUSG00000036890,Gtdc1
33,GTF3A,ENSG00000122034,ENSMUSG00000016503,Gtf3a
34,GTSF1L,ENSG00000124196,ENSMUSG00000070708,Gtsf1l
35,GTF3C4,ENSG00000125484,ENSMUSG00000035666,Gtf3c4
36,GTF2F1,ENSG00000125651,ENSMUSG00000002658,Gtf2f1
37,GZF1,ENSG00000125812,ENSMUSG00000027439,Gzf1
38,GTPBP3,ENSG00000130299,ENSMUSG00000007610,Gtpbp3
39,GUCY2D,ENSG00000132518,ENSMUSG00000020890,Gucy2e
40,GSTM1,ENSG00000134184,ENSMUSG00000004038,Gstm3
41,GSTM1,ENSG00000134184,ENSMUSG00000040562,Gstm2
42,GSTM1,ENSG00000134184,ENSMUSG00000058135,Gstm1
43,GSTM1,ENSG00000134184,ENSMUSG00000068762,Gstm6
44,GSTM3,ENSG00000134202,ENSMUSG00000004032,Gstm5
45,GYPC,ENSG00000136732,ENSMUSG00000090523,Gypc
46,GTF2B,ENSG00000137947,ENSMUSG00000028271,Gtf2b
47,GTF2A2,ENSG00000140307,ENSMUSG00000033543,Gtf2a2
48,GUK1,ENSG00000143774,ENSMUSG00000020444,Guk1
49,GULP1,ENSG00000144366,ENSMUSG00000056870,Gulp1
50,GZMA,ENSG00000145649,ENSMUSG00000023132,Gzma
51,GTF2H2,ENSG00000145736,ENSMUSG00000021639,Gtf2h2
52,GTF2H2C,ENSG00000183474,ENSMUSG00000021639,Gtf2h2
53,GTF3C5,ENSG00000148308,ENSMUSG00000026816,Gtf3c5
54,GSTO1,ENSG00000148834,ENSMUSG00000025068,Gsto1
55,GXYLT1,ENSG00000151233,ENSMUSG00000036197,Gxylt1
56,GUF1,ENSG00000151806,ENSMUSG00000029208,Guf1
57,GUCY1A2,ENSG00000152402,ENSMUSG00000041624,Gucy1a2
58,GTF2E1,ENSG00000153767,ENSMUSG00000022828,Gtf2e1
59,GTF3C6,ENSG00000155115,ENSMUSG00000019837,Gtf3c6
60,GTPBP8,ENSG00000163607,ENSMUSG00000022668,Gtpbp8
61,GYG1,ENSG00000163754,ENSMUSG00000019528,Gyg
62,GTF2A1,ENSG00000165417,ENSMUSG00000020962,Gtf2a1
63,GSTM4,ENSG00000168765,ENSMUSG00000027890,Gstm4
64,GSX1,ENSG00000169840,ENSMUSG00000053129,Gsx1
65,GUSB,ENSG00000169919,ENSMUSG00000025534,Gusb
66,GYPA,ENSG00000170180,ENSMUSG00000051839,Gypa
67,GYPE,ENSG00000197465,ENSMUSG00000051839,Gypa
68,GYPB,ENSG00000250361,ENSMUSG00000051839,Gypa
69,GTSF1,ENSG00000170627,ENSMUSG00000022487,Gtsf1
70,GTPBP2,ENSG00000172432,ENSMUSG00000023952,Gtpbp2
71,GXYLT2,ENSG00000172986,ENSMUSG00000030074,Gxylt2
72,GTF2IRD2B,ENSG00000174428,ENSMUSG00000015942,Gtf2ird2
73,GTF2IRD2,ENSG00000196275,ENSMUSG00000015942,Gtf2ird2
74,GTPBP6,ENSG00000178605,ENSMUSG00000033434,Gtpbp6
75,GSX2,ENSG00000180613,ENSMUSG00000035946,Gsx2
76,GTF2F2,ENSG00000188342,ENSMUSG00000067995,Gtf2f2
77,H1-0,ENSG00000189060,ENSMUSG00000096210,H1f0
78,GTF2E2,ENSG00000197265,ENSMUSG00000031585,Gtf2e2
79,GUCA2A,ENSG00000197273,ENSMUSG00000023247,Guca2a
80,GSTK1,ENSG00000197448,ENSMUSG00000029864,Gstk1
81,GZMM,ENSG00000197540,ENSMUSG00000054206,Gzmm
82,HLA-DMA,ENSG00000204257,ENSMUSG00000037649,H2-DMa
83,GSTM2,ENSG00000213366,ENSMUSG00000004035,Gstm7
84,GTF2H4,ENSG00000213780,ENSMUSG00000001524,Gtf2h4
85,HLA-DQB2,ENSG00000232629,ENSMUSG00000073421,H2-Ab1
86,GTF2A1L,ENSG00000242441,ENSMUSG00000024154,Gtf2a1l
87,HLA-DMB,ENSG00000242574,ENSMUSG00000037548,H2-DMb2
88,HLA-DMB,ENSG00000242574,ENSMUSG00000079547,H2-DMb1
89,GTF2I,ENSG00000263001,ENSMUSG00000060261,Gtf2i
90,GTF2H5,ENSG00000272047,ENSMUSG00000034345,Gtf2h5
91,GSTT4,ENSG00000276950,ENSMUSG00000009093,Gstt4
92,,,ENSMUSG00000000031,H19
93,,,ENSMUSG00000001663,Gstt1
94,,,ENSMUSG00000001665,Gstt3
95,,,ENSMUSG00000021933,Gucy1b2
96,,,ENSMUSG00000034450,Gulo
97,,,ENSMUSG00000036594,H2-Aa
98,,,ENSMUSG00000045868,Gvin1
99,,,ENSMUSG00000053624,Gykl1
100,,,ENSMUSG00000055523,Gucy2g
101,,,ENSMUSG00000073406,H2-Bl
102,,,ENSMUSG00000073411,H2-D1
103,,,ENSMUSG00000074003,Gucy2d
104,,,ENSMUSG00000086429,Gt(ROSA)26Sor
0,HCCS,ENSG00000004961,ENSMUSG00000031352,Hccs
1,H6PD,ENSG00000049239,ENSMUSG00000028980,H6pd
2,HAGH,ENSG00000063854,ENSMUSG00000024158,Hagh
3,HAL,ENSG00000084110,ENSMUSG00000020017,Hal
4,HADHA,ENSG00000084754,ENSMUSG00000025745,Hadha
5,HACE1,ENSG00000085382,ENSMUSG00000038822,Hace1
6,HBQ1,ENSG00000086506,ENSMUSG00000020295,Hbq1a
7,HBQ1,ENSG00000086506,ENSMUSG00000073063,Hbq1b
8,HAUS4,ENSG00000092036,ENSMUSG00000022177,Haus4
9,HCN2,ENSG00000099822,ENSMUSG00000020331,Hcn2
10,HAO1,ENSG00000101323,ENSMUSG00000027261,Hao1
11,HCK,ENSG00000101336,ENSMUSG00000003283,Hck
12,HAS3,ENSG00000103044,ENSMUSG00000031910,Has3
13,HCFC1R1,ENSG00000103145,ENSMUSG00000023904,Hcfc1r1
14,HAGHL,ENSG00000103253,ENSMUSG00000061046,Haghl
15,HAS1,ENSG00000105509,ENSMUSG00000003665,Has1
16,HAMP,ENSG00000105697,ENSMUSG00000050440,Hamp
17,HBP1,ENSG00000105856,ENSMUSG00000002996,Hbp1
18,C5,ENSG00000106804,ENSMUSG00000026874,Hc
19,HCFC2,ENSG00000111727,ENSMUSG00000020246,Hcfc2
20,HBS1L,ENSG00000112339,ENSMUSG00000019977,Hbs1l
21,HARS2,ENSG00000112855,ENSMUSG00000019143,Hars2
22,HBEGF,ENSG00000113070,ENSMUSG00000024486,Hbegf
23,HAND1,ENSG00000113196,ENSMUSG00000037335,Hand1
24,HAVCR1,ENSG00000113249,ENSMUSG00000040405,Havcr1
25,HAO2,ENSG00000116882,ENSMUSG00000027870,Hao2
26,HCRTR1,ENSG00000121764,ENSMUSG00000028778,Hcrtr1
27,HCST,ENSG00000126264,ENSMUSG00000064109,Hcst
28,HAT1,ENSG00000128708,ENSMUSG00000027018,Hat1
29,HBZ,ENSG00000130656,ENSMUSG00000055609,Hba-x
30,HABP4,ENSG00000130956,ENSMUSG00000021476,Habp4
31,HAUS8,ENSG00000131351,ENSMUSG00000035439,Haus8
32,HACL1,ENSG00000131373,ENSMUSG00000021884,Hacl1
33,H3-3B,ENSG00000132475,ENSMUSG00000060743,H3f3a
34,HAPLN2,ENSG00000132702,ENSMUSG00000004894,Hapln2
35,HAVCR2,ENSG00000135077,ENSMUSG00000020399,Havcr2
36,HCRTR2,ENSG00000137252,ENSMUSG00000032360,Hcrtr2
37,HAUS2,ENSG00000137814,ENSMUSG00000027285,Haus2
38,HADHB,ENSG00000138029,ENSMUSG00000059447,Hadhb
39,HCN4,ENSG00000138622,ENSMUSG00000032338,Hcn4
40,HADH,ENSG00000138796,ENSMUSG00000027984,Hadh
41,HAPLN3,ENSG00000140511,ENSMUSG00000030606,Hapln3
42,HAX1,ENSG00000143575,ENSMUSG00000027944,Hax1
43,HCN3,ENSG00000143630,ENSMUSG00000028051,Hcn3
44,HAPLN1,ENSG00000145681,ENSMUSG00000021613,Hapln1
45,HAUS6,ENSG00000147874,ENSMUSG00000038047,Haus6
46,HABP2,ENSG00000148702,ENSMUSG00000025075,Habp2
47,HAUS1,ENSG00000152240,ENSMUSG00000041840,Haus1
48,HCRT,ENSG00000161610,ENSMUSG00000045471,Hcrt
49,HAAO,ENSG00000162882,ENSMUSG00000000673,Haao
50,H3-3A,ENSG00000163041,ENSMUSG00000016559,H3f3b
51,HAND2,ENSG00000164107,ENSMUSG00000038193,Hand2
52,HCN1,ENSG00000164588,ENSMUSG00000021730,Hcn1
53,HAS2,ENSG00000170961,ENSMUSG00000022367,Has2
54,HCFC1,ENSG00000172534,ENSMUSG00000031386,Hcfc1
55,HAP1,ENSG00000173805,ENSMUSG00000006930,Hap1
56,HCLS1,ENSG00000180353,ENSMUSG00000022831,Hcls1
57,HARBI1,ENSG00000180423,ENSMUSG00000027243,Harbi1
58,HAPLN4,ENSG00000187664,ENSMUSG00000007594,Hapln4
59,HBA2,ENSG00000188536,ENSMUSG00000069917,Hba-a2
60,HBA1,ENSG00000206172,ENSMUSG00000069917,Hba-a2
61,HBA2,ENSG00000188536,ENSMUSG00000069919,Hba-a1
62,HBA1,ENSG00000206172,ENSMUSG00000069919,Hba-a1
63,HLA-DRB1,ENSG00000196126,ENSMUSG00000067341,H2-Eb2
64,HLA-DRB5,ENSG00000198502,ENSMUSG00000067341,H2-Eb2
65,HLA-DOA,ENSG00000204252,ENSMUSG00000024334,H2-Oa
66,HAUS7,ENSG00000213397,ENSMUSG00000031371,Haus7
67,HBE1,ENSG00000213931,ENSMUSG00000052187,Hbb-y
68,HAUS3,ENSG00000214367,ENSMUSG00000079555,Haus3
69,HLA-DOB,ENSG00000241106,ENSMUSG00000041538,H2-Ob
70,HAUS5,ENSG00000249115,ENSMUSG00000078762,Haus5
71,,,ENSMUSG00000016206,H2-M3
72,,,ENSMUSG00000016283,H2-M2
73,,,ENSMUSG00000023083,H2-M10.2
74,,,ENSMUSG00000024448,H2-M10.1
75,,,ENSMUSG00000024459,H2-M5
76,,,ENSMUSG00000035929,H2-Q4
77,,,ENSMUSG00000037130,H2-M10.6
78,,,ENSMUSG00000037246,H2-M10.5
79,,,ENSMUSG00000037334,H2-M1
80,,,ENSMUSG00000037537,H2-M11
81,,,ENSMUSG00000048231,H2-M10.4
82,,,ENSMUSG00000052217,Hbb-bh1
83,,,ENSMUSG00000053835,H2-T24
84,,,ENSMUSG00000054128,H2-T3
85,,,ENSMUSG00000056116,H2-T22
86,,,ENSMUSG00000056978,Hamp2
87,,,ENSMUSG00000058124,H2-M10.3
88,,,ENSMUSG00000060550,H2-Q7
89,,,ENSMUSG00000060586,H2-Eb1
90,,,ENSMUSG00000061232,H2-K1
91,,,ENSMUSG00000067201,H2-M9
92,,,ENSMUSG00000067203,H2-K2
93,,,ENSMUSG00000067212,H2-T23
94,,,ENSMUSG00000067235,H2-Q10
95,,,ENSMUSG00000073409,H2-Q6
96,,,ENSMUSG00000075297,H60b
97,,,ENSMUSG00000078621,Hbb-bh2
98,,,ENSMUSG00000079491,H2-T10
99,,,ENSMUSG00000079507,H2-Q1
100,,,ENSMUSG00000091618,H60c
101,,,ENSMUSG00000091705,H2-Q2
0,HECW1,ENSG00000002746,ENSMUSG00000021301,Hecw1
1,HEATR5B,ENSG00000008869,ENSMUSG00000039414,Heatr5b
2,HHATL,ENSG00000010282,ENSMUSG00000032523,Hhatl
3,HFE,ENSG00000010704,ENSMUSG00000006611,Hfe
4,HEBP1,ENSG00000013583,ENSMUSG00000042770,Hebp1
5,HGF,ENSG00000019991,ENSMUSG00000028864,Hgf
6,HDAC9,ENSG00000048052,ENSMUSG00000004698,Hdac9
7,HEXB,ENSG00000049860,ENSMUSG00000021665,Hexb
8,HERPUD1,ENSG00000051108,ENSMUSG00000031770,Herpud1
9,HEBP2,ENSG00000051620,ENSMUSG00000019853,Hebp2
10,HHAT,ENSG00000054392,ENSMUSG00000037375,Hhat
11,HDAC7,ENSG00000061273,ENSMUSG00000022475,Hdac7
12,HDAC4,ENSG00000068024,ENSMUSG00000026313,Hdac4
13,HEATR6,ENSG00000068097,ENSMUSG00000000976,Heatr6
14,HES2,ENSG00000069812,ENSMUSG00000028940,Hes2
15,HEPH,ENSG00000089472,ENSMUSG00000031209,Heph
16,HECTD1,ENSG00000092148,ENSMUSG00000035247,Hectd1
17,HDAC6,ENSG00000094631,ENSMUSG00000031161,Hdac6
18,HDAC10,ENSG00000100429,ENSMUSG00000062906,Hdac10
19,HIF1A,ENSG00000100644,ENSMUSG00000021109,Hif1a
20,HERC1,ENSG00000103657,ENSMUSG00000038664,Herc1
21,HIBADH,ENSG00000106049,ENSMUSG00000029776,Hibadh
22,HDAC5,ENSG00000108840,ENSMUSG00000008855,Hdac5
23,HGFAC,ENSG00000109758,ENSMUSG00000029102,Hgfac
24,HDDC2,ENSG00000111906,ENSMUSG00000000295,Hddc2
25,HINT3,ENSG00000111911,ENSMUSG00000019791,Hint3
26,HDGFL1,ENSG00000112273,ENSMUSG00000045835,Hdgfl1
27,HECA,ENSG00000112406,ENSMUSG00000039879,Heca
28,HGD,ENSG00000113924,ENSMUSG00000022821,Hgd
29,HES1,ENSG00000114315,ENSMUSG00000022528,Hes1
30,HEMK1,ENSG00000114735,ENSMUSG00000032579,Hemk1
31,HDLBP,ENSG00000115677,ENSMUSG00000034088,Hdlbp
32,HDAC1,ENSG00000116478,ENSMUSG00000028800,Hdac1
33,HEATR1,ENSG00000119285,ENSMUSG00000050244,Heatr1
34,HDHD3,ENSG00000119431,ENSMUSG00000038422,Hdhd3
35,HELLS,ENSG00000119969,ENSMUSG00000025001,Hells
36,HERPUD2,ENSG00000122557,ENSMUSG00000008429,Herpud2
37,HIF3A,ENSG00000124440,ENSMUSG00000004328,Hif3a
38,HECTD3,ENSG00000126107,ENSMUSG00000046861,Hectd3
39,HELB,ENSG00000127311,ENSMUSG00000020228,Helb
40,HIP1,ENSG00000127946,ENSMUSG00000039959,Hip1
41,HERC2,ENSG00000128731,ENSMUSG00000030451,Herc2
42,HEATR5A,ENSG00000129493,ENSMUSG00000035181,Heatr5a
43,HIP1R,ENSG00000130787,ENSMUSG00000000915,Hip1r
44,HIGD1B,ENSG00000131097,ENSMUSG00000020928,Higd1b
45,HHLA1,ENSG00000132297,ENSMUSG00000072511,Hhla1
46,HILPDA,ENSG00000135245,ENSMUSG00000043421,Hilpda
47,HEY2,ENSG00000135547,ENSMUSG00000019789,Hey2
48,HEMGN,ENSG00000136929,ENSMUSG00000028332,Hemgn
49,HINT2,ENSG00000137133,ENSMUSG00000028470,Hint2
50,HECW2,ENSG00000138411,ENSMUSG00000042807,Hecw2
51,HERC3,ENSG00000138641,ENSMUSG00000029804,Herc3
52,HERC6,ENSG00000138642,ENSMUSG00000029798,Herc6
53,HDC,ENSG00000140287,ENSMUSG00000027360,Hdc
54,HDGF,ENSG00000143321,ENSMUSG00000004897,Hdgf
55,HHIPL2,ENSG00000143512,ENSMUSG00000053461,Hhipl2
56,HES6,ENSG00000144485,ENSMUSG00000067071,Hes6
57,HIGD2A,ENSG00000146066,ENSMUSG00000025868,Higd2a
58,HIGD2B,ENSG00000175202,ENSMUSG00000025868,Higd2a
59,HDAC8,ENSG00000147099,ENSMUSG00000067567,Hdac8
60,HERC4,ENSG00000148634,ENSMUSG00000020064,Herc4
61,HEATR3,ENSG00000155393,ENSMUSG00000031657,Heatr3
62,HFM1,ENSG00000162669,ENSMUSG00000043410,Hfm1
63,HELQ,ENSG00000163312,ENSMUSG00000035266,Helq
64,HIPK1,ENSG00000163349,ENSMUSG00000008730,Hipk1
65,HDAC11,ENSG00000163517,ENSMUSG00000034245,Hdac11
66,HESX1,ENSG00000163666,ENSMUSG00000040726,Hesx1
67,HEYL,ENSG00000163909,ENSMUSG00000032744,Heyl
68,HHIP,ENSG00000164161,ENSMUSG00000064325,Hhip
69,HEY1,ENSG00000164683,ENSMUSG00000040289,Hey1
70,HGSNAT,ENSG00000165102,ENSMUSG00000037260,Hgsnat
71,HDX,ENSG00000165259,ENSMUSG00000034551,Hdx
72,HECTD2,ENSG00000165338,ENSMUSG00000041180,Hectd2
73,HEPACAM,ENSG00000165478,ENSMUSG00000046240,Hepacam
74,HIF1AN,ENSG00000166135,ENSMUSG00000036450,Hif1an
75,HDHD2,ENSG00000167220,ENSMUSG00000025421,Hdhd2
76,HEXIM2,ENSG00000168517,ENSMUSG00000043372,Hexim2
77,HINT1,ENSG00000169567,ENSMUSG00000020267,Hint1
78,HIC2,ENSG00000169635,ENSMUSG00000050240,Hic2
79,HEXD,ENSG00000169660,ENSMUSG00000039307,Hexdc
80,HDAC3,ENSG00000171720,ENSMUSG00000024454,Hdac3
81,HINFP,ENSG00000172273,ENSMUSG00000032119,Hinfp
82,HES3,ENSG00000173673,ENSMUSG00000028946,Hes3
83,HEG1,ENSG00000173706,ENSMUSG00000075254,Heg1
84,HIC1,ENSG00000177374,ENSMUSG00000043099,Hic1
85,HES7,ENSG00000179111,ENSMUSG00000023781,Hes7
86,HIGD1A,ENSG00000181061,ENSMUSG00000038412,Higd1a
87,HEPHL1,ENSG00000181333,ENSMUSG00000031936,Hephl1
88,HHIPL1,ENSG00000182218,ENSMUSG00000021260,Hhipl1
89,HDDC3,ENSG00000184508,ENSMUSG00000030532,Hddc3
90,HGS,ENSG00000185359,ENSMUSG00000025793,Hgs
91,HEXIM1,ENSG00000186834,ENSMUSG00000048878,Hexim1
92,HELT,ENSG00000187821,ENSMUSG00000047171,Helt
93,HEPACAM2,ENSG00000188175,ENSMUSG00000044156,Hepacam2
94,HDAC2,ENSG00000196591,ENSMUSG00000019777,Hdac2
95,HES5,ENSG00000197921,ENSMUSG00000048001,Hes5
96,HIBCH,ENSG00000198130,ENSMUSG00000041426,Hibch
97,HELZ,ENSG00000198265,ENSMUSG00000020721,Helz
98,HEXA,ENSG00000213614,ENSMUSG00000025232,Hexa
99,HIGD1C,ENSG00000214511,ENSMUSG00000093550,Higd1c
100,,,ENSMUSG00000024986,Hhex
0,HOXA11,ENSG00000005073,ENSMUSG00000038210,Hoxa11
1,HIVEP2,ENSG00000010818,ENSMUSG00000015501,Hivep2
2,HMGB3,ENSG00000029993,ENSMUSG00000015217,Hmgb3
3,HOMER3,ENSG00000051128,ENSMUSG00000003573,Homer3
4,HIPK2,ENSG00000064393,ENSMUSG00000061436,Hipk2
5,HMG20B,ENSG00000064961,ENSMUSG00000020232,Hmg20b
6,HLTF,ENSG00000071794,ENSMUSG00000002428,Hltf
7,HMMR,ENSG00000072571,ENSMUSG00000020330,Hmmr
8,HOXA9,ENSG00000078399,ENSMUSG00000038227,Hoxa9
9,HNRNPC,ENSG00000092199,ENSMUSG00000060373,Hnrnpc
10,HNRNPCL1,ENSG00000179172,ENSMUSG00000060373,Hnrnpc
11,HNRNPCL4,ENSG00000179412,ENSMUSG00000060373,Hnrnpc
12,HNRNPCL2,ENSG00000275774,ENSMUSG00000060373,Hnrnpc
13,HNRNPCL3,ENSG00000277058,ENSMUSG00000060373,Hnrnpc
14,HOOK2,ENSG00000095066,ENSMUSG00000052566,Hook2
15,HIVEP1,ENSG00000095951,ENSMUSG00000021366,Hivep1
16,HNRNPH3,ENSG00000096746,ENSMUSG00000020069,Hnrnph3
17,HNRNPM,ENSG00000099783,ENSMUSG00000059208,Hnrnpm
18,HIRA,ENSG00000100084,ENSMUSG00000022702,Hira
19,HMGXB4,ENSG00000100281,ENSMUSG00000034518,Hmgxb4
20,HMOX1,ENSG00000100292,ENSMUSG00000005413,Hmox1
21,HNF4A,ENSG00000101076,ENSMUSG00000017950,Hnf4a
22,HMOX2,ENSG00000103415,ENSMUSG00000004070,Hmox2
23,HOMER2,ENSG00000103942,ENSMUSG00000025813,Homer2
24,HNRNPL,ENSG00000104824,ENSMUSG00000015165,Hnrnpl
25,HNRNPUL1,ENSG00000105323,ENSMUSG00000040725,Hnrnpul1
26,HOXA1,ENSG00000105991,ENSMUSG00000029844,Hoxa1
27,HOXA2,ENSG00000105996,ENSMUSG00000014704,Hoxa2
28,HOXA3,ENSG00000105997,ENSMUSG00000079560,Hoxa3
29,HOXA5,ENSG00000106004,ENSMUSG00000038253,Hoxa5
30,HOXA6,ENSG00000106006,ENSMUSG00000043219,Hoxa6
31,HOXA13,ENSG00000106031,ENSMUSG00000038203,Hoxa13
32,HOXB6,ENSG00000108511,ENSMUSG00000000690,Hoxb6
33,HLF,ENSG00000108924,ENSMUSG00000003949,Hlf
34,HIPK3,ENSG00000110422,ENSMUSG00000027177,Hipk3
35,HMGCS1,ENSG00000112972,ENSMUSG00000093930,Hmgcs1
36,HMGCR,ENSG00000113161,ENSMUSG00000021670,Hmgcr
37,HMGXB3,ENSG00000113716,ENSMUSG00000024622,Hmgxb3
38,HMGCL,ENSG00000117305,ENSMUSG00000028672,Hmgcl
39,HMGN3,ENSG00000118418,ENSMUSG00000066456,Hmgn3
40,HOXB5,ENSG00000120075,ENSMUSG00000038700,Hoxb5
41,HOXB3,ENSG00000120093,ENSMUSG00000048763,Hoxb3
42,HOXB1,ENSG00000120094,ENSMUSG00000018973,Hoxb1
43,HNRNPA2B1,ENSG00000122566,ENSMUSG00000004980,Hnrnpa2b1
44,HOXA7,ENSG00000122592,ENSMUSG00000038236,Hoxa7
45,HJURP,ENSG00000123485,ENSMUSG00000044783,Hjurp
46,HNRNPR,ENSG00000125944,ENSMUSG00000066037,Hnrnpr
47,HNRNPH2,ENSG00000126945,ENSMUSG00000045427,Hnrnph2
48,HIVEP3,ENSG00000127124,ENSMUSG00000028634,Hivep3
49,HMGCS2,ENSG00000134240,ENSMUSG00000027875,Hmgcs2
50,HOOK1,ENSG00000134709,ENSMUSG00000028572,Hook1
51,HNF1A,ENSG00000135100,ENSMUSG00000029556,Hnf1a
52,HLX,ENSG00000136630,ENSMUSG00000039377,Hlx
53,HNRNPD,ENSG00000138668,ENSMUSG00000000568,Hnrnpd
54,HMG20A,ENSG00000140382,ENSMUSG00000032329,Hmg20a
55,HMCN1,ENSG00000143341,ENSMUSG00000066842,Hmcn1
56,HORMAD1,ENSG00000143452,ENSMUSG00000028109,Hormad1
57,HMGCLL1,ENSG00000146151,ENSMUSG00000007908,Hmgcll1
58,HMBOX1,ENSG00000147421,ENSMUSG00000021972,Hmbox1
59,HIRIP3,ENSG00000149929,ENSMUSG00000042606,Hirip3
60,HMGA2,ENSG00000149948,ENSMUSG00000056758,Hmga2
61,HNMT,ENSG00000150540,ENSMUSG00000026986,Hnmt
62,HOMER1,ENSG00000152413,ENSMUSG00000007617,Homer1
63,HNRNPU,ENSG00000153187,ENSMUSG00000039630,Hnrnpu
64,HKDC1,ENSG00000156510,ENSMUSG00000020080,Hkdc1
65,HK1,ENSG00000156515,ENSMUSG00000037012,Hk1
66,HOXB13,ENSG00000159184,ENSMUSG00000049604,Hoxb13
67,HLCS,ENSG00000159267,ENSMUSG00000040820,Hlcs
68,HK2,ENSG00000159399,ENSMUSG00000000628,Hk2
69,HIPK4,ENSG00000160396,ENSMUSG00000040424,Hipk4
70,HK3,ENSG00000160883,ENSMUSG00000025877,Hk3
71,HMGB2,ENSG00000164104,ENSMUSG00000054717,Hmgb2
72,HNF4G,ENSG00000164749,ENSMUSG00000017688,Hnf4g
73,HNRNPK,ENSG00000165119,ENSMUSG00000021546,Hnrnpk
74,HOOK3,ENSG00000168172,ENSMUSG00000037234,Hook3
75,HNRNPH1,ENSG00000169045,ENSMUSG00000007850,Hnrnph1
76,HNRNPF,ENSG00000169813,ENSMUSG00000042079,Hnrnpf
77,HOPX,ENSG00000171476,ENSMUSG00000059325,Hopx
78,HOXB2,ENSG00000173917,ENSMUSG00000075588,Hoxb2
79,HMGB4,ENSG00000176256,ENSMUSG00000048686,Hmgb4
80,HORMAD2,ENSG00000176635,ENSMUSG00000020419,Hormad2
81,HNRNPA0,ENSG00000177733,ENSMUSG00000007836,Hnrnpa0
82,HOXB4,ENSG00000182742,ENSMUSG00000038692,Hoxb4
83,HMX3,ENSG00000188620,ENSMUSG00000040148,Hmx3
84,HMX2,ENSG00000188816,ENSMUSG00000050100,Hmx2
85,HNRNPAB,ENSG00000197451,ENSMUSG00000020358,Hnrnpab
86,HOXA4,ENSG00000197576,ENSMUSG00000000942,Hoxa4
87,HMGN5,ENSG00000198157,ENSMUSG00000031245,Hmgn5
88,HNRNPUL2,ENSG00000214753,ENSMUSG00000071659,Hnrnpul2
89,HMX1,ENSG00000215612,ENSMUSG00000067438,Hmx1
90,HOGA1,ENSG00000241935,ENSMUSG00000025176,Hoga1
91,HOXA10,ENSG00000253293,ENSMUSG00000000938,Hoxa10
92,HMBS,ENSG00000256269,ENSMUSG00000032126,Hmbs
93,HNF1B,ENSG00000275410,ENSMUSG00000020679,Hnf1b
94,HOMEZ,ENSG00000290292,ENSMUSG00000057156,Homez
95,,,ENSMUSG00000003038,Hmgn2
96,,,ENSMUSG00000040681,Hmgn1
97,,,ENSMUSG00000046434,Hnrnpa1
98,,,ENSMUSG00000046711,Hmga1
99,,,ENSMUSG00000059005,Hnrnpa3
100,,,ENSMUSG00000066551,Hmgb1
101,,,ENSMUSG00000086903,Hotair
102,,,ENSMUSG00000109750,Hmgb1-rs17
103,,,ENSMUSG00000121135,Hmga2-ps1
0,HS3ST1,ENSG00000002587,ENSMUSG00000051022,Hs3st1
1,HSF2,ENSG00000025156,ENSMUSG00000019878,Hsf2
2,HSD17B6,ENSG00000025423,ENSMUSG00000025396,Hsd17b6
3,HOXC8,ENSG00000037965,ENSMUSG00000001657,Hoxc8
4,HSD17B10,ENSG00000072506,ENSMUSG00000025260,Hsd17b10
5,HSP90AA1,ENSG00000080824,ENSMUSG00000021270,Hsp90aa1
6,HSD17B2,ENSG00000086696,ENSMUSG00000031844,Hsd17b2
7,HSD17B14,ENSG00000087076,ENSMUSG00000030825,Hsd17b14
8,HSP90AB1,ENSG00000096384,ENSMUSG00000023944,Hsp90ab1
9,HSD3B7,ENSG00000099377,ENSMUSG00000042289,Hsd3b7
10,HPS4,ENSG00000100099,ENSMUSG00000042328,Hps4
11,HSCB,ENSG00000100209,ENSMUSG00000043510,Hscb
12,HRH3,ENSG00000101180,ENSMUSG00000039059,Hrh3
13,HSF4,ENSG00000102878,ENSMUSG00000033249,Hsf4
14,HSDL1,ENSG00000103160,ENSMUSG00000034189,Hsdl1
15,HPN,ENSG00000105707,ENSMUSG00000001249,Hpn
16,HPS1,ENSG00000107521,ENSMUSG00000025188,Hps1
17,HSD17B1,ENSG00000108786,ENSMUSG00000019301,Hsd17b1
18,HPX,ENSG00000110169,ENSMUSG00000030895,Hpx
19,HPS5,ENSG00000110756,ENSMUSG00000014418,Hps5
20,HRH2,ENSG00000113749,ENSMUSG00000034987,Hrh2
21,HRG,ENSG00000113905,ENSMUSG00000022877,Hrg
22,HPCAL1,ENSG00000115756,ENSMUSG00000071379,Hpcal1
23,HPCAL4,ENSG00000116983,ENSMUSG00000046093,Hpcal4
24,HSD11B1,ENSG00000117594,ENSMUSG00000016194,Hsd11b1
25,HS1BP3,ENSG00000118960,ENSMUSG00000020605,Hs1bp3
26,HSDL2,ENSG00000119471,ENSMUSG00000028383,Hsdl2
27,HOXB8,ENSG00000120068,ENSMUSG00000056648,Hoxb8
28,HPCA,ENSG00000121905,ENSMUSG00000028785,Hpca
29,HS3ST2,ENSG00000122254,ENSMUSG00000046321,Hs3st2
30,HOXC13,ENSG00000123364,ENSMUSG00000001655,Hoxc13
31,HOXC11,ENSG00000123388,ENSMUSG00000001656,Hoxc11
32,HOXC12,ENSG00000123407,ENSMUSG00000050328,Hoxc12
33,HS3ST3B1,ENSG00000125430,ENSMUSG00000070407,Hs3st3b1
34,HP1BP3,ENSG00000127483,ENSMUSG00000028759,Hp1bp3
35,HOXD1,ENSG00000128645,ENSMUSG00000042448,Hoxd1
36,HOXD3,ENSG00000128652,ENSMUSG00000079277,Hoxd3
37,HOXD9,ENSG00000128709,ENSMUSG00000043342,Hoxd9
38,HOXD10,ENSG00000128710,ENSMUSG00000050368,Hoxd10
39,HOXD11,ENSG00000128713,ENSMUSG00000042499,Hoxd11
40,HOXD13,ENSG00000128714,ENSMUSG00000001819,Hoxd13
41,HRC,ENSG00000130528,ENSMUSG00000038239,Hrc
42,HSD17B3,ENSG00000130948,ENSMUSG00000033122,Hsd17b3
43,HSD17B7,ENSG00000132196,ENSMUSG00000026675,Hsd17b7
44,HSPA12B,ENSG00000132622,ENSMUSG00000074793,Hspa12b
45,HSD17B4,ENSG00000133835,ENSMUSG00000024507,Hsd17b4
46,HRH4,ENSG00000134489,ENSMUSG00000037346,Hrh4
47,HRK,ENSG00000135116,ENSMUSG00000046607,Hrk
48,HS6ST1,ENSG00000136720,ENSMUSG00000045216,Hs6st1
49,HSD17B12,ENSG00000149084,ENSMUSG00000027195,Hsd17b12
50,HS2ST1,ENSG00000153936,ENSMUSG00000040151,Hs2st1
51,HS3ST3A1,ENSG00000153976,ENSMUSG00000047759,Hs3st3a1
52,HPD,ENSG00000158104,ENSMUSG00000029445,Hpd
53,HSF2BP,ENSG00000160207,ENSMUSG00000002076,Hsf2bp
54,HS3ST6,ENSG00000162040,ENSMUSG00000039628,Hs3st6
55,HPGDS,ENSG00000163106,ENSMUSG00000029919,Hpgds
56,HPS3,ENSG00000163755,ENSMUSG00000027615,Hps3
57,HPGD,ENSG00000164120,ENSMUSG00000031613,Hpgd
58,HPRT1,ENSG00000165704,ENSMUSG00000025630,Hprt
59,HSPA12A,ENSG00000165868,ENSMUSG00000025092,Hspa12a
60,HPS6,ENSG00000166189,ENSMUSG00000074811,Hps6
61,HSP90B1,ENSG00000166598,ENSMUSG00000020048,Hsp90b1
62,HR,ENSG00000168453,ENSMUSG00000022096,Hr
63,HSFY2,ENSG00000169953,ENSMUSG00000045336,Hsfy2
64,HSFY1,ENSG00000172468,ENSMUSG00000045336,Hsfy2
65,HOXD4,ENSG00000170166,ENSMUSG00000101174,Hoxd4
66,HOXD12,ENSG00000170178,ENSMUSG00000001823,Hoxd12
67,HSD17B13,ENSG00000170509,ENSMUSG00000034528,Hsd17b13
68,HOXB9,ENSG00000170689,ENSMUSG00000020875,Hoxb9
69,HS6ST2,ENSG00000171004,ENSMUSG00000062184,Hs6st2
70,HOXC5,ENSG00000172789,ENSMUSG00000022485,Hoxc5
71,HPSE2,ENSG00000172987,ENSMUSG00000074852,Hpse2
72,HPSE,ENSG00000173083,ENSMUSG00000035273,Hpse
73,HOXD8,ENSG00000175879,ENSMUSG00000027102,Hoxd8
74,HSF5,ENSG00000176160,ENSMUSG00000070345,Hsf5
75,HSD11B2,ENSG00000176387,ENSMUSG00000031891,Hsd11b2
76,HOXC9,ENSG00000180806,ENSMUSG00000036139,Hoxc9
77,HOXC10,ENSG00000180818,ENSMUSG00000022484,Hoxc10
78,HS3ST4,ENSG00000182601,ENSMUSG00000078591,Hs3st4
79,HSF1,ENSG00000185122,ENSMUSG00000022556,Hsf1
80,HS6ST3,ENSG00000185352,ENSMUSG00000053465,Hs6st3
81,HPDL,ENSG00000186603,ENSMUSG00000043155,Hpdl
82,HRCT1,ENSG00000196196,ENSMUSG00000071001,Hrct1
83,HRH1,ENSG00000196639,ENSMUSG00000053004,Hrh1
84,HSH2D,ENSG00000196684,ENSMUSG00000062007,Hsh2d
85,HOXC6,ENSG00000197757,ENSMUSG00000001661,Hoxc6
86,HRNR,ENSG00000197915,ENSMUSG00000041991,Hrnr
87,HSD17B11,ENSG00000198189,ENSMUSG00000029311,Hsd17b11
88,HOXC4,ENSG00000198353,ENSMUSG00000075394,Hoxc4
89,HSD3B1,ENSG00000203857,ENSMUSG00000027869,Hsd3b6
90,HSD3B2,ENSG00000203859,ENSMUSG00000027869,Hsd3b6
91,HSD3B1,ENSG00000203857,ENSMUSG00000027871,Hsd3b1
92,HSD3B2,ENSG00000203859,ENSMUSG00000027871,Hsd3b1
93,HSD3B1,ENSG00000203857,ENSMUSG00000038092,Hsd3b5
94,HSD3B2,ENSG00000203859,ENSMUSG00000038092,Hsd3b5
95,HSD3B1,ENSG00000203857,ENSMUSG00000062410,Hsd3b3
96,HSD3B2,ENSG00000203859,ENSMUSG00000062410,Hsd3b3
97,HSD3B1,ENSG00000203857,ENSMUSG00000063730,Hsd3b2
98,HSD3B2,ENSG00000203859,ENSMUSG00000063730,Hsd3b2
99,HSD3B1,ENSG00000203857,ENSMUSG00000095143,Hsd3b4
100,HSD3B2,ENSG00000203859,ENSMUSG00000095143,Hsd3b4
101,HSBP1L1,ENSG00000226742,ENSMUSG00000078963,Hsbp1l1
102,HSBP1,ENSG00000230989,ENSMUSG00000031839,Hsbp1
103,HS3ST5,ENSG00000249853,ENSMUSG00000044499,Hs3st5
104,HP,ENSG00000257017,ENSMUSG00000031722,Hp
105,HPR,ENSG00000261701,ENSMUSG00000031722,Hp
106,HOXB7,ENSG00000260027,ENSMUSG00000038721,Hoxb7
107,,,ENSMUSG00000045802,Hsf3
0,ICA1,ENSG00000003147,ENSMUSG00000062995,Ica1
1,HSPB6,ENSG00000004776,ENSMUSG00000036854,Hspb6
2,IBTK,ENSG00000005700,ENSMUSG00000035941,Ibtk
3,IDS,ENSG00000010404,ENSMUSG00000035847,Ids
4,IBSP,ENSG00000029559,ENSMUSG00000029306,Ibsp
5,HSPA5,ENSG00000044574,ENSMUSG00000026864,Hspa5
6,IDI1,ENSG00000067064,ENSMUSG00000058258,Idi1
7,IARS2,ENSG00000067704,ENSMUSG00000026618,Iars2
8,IDH3G,ENSG00000067829,ENSMUSG00000002010,Idh3g
9,HYAL2,ENSG00000068001,ENSMUSG00000010047,Hyal2
10,HUWE1,ENSG00000086758,ENSMUSG00000025261,Huwe1
11,ICAM1,ENSG00000090339,ENSMUSG00000037405,Icam1
12,IDH3B,ENSG00000101365,ENSMUSG00000027406,Idh3b
13,HTATSF1,ENSG00000102241,ENSMUSG00000067873,Htatsf1
14,HTR2A,ENSG00000102468,ENSMUSG00000034997,Htr2a
15,ICAM4,ENSG00000105371,ENSMUSG00000001014,Icam4
16,ICAM5,ENSG00000105376,ENSMUSG00000032174,Icam5
17,HSPB1,ENSG00000106211,ENSMUSG00000004951,Hspb1
18,HYAL4,ENSG00000106302,ENSMUSG00000029680,Hyal4
19,SPAM1,ENSG00000106304,ENSMUSG00000029678,Hyal5
20,ICAM2,ENSG00000108622,ENSMUSG00000001029,Icam2
21,HTATIP2,ENSG00000109854,ENSMUSG00000039745,Htatip2
22,HSPA9,ENSG00000113013,ENSMUSG00000024359,Hspa9
23,HYAL1,ENSG00000114378,ENSMUSG00000010051,Hyal1
24,HTRA2,ENSG00000115317,ENSMUSG00000068329,Htra2
25,ID2,ENSG00000115738,ENSMUSG00000020644,Id2
26,ICMT,ENSG00000116237,ENSMUSG00000039662,Icmt
27,ID3,ENSG00000117318,ENSMUSG00000007872,Id3
28,IDE,ENSG00000119912,ENSMUSG00000056999,Ide
29,HSPH1,ENSG00000120694,ENSMUSG00000029657,Hsph1
30,IAPP,ENSG00000121351,ENSMUSG00000041681,Iapp
31,HVCN1,ENSG00000122986,ENSMUSG00000064267,Hvcn1
32,ID1,ENSG00000125968,ENSMUSG00000042745,Id1
33,HSPA2,ENSG00000126803,ENSMUSG00000059970,Hspa2
34,IDUA,ENSG00000127415,ENSMUSG00000033540,Idua
35,IDO1,ENSG00000131203,ENSMUSG00000031551,Ido1
36,HSPBP1,ENSG00000133265,ENSMUSG00000063802,Hspbp1
37,IAH1,ENSG00000134330,ENSMUSG00000062054,Iah1
38,HTR1B,ENSG00000135312,ENSMUSG00000049511,Htr1b
39,HTR2B,ENSG00000135914,ENSMUSG00000026228,Htr2b
40,HUS1,ENSG00000136273,ENSMUSG00000020413,Hus1
41,IER3,ENSG00000137331,ENSMUSG00000003541,Ier3
42,IDH1,ENSG00000138413,ENSMUSG00000025950,Idh1
43,HUNK,ENSG00000142149,ENSMUSG00000053414,Hunk
44,HSPG2,ENSG00000142798,ENSMUSG00000028763,Hspg2
45,C1orf162,ENSG00000143110,ENSMUSG00000074342,I830077J02Rik
46,HSPD1,ENSG00000144381,ENSMUSG00000025980,Hspd1
47,HTR2C,ENSG00000147246,ENSMUSG00000041380,Htr2c
48,IDI2,ENSG00000148377,ENSMUSG00000033520,Idi2
49,HTR7,ENSG00000148680,ENSMUSG00000024798,Htr7
50,HTR3B,ENSG00000149305,ENSMUSG00000008590,Htr3b
51,HYOU1,ENSG00000149428,ENSMUSG00000032115,Hyou1
52,HSPB8,ENSG00000152137,ENSMUSG00000041548,Hspb8
53,HSPA13,ENSG00000155304,ENSMUSG00000032932,Hspa13
54,HTR5A,ENSG00000157219,ENSMUSG00000039106,Htr5a
55,HYDIN,ENSG00000157423,ENSMUSG00000059854,Hydin
56,HTR6,ENSG00000158748,ENSMUSG00000028747,Htr6
57,ICOSLG,ENSG00000160223,ENSMUSG00000000732,Icosl
58,IER2,ENSG00000160888,ENSMUSG00000053560,Ier2
59,IER5,ENSG00000162783,ENSMUSG00000056708,Ier5
60,ICA1L,ENSG00000163596,ENSMUSG00000026018,Ica1l
61,ICOS,ENSG00000163600,ENSMUSG00000026009,Icos
62,HSPA4L,ENSG00000164070,ENSMUSG00000025757,Hspa4l
63,HTR4,ENSG00000164270,ENSMUSG00000026322,Htr4
64,HTRA1,ENSG00000166033,ENSMUSG00000006205,Htra1
65,IDH3A,ENSG00000166411,ENSMUSG00000032279,Idh3a
66,HTR3A,ENSG00000166736,ENSMUSG00000032269,Htr3a
67,HSPBAP1,ENSG00000169087,ENSMUSG00000022849,Hspbap1
68,HSPB3,ENSG00000169271,ENSMUSG00000051456,Hspb3
69,HTRA4,ENSG00000169495,ENSMUSG00000037406,Htra4
70,HSPB2,ENSG00000170276,ENSMUSG00000038086,Hspb2
71,HSPA4,ENSG00000170606,ENSMUSG00000020361,Hspa4
72,HTRA3,ENSG00000170801,ENSMUSG00000029096,Htra3
73,ID4,ENSG00000172201,ENSMUSG00000021379,Id4
74,HSPB7,ENSG00000173641,ENSMUSG00000006221,Hspb7
75,HTR1A,ENSG00000178394,ENSMUSG00000021721,Htr1a
76,HTR1F,ENSG00000179097,ENSMUSG00000050783,Htr1f
77,IDH2,ENSG00000182054,ENSMUSG00000030541,Idh2
78,HYAL3,ENSG00000186792,ENSMUSG00000036091,Hyal3
79,HSPA14,ENSG00000187522,ENSMUSG00000109865,Hspa14
80,IER5L,ENSG00000188483,ENSMUSG00000089762,Ier5l
81,IDO2,ENSG00000188676,ENSMUSG00000031549,Ido2
82,HUS1B,ENSG00000188996,ENSMUSG00000076430,Hus1b
83,IARS1,ENSG00000196305,ENSMUSG00000037851,Iars
84,HTT,ENSG00000197386,ENSMUSG00000029104,Htt
85,HYLS1,ENSG00000198331,ENSMUSG00000050555,Hyls1
86,HSPA1B,ENSG00000204388,ENSMUSG00000090877,Hspa1b
87,HSPA1A,ENSG00000204389,ENSMUSG00000090877,Hspa1b
88,HSPA1B,ENSG00000204388,ENSMUSG00000091971,Hspa1a
89,HSPA1A,ENSG00000204389,ENSMUSG00000091971,Hspa1a
90,HSPA1L,ENSG00000204390,ENSMUSG00000007033,Hspa1l
91,HSPB9,ENSG00000260325,ENSMUSG00000017832,Hspb9
92,,,ENSMUSG00000006395,Hyi
93,,,ENSMUSG00000015656,Hspa8
94,,,ENSMUSG00000029679,Hyal6
95,,,ENSMUSG00000050534,Htr5b
96,,,ENSMUSG00000070687,Htr1d
97,,,ENSMUSG00000073676,Hspe1
98,,,ENSMUSG00000090000,Ier3ip1
99,,,ENSMUSG00000110998,I730028E13Rik
100,,,ENSMUSG00000116504,I730030J21Rik
0,IFRD1,ENSG00000006652,ENSMUSG00000001627,Ifrd1
1,IFFO1,ENSG00000010295,ENSMUSG00000038271,Iffo1
2,IGF1,ENSG00000017427,ENSMUSG00000020053,Igf1
3,IFNGR1,ENSG00000027697,ENSMUSG00000020009,Ifngr1
4,IFT88,ENSG00000032742,ENSMUSG00000040040,Ift88
5,IFI35,ENSG00000068079,ENSMUSG00000010358,Ifi35
6,IFT80,ENSG00000068885,ENSMUSG00000027778,Ift80
7,IGF2BP2,ENSG00000073792,ENSMUSG00000033581,Igf2bp2
8,IGSF9B,ENSG00000080854,ENSMUSG00000034275,Igsf9b
9,IGSF9,ENSG00000085552,ENSMUSG00000037995,Igsf9
10,IGBP1,ENSG00000089289,ENSMUSG00000031221,Igbp1
11,IGBP1C,ENSG00000266826,ENSMUSG00000031221,Igbp1
12,IFT74,ENSG00000096872,ENSMUSG00000028576,Ift74
13,IGFALS,ENSG00000099769,ENSMUSG00000046070,Igfals
14,IFT27,ENSG00000100360,ENSMUSG00000016637,Ift27
15,IFT52,ENSG00000101052,ENSMUSG00000017858,Ift52
16,IGDCC4,ENSG00000103742,ENSMUSG00000032816,Igdcc4
17,IKBKB,ENSG00000104365,ENSMUSG00000031537,Ikbkb
18,IFT20,ENSG00000109083,ENSMUSG00000001105,Ift20
19,IFNG,ENSG00000111537,ENSMUSG00000055170,Ifng
20,IFT57,ENSG00000114446,ENSMUSG00000032965,Ift57
21,IFIH1,ENSG00000115267,ENSMUSG00000026896,Ifih1
22,IGFBP2,ENSG00000115457,ENSMUSG00000039323,Igfbp2
23,IGFBP5,ENSG00000115461,ENSMUSG00000026185,Igfbp5
24,IGSF21,ENSG00000117154,ENSMUSG00000040972,Igsf21
25,IFT46,ENSG00000118096,ENSMUSG00000002031,Ift46
26,IFIT3,ENSG00000119917,ENSMUSG00000074896,Ifit3
27,IFIT2,ENSG00000119922,ENSMUSG00000045932,Ifit2
28,IFNA6,ENSG00000120235,ENSMUSG00000063376,Ifna13
29,IFNA8,ENSG00000120242,ENSMUSG00000063376,Ifna13
30,IFNA21,ENSG00000137080,ENSMUSG00000063376,Ifna13
31,IFNA5,ENSG00000147873,ENSMUSG00000063376,Ifna13
32,IFNA16,ENSG00000147885,ENSMUSG00000063376,Ifna13
33,IFNA10,ENSG00000186803,ENSMUSG00000063376,Ifna13
34,IFNA2,ENSG00000188379,ENSMUSG00000063376,Ifna13
35,IFNA1,ENSG00000197919,ENSMUSG00000063376,Ifna13
36,IFNA7,ENSG00000214042,ENSMUSG00000063376,Ifna13
37,IFNA14,ENSG00000228083,ENSMUSG00000063376,Ifna13
38,IFNA13,ENSG00000233816,ENSMUSG00000063376,Ifna13
39,IFNA17,ENSG00000234829,ENSMUSG00000063376,Ifna13
40,IFNA4,ENSG00000236637,ENSMUSG00000063376,Ifna13
41,IFNA6,ENSG00000120235,ENSMUSG00000070904,Ifna4
42,IFNA8,ENSG00000120242,ENSMUSG00000070904,Ifna4
43,IFNA21,ENSG00000137080,ENSMUSG00000070904,Ifna4
44,IFNA5,ENSG00000147873,ENSMUSG00000070904,Ifna4
45,IFNA16,ENSG00000147885,ENSMUSG00000070904,Ifna4
46,IFNA10,ENSG00000186803,ENSMUSG00000070904,Ifna4
47,IFNA2,ENSG00000188379,ENSMUSG00000070904,Ifna4
48,IFNA1,ENSG00000197919,ENSMUSG00000070904,Ifna4
49,IFNA7,ENSG00000214042,ENSMUSG00000070904,Ifna4
50,IFNA14,ENSG00000228083,ENSMUSG00000070904,Ifna4
51,IFNA13,ENSG00000233816,ENSMUSG00000070904,Ifna4
52,IFNA17,ENSG00000234829,ENSMUSG00000070904,Ifna4
53,IFNA4,ENSG00000236637,ENSMUSG00000070904,Ifna4
54,IFNA6,ENSG00000120235,ENSMUSG00000073811,Ifna12
55,IFNA8,ENSG00000120242,ENSMUSG00000073811,Ifna12
56,IFNA21,ENSG00000137080,ENSMUSG00000073811,Ifna12
57,IFNA5,ENSG00000147873,ENSMUSG00000073811,Ifna12
58,IFNA16,ENSG00000147885,ENSMUSG00000073811,Ifna12
59,IFNA10,ENSG00000186803,ENSMUSG00000073811,Ifna12
60,IFNA2,ENSG00000188379,ENSMUSG00000073811,Ifna12
61,IFNA1,ENSG00000197919,ENSMUSG00000073811,Ifna12
62,IFNA7,ENSG00000214042,ENSMUSG00000073811,Ifna12
63,IFNA14,ENSG00000228083,ENSMUSG00000073811,Ifna12
64,IFNA13,ENSG00000233816,ENSMUSG00000073811,Ifna12
65,IFNA17,ENSG00000234829,ENSMUSG00000073811,Ifna12
66,IFNA4,ENSG00000236637,ENSMUSG00000073811,Ifna12
67,IFNA6,ENSG00000120235,ENSMUSG00000078354,Ifna2
68,IFNA8,ENSG00000120242,ENSMUSG00000078354,Ifna2
69,IFNA21,ENSG00000137080,ENSMUSG00000078354,Ifna2
70,IFNA5,ENSG00000147873,ENSMUSG00000078354,Ifna2
71,IFNA16,ENSG00000147885,ENSMUSG00000078354,Ifna2
72,IFNA10,ENSG00000186803,ENSMUSG00000078354,Ifna2
73,IFNA2,ENSG00000188379,ENSMUSG00000078354,Ifna2
74,IFNA1,ENSG00000197919,ENSMUSG00000078354,Ifna2
75,IFNA7,ENSG00000214042,ENSMUSG00000078354,Ifna2
76,IFNA14,ENSG00000228083,ENSMUSG00000078354,Ifna2
77,IFNA13,ENSG00000233816,ENSMUSG00000078354,Ifna2
78,IFNA17,ENSG00000234829,ENSMUSG00000078354,Ifna2
79,IFNA4,ENSG00000236637,ENSMUSG00000078354,Ifna2
80,IFNA6,ENSG00000120235,ENSMUSG00000095270,Ifna9
81,IFNA8,ENSG00000120242,ENSMUSG00000095270,Ifna9
82,IFNA21,ENSG00000137080,ENSMUSG00000095270,Ifna9
83,IFNA5,ENSG00000147873,ENSMUSG00000095270,Ifna9
84,IFNA16,ENSG00000147885,ENSMUSG00000095270,Ifna9
85,IFNA10,ENSG00000186803,ENSMUSG00000095270,Ifna9
86,IFNA2,ENSG00000188379,ENSMUSG00000095270,Ifna9
87,IFNA1,ENSG00000197919,ENSMUSG00000095270,Ifna9
88,IFNA7,ENSG00000214042,ENSMUSG00000095270,Ifna9
89,IFNA14,ENSG00000228083,ENSMUSG00000095270,Ifna9
90,IFNA13,ENSG00000233816,ENSMUSG00000095270,Ifna9
91,IFNA17,ENSG00000234829,ENSMUSG00000095270,Ifna9
92,IFNA4,ENSG00000236637,ENSMUSG00000095270,Ifna9
93,IFNA6,ENSG00000120235,ENSMUSG00000095498,Ifna1
94,IFNA8,ENSG00000120242,ENSMUSG00000095498,Ifna1
95,IFNA21,ENSG00000137080,ENSMUSG00000095498,Ifna1
96,IFNA5,ENSG00000147873,ENSMUSG00000095498,Ifna1
97,IFNA16,ENSG00000147885,ENSMUSG00000095498,Ifna1
98,IFNA10,ENSG00000186803,ENSMUSG00000095498,Ifna1
99,IFNA2,ENSG00000188379,ENSMUSG00000095498,Ifna1
100,IFNA1,ENSG00000197919,ENSMUSG00000095498,Ifna1
101,IFNA7,ENSG00000214042,ENSMUSG00000095498,Ifna1
102,IFNA14,ENSG00000228083,ENSMUSG00000095498,Ifna1
103,IFNA13,ENSG00000233816,ENSMUSG00000095498,Ifna1
104,IFNA17,ENSG00000234829,ENSMUSG00000095498,Ifna1
105,IFNA4,ENSG00000236637,ENSMUSG00000095498,Ifna1
106,IFNA6,ENSG00000120235,ENSMUSG00000095896,Ifna14
107,IFNA8,ENSG00000120242,ENSMUSG00000095896,Ifna14
108,IFNA21,ENSG00000137080,ENSMUSG00000095896,Ifna14
109,IFNA5,ENSG00000147873,ENSMUSG00000095896,Ifna14
110,IFNA16,ENSG00000147885,ENSMUSG00000095896,Ifna14
111,IFNA10,ENSG00000186803,ENSMUSG00000095896,Ifna14
112,IFNA2,ENSG00000188379,ENSMUSG00000095896,Ifna14
113,IFNA1,ENSG00000197919,ENSMUSG00000095896,Ifna14
114,IFNA7,ENSG00000214042,ENSMUSG00000095896,Ifna14
115,IFNA14,ENSG00000228083,ENSMUSG00000095896,Ifna14
116,IFNA13,ENSG00000233816,ENSMUSG00000095896,Ifna14
117,IFNA17,ENSG00000234829,ENSMUSG00000095896,Ifna14
118,IFNA4,ENSG00000236637,ENSMUSG00000095896,Ifna14
119,IFNA6,ENSG00000120235,ENSMUSG00000096682,Ifna5
120,IFNA8,ENSG00000120242,ENSMUSG00000096682,Ifna5
121,IFNA21,ENSG00000137080,ENSMUSG00000096682,Ifna5
122,IFNA5,ENSG00000147873,ENSMUSG00000096682,Ifna5
123,IFNA16,ENSG00000147885,ENSMUSG00000096682,Ifna5
124,IFNA10,ENSG00000186803,ENSMUSG00000096682,Ifna5
125,IFNA2,ENSG00000188379,ENSMUSG00000096682,Ifna5
126,IFNA1,ENSG00000197919,ENSMUSG00000096682,Ifna5
127,IFNA7,ENSG00000214042,ENSMUSG00000096682,Ifna5
128,IFNA14,ENSG00000228083,ENSMUSG00000096682,Ifna5
129,IFNA13,ENSG00000233816,ENSMUSG00000096682,Ifna5
130,IFNA17,ENSG00000234829,ENSMUSG00000096682,Ifna5
131,IFNA4,ENSG00000236637,ENSMUSG00000096682,Ifna5
132,IFNA6,ENSG00000120235,ENSMUSG00000100079,Ifnab
133,IFNA8,ENSG00000120242,ENSMUSG00000100079,Ifnab
134,IFNA21,ENSG00000137080,ENSMUSG00000100079,Ifnab
135,IFNA5,ENSG00000147873,ENSMUSG00000100079,Ifnab
136,IFNA16,ENSG00000147885,ENSMUSG00000100079,Ifnab
137,IFNA10,ENSG00000186803,ENSMUSG00000100079,Ifnab
138,IFNA2,ENSG00000188379,ENSMUSG00000100079,Ifnab
139,IFNA1,ENSG00000197919,ENSMUSG00000100079,Ifnab
140,IFNA7,ENSG00000214042,ENSMUSG00000100079,Ifnab
141,IFNA14,ENSG00000228083,ENSMUSG00000100079,Ifnab
142,IFNA13,ENSG00000233816,ENSMUSG00000100079,Ifnab
143,IFNA17,ENSG00000234829,ENSMUSG00000100079,Ifnab
144,IFNA4,ENSG00000236637,ENSMUSG00000100079,Ifnab
145,IFNA6,ENSG00000120235,ENSMUSG00000100549,Ifna11
146,IFNA8,ENSG00000120242,ENSMUSG00000100549,Ifna11
147,IFNA21,ENSG00000137080,ENSMUSG00000100549,Ifna11
148,IFNA5,ENSG00000147873,ENSMUSG00000100549,Ifna11
149,IFNA16,ENSG00000147885,ENSMUSG00000100549,Ifna11
150,IFNA10,ENSG00000186803,ENSMUSG00000100549,Ifna11
151,IFNA2,ENSG00000188379,ENSMUSG00000100549,Ifna11
152,IFNA1,ENSG00000197919,ENSMUSG00000100549,Ifna11
153,IFNA7,ENSG00000214042,ENSMUSG00000100549,Ifna11
154,IFNA14,ENSG00000228083,ENSMUSG00000100549,Ifna11
155,IFNA13,ENSG00000233816,ENSMUSG00000100549,Ifna11
156,IFNA17,ENSG00000234829,ENSMUSG00000100549,Ifna11
157,IFNA4,ENSG00000236637,ENSMUSG00000100549,Ifna11
158,IFNA6,ENSG00000120235,ENSMUSG00000100713,Ifna7
159,IFNA8,ENSG00000120242,ENSMUSG00000100713,Ifna7
160,IFNA21,ENSG00000137080,ENSMUSG00000100713,Ifna7
161,IFNA5,ENSG00000147873,ENSMUSG00000100713,Ifna7
162,IFNA16,ENSG00000147885,ENSMUSG00000100713,Ifna7
163,IFNA10,ENSG00000186803,ENSMUSG00000100713,Ifna7
164,IFNA2,ENSG00000188379,ENSMUSG00000100713,Ifna7
165,IFNA1,ENSG00000197919,ENSMUSG00000100713,Ifna7
166,IFNA7,ENSG00000214042,ENSMUSG00000100713,Ifna7
167,IFNA14,ENSG00000228083,ENSMUSG00000100713,Ifna7
168,IFNA13,ENSG00000233816,ENSMUSG00000100713,Ifna7
169,IFNA17,ENSG00000234829,ENSMUSG00000100713,Ifna7
170,IFNA4,ENSG00000236637,ENSMUSG00000100713,Ifna7
171,IFNA6,ENSG00000120235,ENSMUSG00000101252,Ifna6
172,IFNA8,ENSG00000120242,ENSMUSG00000101252,Ifna6
173,IFNA21,ENSG00000137080,ENSMUSG00000101252,Ifna6
174,IFNA5,ENSG00000147873,ENSMUSG00000101252,Ifna6
175,IFNA16,ENSG00000147885,ENSMUSG00000101252,Ifna6
176,IFNA10,ENSG00000186803,ENSMUSG00000101252,Ifna6
177,IFNA2,ENSG00000188379,ENSMUSG00000101252,Ifna6
178,IFNA1,ENSG00000197919,ENSMUSG00000101252,Ifna6
179,IFNA7,ENSG00000214042,ENSMUSG00000101252,Ifna6
180,IFNA14,ENSG00000228083,ENSMUSG00000101252,Ifna6
181,IFNA13,ENSG00000233816,ENSMUSG00000101252,Ifna6
182,IFNA17,ENSG00000234829,ENSMUSG00000101252,Ifna6
183,IFNA4,ENSG00000236637,ENSMUSG00000101252,Ifna6
184,IFT81,ENSG00000122970,ENSMUSG00000029469,Ift81
185,IGHMBP2,ENSG00000132740,ENSMUSG00000024831,Ighmbp2
186,IGF2BP3,ENSG00000136231,ENSMUSG00000029814,Igf2bp3
187,IGFBPL1,ENSG00000137142,ENSMUSG00000035551,Igfbpl1
188,IFI44,ENSG00000137965,ENSMUSG00000028037,Ifi44
189,IFT172,ENSG00000138002,ENSMUSG00000038564,Ift172
190,IGF1R,ENSG00000140443,ENSMUSG00000005533,Igf1r
191,IGSF6,ENSG00000140749,ENSMUSG00000035004,Igsf6
192,IGFBP4,ENSG00000141753,ENSMUSG00000017493,Igfbp4
193,IFITM3,ENSG00000142089,ENSMUSG00000025491,Ifitm1
194,IFITM2,ENSG00000185201,ENSMUSG00000025491,Ifitm1
195,IFITM1,ENSG00000185885,ENSMUSG00000025491,Ifitm1
196,IFITM3,ENSG00000142089,ENSMUSG00000025492,Ifitm3
197,IFITM2,ENSG00000185201,ENSMUSG00000025492,Ifitm3
198,IFITM1,ENSG00000185885,ENSMUSG00000025492,Ifitm3
199,IFITM3,ENSG00000142089,ENSMUSG00000060591,Ifitm2
200,IFITM2,ENSG00000185201,ENSMUSG00000060591,Ifitm2
201,IFITM1,ENSG00000185885,ENSMUSG00000060591,Ifitm2
202,IFITM3,ENSG00000142089,ENSMUSG00000065968,Ifitm7
203,IFITM2,ENSG00000185201,ENSMUSG00000065968,Ifitm7
204,IFITM1,ENSG00000185885,ENSMUSG00000065968,Ifitm7
205,IFNAR1,ENSG00000142166,ENSMUSG00000022967,Ifnar1
206,IGLON5,ENSG00000142549,ENSMUSG00000013367,Iglon5
207,IGSF3,ENSG00000143061,ENSMUSG00000042035,Igsf3
208,IGSF11,ENSG00000144847,ENSMUSG00000022790,Igsf11
209,IGFBP3,ENSG00000146674,ENSMUSG00000020427,Igfbp3
210,IGFBP1,ENSG00000146678,ENSMUSG00000020429,Igfbp1
211,IGSF1,ENSG00000147255,ENSMUSG00000031111,Igsf1
212,IFNK,ENSG00000147896,ENSMUSG00000042993,Ifnk
213,IGSF10,ENSG00000152580,ENSMUSG00000036334,Igsf10
214,IFNAR2,ENSG00000159110,ENSMUSG00000022971,Ifnar2
215,IFNGR2,ENSG00000159128,ENSMUSG00000022965,Ifngr2
216,IGF2BP1,ENSG00000159217,ENSMUSG00000013415,Igf2bp1
217,IGSF8,ENSG00000162729,ENSMUSG00000038034,Igsf8
218,IGFN1,ENSG00000163395,ENSMUSG00000051985,Igfn1
219,IGFBP7,ENSG00000163453,ENSMUSG00000036256,Igfbp7
220,IHH,ENSG00000163501,ENSMUSG00000006538,Ihh
221,MNDA,ENSG00000163563,ENSMUSG00000054203,Ifi205
222,MNDA,ENSG00000163563,ENSMUSG00000073489,Ifi204
223,PYHIN1,ENSG00000163564,ENSMUSG00000026535,Ifi202b
224,IFI16,ENSG00000163565,ENSMUSG00000026535,Ifi202b
225,PYHIN1,ENSG00000163564,ENSMUSG00000039997,Ifi203
226,IFI16,ENSG00000163565,ENSMUSG00000039997,Ifi203
227,IFT122,ENSG00000163913,ENSMUSG00000030323,Ift122
228,IKBIP,ENSG00000166130,ENSMUSG00000019975,Ikbip
229,IGF2,ENSG00000167244,ENSMUSG00000048583,Igf2
230,IGFBP6,ENSG00000167779,ENSMUSG00000023046,Igfbp6
231,IFFO2,ENSG00000169991,ENSMUSG00000041025,Iffo2
232,IFNB1,ENSG00000171855,ENSMUSG00000048806,Ifnb1
233,IGDCC3,ENSG00000174498,ENSMUSG00000032394,Igdcc3
234,IFNE,ENSG00000184995,ENSMUSG00000045364,Ifne
235,IFT140,ENSG00000187535,ENSMUSG00000024169,Ift140
236,IGF2R,ENSG00000197081,ENSMUSG00000023830,Igf2r
237,IFIT1B,ENSG00000204010,ENSMUSG00000034459,Ifit1
238,IGFL4,ENSG00000204869,ENSMUSG00000066756,Igfl3
239,IFITM5,ENSG00000206013,ENSMUSG00000025489,Ifitm5
240,IFRD2,ENSG00000214706,ENSMUSG00000010048,Ifrd2
241,IFI30,ENSG00000216490,ENSMUSG00000031838,Ifi30
242,IRGM,ENSG00000237693,ENSMUSG00000078853,Igtp
243,IKBKE,ENSG00000263528,ENSMUSG00000042349,Ikbke
244,IKBKG,ENSG00000269335,ENSMUSG00000004221,Ikbkg
245,,,ENSMUSG00000000159,Igsf5
246,,,ENSMUSG00000021208,Ifi27l2b
247,,,ENSMUSG00000024474,Ik
248,,,ENSMUSG00000046717,Igbp1b
249,,,ENSMUSG00000054072,Iigp1
250,,,ENSMUSG00000059108,Ifitm6
251,,,ENSMUSG00000075370,Igll1
252,,,ENSMUSG00000078920,Ifi47
253,,,ENSMUSG00000079017,Ifi27l2a
254,,,ENSMUSG00000096854,Ifnz
0,IL20RA,ENSG00000016402,ENSMUSG00000020007,Il20ra
1,IKZF2,ENSG00000030419,ENSMUSG00000025997,Ikzf2
2,IL17RB,ENSG00000056736,ENSMUSG00000015966,Il17rb
3,IL4R,ENSG00000077238,ENSMUSG00000030748,Il4ra
4,IL12RB2,ENSG00000081985,ENSMUSG00000018341,Il12rb2
5,IL5RA,ENSG00000091181,ENSMUSG00000005364,Il5ra
6,IKZF5,ENSG00000095574,ENSMUSG00000040167,Ikzf5
7,IL11,ENSG00000095752,ENSMUSG00000004371,Il11
8,IL12RB1,ENSG00000096996,ENSMUSG00000000791,Il12rb1
9,IL2RB,ENSG00000100385,ENSMUSG00000068227,Il2rb
10,IL21R,ENSG00000103522,ENSMUSG00000030745,Il21r
11,IL7,ENSG00000104432,ENSMUSG00000040329,Il7
12,IL4I1,ENSG00000104951,ENSMUSG00000074141,Il4i1
13,IL27RA,ENSG00000104998,ENSMUSG00000005465,Il27ra
14,ILVBL,ENSG00000105135,ENSMUSG00000032763,Ilvbl
15,IMPDH1,ENSG00000106348,ENSMUSG00000003500,Impdh1
16,IL2,ENSG00000109471,ENSMUSG00000027720,Il2
17,IL10RA,ENSG00000110324,ENSMUSG00000032089,Il10ra
18,IL23A,ENSG00000110944,ENSMUSG00000025383,Il23a
19,IL17A,ENSG00000112115,ENSMUSG00000025929,Il17a
20,IL17F,ENSG00000112116,ENSMUSG00000041872,Il17f
21,IL12B,ENSG00000113302,ENSMUSG00000004296,Il12b
22,IL4,ENSG00000113520,ENSMUSG00000000869,Il4
23,IL5,ENSG00000113525,ENSMUSG00000036117,Il5
24,IL1A,ENSG00000115008,ENSMUSG00000027399,Il1a
25,IL1R2,ENSG00000115590,ENSMUSG00000026073,Il1r2
26,IL1R1,ENSG00000115594,ENSMUSG00000026072,Il1r1
27,IL1RL2,ENSG00000115598,ENSMUSG00000070942,Il1rl2
28,IL1RL1,ENSG00000115602,ENSMUSG00000026069,Il1rl1
29,IL18R1,ENSG00000115604,ENSMUSG00000026070,Il18r1
30,IL18RAP,ENSG00000115607,ENSMUSG00000026068,Il18rap
31,IKZF4,ENSG00000123411,ENSMUSG00000002578,Ikzf4
32,IL13RA2,ENSG00000123496,ENSMUSG00000031289,Il13ra2
33,IL9R,ENSG00000124334,ENSMUSG00000020279,Il9r
34,IL17C,ENSG00000124391,ENSMUSG00000046108,Il17c
35,IL1B,ENSG00000125538,ENSMUSG00000027398,Il1b
36,IL22,ENSG00000127318,ENSMUSG00000074695,Il22
37,IL17B,ENSG00000127743,ENSMUSG00000024578,Il17b
38,ILF3,ENSG00000129351,ENSMUSG00000032178,Ilf3
39,IL13RA1,ENSG00000131724,ENSMUSG00000017057,Il13ra1
40,IMMT,ENSG00000132305,ENSMUSG00000052337,Immt
41,ILKAP,ENSG00000132323,ENSMUSG00000026309,Ilkap
42,IMPA1,ENSG00000133731,ENSMUSG00000027531,Impa1
43,IL6ST,ENSG00000134352,ENSMUSG00000021756,Il6st
44,IL2RA,ENSG00000134460,ENSMUSG00000026770,Il2ra
45,IL15RA,ENSG00000134470,ENSMUSG00000023206,Il15ra
46,IL6,ENSG00000136244,ENSMUSG00000025746,Il6
47,IL10,ENSG00000136634,ENSMUSG00000016529,Il10
48,IL1RN,ENSG00000136689,ENSMUSG00000026981,Il1rn
49,IL1F10,ENSG00000136697,ENSMUSG00000046845,Il1f10
50,IMP4,ENSG00000136718,ENSMUSG00000026127,Imp4
51,IL33,ENSG00000137033,ENSMUSG00000024810,Il33
52,IL11RA,ENSG00000137070,ENSMUSG00000073889,Il11ra1
53,IL11RA,ENSG00000137070,ENSMUSG00000078735,Il11ra2
54,IL18BP,ENSG00000137496,ENSMUSG00000070427,Il18bp
55,IL21,ENSG00000138684,ENSMUSG00000027718,Il21
56,IMPA2,ENSG00000141401,ENSMUSG00000024525,Impa2
57,IL19,ENSG00000142224,ENSMUSG00000016524,Il19
58,IL22RA1,ENSG00000142677,ENSMUSG00000037157,Il22ra1
59,ILDR2,ENSG00000143195,ENSMUSG00000040612,Ildr2
60,ILF2,ENSG00000143621,ENSMUSG00000001016,Ilf2
61,IL17RD,ENSG00000144730,ENSMUSG00000040717,Il17rd
62,ILDR1,ENSG00000145103,ENSMUSG00000022900,Ildr1
63,IL9,ENSG00000145839,ENSMUSG00000021538,Il9
64,IL2RG,ENSG00000147168,ENSMUSG00000031304,Il2rg
65,IMMP1L,ENSG00000148950,ENSMUSG00000042670,Immp1l
66,IL18,ENSG00000150782,ENSMUSG00000039217,Il18
67,IMPACT,ENSG00000154059,ENSMUSG00000024423,Impact
68,IL34,ENSG00000157368,ENSMUSG00000031750,Il34
69,IL6R,ENSG00000160712,ENSMUSG00000027947,Il6ra
70,IKZF3,ENSG00000161405,ENSMUSG00000018168,Ikzf3
71,IL23R,ENSG00000162594,ENSMUSG00000049093,Il23r
72,IL20,ENSG00000162891,ENSMUSG00000026416,Il20
73,IL24,ENSG00000162892,ENSMUSG00000026420,Il24
74,IL17RE,ENSG00000163701,ENSMUSG00000043088,Il17re
75,IL17RC,ENSG00000163702,ENSMUSG00000030281,Il17rc
76,IL15,ENSG00000164136,ENSMUSG00000031712,Il15
77,IL3,ENSG00000164399,ENSMUSG00000018914,Il3
78,IL22RA2,ENSG00000164485,ENSMUSG00000039760,Il22ra2
79,IL31RA,ENSG00000164509,ENSMUSG00000050377,Il31ra
80,IL25,ENSG00000166090,ENSMUSG00000040770,Il25
81,ILK,ENSG00000166333,ENSMUSG00000030890,Ilk
82,IL7R,ENSG00000168685,ENSMUSG00000003882,Il7r
83,IL12A,ENSG00000168811,ENSMUSG00000027776,Il12a
84,IL13,ENSG00000169194,ENSMUSG00000020383,Il13
85,IL1RAPL1,ENSG00000169306,ENSMUSG00000052372,Il1rapl1
86,IL16,ENSG00000172349,ENSMUSG00000001741,Il16
87,IL17D,ENSG00000172458,ENSMUSG00000050222,Il17d
88,IL20RB,ENSG00000174564,ENSMUSG00000044244,Il20rb
89,IL17RA,ENSG00000177663,ENSMUSG00000002897,Il17ra
90,IMP3,ENSG00000177971,ENSMUSG00000032288,Imp3
91,IMPDH2,ENSG00000178035,ENSMUSG00000062867,Impdh2
92,IMMP2L,ENSG00000184903,ENSMUSG00000056899,Immp2l
93,IKZF1,ENSG00000185811,ENSMUSG00000018654,Ikzf1
94,IL1RAPL2,ENSG00000189108,ENSMUSG00000059203,Il1rapl2
95,IL1RAP,ENSG00000196083,ENSMUSG00000022514,Il1rap
96,IL27,ENSG00000197272,ENSMUSG00000044701,Il27
97,IL31,ENSG00000204671,ENSMUSG00000029437,Il31
98,IL10RB,ENSG00000243646,ENSMUSG00000022969,Il10rb
99,,,ENSMUSG00000068758,Il3ra
0,INSRR,ENSG00000027644,ENSMUSG00000005640,Insrr
1,INPP4A,ENSG00000040933,ENSMUSG00000026113,Inpp4a
2,IPO5,ENSG00000065150,ENSMUSG00000030662,Ipo5
3,INPP5A,ENSG00000068383,ENSMUSG00000025477,Inpp5a
4,IP6K2,ENSG00000068745,ENSMUSG00000032599,Ip6k2
5,ING3,ENSG00000071243,ENSMUSG00000029670,Ing3
6,IPCEF1,ENSG00000074706,ENSMUSG00000064065,Ipcef1
7,IMPG2,ENSG00000081148,ENSMUSG00000035270,Impg2
8,IPO11,ENSG00000086200,ENSMUSG00000042590,Ipo11
9,IRAK3,ENSG00000090376,ENSMUSG00000020227,Irak3
10,INTS6,ENSG00000102786,ENSMUSG00000035161,Ints6
11,IQCH,ENSG00000103599,ENSMUSG00000037801,Iqch
12,INTS9,ENSG00000104299,ENSMUSG00000021975,Ints9
13,INTS10,ENSG00000104613,ENSMUSG00000031864,Ints10
14,INTS2,ENSG00000108506,ENSMUSG00000018068,Ints2
15,INPP4B,ENSG00000109452,ENSMUSG00000037940,Inpp4b
16,ING4,ENSG00000111653,ENSMUSG00000030330,Ing4
17,IMPG1,ENSG00000112706,ENSMUSG00000032343,Impg1
18,IQCG,ENSG00000114473,ENSMUSG00000035578,Iqcg
19,INO80D,ENSG00000114933,ENSMUSG00000040865,Ino80d
20,INO80B,ENSG00000115274,ENSMUSG00000030034,Ino80b
21,IPO13,ENSG00000117408,ENSMUSG00000033365,Ipo13
22,INVS,ENSG00000119509,ENSMUSG00000028344,Invs
23,INSL6,ENSG00000120210,ENSMUSG00000050957,Insl6
24,IQSEC3,ENSG00000120645,ENSMUSG00000040797,Iqsec3
25,INHBA,ENSG00000122641,ENSMUSG00000041324,Inhba
26,INHA,ENSG00000123999,ENSMUSG00000032968,Inha
27,IQSEC2,ENSG00000124313,ENSMUSG00000041115,Iqsec2
28,IRF1,ENSG00000125347,ENSMUSG00000018899,Irf1
29,INSIG2,ENSG00000125629,ENSMUSG00000003721,Insig2
30,IPPK,ENSG00000127080,ENSMUSG00000021385,Ippk
31,INO80,ENSG00000128908,ENSMUSG00000034154,Ino80
32,IQCA1,ENSG00000132321,ENSMUSG00000026301,Iqca
33,INPP5K,ENSG00000132376,ENSMUSG00000006127,Inpp5k
34,IPO8,ENSG00000133704,ENSMUSG00000040029,Ipo8
35,IRAK2,ENSG00000134070,ENSMUSG00000060477,Irak2
36,IREB2,ENSG00000136381,ENSMUSG00000032293,Ireb2
37,INTS12,ENSG00000138785,ENSMUSG00000028016,Ints12
38,INHBE,ENSG00000139269,ENSMUSG00000047492,Inhbe
39,IQGAP1,ENSG00000140575,ENSMUSG00000030536,Iqgap1
40,INTS7,ENSG00000143493,ENSMUSG00000037461,Ints7
41,INTS3,ENSG00000143624,ENSMUSG00000027933,Ints3
42,IQSEC1,ENSG00000144711,ENSMUSG00000034312,Iqsec1
43,IQGAP2,ENSG00000145703,ENSMUSG00000021676,Iqgap2
44,IRAK1BP1,ENSG00000146243,ENSMUSG00000032251,Irak1bp1
45,INPP5E,ENSG00000148384,ENSMUSG00000026925,Inpp5e
46,INA,ENSG00000148798,ENSMUSG00000034336,Ina
47,INTS4,ENSG00000149262,ENSMUSG00000025133,Ints4
48,INCENP,ENSG00000149503,ENSMUSG00000024660,Incenp
49,IPMK,ENSG00000151151,ENSMUSG00000060733,Ipmk
50,INPP1,ENSG00000151689,ENSMUSG00000026102,Inpp1
51,INO80C,ENSG00000153391,ENSMUSG00000047989,Ino80c
52,ING1,ENSG00000153487,ENSMUSG00000045969,Ing1
53,IQCC,ENSG00000160051,ENSMUSG00000040795,Iqcc
54,IP6K3,ENSG00000161896,ENSMUSG00000024210,Ip6k3
55,INHBB,ENSG00000163083,ENSMUSG00000037035,Inhbb
56,INTU,ENSG00000164066,ENSMUSG00000060798,Intu
57,IQUB,ENSG00000164675,ENSMUSG00000046192,Iqub
58,INTS1,ENSG00000164880,ENSMUSG00000029547,Ints1
59,INTS8,ENSG00000164941,ENSMUSG00000040738,Ints8
60,INPPL1,ENSG00000165458,ENSMUSG00000032737,Inppl1
61,IQCD,ENSG00000166578,ENSMUSG00000029601,Iqcd
62,INSM2,ENSG00000168348,ENSMUSG00000045440,Insm2
63,ING5,ENSG00000168395,ENSMUSG00000026283,Ing5
64,ING2,ENSG00000168556,ENSMUSG00000063049,Ing2
65,INPP5D,ENSG00000168918,ENSMUSG00000026288,Inpp5d
66,INO80E,ENSG00000169592,ENSMUSG00000030689,Ino80e
67,INSR,ENSG00000171105,ENSMUSG00000005534,Insr
68,INSL5,ENSG00000172410,ENSMUSG00000066090,Insl5
69,IQCB1,ENSG00000173226,ENSMUSG00000022837,Iqcb1
70,IQCF1,ENSG00000173389,ENSMUSG00000066383,Iqcf1
71,INSM1,ENSG00000173404,ENSMUSG00000068154,Insm1
72,IQCK,ENSG00000174628,ENSMUSG00000073856,Iqck
73,INHBC,ENSG00000175189,ENSMUSG00000025405,Inhbc
74,IP6K1,ENSG00000176095,ENSMUSG00000032594,Ip6k1
75,IQGAP3,ENSG00000183856,ENSMUSG00000028068,Iqgap3
76,IRAK1,ENSG00000184216,ENSMUSG00000031392,Irak1
77,INTS5,ENSG00000185085,ENSMUSG00000071652,Ints5
78,INPP5J,ENSG00000185133,ENSMUSG00000034570,Inpp5j
79,INSIG1,ENSG00000186480,ENSMUSG00000045294,Insig1
80,INSC,ENSG00000188487,ENSMUSG00000048782,Insc
81,INCA1,ENSG00000196388,ENSMUSG00000057054,Inca1
82,IPO4,ENSG00000196497,ENSMUSG00000002319,Ipo4
83,IPP,ENSG00000197429,ENSMUSG00000028696,Ipp
84,IRAK4,ENSG00000198001,ENSMUSG00000059883,Irak4
85,IPO9,ENSG00000198700,ENSMUSG00000041879,Ipo9
86,INPP5F,ENSG00000198825,ENSMUSG00000042105,Inpp5f
87,INF2,ENSG00000203485,ENSMUSG00000037679,Inf2
88,INPP5B,ENSG00000204084,ENSMUSG00000028894,Inpp5b
89,IPO7,ENSG00000205339,ENSMUSG00000066232,Ipo7
90,IQCJ,ENSG00000214216,ENSMUSG00000051777,Iqcj
91,IQCF5,ENSG00000214681,ENSMUSG00000066382,Iqcf5
92,IQCF6,ENSG00000214686,ENSMUSG00000091129,Iqcf6
93,IQCF3,ENSG00000229972,ENSMUSG00001074846,Iqcf3
94,INMT,ENSG00000241644,ENSMUSG00000003477,Inmt
95,INSL3,ENSG00000248099,ENSMUSG00000079019,Insl3
96,INS,ENSG00000254647,ENSMUSG00000000215,Ins2
97,INS,ENSG00000254647,ENSMUSG00000035804,Ins1
98,,,ENSMUSG00000036555,Iqce
99,,,ENSMUSG00000041009,Iqcf4
0,ITGAL,ENSG00000005844,ENSMUSG00000030830,Itgal
1,ITGA3,ENSG00000005884,ENSMUSG00000001507,Itga3
2,ITGA2B,ENSG00000005961,ENSMUSG00000034664,Itga2b
3,ISL1,ENSG00000016082,ENSMUSG00000042258,Isl1
4,ITIH4,ENSG00000055955,ENSMUSG00000021922,Itih4
5,ITIH1,ENSG00000055957,ENSMUSG00000006529,Itih1
6,ISOC2,ENSG00000063241,ENSMUSG00000052605,Isoc2b
7,ISOC2,ENSG00000063241,ENSMUSG00000086784,Isoc2a
8,ISOC1,ENSG00000066583,ENSMUSG00000024601,Isoc1
9,ITGA8,ENSG00000077943,ENSMUSG00000026768,Itga8
10,ITM2A,ENSG00000078596,ENSMUSG00000031239,Itm2a
11,ITCH,ENSG00000078747,ENSMUSG00000027598,Itch
12,ITGB5,ENSG00000082781,ENSMUSG00000022817,Itgb5
13,ITGAE,ENSG00000083457,ENSMUSG00000005947,Itgae
14,ITPKC,ENSG00000086544,ENSMUSG00000003752,Itpkc
15,ITGA6,ENSG00000091409,ENSMUSG00000027111,Itga6
16,ITPR3,ENSG00000096433,ENSMUSG00000042644,Itpr3
17,ITPK1,ENSG00000100605,ENSMUSG00000057963,Itpk1
18,ISM1,ENSG00000101230,ENSMUSG00000074766,Ism1
19,ISYNA1,ENSG00000105655,ENSMUSG00000019139,Isyna1
20,ITGB8,ENSG00000105855,ENSMUSG00000025321,Itgb8
21,ITFG2,ENSG00000111203,ENSMUSG00000001518,Itfg2
22,ITK,ENSG00000113263,ENSMUSG00000020395,Itk
23,IRX4,ENSG00000113430,ENSMUSG00000021604,Irx4
24,ITGB6,ENSG00000115221,ENSMUSG00000026971,Itgb6
25,ITGA4,ENSG00000115232,ENSMUSG00000027009,Itga4
26,IRF6,ENSG00000117595,ENSMUSG00000026638,Irf6
27,ITGB1BP1,ENSG00000119185,ENSMUSG00000062352,Itgb1bp1
28,ITPR2,ENSG00000123104,ENSMUSG00000030287,Itpr2
29,ITIH5,ENSG00000123243,ENSMUSG00000025780,Itih5
30,IRGC,ENSG00000124449,ENSMUSG00000062028,Irgc1
31,ITPA,ENSG00000125877,ENSMUSG00000074797,Itpa
32,IRF3,ENSG00000126456,ENSMUSG00000003184,Irf3
33,IRF5,ENSG00000128604,ENSMUSG00000029771,Irf5
34,IVD,ENSG00000128928,ENSMUSG00000027332,Ivd
35,ISLR,ENSG00000129009,ENSMUSG00000037206,Islr
36,ITFG1,ENSG00000129636,ENSMUSG00000031703,Itfg1
37,ITGB4,ENSG00000132470,ENSMUSG00000020758,Itgb4
38,IRS4,ENSG00000133124,ENSMUSG00000054667,Irs4
39,ISCA1,ENSG00000135070,ENSMUSG00000044792,Isca1
40,ITGA7,ENSG00000135424,ENSMUSG00000025348,Itga7
41,ITM2C,ENSG00000135916,ENSMUSG00000026223,Itm2c
42,ITM2B,ENSG00000136156,ENSMUSG00000022108,Itm2b
43,IRF4,ENSG00000137265,ENSMUSG00000021356,Irf4
44,ITGA11,ENSG00000137809,ENSMUSG00000032243,Itga11
45,ITPKA,ENSG00000137825,ENSMUSG00000027296,Itpka
46,ITGAV,ENSG00000138448,ENSMUSG00000027087,Itgav
47,ITGB7,ENSG00000139626,ENSMUSG00000001281,Itgb7
48,ITGAX,ENSG00000140678,ENSMUSG00000030789,Itgax
49,IRF8,ENSG00000140968,ENSMUSG00000041515,Irf8
50,ITGB3BP,ENSG00000142856,ENSMUSG00000028549,Itgb3bp
51,ITGA10,ENSG00000143127,ENSMUSG00000090210,Itga10
52,ISG20L2,ENSG00000143319,ENSMUSG00000048039,Isg20l2
53,ITPKB,ENSG00000143772,ENSMUSG00000038855,Itpkb
54,ITGA9,ENSG00000144668,ENSMUSG00000039115,Itga9
55,ITGB1BP2,ENSG00000147166,ENSMUSG00000031312,Itgb1bp2
56,ITPRIP,ENSG00000148841,ENSMUSG00000117975,Itprip
57,ITGB1,ENSG00000150093,ENSMUSG00000025809,Itgb1
58,ITPR1,ENSG00000150995,ENSMUSG00000030102,Itpr1
59,ITIH2,ENSG00000151655,ENSMUSG00000037254,Itih2
60,ITGAD,ENSG00000156886,ENSMUSG00000070369,Itgad
61,IRX6,ENSG00000159387,ENSMUSG00000031738,Irx6
62,ISL2,ENSG00000159556,ENSMUSG00000032318,Isl2
63,ITGB2,ENSG00000160255,ENSMUSG00000000157,Itgb2l
64,ITGB2,ENSG00000160255,ENSMUSG00000000290,Itgb2
65,ITGA5,ENSG00000161638,ENSMUSG00000000555,Itga5
66,ITIH3,ENSG00000162267,ENSMUSG00000006522,Itih3
67,ITGA2,ENSG00000164171,ENSMUSG00000015533,Itga2
68,ISCA2,ENSG00000165898,ENSMUSG00000021241,Isca2
69,ISLR2,ENSG00000167178,ENSMUSG00000051243,Islr2
70,IRGQ,ENSG00000167378,ENSMUSG00000041037,Irgq
71,IRF2BP2,ENSG00000168264,ENSMUSG00000051495,Irf2bp2
72,IRF2,ENSG00000168310,ENSMUSG00000031627,Irf2
73,IRS1,ENSG00000169047,ENSMUSG00000055980,Irs1
74,ITGAM,ENSG00000169896,ENSMUSG00000030786,Itgam
75,IRX1,ENSG00000170549,ENSMUSG00000060969,Irx1
76,IRX2,ENSG00000170561,ENSMUSG00000001504,Irx2
77,IRF2BP1,ENSG00000170604,ENSMUSG00000044030,Irf2bp1
78,ISG20,ENSG00000172183,ENSMUSG00000039236,Isg20
79,ISX,ENSG00000175329,ENSMUSG00000031621,Isx
80,IRX5,ENSG00000176842,ENSMUSG00000031737,Irx5
81,IRX3,ENSG00000177508,ENSMUSG00000031734,Irx3
82,ITLN1,ENSG00000179914,ENSMUSG00000038209,Itln1
83,IRF7,ENSG00000185507,ENSMUSG00000025498,Irf7
84,IRS2,ENSG00000185950,ENSMUSG00000038894,Irs2
85,ISG15,ENSG00000187608,ENSMUSG00000035692,Isg15
86,ITSN2,ENSG00000198399,ENSMUSG00000020640,Itsn2
87,ITGBL1,ENSG00000198542,ENSMUSG00000032925,Itgbl1
88,ITPRIPL1,ENSG00000198885,ENSMUSG00000074825,Itpripl1
89,ITSN1,ENSG00000205726,ENSMUSG00000022957,Itsn1
90,ITPRIPL2,ENSG00000205730,ENSMUSG00000095115,Itpripl2
91,IRF9,ENSG00000213928,ENSMUSG00000002325,Irf9
92,ITGA1,ENSG00000213949,ENSMUSG00000042284,Itga1
93,IRGM,ENSG00000237693,ENSMUSG00000046879,Irgm1
94,IRGM,ENSG00000237693,ENSMUSG00000069874,Irgm2
95,ISY1,ENSG00000240682,ENSMUSG00000030056,Isy1
96,ITGB3,ENSG00000259207,ENSMUSG00000020689,Itgb3
97,,,ENSMUSG00000025825,Iscu
98,,,ENSMUSG00000047182,Irs3
99,,,ENSMUSG00000049128,Ivl
0,JARID2,ENSG00000008083,ENSMUSG00000038518,Jarid2
1,IYD,ENSG00000009765,ENSMUSG00000019762,Iyd
2,KCNG1,ENSG00000026559,ENSMUSG00000074575,Kcng1
3,JKAMP,ENSG00000050130,ENSMUSG00000005078,Jkamp
4,KCNH2,ENSG00000055118,ENSMUSG00000038319,Kcnh2
5,KARS1,ENSG00000065427,ENSMUSG00000031948,Kars
6,KCNAB2,ENSG00000069424,ENSMUSG00000028931,Kcnab2
7,JMJD6,ENSG00000070495,ENSMUSG00000056962,Jmjd6
8,JMJD4,ENSG00000081692,ENSMUSG00000036819,Jmjd4
9,JPH4,ENSG00000092051,ENSMUSG00000022208,Jph4
10,JAK2,ENSG00000096968,ENSMUSG00000024789,Jak2
11,IZUMO4,ENSG00000099840,ENSMUSG00000055862,Izumo4
12,JOSD1,ENSG00000100221,ENSMUSG00000022426,Josd1
13,JAG1,ENSG00000101384,ENSMUSG00000027276,Jag1
14,KCND1,ENSG00000102057,ENSMUSG00000009731,Kcnd1
15,KATNAL1,ENSG00000102781,ENSMUSG00000041298,Katnal1
16,JPH1,ENSG00000104369,ENSMUSG00000042686,Jph1
17,KCNA7,ENSG00000104848,ENSMUSG00000038201,Kcna7
18,JAK3,ENSG00000105639,ENSMUSG00000031805,Jak3
19,KANK1,ENSG00000107104,ENSMUSG00000032702,Kank1
20,KAZALD1,ENSG00000107821,ENSMUSG00000025213,Kazald1
21,KAT2A,ENSG00000108773,ENSMUSG00000020918,Kat2a
22,KCNA1,ENSG00000111262,ENSMUSG00000047976,Kcna1
23,KAT2B,ENSG00000114166,ENSMUSG00000000708,Kat2b
24,KCNC4,ENSG00000116396,ENSMUSG00000027895,Kcnc4
25,IVNS1ABP,ENSG00000116679,ENSMUSG00000023150,Ivns1abp
26,KBTBD4,ENSG00000123444,ENSMUSG00000005505,Kbtbd4
27,KCNC1,ENSG00000129159,ENSMUSG00000058975,Kcnc1
28,KCNA5,ENSG00000130037,ENSMUSG00000045534,Kcna5
29,JUND,ENSG00000130522,ENSMUSG00000071076,Jund
30,KCNC3,ENSG00000131398,ENSMUSG00000062785,Kcnc3
31,KANK4,ENSG00000132854,ENSMUSG00000035407,Kank4
32,KCNH3,ENSG00000135519,ENSMUSG00000037579,Kcnh3
33,JDP2,ENSG00000140044,ENSMUSG00000034271,Jdp2
34,KATNB1,ENSG00000140854,ENSMUSG00000031787,Katnb1
35,KCNA10,ENSG00000143105,ENSMUSG00000042861,Kcna10
36,KCNH1,ENSG00000143473,ENSMUSG00000058248,Kcnh1
37,JTB,ENSG00000143543,ENSMUSG00000027937,Jtb
38,JPH2,ENSG00000149596,ENSMUSG00000017817,Jph2
39,KCNA6,ENSG00000151079,ENSMUSG00000038077,Kcna6
40,KCNE4,ENSG00000152049,ENSMUSG00000047330,Kcne4
41,JMY,ENSG00000152409,ENSMUSG00000021690,Jmy
42,JAKMIP1,ENSG00000152969,ENSMUSG00000063646,Jakmip1
43,JAZF1,ENSG00000153814,ENSMUSG00000063568,Jazf1
44,JPH3,ENSG00000154118,ENSMUSG00000025318,Jph3
45,JAM2,ENSG00000154721,ENSMUSG00000053062,Jam2
46,KCNB1,ENSG00000158445,ENSMUSG00000050556,Kcnb1
47,KCNE2,ENSG00000159197,ENSMUSG00000039672,Kcne2
48,KALRN,ENSG00000160145,ENSMUSG00000061751,Kalrn
49,IZUMO2,ENSG00000161652,ENSMUSG00000066500,Izumo2
50,JOSD2,ENSG00000161677,ENSMUSG00000038695,Josd2
51,JMJD8,ENSG00000161999,ENSMUSG00000025736,Jmjd8
52,JAK1,ENSG00000162434,ENSMUSG00000028530,Jak1
53,KCNF1,ENSG00000162975,ENSMUSG00000051726,Kcnf1
54,IWS1,ENSG00000163166,ENSMUSG00000024384,Iws1
55,KBTBD8,ENSG00000163376,ENSMUSG00000030031,Kbtbd8
56,KCNC2,ENSG00000166006,ENSMUSG00000035681,Kcnc2
57,JAM3,ENSG00000166086,ENSMUSG00000031990,Jam3
58,KATNAL2,ENSG00000167216,ENSMUSG00000025420,Katnal2
59,JSRP1,ENSG00000167476,ENSMUSG00000020216,Jsrp1
60,KCNG4,ENSG00000168418,ENSMUSG00000045246,Kcng4
61,KCNAB1,ENSG00000169282,ENSMUSG00000027827,Kcnab1
62,KCNAB3,ENSG00000170049,ENSMUSG00000018470,Kcnab3
63,KBTBD2,ENSG00000170852,ENSMUSG00000059486,Kbtbd2
64,KCNG3,ENSG00000171126,ENSMUSG00000045053,Kcng3
65,JAGN1,ENSG00000171135,ENSMUSG00000051256,Jagn1
66,JUNB,ENSG00000171223,ENSMUSG00000052837,Junb
67,KCND3,ENSG00000171385,ENSMUSG00000040896,Kcnd3
68,JMJD1C,ENSG00000171988,ENSMUSG00000037876,Jmjd1c
69,KAT5,ENSG00000172977,ENSMUSG00000024926,Kat5
70,JUP,ENSG00000173801,ENSMUSG00000001552,Jup
71,KCNE3,ENSG00000175538,ENSMUSG00000035165,Kcne3
72,JAKMIP2,ENSG00000176049,ENSMUSG00000024502,Jakmip2
73,KCNE5,ENSG00000176076,ENSMUSG00000090122,Kcne1l
74,KCMF1,ENSG00000176407,ENSMUSG00000055239,Kcmf1
75,KBTBD11,ENSG00000176595,ENSMUSG00000055675,Kbtbd11
76,KCNA3,ENSG00000177272,ENSMUSG00000047959,Kcna3
77,KCNA2,ENSG00000177301,ENSMUSG00000040724,Kcna2
78,JUN,ENSG00000177606,ENSMUSG00000052684,Jun
79,KCNG2,ENSG00000178342,ENSMUSG00000059852,Kcng2
80,KCNE1,ENSG00000180509,ENSMUSG00000039639,Kcne1
81,KCNA4,ENSG00000182255,ENSMUSG00000042604,Kcna4
82,IZUMO1,ENSG00000182264,ENSMUSG00000064158,Izumo1
83,KBTBD3,ENSG00000182359,ENSMUSG00000025893,Kbtbd3
84,JRKL,ENSG00000183340,ENSMUSG00000079083,Jrkl
85,KCND2,ENSG00000184408,ENSMUSG00000060882,Kcnd2
86,JAG2,ENSG00000184916,ENSMUSG00000002799,Jag2
87,KATNA1,ENSG00000186625,ENSMUSG00000019794,Katna1
88,KANK3,ENSG00000186994,ENSMUSG00000042099,Kank3
89,KBTBD12,ENSG00000187715,ENSMUSG00000033182,Kbtbd12
90,JAKMIP3,ENSG00000188385,ENSMUSG00000056856,Jakmip3
91,KAZN,ENSG00000189337,ENSMUSG00000040606,Kazn
92,KANK2,ENSG00000197256,ENSMUSG00000032194,Kank2
93,IZUMO3,ENSG00000205442,ENSMUSG00000028533,Izumo3
94,KBTBD13,ENSG00000234438,ENSMUSG00000054978,Kbtbd13
95,JRK,ENSG00000234616,ENSMUSG00000046380,Jrk
96,JMJD7,ENSG00000243789,ENSMUSG00000098789,Jmjd7
97,,,ENSMUSG00000032758,Kap
98,,,ENSMUSG00000043881,Kbtbd7
99,,,ENSMUSG00000092083,Kcnb2
0,KDM1A,ENSG00000004487,ENSMUSG00000036940,Kdm1a
1,KCNQ1,ENSG00000053918,ENSMUSG00000009545,Kcnq1
2,KDM4A,ENSG00000066135,ENSMUSG00000033326,Kdm4a
3,KDM5A,ENSG00000073614,ENSMUSG00000030180,Kdm5a
4,KCNQ2,ENSG00000075043,ENSMUSG00000016346,Kcnq2
5,KCNN2,ENSG00000080709,ENSMUSG00000054477,Kcnn2
6,KCNK2,ENSG00000082482,ENSMUSG00000037624,Kcnk2
7,KDM2B,ENSG00000089094,ENSMUSG00000029475,Kdm2b
8,KCNH4,ENSG00000089558,ENSMUSG00000035355,Kcnh4
9,KCNK16,ENSG00000095981,ENSMUSG00000023387,Kcnk16
10,KCNK6,ENSG00000099337,ENSMUSG00000046410,Kcnk6
11,KDELR3,ENSG00000100196,ENSMUSG00000010830,Kdelr3
12,KCTD17,ENSG00000100379,ENSMUSG00000033287,Kctd17
13,KCNK10,ENSG00000100433,ENSMUSG00000033854,Kcnk10
14,KCTD9,ENSG00000104756,ENSMUSG00000034327,Kctd9
15,KCNN4,ENSG00000104783,ENSMUSG00000054342,Kcnn4
16,KDELR1,ENSG00000105438,ENSMUSG00000002778,Kdelr1
17,KCNN1,ENSG00000105642,ENSMUSG00000002908,Kcnn1
18,KDM4C,ENSG00000107077,ENSMUSG00000028397,Kdm4c
19,KCNT1,ENSG00000107147,ENSMUSG00000058740,Kcnt1
20,KCTD10,ENSG00000110906,ENSMUSG00000001098,Kctd10
21,KCTD20,ENSG00000112078,ENSMUSG00000005936,Kctd20
22,KCNIP3,ENSG00000115041,ENSMUSG00000079056,Kcnip3
23,KCNJ13,ENSG00000115474,ENSMUSG00000079436,Kcnj13
24,KDM3A,ENSG00000115548,ENSMUSG00000053470,Kdm3a
25,KCNQ4,ENSG00000117013,ENSMUSG00000028631,Kcnq4
26,KDM5B,ENSG00000117139,ENSMUSG00000042207,Kdm5b
27,KCNIP2,ENSG00000120049,ENSMUSG00000025221,Kcnip2
28,KCNJ5,ENSG00000120457,ENSMUSG00000032034,Kcnj5
29,KDM3B,ENSG00000120733,ENSMUSG00000038773,Kdm3b
30,KCNJ8,ENSG00000121361,ENSMUSG00000030247,Kcnj8
31,KCNJ2,ENSG00000123700,ENSMUSG00000041695,Kcnj2
32,KCNS1,ENSG00000124134,ENSMUSG00000040164,Kcns1
33,KCNK15,ENSG00000124249,ENSMUSG00000035238,Kcnk15
34,KDM4B,ENSG00000127663,ENSMUSG00000024201,Kdm4b
35,KCTD1,ENSG00000134504,ENSMUSG00000036225,Kctd1
36,KCP,ENSG00000135253,ENSMUSG00000059022,Kcp
37,KCNMB4,ENSG00000135643,ENSMUSG00000054934,Kcnmb4
38,KCNK1,ENSG00000135750,ENSMUSG00000033998,Kcnk1
39,KDELR2,ENSG00000136240,ENSMUSG00000079111,Kdelr2
40,KCTD3,ENSG00000136636,ENSMUSG00000026608,Kctd3
41,KCNH5,ENSG00000140015,ENSMUSG00000034402,Kcnh5
42,KCNN3,ENSG00000143603,ENSMUSG00000000794,Kcnn3
43,KCNMB1,ENSG00000145936,ENSMUSG00000020155,Kcnmb1
44,KCTD14,ENSG00000151364,ENSMUSG00000051727,Kctd14
45,KCNJ1,ENSG00000151704,ENSMUSG00000041248,Kcnj1
46,KCNK13,ENSG00000152315,ENSMUSG00000045404,Kcnk13
47,KCNJ16,ENSG00000153822,ENSMUSG00000051497,Kcnj16
48,KCTD15,ENSG00000153885,ENSMUSG00000030499,Kctd15
49,KCTD18,ENSG00000155729,ENSMUSG00000054770,Kctd18
50,KCNMA1,ENSG00000156113,ENSMUSG00000063142,Kcnma1
51,KCNS2,ENSG00000156486,ENSMUSG00000050963,Kcns2
52,KCNJ6,ENSG00000157542,ENSMUSG00000043301,Kcnj6
53,KCNJ15,ENSG00000157551,ENSMUSG00000062609,Kcnj15
54,KCNT2,ENSG00000162687,ENSMUSG00000052726,Kcnt2
55,KCNJ9,ENSG00000162728,ENSMUSG00000038026,Kcnj9
56,KCNJ3,ENSG00000162989,ENSMUSG00000026824,Kcnj3
57,KCNK5,ENSG00000164626,ENSMUSG00000023243,Kcnk5
58,KCNV1,ENSG00000164794,ENSMUSG00000022342,Kcnv1
59,KDM1B,ENSG00000165097,ENSMUSG00000038080,Kdm1b
60,KCTD5,ENSG00000167977,ENSMUSG00000016946,Kctd5
61,KCNJ4,ENSG00000168135,ENSMUSG00000044216,Kcnj4
62,KCNV2,ENSG00000168263,ENSMUSG00000047298,Kcnv2
63,KCTD6,ENSG00000168301,ENSMUSG00000021752,Kctd6
64,KCTD19,ENSG00000168676,ENSMUSG00000051648,Kctd19
65,KCNK9,ENSG00000169427,ENSMUSG00000036760,Kcnk9
66,KCNS3,ENSG00000170745,ENSMUSG00000043673,Kcns3
67,KCNMB3,ENSG00000171121,ENSMUSG00000091091,Kcnmb3
68,KCNK3,ENSG00000171303,ENSMUSG00000049265,Kcnk3
69,KDM2A,ENSG00000173120,ENSMUSG00000054611,Kdm2a
70,KCNK7,ENSG00000173338,ENSMUSG00000024936,Kcnk7
71,KCNH6,ENSG00000173826,ENSMUSG00000001901,Kcnh6
72,KCTD13,ENSG00000174943,ENSMUSG00000030685,Kctd13
73,KCNJ10,ENSG00000177807,ENSMUSG00000044708,Kcnj10
74,KCTD12,ENSG00000178695,ENSMUSG00000098557,Kctd12
75,KCTD4,ENSG00000180332,ENSMUSG00000046523,Kctd4
76,KCTD2,ENSG00000180901,ENSMUSG00000016940,Kctd2
77,KCNIP1,ENSG00000182132,ENSMUSG00000053519,Kcnip1
78,KCNJ14,ENSG00000182324,ENSMUSG00000058743,Kcnj14
79,KCNK4,ENSG00000182450,ENSMUSG00000024957,Kcnk4
80,KCTD16,ENSG00000183775,ENSMUSG00000051401,Kctd16
81,KCTD8,ENSG00000183783,ENSMUSG00000037653,Kctd8
82,KCNH8,ENSG00000183960,ENSMUSG00000035580,Kcnh8
83,KCNQ3,ENSG00000184156,ENSMUSG00000056258,Kcnq3
84,KCNJ12,ENSG00000184185,ENSMUSG00000042529,Kcnj12
85,KCNJ18,ENSG00000260458,ENSMUSG00000042529,Kcnj12
86,KCNK12,ENSG00000184261,ENSMUSG00000050138,Kcnk12
87,KCNH7,ENSG00000184611,ENSMUSG00000059742,Kcnh7
88,KCNQ5,ENSG00000185760,ENSMUSG00000028033,Kcnq5
89,KCNIP4,ENSG00000185774,ENSMUSG00000029088,Kcnip4
90,KDM4D,ENSG00000186280,ENSMUSG00000053914,Kdm4d
91,KCNK18,ENSG00000186795,ENSMUSG00000040901,Kcnk18
92,KCNJ11,ENSG00000187486,ENSMUSG00000096146,Kcnj11
93,KCTD21,ENSG00000188997,ENSMUSG00000044952,Kctd21
94,KCNMB2,ENSG00000197584,ENSMUSG00000037610,Kcnmb2
95,KCNRG,ENSG00000198553,ENSMUSG00000046168,Kcnrg
96,KCTD11,ENSG00000213859,ENSMUSG00000046731,Kctd11
97,KCNU1,ENSG00000215262,ENSMUSG00000031576,Kcnu1
98,KCTD7,ENSG00000243335,ENSMUSG00000034110,Kctd7
99,,,ENSMUSG00000041633,Kctd12b
100,,,ENSMUSG00000101609,Kcnq1ot1
0,KDM5D,ENSG00000012817,ENSMUSG00000056673,Kdm5d
1,KITLG,ENSG00000049130,ENSMUSG00000019966,Kitl
2,KIF1B,ENSG00000054523,ENSMUSG00000063077,Kif1b
3,KIF26A,ENSG00000066735,ENSMUSG00000021294,Kif26a
4,KLF6,ENSG00000067082,ENSMUSG00000000078,Klf6
5,KIF2A,ENSG00000068796,ENSMUSG00000021693,Kif2a
6,KIFAP3,ENSG00000075945,ENSMUSG00000026585,Kifap3
7,KIF22,ENSG00000079616,ENSMUSG00000030677,Kif22
8,KEAP1,ENSG00000079999,ENSMUSG00000003308,Keap1
9,KIF3C,ENSG00000084731,ENSMUSG00000020668,Kif3c
10,KHSRP,ENSG00000088247,ENSMUSG00000007670,Khsrp
11,KIF9,ENSG00000088727,ENSMUSG00000032489,Kif9
12,KIF4A,ENSG00000090889,ENSMUSG00000034311,Kif4
13,KHNYN,ENSG00000100441,ENSMUSG00000047153,Khnyn
14,KIF3B,ENSG00000101350,ENSMUSG00000027475,Kif3b
15,KLF8,ENSG00000102349,ENSMUSG00000041649,Klf8
16,KLF5,ENSG00000102554,ENSMUSG00000005148,Klf5
17,KLC3,ENSG00000104892,ENSMUSG00000040714,Klc3
18,KLF1,ENSG00000105610,ENSMUSG00000054191,Klf1
19,KLF3,ENSG00000109787,ENSMUSG00000029178,Klf3
20,KHDRBS2,ENSG00000112232,ENSMUSG00000026058,Khdrbs2
21,KIF20A,ENSG00000112984,ENSMUSG00000003779,Kif20a
22,KISS1R,ENSG00000116014,ENSMUSG00000035773,Kiss1r
23,KIF21B,ENSG00000116852,ENSMUSG00000041642,Kif21b
24,KIF17,ENSG00000117245,ENSMUSG00000028758,Kif17
25,KIF14,ENSG00000118193,ENSMUSG00000041498,Kif14
26,KLF7,ENSG00000118263,ENSMUSG00000025959,Klf7
27,KLF12,ENSG00000118922,ENSMUSG00000072294,Klf12
28,KLF9,ENSG00000119138,ENSMUSG00000033863,Klf9
29,KDSR,ENSG00000119537,ENSMUSG00000009905,Kdsr
30,KIF18A,ENSG00000121621,ENSMUSG00000027115,Kif18a
31,KHDRBS1,ENSG00000121774,ENSMUSG00000028790,Khdrbs1
32,KIR2DL1,ENSG00000125498,ENSMUSG00000031424,Kir3dl1
33,KIR3DL1,ENSG00000167633,ENSMUSG00000031424,Kir3dl1
34,KIR2DL4,ENSG00000189013,ENSMUSG00000031424,Kir3dl1
35,KIR2DS4,ENSG00000221957,ENSMUSG00000031424,Kir3dl1
36,KIR3DL2,ENSG00000240403,ENSMUSG00000031424,Kir3dl1
37,KIR3DL3,ENSG00000242019,ENSMUSG00000031424,Kir3dl1
38,KIR2DL3,ENSG00000243772,ENSMUSG00000031424,Kir3dl1
39,KIR2DL1,ENSG00000125498,ENSMUSG00000057439,Kir3dl2
40,KIR3DL1,ENSG00000167633,ENSMUSG00000057439,Kir3dl2
41,KIR2DL4,ENSG00000189013,ENSMUSG00000057439,Kir3dl2
42,KIR2DS4,ENSG00000221957,ENSMUSG00000057439,Kir3dl2
43,KIR3DL2,ENSG00000240403,ENSMUSG00000057439,Kir3dl2
44,KIR3DL3,ENSG00000242019,ENSMUSG00000057439,Kir3dl2
45,KIR2DL3,ENSG00000243772,ENSMUSG00000057439,Kir3dl2
46,KLC1,ENSG00000126214,ENSMUSG00000021288,Klc1
47,KIRREL2,ENSG00000126259,ENSMUSG00000036915,Kirrel2
48,KLF2,ENSG00000127528,ENSMUSG00000055148,Klf2
49,KDR,ENSG00000128052,ENSMUSG00000062960,Kdr
50,KLHDC10,ENSG00000128607,ENSMUSG00000029775,Klhdc10
51,KIF1C,ENSG00000129250,ENSMUSG00000020821,Kif1c
52,KLF16,ENSG00000129911,ENSMUSG00000035397,Klf16
53,KIF1A,ENSG00000130294,ENSMUSG00000014602,Kif1a
54,KIF3A,ENSG00000131437,ENSMUSG00000018395,Kif3a
55,KHDRBS3,ENSG00000131773,ENSMUSG00000022332,Khdrbs3
56,KDM6B,ENSG00000132510,ENSMUSG00000018476,Kdm6b
57,KL,ENSG00000133116,ENSMUSG00000058488,Kl
58,KIDINS220,ENSG00000134313,ENSMUSG00000036333,Kidins220
59,KLB,ENSG00000134962,ENSMUSG00000029195,Klb
60,KHDC1,ENSG00000135314,ENSMUSG00000041722,Khdc1c
61,KHDC1L,ENSG00000256980,ENSMUSG00000041722,Khdc1c
62,KHDC1,ENSG00000135314,ENSMUSG00000067750,Khdc1a
63,KHDC1L,ENSG00000256980,ENSMUSG00000067750,Khdc1a
64,KHDC1,ENSG00000135314,ENSMUSG00000085079,Khdc1b
65,KHDC1L,ENSG00000256980,ENSMUSG00000085079,Khdc1b
66,KLF4,ENSG00000136826,ENSMUSG00000003032,Klf4
67,KIF12,ENSG00000136883,ENSMUSG00000028357,Kif12
68,KLC4,ENSG00000137171,ENSMUSG00000003546,Klc4
69,KIF13A,ENSG00000137177,ENSMUSG00000021375,Kif13a
70,KIF23,ENSG00000137807,ENSMUSG00000032254,Kif23
71,KHK,ENSG00000138030,ENSMUSG00000029162,Khk
72,KIF11,ENSG00000138160,ENSMUSG00000012443,Kif11
73,KIF20B,ENSG00000138182,ENSMUSG00000024795,Kif20b
74,KIF21A,ENSG00000139116,ENSMUSG00000022629,Kif21a
75,KERA,ENSG00000139330,ENSMUSG00000019932,Kera
76,KIFC3,ENSG00000140859,ENSMUSG00000031788,Kifc3
77,KIF2B,ENSG00000141200,ENSMUSG00000046755,Kif2b
78,KIF2C,ENSG00000142945,ENSMUSG00000028678,Kif2c
79,KDM6A,ENSG00000147050,ENSMUSG00000037369,Kdm6a
80,KIRREL3,ENSG00000149571,ENSMUSG00000032036,Kirrel3
81,KIN,ENSG00000151657,ENSMUSG00000037262,Kin
82,KLF10,ENSG00000155090,ENSMUSG00000037465,Klf10
83,KIF5A,ENSG00000155980,ENSMUSG00000074657,Kif5a
84,KIT,ENSG00000157404,ENSMUSG00000005672,Kit
85,KIF26B,ENSG00000162849,ENSMUSG00000026494,Kif26b
86,KIF15,ENSG00000163808,ENSMUSG00000036768,Kif15
87,KLF15,ENSG00000163884,ENSMUSG00000030087,Klf15
88,KIF6,ENSG00000164627,ENSMUSG00000023999,Kif6
89,KIF27,ENSG00000165115,ENSMUSG00000060176,Kif27
90,KLHDC2,ENSG00000165516,ENSMUSG00000020978,Klhdc2
91,KIF7,ENSG00000166813,ENSMUSG00000050382,Kif7
92,KIFC2,ENSG00000167702,ENSMUSG00000004187,Kifc2
93,KIF5C,ENSG00000168280,ENSMUSG00000026764,Kif5c
94,KLF13,ENSG00000169926,ENSMUSG00000052040,Klf13
95,KISS1,ENSG00000170498,ENSMUSG00000116158,Kiss1
96,KIF5B,ENSG00000170759,ENSMUSG00000006740,Kif5b
97,KLF17,ENSG00000171872,ENSMUSG00000048626,Klf17
98,KLF11,ENSG00000172059,ENSMUSG00000020653,Klf11
99,KLC2,ENSG00000174996,ENSMUSG00000024862,Klc2
100,KIRREL1,ENSG00000183853,ENSMUSG00000041734,Kirrel
101,KIF18B,ENSG00000186185,ENSMUSG00000051378,Kif18b
102,KIF24,ENSG00000186638,ENSMUSG00000028438,Kif24
103,KIF19,ENSG00000196169,ENSMUSG00000010021,Kif19a
104,KLHDC1,ENSG00000197776,ENSMUSG00000051890,Klhdc1
105,KIF13B,ENSG00000197892,ENSMUSG00000060012,Kif13b
106,KEL,ENSG00000197993,ENSMUSG00000029866,Kel
107,KIFC1,ENSG00000237649,ENSMUSG00000024301,Kifc5b
108,KIFC1,ENSG00000237649,ENSMUSG00000079553,Kifc1
109,KLF14,ENSG00000266265,ENSMUSG00000073209,Klf14
110,,,ENSMUSG00000024694,Keg1
111,,,ENSMUSG00000025332,Kdm5c
112,,,ENSMUSG00000038844,Kif16b
113,,,ENSMUSG00000086173,Kis2
114,,,ENSMUSG00000092054,Kif4-ps
0,KLHL13,ENSG00000003096,ENSMUSG00000036782,Klhl13
1,KLHL20,ENSG00000076321,ENSMUSG00000026705,Klhl20
2,KLHL22,ENSG00000099910,ENSMUSG00000022750,Klhl22
3,KLHL4,ENSG00000102271,ENSMUSG00000025597,Klhl4
4,KLHDC4,ENSG00000104731,ENSMUSG00000040263,Klhdc4
5,KLHL2,ENSG00000109466,ENSMUSG00000031605,Klhl2
6,KLHL5,ENSG00000109790,ENSMUSG00000054920,Klhl5
7,KLRB1,ENSG00000111796,ENSMUSG00000030154,Klrb1f
8,KLRB1,ENSG00000111796,ENSMUSG00000030325,Klrb1c
9,KLRB1,ENSG00000111796,ENSMUSG00000030361,Klrb1a
10,KLRB1,ENSG00000111796,ENSMUSG00000079298,Klrb1b
11,KNG1,ENSG00000113889,ENSMUSG00000022875,Kng1
12,KNG1,ENSG00000113889,ENSMUSG00000060459,Kng2
13,KLHL18,ENSG00000114648,ENSMUSG00000054792,Klhl18
14,KLHL24,ENSG00000114796,ENSMUSG00000062901,Klhl24
15,KMO,ENSG00000117009,ENSMUSG00000039783,Kmo
16,KLHL12,ENSG00000117153,ENSMUSG00000026455,Klhl12
17,KLHL29,ENSG00000119771,ENSMUSG00000020627,Klhl29
18,KLHL7,ENSG00000122550,ENSMUSG00000028986,Klhl7
19,KLHDC3,ENSG00000124702,ENSMUSG00000063576,Klhdc3
20,KLHL31,ENSG00000124743,ENSMUSG00000044938,Klhl31
21,KLK14,ENSG00000129437,ENSMUSG00000044737,Klk14
22,KLK10,ENSG00000129451,ENSMUSG00000030693,Klk10
23,KLK8,ENSG00000129455,ENSMUSG00000064023,Klk8
24,KLHDC7B,ENSG00000130487,ENSMUSG00000091680,Klhdc7b
25,KLRD1,ENSG00000134539,ENSMUSG00000030165,Klrd1
26,KLRC1,ENSG00000134545,ENSMUSG00000030167,Klrc1
27,KLRC1,ENSG00000134545,ENSMUSG00000033027,Klrc3
28,KLRC1,ENSG00000134545,ENSMUSG00000043932,Klri2
29,KLRC4,ENSG00000183542,ENSMUSG00000043932,Klri2
30,KLRC2,ENSG00000205809,ENSMUSG00000043932,Klri2
31,KLRC3,ENSG00000205810,ENSMUSG00000043932,Klri2
32,KLRC1,ENSG00000134545,ENSMUSG00000050241,Klre1
33,KLRC4,ENSG00000183542,ENSMUSG00000050241,Klre1
34,KLRC2,ENSG00000205809,ENSMUSG00000050241,Klre1
35,KLRC3,ENSG00000205810,ENSMUSG00000050241,Klre1
36,KLRC1,ENSG00000134545,ENSMUSG00000052736,Klrc2
37,KLRC1,ENSG00000134545,ENSMUSG00000067610,Klri1
38,KLRC4,ENSG00000183542,ENSMUSG00000067610,Klri1
39,KLRC2,ENSG00000205809,ENSMUSG00000067610,Klri1
40,KLRC3,ENSG00000205810,ENSMUSG00000067610,Klri1
41,KLHL36,ENSG00000135686,ENSMUSG00000031828,Klhl36
42,KLRG1,ENSG00000139187,ENSMUSG00000030114,Klrg1
43,KLHL8,ENSG00000145332,ENSMUSG00000029312,Klhl8
44,KLHL3,ENSG00000146021,ENSMUSG00000014164,Klhl3
45,KLHL35,ENSG00000149243,ENSMUSG00000035298,Klhl35
46,KLHL1,ENSG00000150361,ENSMUSG00000022076,Klhl1
47,KLHL10,ENSG00000161594,ENSMUSG00000001558,Klhl10
48,KLHL21,ENSG00000162413,ENSMUSG00000073700,Klhl21
49,KNCN,ENSG00000162456,ENSMUSG00000073774,Kncn
50,KLHDC9,ENSG00000162755,ENSMUSG00000045259,Klhdc9
51,KLHDC8A,ENSG00000162873,ENSMUSG00000042115,Klhdc8a
52,KLKB1,ENSG00000164344,ENSMUSG00000109764,Klkb1
53,KLHL26,ENSG00000167487,ENSMUSG00000055707,Klhl26
54,KLK1,ENSG00000167748,ENSMUSG00000038968,Klk1b16
55,KLK1,ENSG00000167748,ENSMUSG00000044485,Klk1b11
56,KLK1,ENSG00000167748,ENSMUSG00000053719,Klk1b26
57,KLK1,ENSG00000167748,ENSMUSG00000059042,Klk1b9
58,KLK1,ENSG00000167748,ENSMUSG00000060177,Klk1b22
59,KLK1,ENSG00000167748,ENSMUSG00000063089,Klk1b8
60,KLK1,ENSG00000167748,ENSMUSG00000063133,Klk1b1
61,KLK1,ENSG00000167748,ENSMUSG00000063177,Klk1b27
62,KLK1,ENSG00000167748,ENSMUSG00000063713,Klk1b24
63,KLK1,ENSG00000167748,ENSMUSG00000063903,Klk1
64,KLK1,ENSG00000167748,ENSMUSG00000066512,Klk1b5
65,KLK1,ENSG00000167748,ENSMUSG00000066513,Klk1b4
66,KLK1,ENSG00000167748,ENSMUSG00000066515,Klk1b3
67,KLK1,ENSG00000167748,ENSMUSG00000066516,Klk1b21
68,KLK4,ENSG00000167749,ENSMUSG00000006948,Klk4
69,KLK5,ENSG00000167754,ENSMUSG00000074155,Klk5
70,KLK6,ENSG00000167755,ENSMUSG00000050063,Klk6
71,KLK11,ENSG00000167757,ENSMUSG00000067616,Klk11
72,KLK13,ENSG00000167759,ENSMUSG00000054046,Klk13
73,KLHL30,ENSG00000168427,ENSMUSG00000026308,Klhl30
74,KLK7,ENSG00000169035,ENSMUSG00000030713,Klk7
75,KNDC1,ENSG00000171798,ENSMUSG00000066129,Kndc1
76,KLHL6,ENSG00000172578,ENSMUSG00000043008,Klhl6
77,KLHL15,ENSG00000174010,ENSMUSG00000043929,Klhl15
78,KLK15,ENSG00000174562,ENSMUSG00000055193,Klk15
79,KLHL38,ENSG00000175946,ENSMUSG00000022357,Klhl38
80,KLHL11,ENSG00000178502,ENSMUSG00000048732,Klhl11
81,KLHDC7A,ENSG00000179023,ENSMUSG00000078234,Klhdc7a
82,KLHL28,ENSG00000179454,ENSMUSG00000020948,Klhl28
83,KLHL25,ENSG00000183655,ENSMUSG00000055652,Klhl25
84,KLHL33,ENSG00000185271,ENSMUSG00000090799,Klhl33
85,KLHDC8B,ENSG00000185909,ENSMUSG00000032609,Klhdc8b
86,KLHL34,ENSG00000185915,ENSMUSG00000047485,Klhl34
87,KLHL32,ENSG00000186231,ENSMUSG00000040387,Klhl32
88,KLK12,ENSG00000186474,ENSMUSG00000044430,Klk12
89,KLHL17,ENSG00000187961,ENSMUSG00002076083,Klhl17
90,KLRG2,ENSG00000188883,ENSMUSG00000071537,Klrg2
91,KLHL14,ENSG00000197705,ENSMUSG00000042514,Klhl14
92,KLHL9,ENSG00000198642,ENSMUSG00000070923,Klhl9
93,KLK9,ENSG00000213022,ENSMUSG00000047884,Klk9
94,KLHL23,ENSG00000213160,ENSMUSG00000042155,Klhl23
95,KLRK1,ENSG00000213809,ENSMUSG00000030149,Klrk1
96,,,ENSMUSG00000014543,Klra17
97,,,ENSMUSG00000030173,Klra5
98,,,ENSMUSG00000030178,Klra13-ps
99,,,ENSMUSG00000030187,Klra2
100,,,ENSMUSG00000033024,Klra9
101,,,ENSMUSG00000060161,Klk1b7-ps
102,,,ENSMUSG00000061769,Klra6
103,,,ENSMUSG00000067591,Klra3
104,,,ENSMUSG00000067599,Klra7
105,,,ENSMUSG00000072718,Klra10
106,,,ENSMUSG00000079852,Klra4
107,,,ENSMUSG00000079853,Klra1
108,,,ENSMUSG00000089727,Klra8
0,KRIT1,ENSG00000001631,ENSMUSG00000000600,Krit1
1,KRT33A,ENSG00000006059,ENSMUSG00000035592,Krt33a
2,KRT33A,ENSG00000006059,ENSMUSG00000048981,Krt31
3,KRT33A,ENSG00000006059,ENSMUSG00000057723,Krt33b
4,KPNA6,ENSG00000025800,ENSMUSG00000003731,Kpna6
5,KPNA3,ENSG00000102753,ENSMUSG00000021929,Kpna3
6,KRT23,ENSG00000108244,ENSMUSG00000006777,Krt23
7,KPNB1,ENSG00000108424,ENSMUSG00000001440,Kpnb1
8,KRT32,ENSG00000108759,ENSMUSG00000046095,Krt32
9,KRT18,ENSG00000111057,ENSMUSG00000023043,Krt18
10,KRR1,ENSG00000111615,ENSMUSG00000063334,Krr1
11,KPNA1,ENSG00000114030,ENSMUSG00000022905,Kpna1
12,KPTN,ENSG00000118162,ENSMUSG00000006021,Kptn
13,KRT36,ENSG00000126337,ENSMUSG00000020916,Krt36
14,KRT17,ENSG00000128422,ENSMUSG00000035557,Krt17
15,KRI1,ENSG00000129347,ENSMUSG00000035047,Kri1
16,KREMEN2,ENSG00000131650,ENSMUSG00000040680,Kremen2
17,KRT34,ENSG00000131737,ENSMUSG00000043485,Krt34
18,KRBA1,ENSG00000133619,ENSMUSG00000042810,Krba1
19,KRAS,ENSG00000133703,ENSMUSG00000030265,Kras
20,KRT7,ENSG00000135480,ENSMUSG00000023039,Krt7
21,KRT71,ENSG00000139648,ENSMUSG00000051879,Krt71
22,KRT84,ENSG00000161849,ENSMUSG00000044294,Krt84
23,KRT82,ENSG00000161850,ENSMUSG00000049548,Krt82
24,KRT80,ENSG00000167767,ENSMUSG00000037185,Krt80
25,KRT1,ENSG00000167768,ENSMUSG00000046834,Krt1
26,KRT24,ENSG00000167916,ENSMUSG00000020913,Krt24
27,KRT8,ENSG00000170421,ENSMUSG00000049382,Krt8
28,KRT78,ENSG00000170423,ENSMUSG00000050463,Krt78
29,KRT75,ENSG00000170454,ENSMUSG00000022986,Krt75
30,KRT6C,ENSG00000170465,ENSMUSG00000023041,Krt6b
31,KRT6B,ENSG00000185479,ENSMUSG00000023041,Krt6b
32,KRT6A,ENSG00000205420,ENSMUSG00000023041,Krt6b
33,KRT6C,ENSG00000170465,ENSMUSG00000058354,Krt6a
34,KRT6B,ENSG00000185479,ENSMUSG00000058354,Krt6a
35,KRT6A,ENSG00000205420,ENSMUSG00000058354,Krt6a
36,KRT4,ENSG00000170477,ENSMUSG00000059668,Krt4
37,KRT19,ENSG00000171345,ENSMUSG00000020911,Krt19
38,KRT15,ENSG00000171346,ENSMUSG00000054146,Krt15
39,KRT9,ENSG00000171403,ENSMUSG00000051617,Krt9
40,KRT20,ENSG00000171431,ENSMUSG00000035775,Krt20
41,KRT27,ENSG00000171446,ENSMUSG00000017588,Krt27
42,KRCC1,ENSG00000172086,ENSMUSG00000053012,Krcc1
43,KRT2,ENSG00000172867,ENSMUSG00000064201,Krt2
44,KRT28,ENSG00000173908,ENSMUSG00000055937,Krt28
45,KPNA2,ENSG00000182481,ENSMUSG00000018362,Kpna2
46,KRTAP11-1,ENSG00000182591,ENSMUSG00000091212,Krtap11-1
47,KREMEN1,ENSG00000183762,ENSMUSG00000020393,Kremen1
48,KNTC1,ENSG00000184445,ENSMUSG00000029414,Kntc1
49,KRT76,ENSG00000185069,ENSMUSG00000075402,Krt76
50,KPNA7,ENSG00000185467,ENSMUSG00000038770,Kpna7
51,KRT79,ENSG00000185640,ENSMUSG00000061397,Krt79
52,KRT73,ENSG00000186049,ENSMUSG00000063661,Krt73
53,KRT5,ENSG00000186081,ENSMUSG00000061527,Krt5
54,KRT26,ENSG00000186393,ENSMUSG00000075570,Krt26
55,KRT10,ENSG00000186395,ENSMUSG00000019761,Krt10
56,KPNA4,ENSG00000186432,ENSMUSG00000027782,Kpna4
57,KRT16,ENSG00000186832,ENSMUSG00000053797,Krt16
58,KRT14,ENSG00000186847,ENSMUSG00000045545,Krt14
59,KRTAP15-1,ENSG00000186970,ENSMUSG00000022931,Krtap15
60,KRTAP13-4,ENSG00000186971,ENSMUSG00000056350,Krtap13-1
61,KRTAP12-1,ENSG00000187175,ENSMUSG00000069582,Krtap10-4
62,KRTAP10-6,ENSG00000188155,ENSMUSG00000069582,Krtap10-4
63,KRTAP4-5,ENSG00000198271,ENSMUSG00000069582,Krtap10-4
64,KRTAP12-3,ENSG00000205439,ENSMUSG00000069582,Krtap10-4
65,KRTAP10-4,ENSG00000215454,ENSMUSG00000069582,Krtap10-4
66,KRTAP10-9,ENSG00000221837,ENSMUSG00000069582,Krtap10-4
67,KRTAP12-2,ENSG00000221864,ENSMUSG00000069582,Krtap10-4
68,KRTAP9-1,ENSG00000240542,ENSMUSG00000069582,Krtap10-4
69,KRTAP10-11,ENSG00000243489,ENSMUSG00000069582,Krtap10-4
70,KRTAP12-1,ENSG00000187175,ENSMUSG00000112223,Krtap10-10
71,KRTAP10-6,ENSG00000188155,ENSMUSG00000112223,Krtap10-10
72,KRTAP4-5,ENSG00000198271,ENSMUSG00000112223,Krtap10-10
73,KRTAP12-3,ENSG00000205439,ENSMUSG00000112223,Krtap10-10
74,KRTAP10-4,ENSG00000215454,ENSMUSG00000112223,Krtap10-10
75,KRTAP10-9,ENSG00000221837,ENSMUSG00000112223,Krtap10-10
76,KRTAP12-2,ENSG00000221864,ENSMUSG00000112223,Krtap10-10
77,KRTAP9-1,ENSG00000240542,ENSMUSG00000112223,Krtap10-10
78,KRTAP10-11,ENSG00000243489,ENSMUSG00000112223,Krtap10-10
79,KRT12,ENSG00000187242,ENSMUSG00000020912,Krt12
80,KRTAP10-6,ENSG00000188155,ENSMUSG00000069583,Krtap12-1
81,KRTAP4-5,ENSG00000198271,ENSMUSG00000069583,Krtap12-1
82,KRTAP10-4,ENSG00000215454,ENSMUSG00000069583,Krtap12-1
83,KRTAP10-9,ENSG00000221837,ENSMUSG00000069583,Krtap12-1
84,KRTAP10-11,ENSG00000243489,ENSMUSG00000069583,Krtap12-1
85,KRTAP1-1,ENSG00000188581,ENSMUSG00000047253,Krtap1-5
86,KRTAP1-4,ENSG00000204887,ENSMUSG00000047253,Krtap1-5
87,KRTAP1-5,ENSG00000221852,ENSMUSG00000047253,Krtap1-5
88,KRTAP1-3,ENSG00000221880,ENSMUSG00000047253,Krtap1-5
89,KRTAP24-1,ENSG00000188694,ENSMUSG00000050239,Krtap24-1
90,KRT77,ENSG00000189182,ENSMUSG00000067594,Krt77
91,KRTAP4-3,ENSG00000196156,ENSMUSG00000044649,Krtap4-2
92,KRTAP4-3,ENSG00000196156,ENSMUSG00000048294,Krtap4-13
93,KRTAP4-3,ENSG00000196156,ENSMUSG00000063251,Krtap4-1
94,KRTAP4-3,ENSG00000196156,ENSMUSG00000075566,Krtap4-6
95,KRTAP4-3,ENSG00000196156,ENSMUSG00000089724,Krtap4-8
96,KRT39,ENSG00000196859,ENSMUSG00000064165,Krt39
97,KRT35,ENSG00000197079,ENSMUSG00000048013,Krt35
98,KRTAP26-1,ENSG00000197683,ENSMUSG00000071471,Krtap26-1
99,KRTAP4-6,ENSG00000198090,ENSMUSG00000045109,Krtap4-7
100,KRTAP4-12,ENSG00000213416,ENSMUSG00000045109,Krtap4-7
101,KRTAP4-7,ENSG00000240871,ENSMUSG00000045109,Krtap4-7
102,KRTAP4-1,ENSG00000198443,ENSMUSG00000046474,Krtap4-16
103,KRTAP4-2,ENSG00000244537,ENSMUSG00000046474,Krtap4-16
104,KPRP,ENSG00000203786,ENSMUSG00000059832,Kprp
105,KRT40,ENSG00000204889,ENSMUSG00000059169,Krt40
106,KRT25,ENSG00000204897,ENSMUSG00000035831,Krt25
107,KRTAP27-1,ENSG00000206107,ENSMUSG00000090515,Krtap27-1
108,KRTAP16-1,ENSG00000212657,ENSMUSG00000078253,Krtap16-1
109,KRTAP3-3,ENSG00000212899,ENSMUSG00000069721,Krtap3-2
110,KRTAP3-2,ENSG00000212900,ENSMUSG00000069721,Krtap3-2
111,KRTAP3-3,ENSG00000212899,ENSMUSG00000069722,Krtap3-3
112,KRTAP3-2,ENSG00000212900,ENSMUSG00000069722,Krtap3-3
113,KRTAP3-1,ENSG00000212901,ENSMUSG00000047564,Krtap3-1
114,KRT222,ENSG00000213424,ENSMUSG00000035849,Krt222
115,KRTAP10-4,ENSG00000215454,ENSMUSG00000060756,Krtap2-4
116,KRTAP10-11,ENSG00000243489,ENSMUSG00000060756,Krtap2-4
117,KRTAP10-4,ENSG00000215454,ENSMUSG00000075567,Krtap1-4
118,KRTAP10-11,ENSG00000243489,ENSMUSG00000075567,Krtap1-4
119,KRTAP10-4,ENSG00000215454,ENSMUSG00000078131,Krtap1-3
120,KRTAP10-11,ENSG00000243489,ENSMUSG00000078131,Krtap1-3
121,KRTAP13-3,ENSG00000240432,ENSMUSG00000074928,Krtap14
122,,,ENSMUSG00000044041,Krt13
123,,,ENSMUSG00000050224,Krtap13
124,,,ENSMUSG00000051481,Krtap31-2
125,,,ENSMUSG00000053654,Krt42
126,,,ENSMUSG00000067596,Krt74
127,,,ENSMUSG00000067613,Krt83
128,,,ENSMUSG00000067614,Krt86
129,,,ENSMUSG00000067615,Krt81
130,,,ENSMUSG00000070334,Krtap31-1
131,,,ENSMUSG00000078252,Krtap17-1
132,,,ENSMUSG00000091039,Krtap20-2
133,,,ENSMUSG00000095992,Krtap22-2
134,,,ENSMUSG00000096534,Krtap16-3
0,LAS1L,ENSG00000001497,ENSMUSG00000057421,Las1l
1,LAP3,ENSG00000002549,ENSMUSG00000039682,Lap3
2,LASP1,ENSG00000002834,ENSMUSG00000038366,Lasp1
3,LAMP2,ENSG00000005893,ENSMUSG00000016534,Lamp2
4,LARS2,ENSG00000011376,ENSMUSG00000035202,Lars2
5,LAMC3,ENSG00000050555,ENSMUSG00000026840,Lamc3
6,LAMA3,ENSG00000053747,ENSMUSG00000024421,Lama3
7,LAMC2,ENSG00000058085,ENSMUSG00000026479,Lamc2
8,LAPTM4A,ENSG00000068697,ENSMUSG00000020585,Laptm4a
9,LAT2,ENSG00000086730,ENSMUSG00000040751,Lat2
10,L2HGDH,ENSG00000087299,ENSMUSG00000020988,L2hgdh
11,LAG3,ENSG00000089692,ENSMUSG00000030124,Lag3
12,LAMB1,ENSG00000091136,ENSMUSG00000002900,Lamb1
13,L3MBTL2,ENSG00000100395,ENSMUSG00000022394,L3mbtl2
14,LAMA1,ENSG00000101680,ENSMUSG00000032796,Lama1
15,LACTB,ENSG00000103642,ENSMUSG00000032370,Lactb
16,LAPTM4B,ENSG00000104341,ENSMUSG00000022257,Laptm4b
17,LARP4B,ENSG00000107929,ENSMUSG00000033499,Larp4b
18,LAMTOR3,ENSG00000109270,ENSMUSG00000091512,Lamtor3
19,LAMA4,ENSG00000112769,ENSMUSG00000019846,Lama4
20,LANCL1,ENSG00000115365,ENSMUSG00000026000,Lancl1
21,KYNU,ENSG00000115919,ENSMUSG00000026866,Kynu
22,LAMTOR2,ENSG00000116586,ENSMUSG00000028062,Lamtor2
23,LAX1,ENSG00000122188,ENSMUSG00000051998,Lax1
24,KTN1,ENSG00000126777,ENSMUSG00000021843,Ktn1
25,LBP,ENSG00000129988,ENSMUSG00000016024,Lbp
26,LAMA5,ENSG00000130702,ENSMUSG00000015647,Lama5
27,LATS1,ENSG00000131023,ENSMUSG00000040021,Lats1
28,LANCL2,ENSG00000132434,ENSMUSG00000062190,Lancl2
29,LARS1,ENSG00000133706,ENSMUSG00000024493,Lars
30,LCA5,ENSG00000135338,ENSMUSG00000032258,Lca5
31,LAMC1,ENSG00000135862,ENSMUSG00000026478,Lamc1
32,LBX1,ENSG00000138136,ENSMUSG00000025216,Lbx1
33,LARP1B,ENSG00000138709,ENSMUSG00000025762,Larp1b
34,KSR1,ENSG00000141068,ENSMUSG00000018334,Ksr1
35,LBR,ENSG00000143815,ENSMUSG00000004880,Lbr
36,LANCL3,ENSG00000147036,ENSMUSG00000047344,Lancl3
37,LACTB2,ENSG00000147592,ENSMUSG00000025937,Lactb2
38,LATS2,ENSG00000150457,ENSMUSG00000021959,Lats2
39,L3MBTL4,ENSG00000154655,ENSMUSG00000041565,L3mbtl4
40,LARP1,ENSG00000155506,ENSMUSG00000037331,Larp1
41,LCA5L,ENSG00000157578,ENSMUSG00000045275,Lca5l
42,KRTCAP3,ENSG00000157992,ENSMUSG00000029149,Krtcap3
43,LAD1,ENSG00000159166,ENSMUSG00000041782,Lad1
44,LARP4,ENSG00000161813,ENSMUSG00000023025,Larp4
45,LAPTM5,ENSG00000162511,ENSMUSG00000028581,Laptm5
46,KRTCAP2,ENSG00000163463,ENSMUSG00000042747,Krtcap2
47,LARP6,ENSG00000166173,ENSMUSG00000034839,Larp6
48,LALBA,ENSG00000167531,ENSMUSG00000022991,Lalba
49,LAIR1,ENSG00000167613,ENSMUSG00000055541,Lair1
50,KRTAP4-4,ENSG00000171396,ENSMUSG00000054759,Krtap5-2
51,KRTAP10-6,ENSG00000188155,ENSMUSG00000054759,Krtap5-2
52,KRTAP4-5,ENSG00000198271,ENSMUSG00000054759,Krtap5-2
53,KRTAP4-1,ENSG00000198443,ENSMUSG00000054759,Krtap5-2
54,KRTAP4-8,ENSG00000204880,ENSMUSG00000054759,Krtap5-2
55,KRTAP4-11,ENSG00000212721,ENSMUSG00000054759,Krtap5-2
56,KRTAP4-9,ENSG00000212722,ENSMUSG00000054759,Krtap5-2
57,KRTAP2-3,ENSG00000212724,ENSMUSG00000054759,Krtap5-2
58,KRTAP2-1,ENSG00000212725,ENSMUSG00000054759,Krtap5-2
59,KRTAP2-4,ENSG00000213417,ENSMUSG00000054759,Krtap5-2
60,KRTAP2-2,ENSG00000214518,ENSMUSG00000054759,Krtap5-2
61,KRTAP10-4,ENSG00000215454,ENSMUSG00000054759,Krtap5-2
62,KRTAP10-9,ENSG00000221837,ENSMUSG00000054759,Krtap5-2
63,KRTAP9-1,ENSG00000240542,ENSMUSG00000054759,Krtap5-2
64,KRTAP4-16,ENSG00000241241,ENSMUSG00000054759,Krtap5-2
65,KRTAP10-11,ENSG00000243489,ENSMUSG00000054759,Krtap5-2
66,KRTAP4-2,ENSG00000244537,ENSMUSG00000054759,Krtap5-2
67,KSR2,ENSG00000171435,ENSMUSG00000061578,Ksr2
68,LAMB2,ENSG00000172037,ENSMUSG00000052911,Lamb2
69,KY,ENSG00000174611,ENSMUSG00000035606,Ky
70,LARP7,ENSG00000174720,ENSMUSG00000027968,Larp7
71,LBX2,ENSG00000179528,ENSMUSG00000034968,Lbx2
72,KRTAP8-1,ENSG00000183640,ENSMUSG00000059632,Krtap8-1
73,L3MBTL1,ENSG00000185513,ENSMUSG00000035576,L3mbtl1
74,LAMP1,ENSG00000185896,ENSMUSG00000031447,Lamp1
75,KRTAP5-5,ENSG00000185940,ENSMUSG00000045236,Krtap5-4
76,KRTAP5-2,ENSG00000205867,ENSMUSG00000045236,Krtap5-4
77,KRTAP5-5,ENSG00000185940,ENSMUSG00000073785,Krtap5-5
78,KRTAP5-2,ENSG00000205867,ENSMUSG00000073785,Krtap5-5
79,LCE5A,ENSG00000186207,ENSMUSG00000027919,Lce1g
80,LCE5A,ENSG00000186207,ENSMUSG00000068889,Lce1e
81,KRTDAP,ENSG00000188508,ENSMUSG00000074199,Krtdap
82,KRTAP4-3,ENSG00000196156,ENSMUSG00000078262,Krtap4-9
83,LAMA2,ENSG00000196569,ENSMUSG00000019899,Lama2
84,LAMB3,ENSG00000196878,ENSMUSG00000026639,Lamb3
85,LAGE3,ENSG00000196976,ENSMUSG00000015289,Lage3
86,KTI12,ENSG00000198841,ENSMUSG00000073775,Kti12
87,L1CAM,ENSG00000198910,ENSMUSG00000031391,L1cam
88,L3MBTL3,ENSG00000198945,ENSMUSG00000039089,L3mbtl3
89,LAYN,ENSG00000204381,ENSMUSG00000060594,Layn
90,LCAT,ENSG00000213398,ENSMUSG00000035237,Lcat
91,LBH,ENSG00000213626,ENSMUSG00000024063,Lbh
92,LAT,ENSG00000213658,ENSMUSG00000030742,Lat
93,KRTAP10-4,ENSG00000215454,ENSMUSG00000049809,Krtap9-3
94,KRTAP10-11,ENSG00000243489,ENSMUSG00000049809,Krtap9-3
95,KRTAP10-4,ENSG00000215454,ENSMUSG00000078255,Krtap9-5
96,KRTAP9-1,ENSG00000240542,ENSMUSG00000078255,Krtap9-5
97,KRTAP10-11,ENSG00000243489,ENSMUSG00000078255,Krtap9-5
98,LACTBL1,ENSG00000215906,ENSMUSG00000070683,Lactbl1
99,L1TD1,ENSG00000240563,ENSMUSG00000087166,L1td1
100,KRTAP7-1,ENSG00000274749,ENSMUSG00000056706,Krtap7-1
101,,,ENSMUSG00000024903,Lao1
102,,,ENSMUSG00000027912,Lce1m
103,,,ENSMUSG00000027923,Lce1b
104,,,ENSMUSG00000041247,Lamp3
105,,,ENSMUSG00000042031,Lce3b
106,,,ENSMUSG00000042092,Lce1c
107,,,ENSMUSG00000042124,Lce1f
108,,,ENSMUSG00000046248,Krtap5-3
109,,,ENSMUSG00000046676,Lce1l
110,,,ENSMUSG00000049593,Lce1h
111,,,ENSMUSG00000054325,Lce3a
112,,,ENSMUSG00000057609,Lce1a1
113,,,ENSMUSG00000058172,Krtap6-1
114,,,ENSMUSG00000062433,Krtap6-2
115,,,ENSMUSG00000066100,Krtap5-1
116,,,ENSMUSG00000068888,Lce1i
117,,,ENSMUSG00000068890,Lce1a2
118,,,ENSMUSG00000070335,Krtap9-1
119,,,ENSMUSG00000095870,Lce1k
120,,,ENSMUSG00000103243,Lce1d
0,LIG3,ENSG00000005156,ENSMUSG00000020697,Lig3
1,LGALS14,ENSG00000006659,ENSMUSG00000001123,Lgals9
2,LGALS13,ENSG00000105198,ENSMUSG00000001123,Lgals9
3,LGALS16,ENSG00000249861,ENSMUSG00000001123,Lgals9
4,LCP2,ENSG00000043462,ENSMUSG00000002699,Lcp2
5,LETMD1,ENSG00000050426,ENSMUSG00000037353,Letmd1
6,LHX5,ENSG00000089116,ENSMUSG00000029595,Lhx5
7,LGALS2,ENSG00000100079,ENSMUSG00000043501,Lgals2
8,LGALS1,ENSG00000100097,ENSMUSG00000068220,Lgals1
9,LGMN,ENSG00000100600,ENSMUSG00000021190,Lgmn
10,LEPROTL1,ENSG00000104660,ENSMUSG00000031513,Leprotl1
11,LIG1,ENSG00000105486,ENSMUSG00000056394,Lig1
12,LENG1,ENSG00000105617,ENSMUSG00000078813,Leng1
13,LFNG,ENSG00000106003,ENSMUSG00000029570,Lfng
14,LHX2,ENSG00000106689,ENSMUSG00000000247,Lhx2
15,LHX6,ENSG00000106852,ENSMUSG00000026890,Lhx6
16,LHX3,ENSG00000107187,ENSMUSG00000026934,Lhx3
17,LHPP,ENSG00000107902,ENSMUSG00000030946,Lhpp
18,LGI1,ENSG00000108231,ENSMUSG00000067242,Lgi1
19,LGALS3BP,ENSG00000108679,ENSMUSG00000033880,Lgals3bp
20,LDHB,ENSG00000111716,ENSMUSG00000030246,Ldhb
21,LIFR,ENSG00000113594,ENSMUSG00000054263,Lifr
22,LCT,ENSG00000115850,ENSMUSG00000026354,Lct
23,LEPR,ENSG00000116678,ENSMUSG00000057722,Lepr
24,LGALS8,ENSG00000116977,ENSMUSG00000057554,Lgals8
25,LHX4,ENSG00000121454,ENSMUSG00000026468,Lhx4
26,LIAS,ENSG00000121897,ENSMUSG00000029199,Lias
27,LDB3,ENSG00000122367,ENSMUSG00000021798,Ldb3
28,LIF,ENSG00000128342,ENSMUSG00000034394,Lif
29,LDLR,ENSG00000130164,ENSMUSG00000032193,Ldlr
30,LGALS3,ENSG00000131981,ENSMUSG00000050335,Lgals3
31,LGR6,ENSG00000133067,ENSMUSG00000042793,Lgr6
32,LGALS12,ENSG00000133317,ENSMUSG00000024972,Lgals12
33,LCP1,ENSG00000136167,ENSMUSG00000021998,Lcp1
34,LHCGR,ENSG00000138039,ENSMUSG00000024107,Lhcgr
35,LEF1,ENSG00000138795,ENSMUSG00000027985,Lef1
36,LGR5,ENSG00000139292,ENSMUSG00000020140,Lgr5
37,LHX9,ENSG00000143355,ENSMUSG00000019230,Lhx9
38,LEFTY2,ENSG00000143768,ENSMUSG00000038793,Lefty1
39,LEFTY1,ENSG00000243709,ENSMUSG00000038793,Lefty1
40,LEFTY2,ENSG00000143768,ENSMUSG00000066652,Lefty2
41,LEFTY1,ENSG00000243709,ENSMUSG00000066652,Lefty2
42,LHFPL2,ENSG00000145685,ENSMUSG00000045312,Lhfpl2
43,LECT2,ENSG00000145826,ENSMUSG00000021539,Lect2
44,LGSN,ENSG00000146166,ENSMUSG00000050217,Lgsn
45,LCN2,ENSG00000148346,ENSMUSG00000026822,Lcn2
46,LCN9,ENSG00000148386,ENSMUSG00000023210,Lcn9
47,LGI2,ENSG00000153012,ENSMUSG00000039252,Lgi2
48,LGI4,ENSG00000153902,ENSMUSG00000036560,Lgi4
49,LHFPL4,ENSG00000156959,ENSMUSG00000042873,Lhfpl4
50,LDLRAP1,ENSG00000157978,ENSMUSG00000037295,Ldlrap1
51,LCN1,ENSG00000160349,ENSMUSG00000026919,Lcn4
52,LEMD2,ENSG00000161904,ENSMUSG00000044857,Lemd2
53,LHX8,ENSG00000162624,ENSMUSG00000096225,Lhx8
54,LENEP,ENSG00000163352,ENSMUSG00000078173,Lenep
55,LEAP2,ENSG00000164406,ENSMUSG00000036216,Leap2
56,LETM2,ENSG00000165046,ENSMUSG00000037363,Letm2
57,LEO1,ENSG00000166477,ENSMUSG00000042487,Leo1
58,LDHC,ENSG00000166796,ENSMUSG00000030851,Ldhc
59,LDHD,ENSG00000166816,ENSMUSG00000031958,Ldhd
60,LENG8,ENSG00000167615,ENSMUSG00000035545,Leng8
61,LGI3,ENSG00000168481,ENSMUSG00000033595,Lgi3
62,LCMT2,ENSG00000168806,ENSMUSG00000074890,Lcmt2
63,LETM1,ENSG00000168924,ENSMUSG00000005299,Letm1
64,LDB2,ENSG00000169744,ENSMUSG00000039706,Ldb2
65,LGALS4,ENSG00000171747,ENSMUSG00000053964,Lgals4
66,LDHAL6B,ENSG00000171989,ENSMUSG00000101959,Ldhal6b
67,LCLAT1,ENSG00000172954,ENSMUSG00000054469,Lclat1
68,LEMD3,ENSG00000174106,ENSMUSG00000048661,Lemd3
69,LEP,ENSG00000174697,ENSMUSG00000059201,Lep
70,LCORL,ENSG00000178177,ENSMUSG00000015882,Lcorl
71,LGALS7B,ENSG00000178934,ENSMUSG00000053522,Lgals7
72,LGALS7,ENSG00000205076,ENSMUSG00000053522,Lgals7
73,LDLRAD3,ENSG00000179241,ENSMUSG00000048058,Ldlrad3
74,LDOC1,ENSG00000182195,ENSMUSG00000057615,Ldoc1
75,LHFPL1,ENSG00000182508,ENSMUSG00000041700,Lhfpl1
76,LCK,ENSG00000182866,ENSMUSG00000000409,Lck
77,LCN12,ENSG00000184925,ENSMUSG00000026943,Lcn12
78,LEMD1,ENSG00000186007,ENSMUSG00000079330,Lemd1
79,LHFPL3,ENSG00000187416,ENSMUSG00000106379,Lhfpl3
80,LCN10,ENSG00000187922,ENSMUSG00000047356,Lcn10
81,LDLRAD2,ENSG00000187942,ENSMUSG00000094035,Ldlrad2
82,LCTL,ENSG00000188501,ENSMUSG00000032401,Lctl
83,LCOR,ENSG00000196233,ENSMUSG00000025019,Lcor
84,LHFPL5,ENSG00000197753,ENSMUSG00000062252,Lhfpl5
85,LEKR1,ENSG00000197980,ENSMUSG00000074579,Lekr1
86,LDB1,ENSG00000198728,ENSMUSG00000025223,Ldb1
87,LELP1,ENSG00000203784,ENSMUSG00000027927,Lelp1
88,LDLRAD1,ENSG00000203985,ENSMUSG00000070877,Ldlrad1
89,LCN8,ENSG00000204001,ENSMUSG00000036449,Lcn8
90,LGR4,ENSG00000205213,ENSMUSG00000050199,Lgr4
91,LCMT1,ENSG00000205629,ENSMUSG00000030763,Lcmt1
92,LEPROT,ENSG00000213625,ENSMUSG00000035212,Leprot
93,LCN6,ENSG00000267206,ENSMUSG00000045684,Lcn6
94,SAXO3,ENSG00000268655,ENSMUSG00000118462,Lhb
95,LHX1,ENSG00000273706,ENSMUSG00000018698,Lhx1
96,LENG9,ENSG00000275183,ENSMUSG00000043432,Leng9
97,,,ENSMUSG00000026936,Lcn3
98,,,ENSMUSG00000026937,Lcn5
99,,,ENSMUSG00000045475,Lce3c
100,,,ENSMUSG00000063229,Ldha
101,,,ENSMUSG00000068885,Lce3f
102,,,ENSMUSG00000069080,Lcn11
103,,,ENSMUSG00000086848,Lce6a
104,,,ENSMUSG00000100916,Lhb
0,LMO3,ENSG00000048540,ENSMUSG00000030226,Lmo3
1,LIMA1,ENSG00000050405,ENSMUSG00000023022,Lima1
2,LIMCH1,ENSG00000064042,ENSMUSG00000037736,Limch1
3,LPAR2,ENSG00000064547,ENSMUSG00000031861,Lpar2
4,LMCD1,ENSG00000071282,ENSMUSG00000057604,Lmcd1
5,LIMS2,ENSG00000072163,ENSMUSG00000024395,Lims2
6,LNX1,ENSG00000072201,ENSMUSG00000029228,Lnx1
7,LLGL2,ENSG00000073350,ENSMUSG00000020782,Llgl2
8,LMAN1,ENSG00000074695,ENSMUSG00000041891,Lman1
9,LIPE,ENSG00000079435,ENSMUSG00000003123,Lipe
10,LPCAT2,ENSG00000087253,ENSMUSG00000033192,Lpcat2
11,LMF2,ENSG00000100258,ENSMUSG00000022614,Lmf2
12,LIPG,ENSG00000101670,ENSMUSG00000053846,Lipg
13,LONP2,ENSG00000102910,ENSMUSG00000047866,Lonp2
14,LMF1,ENSG00000103227,ENSMUSG00000002279,Lmf1
15,LIN7B,ENSG00000104863,ENSMUSG00000003872,Lin7b
16,LIM2,ENSG00000105370,ENSMUSG00000118560,Lim2
17,LILRB5,ENSG00000105609,ENSMUSG00000030427,Lilra6
18,LILRB4,ENSG00000186818,ENSMUSG00000030427,Lilra6
19,LILRA5,ENSG00000187116,ENSMUSG00000030427,Lilra6
20,LILRB3,ENSG00000204577,ENSMUSG00000030427,Lilra6
21,LILRA4,ENSG00000239961,ENSMUSG00000030427,Lilra6
22,LILRA6,ENSG00000244482,ENSMUSG00000030427,Lilra6
23,LILRB5,ENSG00000105609,ENSMUSG00000070873,Lilra5
24,LILRB4,ENSG00000186818,ENSMUSG00000070873,Lilra5
25,LILRA5,ENSG00000187116,ENSMUSG00000070873,Lilra5
26,LILRB3,ENSG00000204577,ENSMUSG00000070873,Lilra5
27,LILRA4,ENSG00000239961,ENSMUSG00000070873,Lilra5
28,LILRA6,ENSG00000244482,ENSMUSG00000070873,Lilra5
29,LMBR1,ENSG00000105983,ENSMUSG00000010721,Lmbr1
30,LIMK1,ENSG00000106683,ENSMUSG00000029674,Limk1
31,LIPA,ENSG00000107798,ENSMUSG00000024781,Lipa
32,LIN7A,ENSG00000111052,ENSMUSG00000019906,Lin7a
33,LPCAT3,ENSG00000111684,ENSMUSG00000004270,Lpcat3
34,LOX,ENSG00000113083,ENSMUSG00000024529,Lox
35,LMNB1,ENSG00000113368,ENSMUSG00000024590,Lmnb1
36,LNPEP,ENSG00000113441,ENSMUSG00000023845,Lnpep
37,LMAN2L,ENSG00000114988,ENSMUSG00000001143,Lman2l
38,LOXL3,ENSG00000115318,ENSMUSG00000000693,Loxl3
39,LPGAT1,ENSG00000123684,ENSMUSG00000026623,Lpgat1
40,LOXL1,ENSG00000129038,ENSMUSG00000032334,Loxl1
41,LLGL1,ENSG00000131899,ENSMUSG00000020536,Llgl1
42,LIN28A,ENSG00000131914,ENSMUSG00000050966,Lin28a
43,LOXL2,ENSG00000134013,ENSMUSG00000034205,Loxl2
44,LPIN1,ENSG00000134324,ENSMUSG00000020593,Lpin1
45,LMO2,ENSG00000135363,ENSMUSG00000032698,Lmo2
46,LMO7,ENSG00000136153,ENSMUSG00000033060,Lmo7
47,LIMD2,ENSG00000136490,ENSMUSG00000040699,Limd2
48,LMX1B,ENSG00000136944,ENSMUSG00000038765,Lmx1b
49,LOXL4,ENSG00000138131,ENSMUSG00000025185,Loxl4
50,LLPH,ENSG00000139233,ENSMUSG00000020224,Llph
51,LNX2,ENSG00000139517,ENSMUSG00000016520,Lnx2
52,LMBR1L,ENSG00000139636,ENSMUSG00000022999,Lmbr1l
53,LPAR6,ENSG00000139679,ENSMUSG00000033446,Lpar6
54,LMAN1L,ENSG00000140506,ENSMUSG00000056271,Lman1l
55,LMTK3,ENSG00000142235,ENSMUSG00000062044,Lmtk3
56,LMO4,ENSG00000143013,ENSMUSG00000028266,Lmo4
57,LIPT1,ENSG00000144182,ENSMUSG00000037216,Lipt1
58,LIMD1,ENSG00000144791,ENSMUSG00000025239,Limd1
59,LIX1,ENSG00000145721,ENSMUSG00000047786,Lix1
60,LPAR4,ENSG00000147145,ENSMUSG00000049929,Lpar4
61,LIN7C,ENSG00000148943,ENSMUSG00000027162,Lin7c
62,LPCAT1,ENSG00000153395,ENSMUSG00000021608,Lpcat1
63,LONRF1,ENSG00000154359,ENSMUSG00000039633,Lonrf1
64,LMNA,ENSG00000160789,ENSMUSG00000028063,Lmna
65,LMX1A,ENSG00000162761,ENSMUSG00000026686,Lmx1a
66,LMOD3,ENSG00000163380,ENSMUSG00000044086,Lmod3
67,LMOD1,ENSG00000163431,ENSMUSG00000048096,Lmod1
68,LIPH,ENSG00000163898,ENSMUSG00000044626,Liph
69,LMBRD2,ENSG00000164187,ENSMUSG00000039704,Lmbrd2
70,LMTK2,ENSG00000164715,ENSMUSG00000038970,Lmtk2
71,LIPC,ENSG00000166035,ENSMUSG00000032207,Lipc
72,LMO1,ENSG00000166407,ENSMUSG00000036111,Lmo1
73,LOXHD1,ENSG00000167210,ENSMUSG00000032818,Loxhd1
74,LMBRD1,ENSG00000168216,ENSMUSG00000073725,Lmbrd1
75,LMAN2,ENSG00000169223,ENSMUSG00000021484,Lman2
76,LINGO1,ENSG00000169783,ENSMUSG00000049556,Lingo1
77,LONRF2,ENSG00000170500,ENSMUSG00000048814,Lonrf2
78,LMOD2,ENSG00000170807,ENSMUSG00000029683,Lmod2
79,LPAR3,ENSG00000171517,ENSMUSG00000036832,Lpar3
80,LIPM,ENSG00000173239,ENSMUSG00000056078,Lipm
81,LIG4,ENSG00000174405,ENSMUSG00000049717,Lig4
82,LINGO2,ENSG00000174482,ENSMUSG00000045083,Lingo2
83,LIPT2,ENSG00000175536,ENSMUSG00000030725,Lipt2
84,LONRF3,ENSG00000175556,ENSMUSG00000016239,Lonrf3
85,LPCAT4,ENSG00000176454,ENSMUSG00000027134,Lpcat4
86,LMNB2,ENSG00000176619,ENSMUSG00000062075,Lmnb2
87,LIPF,ENSG00000182333,ENSMUSG00000024768,Lipf
88,LIMK2,ENSG00000182541,ENSMUSG00000020451,Limk2
89,LIN9,ENSG00000183814,ENSMUSG00000058729,Lin9
90,LPAR5,ENSG00000184574,ENSMUSG00000067714,Lpar5
91,LMLN,ENSG00000185621,ENSMUSG00000022802,Lmln
92,LIN28B,ENSG00000187772,ENSMUSG00000063804,Lin28b
93,LIPI,ENSG00000188992,ENSMUSG00000032948,Lipi
94,LITAF,ENSG00000189067,ENSMUSG00000022500,Litaf
95,LIN54,ENSG00000189308,ENSMUSG00000118665,Lin54
96,LONP1,ENSG00000196365,ENSMUSG00000041168,Lonp1
97,LPAR1,ENSG00000198121,ENSMUSG00000038668,Lpar1
98,LIME1,ENSG00000203896,ENSMUSG00000090077,Lime1
99,LIPN,ENSG00000204020,ENSMUSG00000024770,Lipn
100,LIPK,ENSG00000204021,ENSMUSG00000024771,Lipk
101,LIN52,ENSG00000205659,ENSMUSG00000085793,Lin52
102,LINGO4,ENSG00000213171,ENSMUSG00000044505,Lingo4
103,LINGO3,ENSG00000220008,ENSMUSG00000051067,Lingo3
104,LIMS4,ENSG00000256671,ENSMUSG00000019920,Lims1
105,LIMS3,ENSG00000256977,ENSMUSG00000019920,Lims1
106,LIN37,ENSG00000267796,ENSMUSG00000036845,Lin37
107,LIX1L,ENSG00000271601,ENSMUSG00000049288,Lix1l
108,,,ENSMUSG00000033794,Lpcat2b
109,,,ENSMUSG00000043165,Lor
110,,,ENSMUSG00000079342,Lipo1
0,LRRC23,ENSG00000010626,ENSMUSG00000030125,Lrrc23
1,LRRC7,ENSG00000033122,ENSMUSG00000028176,Lrrc7
2,LRRC40,ENSG00000066557,ENSMUSG00000063052,Lrrc40
3,LRP6,ENSG00000070018,ENSMUSG00000030201,Lrp6
4,LRCH4,ENSG00000077454,ENSMUSG00000093445,Lrch4
5,LRP2,ENSG00000081479,ENSMUSG00000027070,Lrp2
6,LRRFIP2,ENSG00000093167,ENSMUSG00000032497,Lrrfip2
7,LPIN2,ENSG00000101577,ENSMUSG00000024052,Lpin2
8,LRRC59,ENSG00000108829,ENSMUSG00000020869,Lrrc59
9,LRP2BP,ENSG00000109771,ENSMUSG00000031637,Lrp2bp
10,LPXN,ENSG00000110031,ENSMUSG00000024696,Lpxn
11,LRRC42,ENSG00000116212,ENSMUSG00000028617,Lrrc42
12,LRP11,ENSG00000120256,ENSMUSG00000019796,Lrp11
13,LRAT,ENSG00000121207,ENSMUSG00000028003,Lrat
14,LRRC39,ENSG00000122477,ENSMUSG00000027961,Lrrc39
15,LRP1,ENSG00000123384,ENSMUSG00000040249,Lrp1
16,LRFN3,ENSG00000126243,ENSMUSG00000036957,Lrfn3
17,LRRC61,ENSG00000127399,ENSMUSG00000073096,Lrrc61
18,LRFN1,ENSG00000128011,ENSMUSG00000030600,Lrfn1
19,LRRC4,ENSG00000128594,ENSMUSG00000049939,Lrrc4
20,LRRC17,ENSG00000128606,ENSMUSG00000039883,Lrrc17
21,LRCH2,ENSG00000130224,ENSMUSG00000031290,Lrch2
22,LRRC47,ENSG00000130764,ENSMUSG00000029028,Lrrc47
23,LRP3,ENSG00000130881,ENSMUSG00000001802,Lrp3
24,LRRC4B,ENSG00000131409,ENSMUSG00000047085,Lrrc4b
25,LRRC9,ENSG00000131951,ENSMUSG00000021090,Lrrc9
26,LRRC41,ENSG00000132128,ENSMUSG00000028703,Lrrc41
27,LPIN3,ENSG00000132793,ENSMUSG00000027412,Lpin3
28,LRRIQ1,ENSG00000133640,ENSMUSG00000019892,Lrriq1
29,LRRCC1,ENSG00000133739,ENSMUSG00000027550,Lrrcc1
30,LRP4,ENSG00000134569,ENSMUSG00000027253,Lrp4
31,LRCH1,ENSG00000136141,ENSMUSG00000068015,Lrch1
32,LRRC8A,ENSG00000136802,ENSMUSG00000007476,Lrrc8a
33,LRRC1,ENSG00000137269,ENSMUSG00000032352,Lrrc1
34,LRRC32,ENSG00000137507,ENSMUSG00000090958,Lrrc32
35,LRRC49,ENSG00000137821,ENSMUSG00000047766,Lrrc49
36,LRPPRC,ENSG00000138095,ENSMUSG00000024120,Lrpprc
37,LRIG3,ENSG00000139263,ENSMUSG00000020105,Lrig3
38,LRRC46,ENSG00000141294,ENSMUSG00000020878,Lrrc46
39,LRIG1,ENSG00000144749,ENSMUSG00000030029,Lrig1
40,LPP,ENSG00000145012,ENSMUSG00000033306,Lpp
41,LRP12,ENSG00000147650,ENSMUSG00000022305,Lrp12
42,LRIT1,ENSG00000148602,ENSMUSG00000041044,Lrit1
43,LRRC27,ENSG00000148814,ENSMUSG00000015980,Lrrc27
44,LRRC4C,ENSG00000148948,ENSMUSG00000050587,Lrrc4c
45,LRGUK,ENSG00000155530,ENSMUSG00000056215,Lrguk
46,LRFN2,ENSG00000156564,ENSMUSG00000040490,Lrfn2
47,LRP8,ENSG00000157193,ENSMUSG00000028613,Lrp8
48,LRRC43,ENSG00000158113,ENSMUSG00000063409,Lrrc43
49,LRRC36,ENSG00000159708,ENSMUSG00000054320,Lrrc36
50,LRRC3,ENSG00000160233,ENSMUSG00000051652,Lrrc3
51,LRRC14,ENSG00000160959,ENSMUSG00000033728,Lrrc14
52,LRRC56,ENSG00000161328,ENSMUSG00000038637,Lrrc56
53,LRP5,ENSG00000162337,ENSMUSG00000024913,Lrp5
54,LRRC38,ENSG00000162494,ENSMUSG00000028584,Lrrc38
55,LRRIQ3,ENSG00000162620,ENSMUSG00000028182,Lrriq3
56,LRRC52,ENSG00000162763,ENSMUSG00000040485,Lrrc52
57,LRRC58,ENSG00000163428,ENSMUSG00000034158,Lrrc58
58,LRRC2,ENSG00000163827,ENSMUSG00000032495,Lrrc2
59,LRPAP1,ENSG00000163956,ENSMUSG00000029103,Lrpap1
60,LRFN5,ENSG00000165379,ENSMUSG00000035653,Lrfn5
61,LRRC18,ENSG00000165383,ENSMUSG00000041673,Lrrc18
62,LRR1,ENSG00000165501,ENSMUSG00000034883,Lrr1
63,LPO,ENSG00000167419,ENSMUSG00000009356,Lpo
64,LRP1B,ENSG00000168702,ENSMUSG00000049252,Lrp1b
65,LRRC28,ENSG00000168904,ENSMUSG00000030556,Lrrc28
66,LRRC45,ENSG00000169683,ENSMUSG00000025145,Lrrc45
67,LRRC8E,ENSG00000171017,ENSMUSG00000046589,Lrrc8e
68,LRG1,ENSG00000171236,ENSMUSG00000037095,Lrg1
69,LRRC8C,ENSG00000171488,ENSMUSG00000054720,Lrrc8c
70,LRRC8D,ENSG00000171492,ENSMUSG00000046079,Lrrc8d
71,LRRC34,ENSG00000171757,ENSMUSG00000027702,Lrrc34
72,LRRC15,ENSG00000172061,ENSMUSG00000052316,Lrrc15
73,LRRC20,ENSG00000172731,ENSMUSG00000037151,Lrrc20
74,LRFN4,ENSG00000173621,ENSMUSG00000045045,Lrfn4
75,LRRC63,ENSG00000173988,ENSMUSG00000021997,Lrrc63
76,LPL,ENSG00000175445,ENSMUSG00000015568,Lpl
77,LRRC25,ENSG00000175489,ENSMUSG00000049988,Lrrc25
78,LRRC3B,ENSG00000179796,ENSMUSG00000045201,Lrrc3b
79,LRRC57,ENSG00000180979,ENSMUSG00000027286,Lrrc57
80,LRIT3,ENSG00000183423,ENSMUSG00000093865,Lrit3
81,LRRC55,ENSG00000183908,ENSMUSG00000075224,Lrrc55
82,LRRC51,ENSG00000184154,ENSMUSG00000064307,Lrrc51
83,LRRC19,ENSG00000184434,ENSMUSG00000049799,Lrrc19
84,LRRC26,ENSG00000184709,ENSMUSG00000026961,Lrrc26
85,LRRC14B,ENSG00000185028,ENSMUSG00000021579,Lrrc14b
86,LRCH3,ENSG00000186001,ENSMUSG00000022801,Lrch3
87,LRRIQ4,ENSG00000188306,ENSMUSG00000027703,Lrriq4
88,LRRC66,ENSG00000188993,ENSMUSG00000067206,Lrrc66
89,LRRC8B,ENSG00000197147,ENSMUSG00000070639,Lrrc8b
90,LRP10,ENSG00000197324,ENSMUSG00000022175,Lrp10
91,LRBA,ENSG00000198589,ENSMUSG00000028080,Lrba
92,LRIG2,ENSG00000198799,ENSMUSG00000032913,Lrig2
93,LRRC10,ENSG00000198812,ENSMUSG00000060187,Lrrc10
94,LRIT2,ENSG00000204033,ENSMUSG00000043418,Lrit2
95,LRRC10B,ENSG00000204950,ENSMUSG00000090291,Lrrc10b
96,LRRC30,ENSG00000206422,ENSMUSG00000073375,Lrrc30
97,LRRC69,ENSG00000214954,ENSMUSG00000023151,Lrrc69
98,LRRC24,ENSG00000254402,ENSMUSG00000033707,Lrrc24
99,,,ENSMUSG00000026305,Lrrfip1
0,LUC7L,ENSG00000007392,ENSMUSG00000024188,Luc7l
1,LYPLA2,ENSG00000011009,ENSMUSG00000028670,Lypla2
2,LTF,ENSG00000012223,ENSMUSG00000032496,Ltf
3,LSG1,ENSG00000041802,ENSMUSG00000022538,Lsg1
4,LTBP1,ENSG00000049323,ENSMUSG00000001870,Ltbp1
5,LY75,ENSG00000054219,ENSMUSG00000026980,Ly75
6,LTK,ENSG00000062524,ENSMUSG00000027297,Ltk
7,LXN,ENSG00000079257,ENSMUSG00000047557,Lxn
8,LYRM2,ENSG00000083099,ENSMUSG00000045854,Lyrm2
9,LTBP4,ENSG00000090006,ENSMUSG00000040488,Ltbp4
10,LYRM1,ENSG00000102897,ENSMUSG00000030922,Lyrm1
11,LYL1,ENSG00000104903,ENSMUSG00000034041,Lyl1
12,LSR,ENSG00000105699,ENSMUSG00000001247,Lsr
13,LSM5,ENSG00000106355,ENSMUSG00000091625,Lsm5
14,LUC7L3,ENSG00000108848,ENSMUSG00000020863,Luc7l3
15,LTA4H,ENSG00000111144,ENSMUSG00000015889,Lta4h
16,LTBR,ENSG00000111321,ENSMUSG00000030339,Ltbr
17,LY86,ENSG00000112799,ENSMUSG00000021423,Ly86
18,LTBP2,ENSG00000119681,ENSMUSG00000002020,Ltbp2
19,LYPLA1,ENSG00000120992,ENSMUSG00000025903,Lypla1
20,LY9,ENSG00000122224,ENSMUSG00000004707,Ly9
21,LYPD3,ENSG00000124466,ENSMUSG00000057454,Lypd3
22,LRRN4,ENSG00000125872,ENSMUSG00000043110,Lrrn4
23,LSM7,ENSG00000130332,ENSMUSG00000035215,Lsm7
24,LSM4,ENSG00000130520,ENSMUSG00000031848,Lsm4
25,LSP1,ENSG00000130592,ENSMUSG00000018819,Lsp1
26,LTV1,ENSG00000135521,ENSMUSG00000019814,Ltv1
27,LUM,ENSG00000139329,ENSMUSG00000036446,Lum
28,LYSMD2,ENSG00000140280,ENSMUSG00000032184,Lysmd2
29,LYPLAL1,ENSG00000143353,ENSMUSG00000039246,Lyplal1
30,LYST,ENSG00000143669,ENSMUSG00000019726,Lyst
31,LYG1,ENSG00000144214,ENSMUSG00000026085,Lyg1
32,LRTM1,ENSG00000144771,ENSMUSG00000045776,Lrtm1
33,LYAR,ENSG00000145220,ENSMUSG00000067367,Lyar
34,LRRTM2,ENSG00000146006,ENSMUSG00000071862,Lrrtm2
35,LUC7L2,ENSG00000146963,ENSMUSG00000029823,Luc7l2
36,LRSAM1,ENSG00000148356,ENSMUSG00000026792,Lrsam1
37,LSM14B,ENSG00000149657,ENSMUSG00000039108,Lsm14b
38,LYPD1,ENSG00000150551,ENSMUSG00000026344,Lypd1
39,LYPD6B,ENSG00000150556,ENSMUSG00000026765,Lypd6b
40,LRRK1,ENSG00000154237,ENSMUSG00000015133,Lrrk1
41,LY96,ENSG00000154589,ENSMUSG00000025779,Ly96
42,LSM11,ENSG00000155858,ENSMUSG00000044847,Lsm11
43,LYPD5,ENSG00000159871,ENSMUSG00000030484,Lypd5
44,LSS,ENSG00000160285,ENSMUSG00000033105,Lss
45,LY6K,ENSG00000160886,ENSMUSG00000044678,Ly6k
46,LY6E,ENSG00000160932,ENSMUSG00000022587,Ly6e
47,LRWD1,ENSG00000161036,ENSMUSG00000029703,Lrwd1
48,LSM12,ENSG00000161654,ENSMUSG00000020922,Lsm12
49,LRRTM1,ENSG00000162951,ENSMUSG00000060780,Lrrtm1
50,LYSMD1,ENSG00000163155,ENSMUSG00000053769,Lysmd1
51,LSM6,ENSG00000164167,ENSMUSG00000031683,Lsm6
52,LRTM2,ENSG00000166159,ENSMUSG00000055003,Lrtm2
53,LY6D,ENSG00000167656,ENSMUSG00000034634,Ly6d
54,LTBP3,ENSG00000168056,ENSMUSG00000024940,Ltbp3
55,LUZP1,ENSG00000169641,ENSMUSG00000001089,Luzp1
56,LRRN2,ENSG00000170382,ENSMUSG00000026443,Lrrn2
57,LSM3,ENSG00000170860,ENSMUSG00000034192,Lsm3
58,LRRN3,ENSG00000173114,ENSMUSG00000036295,Lrrn3
59,LSM1,ENSG00000175324,ENSMUSG00000037296,Lsm1
60,LRRN1,ENSG00000175928,ENSMUSG00000034648,Lrrn1
61,LYSMD3,ENSG00000176018,ENSMUSG00000035840,Lysmd3
62,LRRTM4,ENSG00000176204,ENSMUSG00000052581,Lrrtm4
63,LY6H,ENSG00000176956,ENSMUSG00000022577,Ly6h
64,LRRN4CL,ENSG00000177363,ENSMUSG00000071656,Lrrn4cl
65,LYNX1,ENSG00000180155,ENSMUSG00000022594,Lynx1
66,LSM10,ENSG00000181817,ENSMUSG00000050188,Lsm10
67,LYSMD4,ENSG00000183060,ENSMUSG00000043831,Lysmd4
68,LSAMP,ENSG00000185565,ENSMUSG00000061080,Lsamp
69,LYG2,ENSG00000185674,ENSMUSG00000061584,Lyg2
70,LYRM7,ENSG00000186687,ENSMUSG00000020268,Lyrm7
71,LYPD6,ENSG00000187123,ENSMUSG00000050447,Lypd6
72,LUZP2,ENSG00000187398,ENSMUSG00000063297,Luzp2
73,LRRK2,ENSG00000188906,ENSMUSG00000036273,Lrrk2
74,LYPD2,ENSG00000197353,ENSMUSG00000022595,Lypd2
75,LRRTM3,ENSG00000198739,ENSMUSG00000042846,Lrrtm3
76,LTN1,ENSG00000198862,ENSMUSG00000052299,Ltn1
77,LSM2,ENSG00000204392,ENSMUSG00000007050,Lsm2
78,LY6G6C,ENSG00000204421,ENSMUSG00000092586,Ly6g6c
79,LY6G6F,ENSG00000204424,ENSMUSG00000034923,Ly6g6f
80,LY6G5C,ENSG00000204428,ENSMUSG00000034482,Ly6g5c
81,LST1,ENSG00000204482,ENSMUSG00000073412,Lst1
82,LTB4R2,ENSG00000213906,ENSMUSG00000040432,Ltb4r2
83,LYRM4,ENSG00000214113,ENSMUSG00000046573,Lyrm4
84,LTA,ENSG00000226979,ENSMUSG00000024402,Lta
85,LTB,ENSG00000227507,ENSMUSG00000024399,Ltb
86,LY6G5B,ENSG00000240053,ENSMUSG00000043807,Ly6g5b
87,LY6G6D,ENSG00000244355,ENSMUSG00000073413,Ly6g6d
88,LYN,ENSG00000254087,ENSMUSG00000042228,Lyn
89,LSM14A,ENSG00000257103,ENSMUSG00000066568,Lsm14a
90,LYPD4,ENSG00000273111,ENSMUSG00000062732,Lypd4
91,LY6S,ENSG00000291309,ENSMUSG00000022583,Ly6f
92,LY6S,ENSG00000291309,ENSMUSG00000022584,Ly6c2
93,LY6S,ENSG00000291309,ENSMUSG00000022586,Ly6i
94,LY6S,ENSG00000291309,ENSMUSG00000075602,Ly6a
95,LY6S,ENSG00000291309,ENSMUSG00000079018,Ly6c1
96,,,ENSMUSG00000013766,Ly6g6e
97,,,ENSMUSG00000020377,Ltc4s
98,,,ENSMUSG00000046908,Ltb4r1
99,,,ENSMUSG00000079387,Luzp4
0,MAD1L1,ENSG00000002822,ENSMUSG00000029554,Mad1l1
1,M6PR,ENSG00000003056,ENSMUSG00000007458,M6pr
2,MAN2B2,ENSG00000013288,ENSMUSG00000029119,Man2b2
3,MAMLD1,ENSG00000013619,ENSMUSG00000059401,Mamld1
4,MAP2K3,ENSG00000034152,ENSMUSG00000018932,Map2k3
5,LZTS1,ENSG00000061337,ENSMUSG00000036306,Lzts1
6,MAOB,ENSG00000069535,ENSMUSG00000040147,Maob
7,MAGI3,ENSG00000081026,ENSMUSG00000052539,Magi3
8,MAEA,ENSG00000090316,ENSMUSG00000079562,Maea
9,MAGEB2,ENSG00000099399,ENSMUSG00000035427,Mageb4
10,MADCAM1,ENSG00000099866,ENSMUSG00000020310,Madcam1
11,LZTR1,ENSG00000099949,ENSMUSG00000022761,Lztr1
12,MANBAL,ENSG00000101363,ENSMUSG00000063019,Manbal
13,MAP1LC3A,ENSG00000101460,ENSMUSG00000027602,Map1lc3a
14,MAGT1,ENSG00000102158,ENSMUSG00000031232,Magt1
15,MAGED2,ENSG00000102316,ENSMUSG00000025268,Maged2
16,MAN2B1,ENSG00000104774,ENSMUSG00000005142,Man2b1
17,MAG,ENSG00000105695,ENSMUSG00000036634,Mag
18,LZTS2,ENSG00000107816,ENSMUSG00000035342,Lzts2
19,MANBA,ENSG00000109323,ENSMUSG00000028164,Manba
20,MADD,ENSG00000110514,ENSMUSG00000040687,Madd
21,MAGOHB,ENSG00000111196,ENSMUSG00000030188,Magohb
22,MANSC1,ENSG00000111261,ENSMUSG00000032718,Mansc1
23,MAK,ENSG00000111837,ENSMUSG00000021363,Mak
24,MAN1A1,ENSG00000111885,ENSMUSG00000003746,Man1a
25,MAN2A1,ENSG00000112893,ENSMUSG00000024085,Man2a1
26,MAD2L2,ENSG00000116670,ENSMUSG00000029003,Mad2l2
27,MAN1C1,ENSG00000117643,ENSMUSG00000037306,Man1c1
28,LYZL1,ENSG00000120563,ENSMUSG00000024233,Lyzl1
29,LYZL2,ENSG00000151033,ENSMUSG00000024233,Lyzl1
30,MAGEA10,ENSG00000124260,ENSMUSG00000033343,Magea4
31,MAGEA10,ENSG00000124260,ENSMUSG00000043453,Magea10
32,MAGEA10,ENSG00000124260,ENSMUSG00000055746,Magea2
33,MAGEA10,ENSG00000124260,ENSMUSG00000063728,Magea6
34,MAGEA10,ENSG00000124260,ENSMUSG00000079349,Magea5
35,MAGEA10,ENSG00000124260,ENSMUSG00000079350,Magea8
36,MAGEA10,ENSG00000124260,ENSMUSG00000094196,Magea3
37,MAGEA10,ENSG00000124260,ENSMUSG00000096644,Magea1
38,MAD2L1BP,ENSG00000124688,ENSMUSG00000034509,Mad2l1bp
39,MAP2K2,ENSG00000126934,ENSMUSG00000035027,Map2k2
40,MACF1,ENSG00000127603,ENSMUSG00000028649,Macf1
41,MACROD1,ENSG00000133315,ENSMUSG00000036278,Macrod1
42,LYVE1,ENSG00000133800,ENSMUSG00000030787,Lyve1
43,MAN2C1,ENSG00000140400,ENSMUSG00000032295,Man2c1
44,MAEL,ENSG00000143194,ENSMUSG00000040629,Mael
45,MALL,ENSG00000144063,ENSMUSG00000027377,Mall
46,MANF,ENSG00000145050,ENSMUSG00000032575,Manf
47,MAL2,ENSG00000147676,ENSMUSG00000024479,Mal2
48,MAGI1,ENSG00000151276,ENSMUSG00000045095,Magi1
49,LYZL4,ENSG00000157093,ENSMUSG00000032530,Lyzl4
50,MAML1,ENSG00000161021,ENSMUSG00000050567,Maml1
51,MAGOH,ENSG00000162385,ENSMUSG00000028609,Magoh
52,LZIC,ENSG00000162441,ENSMUSG00000028990,Lzic
53,LZTFL1,ENSG00000163818,ENSMUSG00000025245,Lztfl1
54,MAD2L1,ENSG00000164109,ENSMUSG00000029910,Mad2l1
55,MAMDC2,ENSG00000165072,ENSMUSG00000033207,Mamdc2
56,MAP2K1,ENSG00000169032,ENSMUSG00000004936,Map2k1
57,MAL,ENSG00000172005,ENSMUSG00000027375,Mal
58,MALT1,ENSG00000172175,ENSMUSG00000032688,Malt1
59,MACROD2,ENSG00000172264,ENSMUSG00000068205,Macrod2
60,MANEA,ENSG00000172469,ENSMUSG00000040520,Manea
61,MAB21L3,ENSG00000173212,ENSMUSG00000044313,Mab21l3
62,MAGEB6,ENSG00000176746,ENSMUSG00000062162,Mageb1
63,MAGEB6B,ENSG00000232030,ENSMUSG00000062162,Mageb1
64,MAGEB6,ENSG00000176746,ENSMUSG00000073069,Mageb2
65,MAGEB6B,ENSG00000232030,ENSMUSG00000073069,Mageb2
66,MAGEB6,ENSG00000176746,ENSMUSG00000074881,Mageb3
67,MAGEB6B,ENSG00000232030,ENSMUSG00000074881,Mageb3
68,MAGEB18,ENSG00000176774,ENSMUSG00000067649,Mageb18
69,MAMSTR,ENSG00000176909,ENSMUSG00000042918,Mamstr
70,MAN1B1,ENSG00000177239,ENSMUSG00000036646,Man1b1
71,MAMDC4,ENSG00000177943,ENSMUSG00000026941,Mamdc4
72,MAF,ENSG00000178573,ENSMUSG00000055435,Maf
73,MAGED1,ENSG00000179222,ENSMUSG00000025151,Maged1
74,MAF1,ENSG00000179632,ENSMUSG00000022553,Maf1
75,MAB21L1,ENSG00000180660,ENSMUSG00000056947,Mab21l1
76,MAB21L2,ENSG00000181541,ENSMUSG00000057777,Mab21l2
77,MAFA,ENSG00000182759,ENSMUSG00000047591,Mafa
78,MACC1,ENSG00000183742,ENSMUSG00000041886,Macc1
79,MAML2,ENSG00000184384,ENSMUSG00000031925,Maml2
80,MAFF,ENSG00000185022,ENSMUSG00000042622,Maff
81,MANEAL,ENSG00000185090,ENSMUSG00000042763,Maneal
82,MAGEE2,ENSG00000186675,ENSMUSG00000031224,Magee2
83,MAGI2,ENSG00000187391,ENSMUSG00000040003,Magi2
84,MAGEH1,ENSG00000187601,ENSMUSG00000047238,Mageh1
85,MAGEB5,ENSG00000188408,ENSMUSG00000061392,Mageb5
86,MAGEB16,ENSG00000189023,ENSMUSG00000046942,Mageb16
87,MAOA,ENSG00000189221,ENSMUSG00000025037,Maoa
88,MAN2A2,ENSG00000196547,ENSMUSG00000038886,Man2a2
89,MAML3,ENSG00000196782,ENSMUSG00000061143,Maml3
90,MAFG,ENSG00000197063,ENSMUSG00000051510,Mafg
91,MAK16,ENSG00000198042,ENSMUSG00000031578,Mak16
92,MAN1A2,ENSG00000198162,ENSMUSG00000008763,Man1a2
93,MAFK,ENSG00000198517,ENSMUSG00000018143,Mafk
94,MAGEE1,ENSG00000198934,ENSMUSG00000031227,Magee1
95,MAFB,ENSG00000204103,ENSMUSG00000074622,Mafb
96,MAGEL2,ENSG00000254585,ENSMUSG00000056972,Magel2
97,MAGIX,ENSG00000269313,ENSMUSG00000031147,Magix
98,LYZL6,ENSG00000275722,ENSMUSG00000020945,Lyzl6
99,,,ENSMUSG00000031812,Map1lc3b
100,,,ENSMUSG00000069515,Lyz1
101,,,ENSMUSG00000069516,Lyz2
102,,,ENSMUSG00000082106,Mageb16-ps1
103,,,ENSMUSG00000092341,Malat1
0,MAP3K14,ENSG00000006062,ENSMUSG00000020941,Map3k14
1,MAP3K9,ENSG00000006432,ENSMUSG00000042724,Map3k9
2,MARK4,ENSG00000007047,ENSMUSG00000030397,Mark4
3,MATK,ENSG00000007264,ENSMUSG00000004933,Matk
4,MAPK8IP2,ENSG00000008735,ENSMUSG00000022619,Mapk8ip2
5,MASP2,ENSG00000009724,ENSMUSG00000028979,Masp2
6,MAP4K3,ENSG00000011566,ENSMUSG00000024242,Map4k3
7,MAP4K5,ENSG00000012983,ENSMUSG00000034761,Map4k5
8,MATR3,ENSG00000015479,ENSMUSG00000037236,Matr3
9,MARCO,ENSG00000019169,ENSMUSG00000026390,Marco
10,MAT2B,ENSG00000038274,ENSMUSG00000042032,Mat2b
11,MAPK9,ENSG00000050748,ENSMUSG00000020366,Mapk9
12,MAP2K4,ENSG00000065559,ENSMUSG00000033352,Map2k4
13,MAST4,ENSG00000069020,ENSMUSG00000034751,Mast4
14,MAPK6,ENSG00000069956,ENSMUSG00000042688,Mapk6
15,MAP4K4,ENSG00000071054,ENSMUSG00000026074,Map4k4
16,MBD3,ENSG00000071655,ENSMUSG00000035478,Mbd3
17,MARK2,ENSG00000072518,ENSMUSG00000024969,Mark2
18,MAP3K13,ENSG00000073803,ENSMUSG00000033618,Map3k13
19,MARK3,ENSG00000075413,ENSMUSG00000007411,Mark3
20,MAP2K7,ENSG00000076984,ENSMUSG00000002948,Map2k7
21,MAPRE3,ENSG00000084764,ENSMUSG00000029166,Mapre3
22,MAP3K4,ENSG00000085511,ENSMUSG00000014426,Map3k4
23,MAST2,ENSG00000086015,ENSMUSG00000003810,Mast2
24,MAVS,ENSG00000088888,ENSMUSG00000037523,Mavs
25,MAPKAPK5,ENSG00000089022,ENSMUSG00000029454,Mapkapk5
26,MAP3K1,ENSG00000095015,ENSMUSG00000021754,Map3k1
27,MAST3,ENSG00000099308,ENSMUSG00000031833,Mast3
28,MAPK1,ENSG00000100030,ENSMUSG00000063358,Mapk1
29,MAPRE1,ENSG00000101367,ENSMUSG00000027479,Mapre1
30,MAPK3,ENSG00000102882,ENSMUSG00000063065,Mapk3
31,MAZ,ENSG00000103495,ENSMUSG00000030678,Maz
32,MAP4K1,ENSG00000104814,ENSMUSG00000037337,Map4k1
33,MAST1,ENSG00000105613,ENSMUSG00000053693,Mast1
34,MAPK8,ENSG00000107643,ENSMUSG00000021936,Mapk8
35,MAP3K8,ENSG00000107968,ENSMUSG00000024235,Map3k8
36,MAP2K6,ENSG00000108984,ENSMUSG00000020623,Map2k6
37,MAPK10,ENSG00000109339,ENSMUSG00000046709,Mapk10
38,MAPK14,ENSG00000112062,ENSMUSG00000053436,Mapk14
39,MAPKAPK3,ENSG00000114738,ENSMUSG00000032577,Mapkapk3
40,MARK1,ENSG00000116141,ENSMUSG00000026620,Mark1
41,MAPKAP1,ENSG00000119487,ENSMUSG00000038696,Mapkap1
42,MASTL,ENSG00000120539,ENSMUSG00000026779,Mastl
43,MAPK8IP1,ENSG00000121653,ENSMUSG00000027223,Mapk8ip1
44,MATN4,ENSG00000124159,ENSMUSG00000016995,Matn4
45,MAX,ENSG00000125952,ENSMUSG00000059436,Max
46,MASP1,ENSG00000127241,ENSMUSG00000022887,Masp1
47,MBD4,ENSG00000129071,ENSMUSG00000030322,Mbd4
48,MAU2,ENSG00000129933,ENSMUSG00000031858,Mau2
49,MAS1,ENSG00000130368,ENSMUSG00000068037,Mas1
50,MAP3K10,ENSG00000130758,ENSMUSG00000040390,Map3k10
51,MATN3,ENSG00000132031,ENSMUSG00000020583,Matn3
52,MATN2,ENSG00000132561,ENSMUSG00000022324,Matn2
53,MAP3K7,ENSG00000135341,ENSMUSG00000028284,Map3k7
54,MAP2K5,ENSG00000137764,ENSMUSG00000058444,Map2k5
55,MAPKBP1,ENSG00000137802,ENSMUSG00000033902,Mapkbp1
56,MAPK8IP3,ENSG00000138834,ENSMUSG00000024163,Mapk8ip3
57,MAP3K12,ENSG00000139625,ENSMUSG00000023050,Map3k12
58,MAPK4,ENSG00000141639,ENSMUSG00000024558,Mapk4
59,MBD1,ENSG00000141644,ENSMUSG00000024561,Mbd1
60,MAP3K6,ENSG00000142733,ENSMUSG00000028862,Map3k6
61,MAT1A,ENSG00000151224,ENSMUSG00000037798,Mat1a
62,MBIP,ENSG00000151332,ENSMUSG00000021028,Mbip
63,MBNL1,ENSG00000152601,ENSMUSG00000027763,Mbnl1
64,MARVELD2,ENSG00000152939,ENSMUSG00000021636,Marveld2
65,MARVELD1,ENSG00000155254,ENSMUSG00000044345,Marveld1
66,MAPK13,ENSG00000156711,ENSMUSG00000004864,Mapk13
67,MATN1,ENSG00000162510,ENSMUSG00000040533,Matn1
68,MAPKAPK2,ENSG00000162889,ENSMUSG00000016528,Mapkapk2
69,MBL2,ENSG00000165471,ENSMUSG00000024863,Mbl2
70,MAPK7,ENSG00000166484,ENSMUSG00000001034,Mapk7
71,MAPRE2,ENSG00000166974,ENSMUSG00000024277,Mapre2
72,MBD6,ENSG00000166987,ENSMUSG00000025409,Mbd6
73,MAP4K2,ENSG00000168067,ENSMUSG00000024948,Map4k2
74,MAPK1IP1L,ENSG00000168175,ENSMUSG00000021840,Mapk1ip1l
75,MAPK1IP1L,ENSG00000168175,ENSMUSG00000041775,Mapk1ip1
76,MAT2A,ENSG00000168906,ENSMUSG00000053907,Mat2a
77,MAP3K2,ENSG00000169967,ENSMUSG00000024383,Map3k2
78,MBD3L1,ENSG00000170948,ENSMUSG00000038691,Mbd3l1
79,MAP3K11,ENSG00000173327,ENSMUSG00000004054,Map3k11
80,MARCKSL1,ENSG00000175130,ENSMUSG00000047945,Marcksl1
81,MBLAC2,ENSG00000176055,ENSMUSG00000051098,Mblac2
82,MAP3K15,ENSG00000180815,ENSMUSG00000031303,Map3k15
83,MAP6D1,ENSG00000180834,ENSMUSG00000041205,Map6d1
84,MAPK15,ENSG00000181085,ENSMUSG00000063704,Mapk15
85,MBD3L3,ENSG00000182315,ENSMUSG00000047508,Mbd3l2
86,MBD3L2B,ENSG00000196589,ENSMUSG00000047508,Mbd3l2
87,MBD3L4,ENSG00000205718,ENSMUSG00000047508,Mbd3l2
88,MBD3L2,ENSG00000230522,ENSMUSG00000047508,Mbd3l2
89,MBD3L5,ENSG00000237247,ENSMUSG00000047508,Mbd3l2
90,MAPK11,ENSG00000185386,ENSMUSG00000053137,Mapk11
91,MAPT,ENSG00000186868,ENSMUSG00000018411,Mapt
92,MAPK12,ENSG00000188130,ENSMUSG00000022610,Mapk12
93,MAP3K5,ENSG00000197442,ENSMUSG00000071369,Map3k5
94,MB,ENSG00000198125,ENSMUSG00000018893,Mb
95,MAP3K3,ENSG00000198909,ENSMUSG00000020700,Map3k3
96,MBD5,ENSG00000204406,ENSMUSG00000036792,Mbd5
97,MBLAC1,ENSG00000214309,ENSMUSG00000049285,Mblac1
98,MARS2,ENSG00000247626,ENSMUSG00000046994,Mars2
99,MARCKS,ENSG00000277443,ENSMUSG00000069662,Marcks
100,,,ENSMUSG00000001672,Marveld3
101,,,ENSMUSG00000024513,Mbd2
102,,,ENSMUSG00000037780,Mbl1
103,,,ENSMUSG00000086265,Marcksl1-ps4
0,MED24,ENSG00000008838,ENSMUSG00000017210,Med24
1,MBTD1,ENSG00000011258,ENSMUSG00000059474,Mbtd1
2,MBTPS2,ENSG00000012174,ENSMUSG00000046873,Mbtps2
3,MDH1,ENSG00000014641,ENSMUSG00000020321,Mdh1
4,MED17,ENSG00000042429,ENSMUSG00000031935,Med17
5,MCOLN3,ENSG00000055732,ENSMUSG00000036853,Mcoln3
6,MED29,ENSG00000063322,ENSMUSG00000003444,Med29
7,MCM10,ENSG00000065328,ENSMUSG00000026669,Mcm10
8,ME1,ENSG00000065833,ENSMUSG00000032418,Me1
9,MCM2,ENSG00000073111,ENSMUSG00000002870,Mcm2
10,MCM6,ENSG00000076003,ENSMUSG00000026355,Mcm6
11,MCAM,ENSG00000076706,ENSMUSG00000032135,Mcam
12,MBNL3,ENSG00000076770,ENSMUSG00000036109,Mbnl3
13,MCCC1,ENSG00000078070,ENSMUSG00000027709,Mccc1
14,ME2,ENSG00000082212,ENSMUSG00000024556,Me2
15,MECOM,ENSG00000085276,ENSMUSG00000027684,Mecom
16,MCOLN1,ENSG00000090674,ENSMUSG00000004567,Mcoln1
17,MED15,ENSG00000099917,ENSMUSG00000012114,Med15
18,MCAT,ENSG00000100294,ENSMUSG00000048755,Mcat
19,MCM5,ENSG00000100297,ENSMUSG00000005410,Mcm5
20,MCF2,ENSG00000101977,ENSMUSG00000031139,Mcf2
21,MCM4,ENSG00000104738,ENSMUSG00000022673,Mcm4
22,MED25,ENSG00000104973,ENSMUSG00000002968,Med25
23,MED26,ENSG00000105085,ENSMUSG00000045248,Med26
24,MED13,ENSG00000108510,ENSMUSG00000034297,Med13
25,MED31,ENSG00000108590,ENSMUSG00000020801,Med31
26,MDK,ENSG00000110492,ENSMUSG00000027239,Mdk
27,MDM1,ENSG00000111554,ENSMUSG00000020212,Mdm1
28,MCM9,ENSG00000111877,ENSMUSG00000058298,Mcm9
29,MCM3,ENSG00000112118,ENSMUSG00000041859,Mcm3
30,MDGA1,ENSG00000112139,ENSMUSG00000043557,Mdga1
31,MDN1,ENSG00000112159,ENSMUSG00000058006,Mdn1
32,MED23,ENSG00000112282,ENSMUSG00000019984,Med23
33,MDFI,ENSG00000112559,ENSMUSG00000032717,Mdfi
34,MECR,ENSG00000116353,ENSMUSG00000028910,Mecr
35,MED28,ENSG00000118579,ENSMUSG00000015804,Med28
36,MED13L,ENSG00000123066,ENSMUSG00000018076,Med13l
37,MC3R,ENSG00000124089,ENSMUSG00000038537,Mc3r
38,MCEE,ENSG00000124370,ENSMUSG00000033429,Mcee
39,MED20,ENSG00000124641,ENSMUSG00000092558,Med20
40,MEA1,ENSG00000124733,ENSMUSG00000002768,Mea1
41,MBOAT7,ENSG00000125505,ENSMUSG00000035596,Mboat7
42,MED1,ENSG00000125686,ENSMUSG00000018160,Med1
43,MCM8,ENSG00000125885,ENSMUSG00000027353,Mcm8
44,MCF2L,ENSG00000126217,ENSMUSG00000031442,Mcf2l
45,MCHR1,ENSG00000128285,ENSMUSG00000050164,Mchr1
46,MED18,ENSG00000130772,ENSMUSG00000066042,Med18
47,MCCC2,ENSG00000131844,ENSMUSG00000021646,Mccc2
48,MDFIC,ENSG00000135272,ENSMUSG00000041390,Mdfic
49,MDM2,ENSG00000135679,ENSMUSG00000020184,Mdm2
50,MED4,ENSG00000136146,ENSMUSG00000022109,Med4
51,MDC1,ENSG00000137337,ENSMUSG00000061607,Mdc1
52,MDH1B,ENSG00000138400,ENSMUSG00000025963,Mdh1b
53,MBNL2,ENSG00000139793,ENSMUSG00000022139,Mbnl2
54,MDGA2,ENSG00000139915,ENSMUSG00000034912,Mdga2
55,MCTP2,ENSG00000140563,ENSMUSG00000032776,Mctp2
56,MBTPS1,ENSG00000140943,ENSMUSG00000031835,Mbtps1
57,MCL1,ENSG00000143384,ENSMUSG00000038612,Mcl1
58,MBOAT2,ENSG00000143797,ENSMUSG00000020646,Mboat2
59,MED12L,ENSG00000144893,ENSMUSG00000056476,Med12l
60,MDH2,ENSG00000146701,ENSMUSG00000019179,Mdh2
61,MCPH1,ENSG00000147316,ENSMUSG00000039842,Mcph1
62,MED22,ENSG00000148297,ENSMUSG00000015776,Med22
63,ME3,ENSG00000151376,ENSMUSG00000030621,Me3
64,MED21,ENSG00000152944,ENSMUSG00000030291,Med21
65,MCOLN2,ENSG00000153898,ENSMUSG00000011008,Mcoln2
66,MED19,ENSG00000156603,ENSMUSG00000027080,Med19
67,MCM3AP,ENSG00000160294,ENSMUSG00000001150,Mcm3ap
68,MED27,ENSG00000160563,ENSMUSG00000026799,Med27
69,MED11,ENSG00000161920,ENSMUSG00000018923,Med11
70,MEAF6,ENSG00000163875,ENSMUSG00000028863,Meaf6
71,MED30,ENSG00000164758,ENSMUSG00000038622,Med30
72,MCM7,ENSG00000166508,ENSMUSG00000029730,Mcm7
73,MC4R,ENSG00000166603,ENSMUSG00000047259,Mc4r
74,MECP2,ENSG00000169057,ENSMUSG00000031393,Mecp2
75,MCC,ENSG00000171444,ENSMUSG00000071856,Mcc
76,MBOAT1,ENSG00000172197,ENSMUSG00000038732,Mboat1
77,MED16,ENSG00000175221,ENSMUSG00000013833,Med16
78,MCTP1,ENSG00000175471,ENSMUSG00000021596,Mctp1
79,MC5R,ENSG00000176136,ENSMUSG00000007480,Mc5r
80,MBOAT4,ENSG00000177669,ENSMUSG00000071113,Mboat4
81,MED14,ENSG00000180182,ENSMUSG00000064127,Med14
82,MCFD2,ENSG00000180398,ENSMUSG00000024150,Mcfd2
83,MED12,ENSG00000184634,ENSMUSG00000079487,Med12
84,MC2R,ENSG00000185231,ENSMUSG00000045569,Mc2r
85,MCRS1,ENSG00000187778,ENSMUSG00000037570,Mcrs1
86,MCMBP,ENSG00000197771,ENSMUSG00000048170,Mcmbp
87,MBP,ENSG00000197971,ENSMUSG00000041607,Mbp
88,MDM4,ENSG00000198625,ENSMUSG00000054387,Mdm4
89,MCTS1,ENSG00000232119,ENSMUSG00000000355,Mcts1
90,MC1R,ENSG00000258839,ENSMUSG00000074037,Mc1r
91,,,ENSMUSG00000002329,Mdp1
92,,,ENSMUSG00000021598,Med10
93,,,ENSMUSG00000022157,Mcpt8
94,,,ENSMUSG00000022226,Mcpt2
95,,,ENSMUSG00000022227,Mcpt1
96,,,ENSMUSG00000042814,Mcts2
97,,,ENSMUSG00000061068,Mcpt4
98,,,ENSMUSG00000071361,Mcpt9
99,,,ENSMUSG00000115592,Mcpt-ps1
0,MEOX1,ENSG00000005102,ENSMUSG00000001493,Meox1
1,METTL13,ENSG00000010165,ENSMUSG00000026694,Mettl13
2,MFAP3,ENSG00000037749,ENSMUSG00000020522,Mfap3
3,METTL1,ENSG00000037897,ENSMUSG00000006732,Mettl1
4,METTL22,ENSG00000067365,ENSMUSG00000039345,Mettl22
5,MEF2A,ENSG00000068305,ENSMUSG00000030557,Mef2a
6,MGAT4A,ENSG00000071073,ENSMUSG00000026110,Mgat4a
7,MEF2C,ENSG00000081189,ENSMUSG00000005583,Mef2c
8,METTL2A,ENSG00000087995,ENSMUSG00000020691,Mettl2
9,METTL2B,ENSG00000165055,ENSMUSG00000020691,Mettl2
10,MFSD11,ENSG00000092931,ENSMUSG00000020818,Mfsd11
11,MFNG,ENSG00000100060,ENSMUSG00000018169,Mfng
12,METTL4,ENSG00000101574,ENSMUSG00000055660,Mettl4
13,METRN,ENSG00000103260,ENSMUSG00000002274,Metrn
14,MEFV,ENSG00000103313,ENSMUSG00000022534,Mefv
15,MEIS3,ENSG00000105419,ENSMUSG00000041420,Meis3
16,MEGF8,ENSG00000105429,ENSMUSG00000045039,Megf8
17,MET,ENSG00000105976,ENSMUSG00000009376,Met
18,MEST,ENSG00000106484,ENSMUSG00000051855,Mest
19,MEOX2,ENSG00000106511,ENSMUSG00000036144,Meox2
20,MEGF9,ENSG00000106780,ENSMUSG00000039270,Megf9
21,MFSD10,ENSG00000109736,ENSMUSG00000001082,Mfsd10
22,METAP2,ENSG00000111142,ENSMUSG00000036112,Metap2
23,MEF2D,ENSG00000116604,ENSMUSG00000001419,Mef2d
24,MFN2,ENSG00000116688,ENSMUSG00000029020,Mfn2
25,MFAP2,ENSG00000117122,ENSMUSG00000060572,Mfap2
26,MFSD1,ENSG00000118855,ENSMUSG00000027775,Mfsd1
27,METTL8,ENSG00000123600,ENSMUSG00000041975,Mettl8
28,METTL16,ENSG00000127804,ENSMUSG00000010554,Mettl16
29,MGAT3,ENSG00000128268,ENSMUSG00000042428,Mgat3
30,MGAT1,ENSG00000131446,ENSMUSG00000020346,Mgat1
31,MEN1,ENSG00000133895,ENSMUSG00000024947,Men1
32,MED6,ENSG00000133997,ENSMUSG00000002679,Med6
33,MEIS2,ENSG00000134138,ENSMUSG00000027210,Meis2
34,MFSD9,ENSG00000135953,ENSMUSG00000041945,Mfsd9
35,METTL5,ENSG00000138382,ENSMUSG00000051730,Mettl5
36,MFAP1,ENSG00000140259,ENSMUSG00000048222,Mfap1b
37,MFAP1,ENSG00000140259,ENSMUSG00000068479,Mfap1a
38,MFGE8,ENSG00000140545,ENSMUSG00000030605,Mfge8
39,MED9,ENSG00000141026,ENSMUSG00000061650,Med9
40,MEP1B,ENSG00000141434,ENSMUSG00000024313,Mep1b
41,MEIS1,ENSG00000143995,ENSMUSG00000020160,Meis1
42,METTL21A,ENSG00000144401,ENSMUSG00000025956,Mettl21a
43,METTL14,ENSG00000145388,ENSMUSG00000028114,Mettl14
44,MEGF10,ENSG00000145794,ENSMUSG00000024593,Megf10
45,MEPCE,ENSG00000146834,ENSMUSG00000029726,Mepce
46,MFHAS1,ENSG00000147324,ENSMUSG00000070056,Mfhas1
47,MFSD6,ENSG00000151690,ENSMUSG00000041439,Mfsd6
48,MGAT5,ENSG00000152127,ENSMUSG00000036155,Mgat5
49,MEPE,ENSG00000152595,ENSMUSG00000053863,Mepe
50,MERTK,ENSG00000153208,ENSMUSG00000014361,Mertk
51,MED7,ENSG00000155868,ENSMUSG00000020397,Med7
52,MEGF11,ENSG00000157890,ENSMUSG00000036466,Megf11
53,MED8,ENSG00000159479,ENSMUSG00000006392,Med8
54,MGAT4B,ENSG00000161013,ENSMUSG00000036620,Mgat4b
55,MFSD12,ENSG00000161091,ENSMUSG00000034854,Mfsd12
56,MEGF6,ENSG00000162591,ENSMUSG00000057751,Megf6
57,MEMO1,ENSG00000162959,ENSMUSG00000058704,Memo1
58,METAP1,ENSG00000164024,ENSMUSG00000005813,Metap1
59,MFSD8,ENSG00000164073,ENSMUSG00000025759,Mfsd8
60,MELK,ENSG00000165304,ENSMUSG00000035683,Melk
61,METTL17,ENSG00000165792,ENSMUSG00000004561,Mettl17
62,METTL3,ENSG00000165819,ENSMUSG00000022160,Mettl3
63,MFAP4,ENSG00000166482,ENSMUSG00000042436,Mfap4
64,MESP1,ENSG00000166823,ENSMUSG00000030544,Mesp1
65,MEI1,ENSG00000167077,ENSMUSG00000068117,Mei1
66,MFSD3,ENSG00000167700,ENSMUSG00000019080,Mfsd3
67,MGAT2,ENSG00000168282,ENSMUSG00000043998,Mgat2
68,MFSD2A,ENSG00000168389,ENSMUSG00000028655,Mfsd2a
69,MFF,ENSG00000168958,ENSMUSG00000026150,Mff
70,METTL15,ENSG00000169519,ENSMUSG00000057234,Mettl15
71,MFN1,ENSG00000171109,ENSMUSG00000027668,Mfn1
72,METAP1D,ENSG00000172878,ENSMUSG00000041921,Metap1d
73,MGA,ENSG00000174197,ENSMUSG00000033943,Mga
74,MEX3C,ENSG00000176624,ENSMUSG00000037253,Mex3c
75,METRNL,ENSG00000176845,ENSMUSG00000039208,Metrnl
76,MEX3D,ENSG00000181588,ENSMUSG00000048696,Mex3d
77,MGAT4C,ENSG00000182050,ENSMUSG00000019888,Mgat4c
78,MFSD5,ENSG00000182544,ENSMUSG00000045665,Mfsd5
79,MEX3B,ENSG00000183496,ENSMUSG00000057706,Mex3b
80,MFSD6L,ENSG00000185156,ENSMUSG00000048329,Mfsd6l
81,MESP2,ENSG00000188095,ENSMUSG00000030543,Mesp2
82,METTL9,ENSG00000197006,ENSMUSG00000030876,Mettl9
83,MFAP5,ENSG00000197614,ENSMUSG00000030116,Mfap5
84,MEIG1,ENSG00000197889,ENSMUSG00000026650,Meig1
85,MFAP3L,ENSG00000198948,ENSMUSG00000031647,Mfap3l
86,MFSD2B,ENSG00000205639,ENSMUSG00000037336,Mfsd2b
87,METTL6,ENSG00000206562,ENSMUSG00000021891,Mettl6
88,MEF2B,ENSG00000213999,ENSMUSG00000079033,Mef2b
89,MFRP,ENSG00000235718,ENSMUSG00000034739,Mfrp
90,MEX3A,ENSG00000254726,ENSMUSG00000074480,Mex3a
91,MGAM,ENSG00000257335,ENSMUSG00000068587,Mgam
92,MEI4,ENSG00000269964,ENSMUSG00000043289,Mei4
93,,,ENSMUSG00000021268,Meg3
94,,,ENSMUSG00000023914,Mep1a
0,MGST1,ENSG00000008394,ENSMUSG00000008540,Mgst1
1,MIPEP,ENSG00000027001,ENSMUSG00000021993,Mipep
2,MGLL,ENSG00000074416,ENSMUSG00000033174,Mgll
3,MID2,ENSG00000080561,ENSMUSG00000000266,Mid2
4,MGST2,ENSG00000085871,ENSMUSG00000074604,Mgst2
5,MICALL1,ENSG00000100139,ENSMUSG00000033039,Micall1
6,MIOX,ENSG00000100253,ENSMUSG00000022613,Miox
7,MIB1,ENSG00000101752,ENSMUSG00000024294,Mib1
8,MID1,ENSG00000101871,ENSMUSG00000035299,Mid1
9,MGRN1,ENSG00000102858,ENSMUSG00000022517,Mgrn1
10,MIER2,ENSG00000105556,ENSMUSG00000042570,Mier2
11,MICU1,ENSG00000107745,ENSMUSG00000020111,Micu1
12,MINPP1,ENSG00000107789,ENSMUSG00000024896,Minpp1
13,MGP,ENSG00000111341,ENSMUSG00000030218,Mgp
14,MIIP,ENSG00000116691,ENSMUSG00000029022,Miip
15,MIF4GD,ENSG00000125457,ENSMUSG00000020743,Mif4gd
16,CLEC10A,ENSG00000132514,ENSMUSG00000040950,Mgl2
17,MICAL2,ENSG00000133816,ENSMUSG00000038244,Mical2
18,MIP,ENSG00000135517,ENSMUSG00000025389,Mip
19,MICAL1,ENSG00000135596,ENSMUSG00000019823,Mical1
20,MINK1,ENSG00000141503,ENSMUSG00000020827,Mink1
21,MGST3,ENSG00000143198,ENSMUSG00000026688,Mgst3
22,MIA2,ENSG00000150527,ENSMUSG00000021000,Mia2
23,CTAGE1,ENSG00000212710,ENSMUSG00000021000,Mia2
24,CTAGE9,ENSG00000236761,ENSMUSG00000021000,Mia2
25,CTAGE15,ENSG00000271079,ENSMUSG00000021000,Mia2
26,CTAGE6,ENSG00000271321,ENSMUSG00000021000,Mia2
27,CTAGE4,ENSG00000288784,ENSMUSG00000021000,Mia2
28,CTAGE8,ENSG00000289604,ENSMUSG00000021000,Mia2
29,MIPOL1,ENSG00000151338,ENSMUSG00000047022,Mipol1
30,MIA3,ENSG00000154305,ENSMUSG00000056050,Mia3
31,MIER3,ENSG00000155545,ENSMUSG00000032727,Mier3
32,MIOS,ENSG00000164654,ENSMUSG00000042447,Mios
33,MICALL2,ENSG00000164877,ENSMUSG00000036718,Micall2
34,MID1IP1,ENSG00000165175,ENSMUSG00000008035,Mid1ip1
35,MIDN,ENSG00000167470,ENSMUSG00000035621,Midn
36,MGAT5B,ENSG00000167889,ENSMUSG00000043857,Mgat5b
37,MGMT,ENSG00000170430,ENSMUSG00000054612,Mgmt
38,MIB2,ENSG00000197530,ENSMUSG00000029060,Mib2
39,MIER1,ENSG00000198160,ENSMUSG00000028522,Mier1
40,MIR103A2,ENSG00000199024,ENSMUSG00000065563,Mir103-2
41,MIR103A1,ENSG00000199035,ENSMUSG00000065553,Mir103-1
42,MIR133B,ENSG00000199080,ENSMUSG00000065480,Mir133b
43,MIR101-1,ENSG00000199135,ENSMUSG00000065451,Mir101a
44,MICB,ENSG00000204516,ENSMUSG00000040987,Mill2
45,MICA,ENSG00000204520,ENSMUSG00000040987,Mill2
46,MICB,ENSG00000204516,ENSMUSG00000054005,Mill1
47,MICA,ENSG00000204520,ENSMUSG00000054005,Mill1
48,MIR135A2,ENSG00000207586,ENSMUSG00000065524,Mir135a-2
49,MIR124-3,ENSG00000207598,ENSMUSG00000065454,Mir124a-3
50,MIR127,ENSG00000207608,ENSMUSG00000070076,Mir127
51,MIR138-2,ENSG00000207649,ENSMUSG00000065512,Mir138-2
52,MIR128-1,ENSG00000207654,ENSMUSG00000065520,Mir128-1
53,MIR129-1,ENSG00000207705,ENSMUSG00000065469,Mir129-1
54,MIR10B,ENSG00000207744,ENSMUSG00000065500,Mir10b
55,MIR124-2,ENSG00000207816,ENSMUSG00000093073,Mir124a-2
56,MIR105-2,ENSG00000207818,ENSMUSG00000077847,Mir105
57,MIR105-1,ENSG00000207957,ENSMUSG00000077847,Mir105
58,MIR135A1,ENSG00000207926,ENSMUSG00000065407,Mir135a-1
59,MIR125B1,ENSG00000207971,ENSMUSG00000093354,Mir125b-1
60,MIR134,ENSG00000207993,ENSMUSG00000065426,Mir134
61,MIR100,ENSG00000207994,ENSMUSG00000093011,Mir100
62,MIR125A,ENSG00000208008,ENSMUSG00000065479,Mir125a
63,MIR130A,ENSG00000208009,ENSMUSG00000065484,Mir130a
64,MIR140,ENSG00000208017,ENSMUSG00000065439,Mir140
65,MIR106B,ENSG00000208036,ENSMUSG00000065514,Mir106b
66,MIR1224,ENSG00000221120,ENSMUSG00000080669,Mir1224
67,MIR1251,ENSG00000221479,ENSMUSG00000093227,Mir1251
68,MIF,ENSG00000240972,ENSMUSG00000033307,Mif
69,MICAL3,ENSG00000243156,ENSMUSG00000051586,Mical3
70,MIR132,ENSG00000267200,ENSMUSG00000065537,Mir132
71,MIR139,ENSG00000272036,ENSMUSG00000065446,Mir139
72,MIR144,ENSG00000283819,ENSMUSG00000065401,Mir144
73,MIR133A1,ENSG00000283927,ENSMUSG00000065399,Mir133a-1
74,MIR10A,ENSG00000284038,ENSMUSG00000065519,Mir10a
75,MIR143,ENSG00000284182,ENSMUSG00000065445,Mir143
76,MIR137,ENSG00000284202,ENSMUSG00000065569,Mir137
77,MIR124-1,ENSG00000284321,ENSMUSG00000065597,Mir124a-1
78,MIR142,ENSG00000284353,ENSMUSG00000105196,Mir142
79,MIR1306,ENSG00000284464,ENSMUSG00000080452,Mir1306
80,MIR133A2,ENSG00000284508,ENSMUSG00000065460,Mir133a-2
81,,,ENSMUSG00000065414,Mir138-1
82,,,ENSMUSG00000065435,Mir135b
83,,,ENSMUSG00000065441,Mir128-2
84,,,ENSMUSG00000065456,Mir106a
85,,,ENSMUSG00000065472,Mir125b-2
86,,,ENSMUSG00000065474,Mir141
87,,,ENSMUSG00000065511,Mir129-2
88,,,ENSMUSG00000065556,Mir101b
89,,,ENSMUSG00000065572,Mir130b
90,,,ENSMUSG00000065594,Mir107
91,,,ENSMUSG00000065601,Mir146
92,,,ENSMUSG00000080331,Mir1298
93,,,ENSMUSG00000080356,Mir1247
94,,,ENSMUSG00000080406,Mir1188
95,,,ENSMUSG00000080411,Mir1193
96,,,ENSMUSG00000080441,Mir1249
97,,,ENSMUSG00000080468,Mir1195
98,,,ENSMUSG00000080533,Mir1191
99,,,ENSMUSG00000080575,Mir1190
100,,,ENSMUSG00000080586,Mir1187
101,,,ENSMUSG00000080626,Mir1192
102,,,ENSMUSG00000080645,Mir1198
103,,,ENSMUSG00000080665,Mir1199
104,,,ENSMUSG00000080687,Mir1197
105,,,ENSMUSG00000093122,Mir1264
106,,,ENSMUSG00000097767,Miat
107,,,ENSMUSG00000104858,Mir136
108,,,ENSMUSG00000106183,Mir101c
0,MIR16-2,ENSG00000198987,ENSMUSG00000065606,Mir16-2
1,MIR148B,ENSG00000199122,ENSMUSG00000065560,Mir148b
2,MIR146B,ENSG00000202569,ENSMUSG00000070127,Mir146b
3,MIR181C,ENSG00000207613,ENSMUSG00000065483,Mir181c
4,MIR194-1,ENSG00000207624,ENSMUSG00000065581,Mir194-1
5,MIR193B,ENSG00000207639,ENSMUSG00000076972,Mir193b
6,MIR183,ENSG00000207691,ENSMUSG00000065619,Mir183
7,MIR186,ENSG00000207721,ENSMUSG00000065431,Mir186
8,MIR181B2,ENSG00000207737,ENSMUSG00000065578,Mir181b-2
9,MIR181A1,ENSG00000207759,ENSMUSG00000065565,Mir181a-1
10,MIR188,ENSG00000207768,ENSMUSG00000065398,Mir188
11,MIR15B,ENSG00000207779,ENSMUSG00000065580,Mir15b
12,MIR150,ENSG00000207782,ENSMUSG00000065495,Mir150
13,MIR187,ENSG00000207797,ENSMUSG00000065532,Mir187
14,MIR196A2,ENSG00000207924,ENSMUSG00000065488,Mir196a-2
15,MIR152,ENSG00000207947,ENSMUSG00000065515,Mir152
16,MIR181B1,ENSG00000207975,ENSMUSG00000065458,Mir181b-1
17,MIR154,ENSG00000207978,ENSMUSG00000065448,Mir154
18,MIR185,ENSG00000208023,ENSMUSG00000065464,Mir185
19,MIR196B,ENSG00000283745,ENSMUSG00000065443,Mir196b
20,MIR15A,ENSG00000283785,ENSMUSG00000093007,Mir15a
21,MIR18A,ENSG00000283815,ENSMUSG00000065403,Mir18
22,MIR155,ENSG00000283904,ENSMUSG00000065397,Mir155
23,MIR192,ENSG00000283926,ENSMUSG00000065523,Mir192
24,MIR147B,ENSG00000284386,ENSMUSG00000076309,Mir147
25,MIR17,ENSG00000284536,ENSMUSG00000065508,Mir17
26,,,ENSMUSG00000065423,Mir181a-2
27,,,ENSMUSG00000065470,Mir149
28,,,ENSMUSG00000065505,Mir148a
29,,,ENSMUSG00000065538,Mir153
30,,,ENSMUSG00000065546,Mir196a-1
31,,,ENSMUSG00000065582,Mir194-2
32,,,ENSMUSG00000065596,Mir184
33,,,ENSMUSG00000076338,Mir181d
34,,,ENSMUSG00000076361,Mir182
35,,,ENSMUSG00000077111,Mir18b
36,,,ENSMUSG00000077996,Mir190b
37,,,ENSMUSG00000084458,Mir1907
38,,,ENSMUSG00000084514,Mir1893
39,,,ENSMUSG00000084516,Mir1902
40,,,ENSMUSG00000084523,Mir1903
41,,,ENSMUSG00000084535,Mir1906-1
42,,,ENSMUSG00000084559,Mir1906-2
43,,,ENSMUSG00000084564,Mir1895
44,,,ENSMUSG00000084565,Mir1901
45,,,ENSMUSG00000084590,Mir1896
46,,,ENSMUSG00000084592,Mir1898
47,,,ENSMUSG00000084651,Mir1904
48,,,ENSMUSG00000084663,Mir1900
49,,,ENSMUSG00000084728,Mir1905
50,,,ENSMUSG00000084747,Mir1899
51,,,ENSMUSG00000084751,Mir1894
52,,,ENSMUSG00000087820,Mir1928
53,,,ENSMUSG00000087844,Mir1958
54,,,ENSMUSG00000087899,Mir1942
55,,,ENSMUSG00000087932,Mir1971
56,,,ENSMUSG00000087950,Mir1948
57,,,ENSMUSG00000087993,Mir1982
58,,,ENSMUSG00000088015,Mir1932
59,,,ENSMUSG00000088054,Mir1968
60,,,ENSMUSG00000088113,Mir1960
61,,,ENSMUSG00000088141,Mir1962
62,,,ENSMUSG00000088148,Mir1983
63,,,ENSMUSG00000088248,Mir1969
64,,,ENSMUSG00000088373,Mir1956
65,,,ENSMUSG00000088414,Mir1967
66,,,ENSMUSG00000088459,Mir1941
67,,,ENSMUSG00000088464,Mir1970
68,,,ENSMUSG00000088478,Mir1946b
69,,,ENSMUSG00000088491,Mir1953
70,,,ENSMUSG00000088544,Mir1945
71,,,ENSMUSG00000088559,Mir1981
72,,,ENSMUSG00000088606,Mir1951
73,,,ENSMUSG00000088639,Mir1955
74,,,ENSMUSG00000088752,Mir1934
75,,,ENSMUSG00000088860,Mir1947
76,,,ENSMUSG00000088901,Mir1943
77,,,ENSMUSG00000088983,Mir1952
78,,,ENSMUSG00000088985,Mir1946a
79,,,ENSMUSG00000089139,Mir1964
80,,,ENSMUSG00000089151,Mir1950
81,,,ENSMUSG00000089214,Mir1931
82,,,ENSMUSG00000089219,Mir1963
83,,,ENSMUSG00000089260,Mir1929
84,,,ENSMUSG00000089268,Mir1961
85,,,ENSMUSG00000089324,Mir1936
86,,,ENSMUSG00000089371,Mir1938
87,,,ENSMUSG00000089424,Mir1930
88,,,ENSMUSG00000089432,Mir1966
89,,,ENSMUSG00000089555,Mir1933
90,,,ENSMUSG00000089726,Mir17hg
91,,,ENSMUSG00000092995,Mir16-1
92,,,ENSMUSG00000093039,Mir1912
93,,,ENSMUSG00000093336,Mir1954
94,,,ENSMUSG00000104618,Mir1839
95,,,ENSMUSG00000104797,Mir1897
96,,,ENSMUSG00000105399,Mir1843b
97,,,ENSMUSG00000105497,Mir191
98,,,ENSMUSG00000105743,Mir1949
99,,,ENSMUSG00000106344,Mir1892
0,MIR1-1,ENSG00000199017,ENSMUSG00000070144,Mir1a-1
1,MIR371A,ENSG00000199031,ENSMUSG00000078035,Mir293
2,MIR26A1,ENSG00000199075,ENSMUSG00000065513,Mir26a-1
3,MIR372,ENSG00000199095,ENSMUSG00000077903,Mir294
4,MIR372,ENSG00000199095,ENSMUSG00000078032,Mir291b
5,MIR302C,ENSG00000199102,ENSMUSG00000065482,Mir302c
6,MIR26B,ENSG00000199121,ENSMUSG00000065468,Mir26b
7,MIR302D,ENSG00000199145,ENSMUSG00000065447,Mir302d
8,MIR208A,ENSG00000199157,ENSMUSG00000065432,Mir208a
9,MIR25,ENSG00000207547,ENSMUSG00000065394,Mir25
10,MIR23B,ENSG00000207563,ENSMUSG00000065599,Mir23b
11,MIR199B,ENSG00000207581,ENSMUSG00000092807,Mir199b
12,MIR206,ENSG00000207604,ENSMUSG00000065559,Mir206
13,MIR200A,ENSG00000207607,ENSMUSG00000065400,Mir200a
14,MIR200C,ENSG00000207713,ENSMUSG00000065462,Mir200c
15,MIR222,ENSG00000207725,ENSMUSG00000065471,Mir222
16,MIR200B,ENSG00000207730,ENSMUSG00000065549,Mir200b
17,MIR218-1,ENSG00000207732,ENSMUSG00000065603,Mir218-1
18,MIR218-2,ENSG00000207739,ENSMUSG00000065583,Mir218-2
19,MIR199A1,ENSG00000207752,ENSMUSG00000065547,Mir199a-1
20,MIR26A2,ENSG00000207789,ENSMUSG00000065430,Mir26a-2
21,MIR216A,ENSG00000207798,ENSMUSG00000065539,Mir216a
22,MIR27A,ENSG00000207808,ENSMUSG00000065444,Mir27a
23,MIR27B,ENSG00000207864,ENSMUSG00000065475,Mir27b
24,MIR221,ENSG00000207870,ENSMUSG00000065422,Mir221
25,MIR204,ENSG00000207935,ENSMUSG00000065507,Mir204
26,MIR23A,ENSG00000207980,ENSMUSG00000065611,Mir23a
27,MIR199A2,ENSG00000208024,ENSMUSG00000070126,Mir199a-2
28,MIR216B,ENSG00000211520,ENSMUSG00000076318,Mir216b
29,MIR301B,ENSG00000212102,ENSMUSG00000076288,Mir301b
30,MIR208B,ENSG00000215991,ENSMUSG00000077928,Mir208b
31,MIR203B,ENSG00000283165,ENSMUSG00000065574,Mir203
32,MIR20A,ENSG00000283762,ENSMUSG00000065442,Mir20a
33,MIR29B1,ENSG00000283797,ENSMUSG00000065604,Mir29b-1
34,MIR22,ENSG00000283824,ENSMUSG00000065529,Mir22
35,MIR214,ENSG00000283844,ENSMUSG00000065516,Mir214
36,MIR29A,ENSG00000284032,ENSMUSG00000065610,Mir29a
37,MIR19B2,ENSG00000284107,ENSMUSG00000065473,Mir19b-2
38,MIR29B2,ENSG00000284203,ENSMUSG00000065412,Mir29b-2
39,MIR29C,ENSG00000284214,ENSMUSG00000065548,Mir29c
40,MIR19B1,ENSG00000284375,ENSMUSG00000076256,Mir19b-1
41,MIR1-2,ENSG00000284453,ENSMUSG00000106348,Mir1a-2
42,MIR24-1,ENSG00000284459,ENSMUSG00000105904,Mir24-1
43,MIR205,ENSG00000284485,ENSMUSG00000065533,Mir205
44,MIR223,ENSG00000284567,ENSMUSG00000076066,Mir223
45,,,ENSMUSG00000065404,Mir201
46,,,ENSMUSG00000065410,Mir298
47,,,ENSMUSG00000065415,Mir217
48,,,ENSMUSG00000065416,Mir19a
49,,,ENSMUSG00000065452,Mir207
50,,,ENSMUSG00000065502,Mir202
51,,,ENSMUSG00000065521,Mir296
52,,,ENSMUSG00000065541,Mir24-2
53,,,ENSMUSG00000065551,Mir210
54,,,ENSMUSG00000065552,Mir302a
55,,,ENSMUSG00000065562,Mir215
56,,,ENSMUSG00000065585,Mir211
57,,,ENSMUSG00000065589,Mir301
58,,,ENSMUSG00000065590,Mir212
59,,,ENSMUSG00000070129,Mir3071
60,,,ENSMUSG00000076041,Mir20b
61,,,ENSMUSG00000076222,Mir297b
62,,,ENSMUSG00000076252,Mir302b
63,,,ENSMUSG00000076956,Mir297a-3
64,,,ENSMUSG00000076976,Mir297c
65,,,ENSMUSG00000077886,Mir295
66,,,ENSMUSG00000077954,Mir297a-4
67,,,ENSMUSG00000078008,Mir291a
68,,,ENSMUSG00000078041,Mir292
69,,,ENSMUSG00000080662,Mir1b
70,,,ENSMUSG00000089357,Mir2137
71,,,ENSMUSG00000089406,Mir2136
72,,,ENSMUSG00000092673,Mir3067
73,,,ENSMUSG00000092727,Mir3062
74,,,ENSMUSG00000092741,Mir3074-1
75,,,ENSMUSG00000092781,Mir3057
76,,,ENSMUSG00000092784,Mir3077
77,,,ENSMUSG00000092867,Mir3058
78,,,ENSMUSG00000092870,Mir3061
79,,,ENSMUSG00000092952,Mir3059
80,,,ENSMUSG00000092972,Mir3078
81,,,ENSMUSG00000093037,Mir3066
82,,,ENSMUSG00000093080,Mir3060
83,,,ENSMUSG00000093081,Mir3075
84,,,ENSMUSG00000093140,Mir28b
85,,,ENSMUSG00000093156,Mir3076
86,,,ENSMUSG00000093169,Mir3079
87,,,ENSMUSG00000093273,Mir3064
88,,,ENSMUSG00000093280,Mir2861
89,,,ENSMUSG00000093351,Mir3072
90,,,ENSMUSG00000093358,Mir3063
91,,,ENSMUSG00000098807,Mir300
92,,,ENSMUSG00000104794,Mir28c
93,,,ENSMUSG00000105428,Mir3068
94,,,ENSMUSG00000105458,Mir3074-2
95,,,ENSMUSG00000105524,Mir3065
96,,,ENSMUSG00000106366,Mir3069
97,,,ENSMUSG00000119223,Mir3070b
98,,,ENSMUSG00000119229,Mir3070a
99,,,ENSMUSG00000119795,Mir297-1
0,MIR375,ENSG00000198973,ENSMUSG00000065616,Mir375
1,MIR345,ENSG00000198984,ENSMUSG00000065429,Mir345
2,MIR340,ENSG00000198995,ENSMUSG00000065417,Mir340
3,MIR370,ENSG00000199005,ENSMUSG00000065433,Mir370
4,MIR377,ENSG00000199015,ENSMUSG00000065438,Mir377
5,MIR381,ENSG00000199020,ENSMUSG00000098838,Mir381
6,MIR339,ENSG00000199023,ENSMUSG00000065593,Mir339
7,MIR335,ENSG00000199043,ENSMUSG00000065501,Mir335
8,MIR323A,ENSG00000199069,ENSMUSG00000065617,Mir323
9,MIR326,ENSG00000199090,ENSMUSG00000065571,Mir326
10,MIR30C2,ENSG00000199094,ENSMUSG00000065567,Mir30c-2
11,MIR346,ENSG00000199104,ENSMUSG00000065481,Mir346
12,MIR365A,ENSG00000199130,ENSMUSG00000065449,Mir365-1
13,MIR337,ENSG00000199151,ENSMUSG00000065526,Mir337
14,MIR30D,ENSG00000199153,ENSMUSG00000065437,Mir30d
15,MIR374A,ENSG00000199168,ENSMUSG00000106465,Mir374c
16,MIR331,ENSG00000199172,ENSMUSG00000065607,Mir331
17,MIR31,ENSG00000199177,ENSMUSG00000065408,Mir31
18,MIR34C,ENSG00000207562,ENSMUSG00000065587,Mir34c
19,MIR30B,ENSG00000207582,ENSMUSG00000065476,Mir30b
20,MIR32,ENSG00000207698,ENSMUSG00000065544,Mir32
21,MIR34B,ENSG00000207811,ENSMUSG00000065492,Mir34b
22,MIR30A,ENSG00000207827,ENSMUSG00000065405,Mir30a
23,MIR33A,ENSG00000207932,ENSMUSG00000065465,Mir33
24,MIR30C1,ENSG00000207962,ENSMUSG00000065490,Mir30c-1
25,MIR382,ENSG00000283170,ENSMUSG00000065428,Mir382
26,MIR424,ENSG00000284231,ENSMUSG00000065418,Mir322
27,MIR34A,ENSG00000284357,ENSMUSG00000065493,Mir34a
28,MIR363,ENSG00000284499,ENSMUSG00000070106,Mir363
29,MIR330,ENSG00000284544,ENSMUSG00000065543,Mir330
30,,,ENSMUSG00000065413,Mir367
31,,,ENSMUSG00000065425,Mir325
32,,,ENSMUSG00000065457,Mir383
33,,,ENSMUSG00000065489,Mir365-2
34,,,ENSMUSG00000065498,Mir379
35,,,ENSMUSG00000065499,Mir384
36,,,ENSMUSG00000065503,Mir351
37,,,ENSMUSG00000065528,Mir320
38,,,ENSMUSG00000065534,Mir324
39,,,ENSMUSG00000065561,Mir369
40,,,ENSMUSG00000065568,Mir344
41,,,ENSMUSG00000065573,Mir350
42,,,ENSMUSG00000065577,Mir329
43,,,ENSMUSG00000065600,Mir338
44,,,ENSMUSG00000070100,Mir362
45,,,ENSMUSG00000070101,Mir341
46,,,ENSMUSG00000070130,Mir328
47,,,ENSMUSG00000076006,Mir376c
48,,,ENSMUSG00000076315,Mir343
49,,,ENSMUSG00000077107,Mir344c
50,,,ENSMUSG00000077869,Mir344e
51,,,ENSMUSG00000092633,Mir3962
52,,,ENSMUSG00000092652,Mir3104
53,,,ENSMUSG00000092659,Mir3100
54,,,ENSMUSG00000092695,Mir3092
55,,,ENSMUSG00000092794,Mir3110
56,,,ENSMUSG00000092813,Mir3086
57,,,ENSMUSG00000092815,Mir3099
58,,,ENSMUSG00000092827,Mir3091
59,,,ENSMUSG00000092830,Mir3963
60,,,ENSMUSG00000092832,Mir3088
61,,,ENSMUSG00000092847,Mir344d-1
62,,,ENSMUSG00000092850,Mir344g
63,,,ENSMUSG00000092862,Mir3094
64,,,ENSMUSG00000092880,Mir3471-1
65,,,ENSMUSG00000092921,Mir344b
66,,,ENSMUSG00000092985,Mir378b
67,,,ENSMUSG00000092988,Mir3093
68,,,ENSMUSG00000093003,Mir3473c
69,,,ENSMUSG00000093042,Mir3109
70,,,ENSMUSG00000093046,Mir3081
71,,,ENSMUSG00000093087,Mir3473d
72,,,ENSMUSG00000093091,Mir3089
73,,,ENSMUSG00000093097,Mir3097
74,,,ENSMUSG00000093102,Mir3475
75,,,ENSMUSG00000093108,Mir344f
76,,,ENSMUSG00000093118,Mir3083
77,,,ENSMUSG00000093120,Mir3474
78,,,ENSMUSG00000093142,Mir3106
79,,,ENSMUSG00000093157,Mir3098
80,,,ENSMUSG00000093172,Mir3112
81,,,ENSMUSG00000093187,Mir344-2
82,,,ENSMUSG00000093215,Mir3103
83,,,ENSMUSG00000093234,Mir3085
84,,,ENSMUSG00000093241,Mir3108
85,,,ENSMUSG00000093290,Mir3572
86,,,ENSMUSG00000093293,Mir3095
87,,,ENSMUSG00000093296,Mir3102
88,,,ENSMUSG00000093348,Mir3101
89,,,ENSMUSG00000104582,Mir380
90,,,ENSMUSG00000104741,Mir3087
91,,,ENSMUSG00000105178,Mir376a
92,,,ENSMUSG00000105841,Mir3960
93,,,ENSMUSG00000105853,Mir376b
94,,,ENSMUSG00000106471,Mir3107
95,,,ENSMUSG00000118678,Mir3470a
96,,,ENSMUSG00000119499,Mir344d-3
97,,,ENSMUSG00000119636,Mir3470b
98,,,ENSMUSG00000119641,Mir344d-2
99,,,ENSMUSG00000119752,Mir30e
0,MIR494,ENSG00000194717,ENSMUSG00000070141,Mir494
1,MIR449A,ENSG00000198983,ENSMUSG00000065575,Mir449a
2,MIR448,ENSG00000199001,ENSMUSG00000065450,Mir448
3,MIR412,ENSG00000199012,ENSMUSG00000065570,Mir412
4,MIR425,ENSG00000199032,ENSMUSG00000065579,Mir425
5,MIR410,ENSG00000199092,ENSMUSG00000065497,Mir410
6,MIR409,ENSG00000199107,ENSMUSG00000105849,Mir409
7,MIR450A1,ENSG00000199132,ENSMUSG00000065486,Mir450-1
8,MIR488,ENSG00000202609,ENSMUSG00000070103,Mir488
9,MIR433,ENSG00000207569,ENSMUSG00000070072,Mir433
10,MIR490,ENSG00000207597,ENSMUSG00000070075,Mir490
11,MIR491,ENSG00000207609,ENSMUSG00000070077,Mir491
12,MIR505,ENSG00000207633,ENSMUSG00000070081,Mir505
13,MIR489,ENSG00000207656,ENSMUSG00000070107,Mir489
14,MIR455,ENSG00000207726,ENSMUSG00000070102,Mir455
15,MIR450A2,ENSG00000207755,ENSMUSG00000076399,Mir450-2
16,MIR504,ENSG00000207800,ENSMUSG00000070110,Mir504
17,MIR514A2,ENSG00000207866,ENSMUSG00000106233,Mir509
18,MIR514A3,ENSG00000207867,ENSMUSG00000106233,Mir509
19,MIR514A1,ENSG00000207868,ENSMUSG00000106233,Mir509
20,MIR509-1,ENSG00000208000,ENSMUSG00000106233,Mir509
21,MIR509-3,ENSG00000212014,ENSMUSG00000106233,Mir509
22,MIR514B,ENSG00000252583,ENSMUSG00000106233,Mir509
23,MIR431,ENSG00000208001,ENSMUSG00000070080,Mir431
24,MIR501,ENSG00000211538,ENSMUSG00000076251,Mir501
25,MIR450B,ENSG00000216001,ENSMUSG00000076050,Mir450b
26,,ENSG00000266919,ENSMUSG00000065518,Mir423
27,MIR423,ENSG00000283935,ENSMUSG00000065518,Mir423
28,MIR502,ENSG00000272080,ENSMUSG00000070108,Mir500
29,MIR486-1,ENSG00000274705,ENSMUSG00000070084,Mir486
30,MIR484,ENSG00000283736,ENSMUSG00000070074,Mir484
31,MIR497,ENSG00000284027,ENSMUSG00000105220,Mir497
32,,,ENSMUSG00000065427,Mir429
33,,,ENSMUSG00000065477,Mir411
34,,,ENSMUSG00000065509,Mir421
35,,,ENSMUSG00000070071,Mir465
36,,,ENSMUSG00000070073,Mir470
37,,,ENSMUSG00000070078,Mir463
38,,,ENSMUSG00000070099,Mir466
39,,,ENSMUSG00000070104,Mir471
40,,,ENSMUSG00000070105,Mir495
41,,,ENSMUSG00000070128,Mir485
42,,,ENSMUSG00000070133,Mir434
43,,,ENSMUSG00000070138,Mir452
44,,,ENSMUSG00000070140,Mir483
45,,,ENSMUSG00000076122,Mir503
46,,,ENSMUSG00000076146,Mir449c
47,,,ENSMUSG00000076219,Mir487b
48,,,ENSMUSG00000076312,Mir499
49,,,ENSMUSG00000076948,Mir467e
50,,,ENSMUSG00000076994,Mir466b-3
51,,,ENSMUSG00000077021,Mir467d
52,,,ENSMUSG00000077025,Mir493
53,,,ENSMUSG00000077049,Mir467c
54,,,ENSMUSG00000077897,Mir511
55,,,ENSMUSG00000077925,Mir453
56,,,ENSMUSG00000077941,Mir466h
57,,,ENSMUSG00000077972,Mir466f-1
58,,,ENSMUSG00000077981,Mir466f-3
59,,,ENSMUSG00000077991,Mir466n
60,,,ENSMUSG00000077998,Mir466f-2
61,,,ENSMUSG00000078025,Mir466g
62,,,ENSMUSG00000078027,Mir449b
63,,,ENSMUSG00000078031,Mir466d
64,,,ENSMUSG00000080573,Mir467f
65,,,ENSMUSG00000080574,Mir466i
66,,,ENSMUSG00000087855,Mir432
67,,,ENSMUSG00000092638,Mir5112
68,,,ENSMUSG00000092639,Mir3964
69,,,ENSMUSG00000092677,Mir5106
70,,,ENSMUSG00000092734,Mir5100
71,,,ENSMUSG00000092787,Mir5116
72,,,ENSMUSG00000092852,Mir5103
73,,,ENSMUSG00000092868,Mir5113
74,,,ENSMUSG00000092922,Mir5101
75,,,ENSMUSG00000093017,Mir5108
76,,,ENSMUSG00000093060,Mir5104
77,,,ENSMUSG00000093061,Mir5098
78,,,ENSMUSG00000093096,Mir3968
79,,,ENSMUSG00000093100,Mir3971
80,,,ENSMUSG00000093176,Mir5119
81,,,ENSMUSG00000093311,Mir3965
82,,,ENSMUSG00000093315,Mir5114
83,,,ENSMUSG00000093327,Mir5107
84,,,ENSMUSG00000104884,Mir5046
85,,,ENSMUSG00000105557,Mir3966
86,,,ENSMUSG00000106074,Mir3969
87,,,ENSMUSG00000106199,Mir3967
88,,,ENSMUSG00000106253,Mir468
89,,,ENSMUSG00000106278,Mir3970
90,,,ENSMUSG00000118692,Mir466b-2
91,,,ENSMUSG00000118710,Mir467a-10
92,,,ENSMUSG00000118909,Mir467a-6
93,,,ENSMUSG00000119071,Mir465c-1
94,,,ENSMUSG00000119161,Mir467a-5
95,,,ENSMUSG00000119247,Mir467a-1
96,,,ENSMUSG00000119385,Mir467a-2
97,,,ENSMUSG00000119434,Mir467a-8
98,,,ENSMUSG00000119436,Mir465c-2
99,,,ENSMUSG00000119498,Mir467a-4
100,,,ENSMUSG00000119508,Mir467b
101,,,ENSMUSG00000119524,Mir465b-1
102,,,ENSMUSG00000119554,Mir467a-9
103,,,ENSMUSG00000119559,Mir467a-7
104,,,ENSMUSG00000119887,Mir465b-2
105,,,ENSMUSG00000119931,Mir467a-3
0,MIR582,ENSG00000202601,ENSMUSG00000076946,Mir582
1,MIR598,ENSG00000207600,ENSMUSG00000076049,Mir598
2,MIR592,ENSG00000207692,ENSMUSG00000076067,Mir592
3,MIR532,ENSG00000207758,ENSMUSG00000070139,Mir532
4,MIR542,ENSG00000207784,ENSMUSG00000076140,Mir542
5,MIR541,ENSG00000216179,ENSMUSG00000076052,Mir541
6,MIR668,ENSG00000276352,ENSMUSG00000099236,Mir668
7,MIR665,ENSG00000283159,ENSMUSG00000076313,Mir665
8,MIR675,ENSG00000284010,ENSMUSG00000076275,Mir675
9,MIR7-1,ENSG00000284179,ENSMUSG00000065434,Mir7-1
10,MIR671,ENSG00000284191,ENSMUSG00000076387,Mir671
11,,,ENSMUSG00000065609,Mir7-2
12,,,ENSMUSG00000072837,Mir546
13,,,ENSMUSG00000072900,Mir540
14,,,ENSMUSG00000076005,Mir547
15,,,ENSMUSG00000076009,Mir688
16,,,ENSMUSG00000076010,Mir615
17,,,ENSMUSG00000076014,Mir669a-2
18,,,ENSMUSG00000076028,Mir669a-3
19,,,ENSMUSG00000076060,Mir704
20,,,ENSMUSG00000076063,Mir539
21,,,ENSMUSG00000076064,Mir690
22,,,ENSMUSG00000076065,Mir681
23,,,ENSMUSG00000076068,Mir678
24,,,ENSMUSG00000076118,Mir669c
25,,,ENSMUSG00000076119,Mir698
26,,,ENSMUSG00000076120,Mir551b
27,,,ENSMUSG00000076121,Mir687
28,,,ENSMUSG00000076123,Mir700
29,,,ENSMUSG00000076126,Mir669b
30,,,ENSMUSG00000076128,Mir686
31,,,ENSMUSG00000076141,Mir693
32,,,ENSMUSG00000076145,Mir679
33,,,ENSMUSG00000076147,Mir694
34,,,ENSMUSG00000076163,Mir701
35,,,ENSMUSG00000076216,Mir695
36,,,ENSMUSG00000076218,Mir692-1
37,,,ENSMUSG00000076236,Mir682
38,,,ENSMUSG00000076240,Mir702
39,,,ENSMUSG00000076241,Mir543
40,,,ENSMUSG00000076253,Mir680-3
41,,,ENSMUSG00000076271,Mir697
42,,,ENSMUSG00000076272,Mir666
43,,,ENSMUSG00000076286,Mir672
44,,,ENSMUSG00000076316,Mir673
45,,,ENSMUSG00000076333,Mir599
46,,,ENSMUSG00000076335,Mir670
47,,,ENSMUSG00000076357,Mir653
48,,,ENSMUSG00000076372,Mir568
49,,,ENSMUSG00000076376,Mir674
50,,,ENSMUSG00000076396,Mir667
51,,,ENSMUSG00000076398,Mir676
52,,,ENSMUSG00000077001,Mir544
53,,,ENSMUSG00000077042,Mir574
54,,,ENSMUSG00000077980,Mir654
55,,,ENSMUSG00000080459,Mir669g
56,,,ENSMUSG00000080594,Mir669h
57,,,ENSMUSG00000080653,Mir669e
58,,,ENSMUSG00000080657,Mir669i
59,,,ENSMUSG00000088980,Mir669m-2
60,,,ENSMUSG00000089570,Mir669m-1
61,,,ENSMUSG00000092679,Mir5129
62,,,ENSMUSG00000092696,Mir5133
63,,,ENSMUSG00000092738,Mir5135
64,,,ENSMUSG00000092745,Mir5122
65,,,ENSMUSG00000092761,Mir5120
66,,,ENSMUSG00000092901,Mir5130
67,,,ENSMUSG00000092907,Mir5132
68,,,ENSMUSG00000092958,Mir5128
69,,,ENSMUSG00000092981,Mir5125
70,,,ENSMUSG00000093036,Mir5127
71,,,ENSMUSG00000093167,Mir5131
72,,,ENSMUSG00000093254,Mir5126
73,,,ENSMUSG00000093270,Mir5134
74,,,ENSMUSG00000093314,Mir5136
75,,,ENSMUSG00000096377,Mir5123
76,,,ENSMUSG00000104755,Mir677
77,,,ENSMUSG00000104758,Mir691
78,,,ENSMUSG00000105333,Mir684-2
79,,,ENSMUSG00000105770,Mir664
80,,,ENSMUSG00000105814,Mir703
81,,,ENSMUSG00000105913,Mir5121
82,,,ENSMUSG00000106252,Mir684-1
83,,,ENSMUSG00000119044,Mir669a-11
84,,,ENSMUSG00000119125,Mir669a-7
85,,,ENSMUSG00000119137,Mir669a-5
86,,,ENSMUSG00000119195,Mir669p-2
87,,,ENSMUSG00000119292,Mir669a-1
88,,,ENSMUSG00000119304,Mir669a-6
89,,,ENSMUSG00000119344,Mir669a-8
90,,,ENSMUSG00000119447,Mir669a-12
91,,,ENSMUSG00000119450,Mir669p-1
92,,,ENSMUSG00000119579,Mir683-1
93,,,ENSMUSG00000119616,Mir680-2
94,,,ENSMUSG00000119626,Mir669a-4
95,,,ENSMUSG00000119667,Mir683-2
96,,,ENSMUSG00000119793,Mir669j
97,,,ENSMUSG00000119803,Mir669k
98,,,ENSMUSG00000119882,Mir669a-9
99,,,ENSMUSG00000119908,Mir669a-10
0,MLXIPL,ENSG00000009950,ENSMUSG00000005373,Mlxipl
1,MKS1,ENSG00000011143,ENSMUSG00000034121,Mks1
2,MKRN2,ENSG00000075975,ENSMUSG00000000439,Mkrn2
3,MLH1,ENSG00000076242,ENSMUSG00000032498,Mlh1
4,MLLT10,ENSG00000078403,ENSMUSG00000026743,Mllt10
5,MKNK1,ENSG00000079277,ENSMUSG00000028708,Mknk1
6,MLF2,ENSG00000089693,ENSMUSG00000030120,Mlf2
7,MKNK2,ENSG00000099875,ENSMUSG00000020190,Mknk2
8,MLC1,ENSG00000100427,ENSMUSG00000035805,Mlc1
9,MLYCD,ENSG00000103150,ENSMUSG00000074064,Mlycd
10,MLX,ENSG00000108788,ENSMUSG00000017801,Mlx
11,MLEC,ENSG00000110917,ENSMUSG00000048578,Mlec
12,MLPH,ENSG00000115648,ENSMUSG00000026303,Mlph
13,MLH3,ENSG00000119684,ENSMUSG00000021245,Mlh3
14,MLANA,ENSG00000120215,ENSMUSG00000024806,Mlana
15,MKKS,ENSG00000125863,ENSMUSG00000027274,Mkks
16,MKLN1,ENSG00000128585,ENSMUSG00000025609,Mkln1
17,MIS18BP1,ENSG00000129534,ENSMUSG00000047534,Mis18bp1
18,MLLT1,ENSG00000130382,ENSMUSG00000024212,Mllt1
19,MKRN1,ENSG00000133606,ENSMUSG00000029922,Mkrn1
20,MMAB,ENSG00000139428,ENSMUSG00000029575,Mmab
21,MKI67,ENSG00000148773,ENSMUSG00000031004,Mki67
22,MKX,ENSG00000150051,ENSMUSG00000061013,Mkx
23,MMAA,ENSG00000151611,ENSMUSG00000037022,Mmaa
24,MITD1,ENSG00000158411,ENSMUSG00000026088,Mitd1
25,MIS12,ENSG00000167842,ENSMUSG00000040599,Mis12
26,MLST8,ENSG00000167965,ENSMUSG00000024142,Mlst8
27,MLKL,ENSG00000168404,ENSMUSG00000012519,Mlkl
28,MLLT3,ENSG00000171843,ENSMUSG00000028496,Mllt3
29,MLXIP,ENSG00000175727,ENSMUSG00000038342,Mlxip
30,MLF1,ENSG00000178053,ENSMUSG00000048416,Mlf1
31,MKRN3,ENSG00000179455,ENSMUSG00000070527,Mkrn3
32,MIXL1,ENSG00000185155,ENSMUSG00000026497,Mixl1
33,MITF,ENSG00000187098,ENSMUSG00000035158,Mitf
34,MIRLET7E,ENSG00000198972,ENSMUSG00000105758,Mirlet7e
35,MIRLET7C,ENSG00000199030,ENSMUSG00000065557,Mirlet7c-1
36,MIRLET7D,ENSG00000199133,ENSMUSG00000065453,Mirlet7d
37,MIRLET7G,ENSG00000199150,ENSMUSG00000065440,Mirlet7g
38,MIR96,ENSG00000199158,ENSMUSG00000065586,Mir96
39,MIRLET7A1,ENSG00000199165,ENSMUSG00000065421,Mirlet7a-1
40,MIRLET7I,ENSG00000199179,ENSMUSG00000065406,Mirlet7i
41,MIR99B,ENSG00000207550,ENSMUSG00000065396,Mir99b
42,MIR99A,ENSG00000207638,ENSMUSG00000065530,Mir99a
43,MIR9-1,ENSG00000207933,ENSMUSG00000106493,Mir9-1
44,MIRLET7F2,ENSG00000208012,ENSMUSG00000065602,Mirlet7f-2
45,MIR770,ENSG00000211574,ENSMUSG00000076451,Mir770
46,MIR708,ENSG00000211997,ENSMUSG00000076143,Mir708
47,MLLT11,ENSG00000213190,ENSMUSG00000053192,Mllt11
48,MIR876,ENSG00000215966,ENSMUSG00000077851,Mir876
49,MIR874,ENSG00000216009,ENSMUSG00000077962,Mir874
50,MIR877,ENSG00000216101,ENSMUSG00000077931,Mir877
51,MIR744,ENSG00000266297,ENSMUSG00000076460,Mir744
52,MIR98,ENSG00000271886,ENSMUSG00000065536,Mir98
53,MLLT6,ENSG00000275023,ENSMUSG00000038437,Mllt6
54,MIR761,ENSG00000283899,ENSMUSG00000076444,Mir761
55,MIRLET7A3,ENSG00000283990,ENSMUSG00000065608,Mirlet7c-2
56,MIR711,ENSG00000284251,ENSMUSG00000076142,Mir711
57,MIR9-3,ENSG00000284329,ENSMUSG00000093238,Mir9-3
58,MIR9-2,ENSG00000284447,ENSMUSG00000065424,Mir9-2
59,,,ENSMUSG00000065491,Mir7b
60,,,ENSMUSG00000065527,Mir93
61,,,ENSMUSG00000065564,Mirlet7b
62,,,ENSMUSG00000065613,Mir92-2
63,,,ENSMUSG00000076012,Mir705
64,,,ENSMUSG00000076042,Mir710
65,,,ENSMUSG00000076051,Mir707
66,,,ENSMUSG00000076062,Mir92-1
67,,,ENSMUSG00000076127,Mir718
68,,,ENSMUSG00000076144,Mir709
69,,,ENSMUSG00000076214,Mir717
70,,,ENSMUSG00000076217,Mir706
71,,,ENSMUSG00000076255,Mir92b
72,,,ENSMUSG00000076270,Mir719
73,,,ENSMUSG00000076450,Mir804
74,,,ENSMUSG00000076453,Mir759
75,,,ENSMUSG00000076454,Mir762
76,,,ENSMUSG00000076455,Mir767
77,,,ENSMUSG00000076456,Mir760
78,,,ENSMUSG00000076457,Mir802
79,,,ENSMUSG00000076458,Mir764
80,,,ENSMUSG00000076459,Mir758
81,,,ENSMUSG00000077092,Mir742
82,,,ENSMUSG00000077119,Mir741
83,,,ENSMUSG00000077127,Mir743
84,,,ENSMUSG00000077872,Mir878
85,,,ENSMUSG00000077881,Mir882
86,,,ENSMUSG00000077890,Mir875
87,,,ENSMUSG00000077896,Mir879
88,,,ENSMUSG00000077921,Mir872
89,,,ENSMUSG00000078002,Mir880
90,,,ENSMUSG00000078017,Mir883a
91,,,ENSMUSG00000078024,Mir883b
92,,,ENSMUSG00000078038,Mir881
93,,,ENSMUSG00000092770,Mirlet7a-2
94,,,ENSMUSG00000097391,Mirg
95,,,ENSMUSG00000105621,Mirlet7f-1
96,,,ENSMUSG00000106479,Mir721
97,,,ENSMUSG00000119111,Mir713
98,,,ENSMUSG00000119361,Mir871
99,,,ENSMUSG00000119547,Mir743b
0,MPO,ENSG00000005381,ENSMUSG00000009350,Mpo
1,MPND,ENSG00000008382,ENSMUSG00000003199,Mpnd
2,MMP25,ENSG00000008516,ENSMUSG00000023903,Mmp25
3,MNAT1,ENSG00000020426,ENSMUSG00000021103,Mnat1
4,MPHOSPH9,ENSG00000051825,ENSMUSG00000038126,Mphosph9
5,MON2,ENSG00000061987,ENSMUSG00000034602,Mon2
6,MNT,ENSG00000070444,ENSMUSG00000000282,Mnt
7,MOV10L1,ENSG00000073146,ENSMUSG00000015365,Mov10l1
8,MOCOS,ENSG00000075643,ENSMUSG00000039616,Mocos
9,MOXD1,ENSG00000079931,ENSMUSG00000020000,Moxd1
10,MPP4,ENSG00000082126,ENSMUSG00000079550,Mpp4
11,MMP2,ENSG00000087245,ENSMUSG00000031740,Mmp2
12,MMP11,ENSG00000099953,ENSMUSG00000000901,Mmp11
13,MMP9,ENSG00000100985,ENSMUSG00000017737,Mmp9
14,MOSPD1,ENSG00000101928,ENSMUSG00000023074,Mospd1
15,MMP15,ENSG00000102996,ENSMUSG00000031790,Mmp15
16,MON1B,ENSG00000103111,ENSMUSG00000078908,Mon1b
17,MPG,ENSG00000103152,ENSMUSG00000020287,Mpg
18,MOSPD3,ENSG00000106330,ENSMUSG00000037221,Mospd3
19,MPDZ,ENSG00000107186,ENSMUSG00000028402,Mpdz
20,MPP2,ENSG00000108852,ENSMUSG00000017314,Mpp2
21,MMD,ENSG00000108960,ENSMUSG00000003948,Mmd
22,MORC1,ENSG00000114487,ENSMUSG00000022652,Morc1
23,MOB1A,ENSG00000114978,ENSMUSG00000043131,Mob1a
24,MOGS,ENSG00000115275,ENSMUSG00000030036,Mogs
25,MOB4,ENSG00000115540,ENSMUSG00000025979,Mob4
26,MORN1,ENSG00000116151,ENSMUSG00000029049,Morn1
27,MPL,ENSG00000117400,ENSMUSG00000006389,Mpl
28,MMP8,ENSG00000118113,ENSMUSG00000005800,Mmp8
29,MOB3B,ENSG00000120162,ENSMUSG00000073910,Mob3b
30,MND1,ENSG00000121211,ENSMUSG00000033752,Mnd1
31,MMP19,ENSG00000123342,ENSMUSG00000025355,Mmp19
32,MORF4L2,ENSG00000123562,ENSMUSG00000031422,Morf4l2
33,MOGAT1,ENSG00000124003,ENSMUSG00000012187,Mogat1
34,MOCS3,ENSG00000124217,ENSMUSG00000074576,Mocs3
35,MPHOSPH10,ENSG00000124383,ENSMUSG00000030521,Mphosph10
36,MOCS1,ENSG00000124615,ENSMUSG00000064120,Mocs1
37,MMP24,ENSG00000125966,ENSMUSG00000027612,Mmp24
38,MPDU1,ENSG00000129255,ENSMUSG00000018761,Mpdu1
39,MOSPD2,ENSG00000130150,ENSMUSG00000061778,Mospd2
40,MNX1,ENSG00000130675,ENSMUSG00000001566,Mnx1
41,MPP1,ENSG00000130830,ENSMUSG00000031402,Mpp1
42,MMACHC,ENSG00000132763,ENSMUSG00000028690,Mmachc
43,MORC4,ENSG00000133131,ENSMUSG00000031434,Morc4
44,MORC2,ENSG00000133422,ENSMUSG00000034543,Morc2a
45,MORC2,ENSG00000133422,ENSMUSG00000048602,Morc2b
46,MPHOSPH6,ENSG00000135698,ENSMUSG00000031843,Mphosph6
47,MMD2,ENSG00000136297,ENSMUSG00000039533,Mmd2
48,MMP7,ENSG00000137673,ENSMUSG00000018623,Mmp7
49,MMP20,ENSG00000137674,ENSMUSG00000018620,Mmp20
50,MMP27,ENSG00000137675,ENSMUSG00000070323,Mmp27
51,MMP13,ENSG00000137745,ENSMUSG00000050578,Mmp13
52,MNS1,ENSG00000138587,ENSMUSG00000032221,Mns1
53,MMRN1,ENSG00000138722,ENSMUSG00000054641,Mmrn1
54,MORN3,ENSG00000139714,ENSMUSG00000029477,Morn3
55,MMEL1,ENSG00000142606,ENSMUSG00000058183,Mmel1
56,MOB3C,ENSG00000142961,ENSMUSG00000028709,Mob3c
57,MMS22L,ENSG00000146263,ENSMUSG00000045751,Mms22l
58,MMP3,ENSG00000149968,ENSMUSG00000043613,Mmp3
59,MPP7,ENSG00000150054,ENSMUSG00000057440,Mpp7
60,MMP21,ENSG00000154485,ENSMUSG00000030981,Mmp21
61,MMS19,ENSG00000155229,ENSMUSG00000025159,Mms19
62,MOV10,ENSG00000155363,ENSMUSG00000002227,Mov10
63,MMP16,ENSG00000156103,ENSMUSG00000028226,Mmp16
64,MMP14,ENSG00000157227,ENSMUSG00000000957,Mmp14
65,MORC3,ENSG00000159256,ENSMUSG00000039456,Morc3
66,MPP3,ENSG00000161647,ENSMUSG00000052373,Mpp3
67,MNDA,ENSG00000163563,ENSMUSG00000090272,Mndal
68,MON1A,ENSG00000164077,ENSMUSG00000032583,Mon1a
69,MOCS2,ENSG00000164172,ENSMUSG00000015536,Mocs2
70,MOAP1,ENSG00000165943,ENSMUSG00000096458,Moap1
71,MOGAT2,ENSG00000166391,ENSMUSG00000052396,Mogat2
72,MMADHC,ENSG00000168288,ENSMUSG00000026766,Mmadhc
73,MOBP,ENSG00000168314,ENSMUSG00000032517,Mobp
74,MN1,ENSG00000169184,ENSMUSG00000070576,Mn1
75,MMGT1,ENSG00000169446,ENSMUSG00000061273,Mmgt1
76,MORN4,ENSG00000171160,ENSMUSG00000049670,Morn4
77,MOB3A,ENSG00000172081,ENSMUSG00000003348,Mob3a
78,MOS,ENSG00000172680,ENSMUSG00000078365,Mos
79,MMRN2,ENSG00000173269,ENSMUSG00000041445,Mmrn2
80,MOB1B,ENSG00000173542,ENSMUSG00000006262,Mob1b
81,MPI,ENSG00000178802,ENSMUSG00000032306,Mpi
82,MOB2,ENSG00000182208,ENSMUSG00000025147,Mob2
83,MORN5,ENSG00000185681,ENSMUSG00000026894,Morn5
84,MORF4L1,ENSG00000185787,ENSMUSG00000062270,Morf4l1
85,MORN2,ENSG00000188010,ENSMUSG00000045257,Morn2
86,MMP23B,ENSG00000189409,ENSMUSG00000029061,Mmp23
87,MPHOSPH8,ENSG00000196199,ENSMUSG00000079184,Mphosph8
88,MME,ENSG00000196549,ENSMUSG00000027820,Mme
89,MMP1,ENSG00000196611,ENSMUSG00000041620,Mmp1b
90,MMP1,ENSG00000196611,ENSMUSG00000043089,Mmp1a
91,MPEG1,ENSG00000197629,ENSMUSG00000046805,Mpeg1
92,MMP17,ENSG00000198598,ENSMUSG00000029436,Mmp17
93,MOG,ENSG00000204655,ENSMUSG00000076439,Mog
94,MMP12,ENSG00000262406,ENSMUSG00000049723,Mmp12
95,MMP28,ENSG00000271447,ENSMUSG00000020682,Mmp28
96,,,ENSMUSG00000029885,Moxd2
97,,,ENSMUSG00000046487,Mospd4
98,,,ENSMUSG00000047562,Mmp10
99,,,ENSMUSG00000048497,Mmgt2
0,MRC2,ENSG00000011028,ENSMUSG00000020695,Mrc2
1,MRE11,ENSG00000020922,ENSMUSG00000031928,Mre11a
2,MRI1,ENSG00000037757,ENSMUSG00000004996,Mri1
3,MRPS10,ENSG00000048544,ENSMUSG00000034729,Mrps10
4,MRPL43,ENSG00000055950,ENSMUSG00000025208,Mrpl43
5,MPPED2,ENSG00000066382,ENSMUSG00000016386,Mpped2
6,MRPL22,ENSG00000082515,ENSMUSG00000020514,Mrpl22
7,MRPL28,ENSG00000086504,ENSMUSG00000024181,Mrpl28
8,MRPS18A,ENSG00000096080,ENSMUSG00000023967,Mrps18a
9,MRPL4,ENSG00000105364,ENSMUSG00000003299,Mrpl4
10,MRPL32,ENSG00000106591,ENSMUSG00000015672,Mrpl32
11,MRPL27,ENSG00000108826,ENSMUSG00000024414,Mrpl27
12,MRPL51,ENSG00000111639,ENSMUSG00000030335,Mrpl51
13,MRPL18,ENSG00000112110,ENSMUSG00000057388,Mrpl18
14,MRPL2,ENSG00000112651,ENSMUSG00000002767,Mrpl2
15,MRPL3,ENSG00000114686,ENSMUSG00000032563,Mrpl3
16,MPV17,ENSG00000115204,ENSMUSG00000107283,Mpv17
17,MRPL19,ENSG00000115364,ENSMUSG00000030045,Mrpl19
18,MRPL37,ENSG00000116221,ENSMUSG00000028622,Mrpl37
19,MRPS15,ENSG00000116898,ENSMUSG00000028861,Mrps15
20,MREG,ENSG00000118242,ENSMUSG00000039395,Mreg
21,MRPS14,ENSG00000120333,ENSMUSG00000058267,Mrps14
22,MPST,ENSG00000128309,ENSMUSG00000071711,Mpst
23,MRPS12,ENSG00000128626,ENSMUSG00000045948,Mrps12
24,MRPL34,ENSG00000130312,ENSMUSG00000034880,Mrpl34
25,MRPL35,ENSG00000132313,ENSMUSG00000052962,Mrpl35
26,MPRIP,ENSG00000133030,ENSMUSG00000005417,Mprip
27,MRO,ENSG00000134042,ENSMUSG00000064036,Mro
28,MRAP2,ENSG00000135324,ENSMUSG00000042761,Mrap2
29,MRPL44,ENSG00000135900,ENSMUSG00000026248,Mrpl44
30,MRPL47,ENSG00000136522,ENSMUSG00000037531,Mrpl47
31,MRPL50,ENSG00000136897,ENSMUSG00000044018,Mrpl50
32,MRPL15,ENSG00000137547,ENSMUSG00000033845,Mrpl15
33,MRPL24,ENSG00000143314,ENSMUSG00000019710,Mrpl24
34,MRPL9,ENSG00000143436,ENSMUSG00000028140,Mrpl9
35,MPZL2,ENSG00000149573,ENSMUSG00000032092,Mpzl2
36,MRPL49,ENSG00000149792,ENSMUSG00000007338,Mrpl49
37,MR1,ENSG00000153029,ENSMUSG00000026471,Mr1
38,MRPL39,ENSG00000154719,ENSMUSG00000022889,Mrpl39
39,MPPE1,ENSG00000154889,ENSMUSG00000062526,Mppe1
40,MPV17L,ENSG00000156968,ENSMUSG00000022679,Mpv17l
41,MRPL17,ENSG00000158042,ENSMUSG00000030879,Mrpl17
42,MRAS,ENSG00000158186,ENSMUSG00000032470,Mras
43,MPZ,ENSG00000158887,ENSMUSG00000056569,Mpz
44,MRPL10,ENSG00000159111,ENSMUSG00000001445,Mrpl10
45,MPZL3,ENSG00000160588,ENSMUSG00000070305,Mpzl3
46,MRPL55,ENSG00000162910,ENSMUSG00000036860,Mrpl55
47,MRPL16,ENSG00000166902,ENSMUSG00000024683,Mrpl16
48,MRPL1,ENSG00000169288,ENSMUSG00000029486,Mrpl1
49,MRGPRX1,ENSG00000170255,ENSMUSG00000050425,Mrgprb2
50,MRGPRX4,ENSG00000179817,ENSMUSG00000050425,Mrgprb2
51,MRGPRX3,ENSG00000179826,ENSMUSG00000050425,Mrgprb2
52,MRGPRX2,ENSG00000183695,ENSMUSG00000050425,Mrgprb2
53,MRGPRX1,ENSG00000170255,ENSMUSG00000050650,Mrgpra1
54,MRGPRX4,ENSG00000179817,ENSMUSG00000050650,Mrgpra1
55,MRGPRX3,ENSG00000179826,ENSMUSG00000050650,Mrgpra1
56,MRGPRX2,ENSG00000183695,ENSMUSG00000050650,Mrgpra1
57,MRGPRX1,ENSG00000170255,ENSMUSG00000050870,Mrgprb8
58,MRGPRX4,ENSG00000179817,ENSMUSG00000050870,Mrgprb8
59,MRGPRX3,ENSG00000179826,ENSMUSG00000050870,Mrgprb8
60,MRGPRX2,ENSG00000183695,ENSMUSG00000050870,Mrgprb8
61,MRGPRX1,ENSG00000170255,ENSMUSG00000052303,Mrgpra6
62,MRGPRX4,ENSG00000179817,ENSMUSG00000052303,Mrgpra6
63,MRGPRX3,ENSG00000179826,ENSMUSG00000052303,Mrgpra6
64,MRGPRX2,ENSG00000183695,ENSMUSG00000052303,Mrgpra6
65,MRGPRX1,ENSG00000170255,ENSMUSG00000067173,Mrgpra4
66,MRGPRX4,ENSG00000179817,ENSMUSG00000067173,Mrgpra4
67,MRGPRX3,ENSG00000179826,ENSMUSG00000067173,Mrgpra4
68,MRGPRX2,ENSG00000183695,ENSMUSG00000067173,Mrgpra4
69,MRGPRX1,ENSG00000170255,ENSMUSG00000070546,Mrgprb3
70,MRGPRX4,ENSG00000179817,ENSMUSG00000070546,Mrgprb3
71,MRGPRX3,ENSG00000179826,ENSMUSG00000070546,Mrgprb3
72,MRGPRX2,ENSG00000183695,ENSMUSG00000070546,Mrgprb3
73,MRGPRX1,ENSG00000170255,ENSMUSG00000070547,Mrgprb1
74,MRGPRX4,ENSG00000179817,ENSMUSG00000070547,Mrgprb1
75,MRGPRX3,ENSG00000179826,ENSMUSG00000070547,Mrgprb1
76,MRGPRX2,ENSG00000183695,ENSMUSG00000070547,Mrgprb1
77,MRGPRX1,ENSG00000170255,ENSMUSG00000070550,Mrgprb4
78,MRGPRX4,ENSG00000179817,ENSMUSG00000070550,Mrgprb4
79,MRGPRX3,ENSG00000179826,ENSMUSG00000070550,Mrgprb4
80,MRGPRX2,ENSG00000183695,ENSMUSG00000070550,Mrgprb4
81,MRGPRX1,ENSG00000170255,ENSMUSG00000070551,Mrgprb5
82,MRGPRX4,ENSG00000179817,ENSMUSG00000070551,Mrgprb5
83,MRGPRX3,ENSG00000179826,ENSMUSG00000070551,Mrgprb5
84,MRGPRX2,ENSG00000183695,ENSMUSG00000070551,Mrgprb5
85,MRGPRX1,ENSG00000170255,ENSMUSG00000070552,Mrgprx1
86,MRGPRX4,ENSG00000179817,ENSMUSG00000070552,Mrgprx1
87,MRGPRX3,ENSG00000179826,ENSMUSG00000070552,Mrgprx1
88,MRGPRX2,ENSG00000183695,ENSMUSG00000070552,Mrgprx1
89,MRGPRX1,ENSG00000170255,ENSMUSG00000074109,Mrgprx2
90,MRGPRX4,ENSG00000179817,ENSMUSG00000074109,Mrgprx2
91,MRGPRX3,ENSG00000179826,ENSMUSG00000074109,Mrgprx2
92,MRGPRX2,ENSG00000183695,ENSMUSG00000074109,Mrgprx2
93,MRGPRX1,ENSG00000170255,ENSMUSG00000074111,Mrgpra9
94,MRGPRX4,ENSG00000179817,ENSMUSG00000074111,Mrgpra9
95,MRGPRX3,ENSG00000179826,ENSMUSG00000074111,Mrgpra9
96,MRGPRX2,ENSG00000183695,ENSMUSG00000074111,Mrgpra9
97,MRGPRX1,ENSG00000170255,ENSMUSG00000078698,Mrgpra3
98,MRGPRX4,ENSG00000179817,ENSMUSG00000078698,Mrgpra3
99,MRGPRX3,ENSG00000179826,ENSMUSG00000078698,Mrgpra3
100,MRGPRX2,ENSG00000183695,ENSMUSG00000078698,Mrgpra3
101,MRGPRX1,ENSG00000170255,ENSMUSG00000093973,Mrgpra2a
102,MRGPRX4,ENSG00000179817,ENSMUSG00000093973,Mrgpra2a
103,MRGPRX3,ENSG00000179826,ENSMUSG00000093973,Mrgpra2a
104,MRGPRX2,ENSG00000183695,ENSMUSG00000093973,Mrgpra2a
105,MRGPRX1,ENSG00000170255,ENSMUSG00000096719,Mrgpra2b
106,MRGPRX4,ENSG00000179817,ENSMUSG00000096719,Mrgpra2b
107,MRGPRX3,ENSG00000179826,ENSMUSG00000096719,Mrgpra2b
108,MRGPRX2,ENSG00000183695,ENSMUSG00000096719,Mrgpra2b
109,MRAP,ENSG00000170262,ENSMUSG00000039956,Mrap
110,MRFAP1L2,ENSG00000170846,ENSMUSG00000055302,Mrfap1
111,MRFAP1L1,ENSG00000178988,ENSMUSG00000055302,Mrfap1
112,MRFAP1,ENSG00000179010,ENSMUSG00000055302,Mrfap1
113,MRPL36,ENSG00000171421,ENSMUSG00000021607,Mrpl36
114,MRPL13,ENSG00000172172,ENSMUSG00000022370,Mrpl13
115,MRPL52,ENSG00000172590,ENSMUSG00000010406,Mrpl52
116,MRGPRF,ENSG00000172935,ENSMUSG00000031070,Mrgprf
117,MRGPRD,ENSG00000172938,ENSMUSG00000051207,Mrgprd
118,MRPL11,ENSG00000174547,ENSMUSG00000024902,Mrpl11
119,MRPL48,ENSG00000175581,ENSMUSG00000030706,Mrpl48
120,MRPL14,ENSG00000180992,ENSMUSG00000023939,Mrpl14
121,MRPS11,ENSG00000181991,ENSMUSG00000030611,Mrps11
122,MRPL41,ENSG00000182154,ENSMUSG00000036850,Mrpl41
123,MRGPRG,ENSG00000182170,ENSMUSG00000050276,Mrgprg
124,MRPS16,ENSG00000182180,ENSMUSG00000049960,Mrps16
125,MRPL54,ENSG00000183617,ENSMUSG00000034932,Mrpl54
126,MRGPRE,ENSG00000184350,ENSMUSG00000048965,Mrgpre
127,MRPL30,ENSG00000185414,ENSMUSG00000026087,Mrpl30
128,MRPL40,ENSG00000185608,ENSMUSG00000022706,Mrpl40
129,MPPED1,ENSG00000186732,ENSMUSG00000041708,Mpped1
130,MRPL21,ENSG00000197345,ENSMUSG00000024829,Mrpl21
131,MPZL1,ENSG00000197965,ENSMUSG00000026566,Mpzl1
132,MRPL42,ENSG00000198015,ENSMUSG00000062981,Mrpl42
133,MRPL38,ENSG00000204316,ENSMUSG00000020775,Mrpl38
134,MRPS18B,ENSG00000204568,ENSMUSG00000024436,Mrps18b
135,MRPL53,ENSG00000204822,ENSMUSG00000030037,Mrpl53
136,MRPL23,ENSG00000214026,ENSMUSG00000037772,Mrpl23
137,,ENSG00000276345,ENSMUSG00000037772,Mrpl23
138,MRPS17,ENSG00000239789,ENSMUSG00000034211,Mrps17
139,MRPL20,ENSG00000242485,ENSMUSG00000029066,Mrpl20
140,MRPL33,ENSG00000243147,ENSMUSG00000106918,Mrpl33
141,MPV17L2,ENSG00000254858,ENSMUSG00000035559,Mpv17l2
142,MRPL46,ENSG00000259494,ENSMUSG00000030612,Mrpl46
143,MRC1,ENSG00000260314,ENSMUSG00000026712,Mrc1
144,MRPL12,ENSG00000262814,ENSMUSG00000039640,Mrpl12
145,MRM1,ENSG00000278619,ENSMUSG00000018405,Mrm1
146,MRPL45,ENSG00000278845,ENSMUSG00000018882,Mrpl45
147,,,ENSMUSG00000059408,Mrgprh
0,MSL3,ENSG00000005302,ENSMUSG00000047669,Msl3l2
1,MSR1,ENSG00000038945,ENSMUSG00000025044,Msr1
2,MRTO4,ENSG00000053372,ENSMUSG00000028741,Mrto4
3,MSH4,ENSG00000057468,ENSMUSG00000005493,Msh4
4,MTA3,ENSG00000057935,ENSMUSG00000055817,Mta3
5,MRPS35,ENSG00000061794,ENSMUSG00000040112,Mrps35
6,MRPS24,ENSG00000062582,ENSMUSG00000020477,Mrps24
7,MTMR1,ENSG00000063601,ENSMUSG00000015214,Mtmr1
8,MTHFD2,ENSG00000065911,ENSMUSG00000005667,Mthfd2
9,MTFR1,ENSG00000066855,ENSMUSG00000027601,Mtfr1
10,MRPS34,ENSG00000074071,ENSMUSG00000038880,Mrps34
11,MTIF2,ENSG00000085760,ENSMUSG00000020459,Mtif2
12,MRPS33,ENSG00000090263,ENSMUSG00000029918,Mrps33
13,MSH2,ENSG00000095002,ENSMUSG00000024151,Msh2
14,MTAP,ENSG00000099810,ENSMUSG00000062937,Mtap
15,MTHFD1,ENSG00000100714,ENSMUSG00000021048,Mthfd1
16,MRPS31,ENSG00000102738,ENSMUSG00000031533,Mrps31
17,MSLN,ENSG00000102854,ENSMUSG00000063011,Msln
18,MT4,ENSG00000102891,ENSMUSG00000031757,Mt4
19,MTHFSD,ENSG00000103248,ENSMUSG00000031816,Mthfsd
20,MTFMT,ENSG00000103707,ENSMUSG00000059183,Mtfmt
21,MTCH2,ENSG00000109919,ENSMUSG00000027282,Mtch2
22,MS4A6A,ENSG00000110077,ENSMUSG00000024677,Ms4a6b
23,MS4A6E,ENSG00000166926,ENSMUSG00000024677,Ms4a6b
24,MS4A6A,ENSG00000110077,ENSMUSG00000024679,Ms4a6d
25,MS4A6E,ENSG00000166926,ENSMUSG00000024679,Ms4a6d
26,MS4A6A,ENSG00000110077,ENSMUSG00000079419,Ms4a6c
27,MS4A6E,ENSG00000166926,ENSMUSG00000079419,Ms4a6c
28,MS4A4A,ENSG00000110079,ENSMUSG00000024675,Ms4a4c
29,MS4A4E,ENSG00000214787,ENSMUSG00000024675,Ms4a4c
30,MS4A4A,ENSG00000110079,ENSMUSG00000024678,Ms4a4d
31,MS4A4E,ENSG00000214787,ENSMUSG00000024678,Ms4a4d
32,MS4A4A,ENSG00000110079,ENSMUSG00000056290,Ms4a4b
33,MS4A4E,ENSG00000214787,ENSMUSG00000056290,Ms4a4b
34,MRPS30,ENSG00000112996,ENSMUSG00000021731,Mrps30
35,MRPS27,ENSG00000113048,ENSMUSG00000041632,Mrps27
36,MSH3,ENSG00000113318,ENSMUSG00000014850,Msh3
37,MSH6,ENSG00000116062,ENSMUSG00000005370,Msh6
38,MSX2,ENSG00000120149,ENSMUSG00000021469,Msx2
39,MTHFD1L,ENSG00000120254,ENSMUSG00000040675,Mthfd1l
40,MTIF3,ENSG00000122033,ENSMUSG00000016510,Mtif3
41,MRPS2,ENSG00000122140,ENSMUSG00000035772,Mrps2
42,MRS2,ENSG00000124532,ENSMUSG00000021339,Mrs2
43,MRPS7,ENSG00000125445,ENSMUSG00000046756,Mrps7
44,MSTO1,ENSG00000125459,ENSMUSG00000068922,Msto1
45,MRPS26,ENSG00000125901,ENSMUSG00000037740,Mrps26
46,MRPS25,ENSG00000131368,ENSMUSG00000014551,Mrps25
47,MRPS36,ENSG00000134056,ENSMUSG00000061474,Mrps36
48,MSI1,ENSG00000135097,ENSMUSG00000054256,Msi1
49,MRPS9,ENSG00000135972,ENSMUSG00000060679,Mrps9
50,MTHFS,ENSG00000136371,ENSMUSG00000066442,Mthfs
51,MTCH1,ENSG00000137409,ENSMUSG00000024012,Mtch1
52,MSTN,ENSG00000138379,ENSMUSG00000026100,Mstn
53,MTF2,ENSG00000143033,ENSMUSG00000029267,Mtf2
54,MRPS5,ENSG00000144029,ENSMUSG00000027374,Mrps5
55,MSN,ENSG00000147065,ENSMUSG00000031207,Msn
56,MRPS28,ENSG00000147586,ENSMUSG00000040269,Mrps28
57,MTDH,ENSG00000147649,ENSMUSG00000022255,Mtdh
58,MRRF,ENSG00000148187,ENSMUSG00000026887,Mrrf
59,MSRB2,ENSG00000148450,ENSMUSG00000023094,Msrb2
60,MTG1,ENSG00000148824,ENSMUSG00000039018,Mtg1
61,MTA2,ENSG00000149480,ENSMUSG00000071646,Mta2
62,MS4A3,ENSG00000149516,ENSMUSG00000024681,Ms4a3
63,MS4A2,ENSG00000149534,ENSMUSG00000024680,Ms4a2
64,MSGN1,ENSG00000151379,ENSMUSG00000047002,Msgn1
65,MSI2,ENSG00000153944,ENSMUSG00000069769,Msi2
66,MS4A1,ENSG00000156738,ENSMUSG00000024673,Ms4a1
67,MSLNL,ENSG00000162006,ENSMUSG00000041062,Mslnl
68,MSX1,ENSG00000163132,ENSMUSG00000048450,Msx1
69,MRPS18C,ENSG00000163319,ENSMUSG00000016833,Mrps18c
70,MTHFD2L,ENSG00000163738,ENSMUSG00000029376,Mthfd2l
71,MST1R,ENSG00000164078,ENSMUSG00000032584,Mst1r
72,MTMR10,ENSG00000166912,ENSMUSG00000030522,Mtmr10
73,MS4A7,ENSG00000166927,ENSMUSG00000024672,Ms4a7
74,MS4A5,ENSG00000166930,ENSMUSG00000054523,Ms4a5
75,MS4A8,ENSG00000166959,ENSMUSG00000024730,Ms4a8a
76,MS4A15,ENSG00000166961,ENSMUSG00000067571,Ms4a15
77,MTM1,ENSG00000171100,ENSMUSG00000031337,Mtm1
78,MTBP,ENSG00000172167,ENSMUSG00000022369,Mtbp
79,MS4A10,ENSG00000172689,ENSMUSG00000024731,Ms4a10
80,MST1,ENSG00000173531,ENSMUSG00000032591,Mst1
81,MSRB3,ENSG00000174099,ENSMUSG00000051236,Msrb3
82,MSL2,ENSG00000174579,ENSMUSG00000066415,Msl2
83,MRPS22,ENSG00000175110,ENSMUSG00000032459,Mrps22
84,MSRA,ENSG00000175806,ENSMUSG00000054733,Msra
85,MTHFR,ENSG00000177000,ENSMUSG00000029009,Mthfr
86,MSC,ENSG00000178860,ENSMUSG00000025930,Msc
87,MRPS23,ENSG00000181610,ENSMUSG00000023723,Mrps23
88,MTA1,ENSG00000182979,ENSMUSG00000021144,Mta1
89,MTF1,ENSG00000188786,ENSMUSG00000028890,Mtf1
90,MSL1,ENSG00000188895,ENSMUSG00000052915,Msl1
91,MT1F,ENSG00000198417,ENSMUSG00000031765,Mt1
92,MSH5,ENSG00000204410,ENSMUSG00000007035,Msh5
93,MS4A13,ENSG00000204979,ENSMUSG00000057240,Ms4a13
94,MS4A18,ENSG00000214782,ENSMUSG00000094584,Ms4a18
95,MTCP1,ENSG00000214827,ENSMUSG00000031200,Mtcp1
96,MSMP,ENSG00000215183,ENSMUSG00000078719,Msmp
97,MTFP1,ENSG00000242114,ENSMUSG00000004748,Mtfp1
98,MRPS6,ENSG00000243927,ENSMUSG00000039680,Mrps6
99,MSMB,ENSG00000263639,ENSMUSG00000021907,Msmb
100,MRPS21,ENSG00000266472,ENSMUSG00000054312,Mrps21
101,,,ENSMUSG00000025469,Msx3
102,,,ENSMUSG00000031358,Msl3
103,,,ENSMUSG00000031760,Mt3
104,,,ENSMUSG00000031762,Mt2
105,,,ENSMUSG00000091510,Mtag2
0,MTMR7,ENSG00000003987,ENSMUSG00000039431,Mtmr7
1,MYCBP2,ENSG00000005810,ENSMUSG00000033004,Mycbp2
2,MVP,ENSG00000013364,ENSMUSG00000030681,Mvp
3,MTMR11,ENSG00000014914,ENSMUSG00000045934,Mtmr11
4,MUSK,ENSG00000030304,ENSMUSG00000057280,Musk
5,MXD1,ENSG00000059728,ENSMUSG00000001156,Mxd1
6,MYBPC2,ENSG00000086967,ENSMUSG00000038670,Mybpc2
7,MTMR2,ENSG00000087053,ENSMUSG00000031918,Mtmr2
8,MUL1,ENSG00000090432,ENSMUSG00000041241,Mul1
9,MTMR3,ENSG00000100330,ENSMUSG00000034354,Mtmr3
10,MYBL2,ENSG00000101057,ENSMUSG00000017861,Mybl2
11,MYEF2,ENSG00000104177,ENSMUSG00000027201,Myef2
12,MTMR9,ENSG00000104643,ENSMUSG00000035078,Mtmr9
13,MTPN,ENSG00000105887,ENSMUSG00000029840,Mtpn
14,MTPAP,ENSG00000107951,ENSMUSG00000024234,Mtpap
15,MTMR4,ENSG00000108389,ENSMUSG00000018401,Mtmr4
16,MYH1,ENSG00000109061,ENSMUSG00000056328,Myh1
17,MVK,ENSG00000110921,ENSMUSG00000041939,Mvk
18,MYF6,ENSG00000111046,ENSMUSG00000035923,Myf6
19,MYF5,ENSG00000111049,ENSMUSG00000000435,Myf5
20,MTRF1L,ENSG00000112031,ENSMUSG00000019774,Mtrf1l
21,MTR,ENSG00000116984,ENSMUSG00000021311,Mtr
22,MUC5B,ENSG00000117983,ENSMUSG00000066108,Muc5b
23,MYB,ENSG00000118513,ENSMUSG00000019982,Myb
24,MXI1,ENSG00000119950,ENSMUSG00000025025,Mxi1
25,MYCT1,ENSG00000120279,ENSMUSG00000046916,Myct1
26,MTRF1,ENSG00000120662,ENSMUSG00000022022,Mtrf1
27,MXD4,ENSG00000123933,ENSMUSG00000037235,Mxd4
28,MTRR,ENSG00000124275,ENSMUSG00000034617,Mtrr
29,PZP,ENSG00000126838,ENSMUSG00000030131,Mug2
30,CPAMD8,ENSG00000160111,ENSMUSG00000030131,Mug2
31,PZP,ENSG00000126838,ENSMUSG00000059908,Mug1
32,CPAMD8,ENSG00000160111,ENSMUSG00000059908,Mug1
33,MTX2,ENSG00000128654,ENSMUSG00000027099,Mtx2
34,MTUS1,ENSG00000129422,ENSMUSG00000045636,Mtus1
35,MYBBP1A,ENSG00000132382,ENSMUSG00000040463,Mybbp1a
36,MUTYH,ENSG00000132781,ENSMUSG00000028687,Mutyh
37,MTUS2,ENSG00000132938,ENSMUSG00000029651,Mtus2
38,MYH10,ENSG00000133026,ENSMUSG00000020900,Myh10
39,MYBPH,ENSG00000133055,ENSMUSG00000042451,Mybph
40,MYCN,ENSG00000134323,ENSMUSG00000044597,Mycs
41,MYBPC3,ENSG00000134571,ENSMUSG00000002100,Mybpc3
42,MTNR1B,ENSG00000134640,ENSMUSG00000050901,Mtnr1b
43,MTO1,ENSG00000135297,ENSMUSG00000032342,Mto1
44,MYCBPAP,ENSG00000136449,ENSMUSG00000039110,Mycbpap
45,MYC,ENSG00000136997,ENSMUSG00000022346,Myc
46,MTTP,ENSG00000138823,ENSMUSG00000028158,Mttp
47,MTMR6,ENSG00000139505,ENSMUSG00000021987,Mtmr6
48,MYG1,ENSG00000139637,ENSMUSG00000001285,Myg1
49,MUC4,ENSG00000145113,ENSMUSG00000118672,Muc4
50,MTMR12,ENSG00000150712,ENSMUSG00000039458,Mtmr12
51,MX1,ENSG00000157601,ENSMUSG00000000386,Mx1
52,MX1,ENSG00000157601,ENSMUSG00000023341,Mx2
53,MXRA8,ENSG00000162576,ENSMUSG00000029070,Mxra8
54,MTMR14,ENSG00000163719,ENSMUSG00000030269,Mtmr14
55,MVD,ENSG00000167508,ENSMUSG00000006517,Mvd
56,MTNR1A,ENSG00000168412,ENSMUSG00000054764,Mtnr1a
57,MUC15,ENSG00000169550,ENSMUSG00000050808,Muc15
58,MTSS1,ENSG00000170873,ENSMUSG00000022353,Mtss1
59,MUS81,ENSG00000172732,ENSMUSG00000024906,Mus81
60,MYD88,ENSG00000172936,ENSMUSG00000032508,Myd88
61,MTX1,ENSG00000173171,ENSMUSG00000064068,Mtx1
62,MUC13,ENSG00000173702,ENSMUSG00000022824,Muc13
63,MUC20,ENSG00000176945,ENSMUSG00000035638,Muc20
64,MTX3,ENSG00000177034,ENSMUSG00000021704,Mtx3
65,MYADM,ENSG00000179820,ENSMUSG00000068566,Myadm
66,MUC6,ENSG00000184956,ENSMUSG00000118661,Muc6
67,MYADML2,ENSG00000185105,ENSMUSG00000025141,Myadml2
68,MUC1,ENSG00000185499,ENSMUSG00000042784,Muc1
69,MYBL1,ENSG00000185697,ENSMUSG00000025912,Mybl1
70,MYBPC1,ENSG00000196091,ENSMUSG00000020061,Mybpc1
71,MTOR,ENSG00000198793,ENSMUSG00000028991,Mtor
72,MUC19,ENSG00000205592,ENSMUSG00000118670,Muc19
73,MXD3,ENSG00000213347,ENSMUSG00000021485,Mxd3
74,MYCBP,ENSG00000214114,ENSMUSG00000028647,Mycbp
75,MUC5AC,ENSG00000215182,ENSMUSG00000037974,Muc5ac
76,MYBPHL,ENSG00000221986,ENSMUSG00000068745,Mybphl
77,MUSTN1,ENSG00000272573,ENSMUSG00000042485,Mustn1
78,,,ENSMUSG00000020814,Mxra7
79,,,ENSMUSG00000037169,Mycn
80,,,ENSMUSG00000041333,Mup4
81,,,ENSMUSG00000058523,Mup5
82,,,ENSMUSG00000060311,Mucl1
83,,,ENSMUSG00000066153,Mup21
84,,,ENSMUSG00000066154,Mup3
85,,,ENSMUSG00000073830,Mup14
86,,,ENSMUSG00000073834,Mup11
87,,,ENSMUSG00000073842,Mup7
88,,,ENSMUSG00000078672,Mup20
89,,,ENSMUSG00000078673,Mup19
90,,,ENSMUSG00000078675,Mup16
91,,,ENSMUSG00000078680,Mup10
92,,,ENSMUSG00000078683,Mup1
93,,,ENSMUSG00000078686,Mup9
94,,,ENSMUSG00000078687,Mup8
95,,,ENSMUSG00000078688,Mup2
96,,,ENSMUSG00000078689,Mup6
97,,,ENSMUSG00000089873,Mup13
98,,,ENSMUSG00000094793,Mup12
99,,,ENSMUSG00000096674,Mup15
100,,,ENSMUSG00000096688,Mup17
101,,,ENSMUSG00000101397,Mug-ps1
0,MYH13,ENSG00000006788,ENSMUSG00000060180,Myh13
1,MYLIP,ENSG00000007944,ENSMUSG00000038175,Mylip
2,MYOC,ENSG00000034971,ENSMUSG00000026697,Myoc
3,MYOM2,ENSG00000036448,ENSMUSG00000031461,Myom2
4,MYO16,ENSG00000041515,ENSMUSG00000039057,Myo16
5,MYLK,ENSG00000065534,ENSMUSG00000022836,Mylk
6,MYO9A,ENSG00000066933,ENSMUSG00000039585,Myo9a
7,MYO3B,ENSG00000071909,ENSMUSG00000042064,Myo3b
8,NAALAD2,ENSG00000077616,ENSMUSG00000043943,Naalad2
9,N4BP2,ENSG00000078177,ENSMUSG00000037795,N4bp2
10,MYH7B,ENSG00000078814,ENSMUSG00000074652,Myh7b
11,MYNN,ENSG00000085274,ENSMUSG00000037730,Mynn
12,MYH7,ENSG00000092054,ENSMUSG00000053093,Myh7
13,MYL6,ENSG00000092841,ENSMUSG00000090841,Myl6
14,MYO3A,ENSG00000095777,ENSMUSG00000025716,Myo3a
15,MZF1,ENSG00000099326,ENSMUSG00000030380,Mzf1
16,MYO9B,ENSG00000099331,ENSMUSG00000004677,Myo9b
17,MYH9,ENSG00000100345,ENSMUSG00000022443,Myh9
18,MYLK2,ENSG00000101306,ENSMUSG00000027470,Mylk2
19,MYL9,ENSG00000101335,ENSMUSG00000067818,Myl9
20,MYOM1,ENSG00000101605,ENSMUSG00000024049,Myom1
21,MYL12A,ENSG00000101608,ENSMUSG00000024048,Myl12a
22,NAA10,ENSG00000102030,ENSMUSG00000031388,Naa10
23,N4BP1,ENSG00000102921,ENSMUSG00000031652,N4bp1
24,MYH14,ENSG00000105357,ENSMUSG00000030739,Myh14
25,MYL10,ENSG00000106436,ENSMUSG00000005474,Myl10
26,MYL7,ENSG00000106631,ENSMUSG00000020469,Myl7
27,MYH3,ENSG00000109063,ENSMUSG00000020908,Myh3
28,NAA40,ENSG00000110583,ENSMUSG00000024764,Naa40
29,MYL2,ENSG00000111245,ENSMUSG00000013936,Myl2
30,NAA25,ENSG00000111300,ENSMUSG00000042719,Naa25
31,MYL12B,ENSG00000118680,ENSMUSG00000034868,Myl12b
32,MYOT,ENSG00000120729,ENSMUSG00000024471,Myot
33,NAA50,ENSG00000121579,ENSMUSG00000022698,Naa50
34,MYOG,ENSG00000122180,ENSMUSG00000026459,Myog
35,MYO1B,ENSG00000128641,ENSMUSG00000018417,Myo1b
36,MYO5C,ENSG00000128833,ENSMUSG00000033590,Myo5c
37,MYOD1,ENSG00000129152,ENSMUSG00000009471,Myod1
38,MYH8,ENSG00000133020,ENSMUSG00000055775,Myh8
39,MYH11,ENSG00000133392,ENSMUSG00000018830,Myh11
40,MYO18B,ENSG00000133454,ENSMUSG00000072720,Myo18b
41,NAA35,ENSG00000135040,ENSMUSG00000021555,Naa35
42,NACAD,ENSG00000136274,ENSMUSG00000041073,Nacad
43,MYO1G,ENSG00000136286,ENSMUSG00000020437,Myo1g
44,MYO7A,ENSG00000137474,ENSMUSG00000030761,Myo7a
45,MYOF,ENSG00000138119,ENSMUSG00000048612,Myof
46,MYPN,ENSG00000138347,ENSMUSG00000020067,Mypn
47,NAB1,ENSG00000138386,ENSMUSG00000002881,Nab1
48,NAAA,ENSG00000138744,ENSMUSG00000029413,Naaa
49,N4BP2L1,ENSG00000139597,ENSMUSG00000041132,N4bp2l1
50,NAA30,ENSG00000139977,ENSMUSG00000036282,Naa30
51,MYLK3,ENSG00000140795,ENSMUSG00000031698,Mylk3
52,MYOCD,ENSG00000141052,ENSMUSG00000020542,Myocd
53,MYO1F,ENSG00000142347,ENSMUSG00000024300,Myo1f
54,MYOM3,ENSG00000142661,ENSMUSG00000037139,Myom3
55,MYH15,ENSG00000144821,ENSMUSG00000092009,Myh15
56,MYO10,ENSG00000145555,ENSMUSG00000022272,Myo10
57,N4BP3,ENSG00000145911,ENSMUSG00000001053,N4bp3
58,MYLK4,ENSG00000145949,ENSMUSG00000044951,Mylk4
59,MZT2B,ENSG00000152082,ENSMUSG00000022671,Mzt2
60,MZT2A,ENSG00000173272,ENSMUSG00000022671,Mzt2
61,N6AMT1,ENSG00000156239,ENSMUSG00000044442,N6amt1
62,MYO1E,ENSG00000157483,ENSMUSG00000032220,Myo1e
63,MYL3,ENSG00000160808,ENSMUSG00000059741,Myl3
64,NACC1,ENSG00000160877,ENSMUSG00000001910,Nacc1
65,MYSM1,ENSG00000162601,ENSMUSG00000062627,Mysm1
66,NAA15,ENSG00000164134,ENSMUSG00000063273,Naa15
67,MYOZ3,ENSG00000164591,ENSMUSG00000049173,Myoz3
68,MYO1A,ENSG00000166866,ENSMUSG00000025401,Myo1a
69,NAB2,ENSG00000166886,ENSMUSG00000025402,Nab2
70,MYO5B,ENSG00000167306,ENSMUSG00000025885,Myo5b
71,NAALADL1,ENSG00000168060,ENSMUSG00000054999,Naaladl1
72,MYL1,ENSG00000168530,ENSMUSG00000061816,Myl1
73,MYO7B,ENSG00000169994,ENSMUSG00000024388,Myo7b
74,MYRIP,ENSG00000170011,ENSMUSG00000041794,Myrip
75,MYOZ2,ENSG00000172399,ENSMUSG00000028116,Myoz2
76,NAA16,ENSG00000172766,ENSMUSG00000022020,Naa16
77,NAA20,ENSG00000173418,ENSMUSG00000002728,Naa20
78,MYO1H,ENSG00000174527,ENSMUSG00000066952,Myo1h
79,MYPOP,ENSG00000176182,ENSMUSG00000048481,Mypop
80,MYO1D,ENSG00000176658,ENSMUSG00000035441,Myo1d
81,MYOZ1,ENSG00000177791,ENSMUSG00000068697,Myoz1
82,MYL11,ENSG00000180209,ENSMUSG00000030672,Mylpf
83,NAA38,ENSG00000183011,ENSMUSG00000059278,Naa38
84,MYT1L,ENSG00000186487,ENSMUSG00000061911,Myt1l
85,MYT1,ENSG00000196132,ENSMUSG00000010505,Myt1
86,MYL6B,ENSG00000196465,ENSMUSG00000039824,Myl6b
87,NACA,ENSG00000196531,ENSMUSG00000061315,Naca
88,MYO18A,ENSG00000196535,ENSMUSG00000000631,Myo18a
89,MYO6,ENSG00000196586,ENSMUSG00000033577,Myo6
90,MYO5A,ENSG00000197535,ENSMUSG00000034593,Myo5a
91,MYH6,ENSG00000197616,ENSMUSG00000040752,Myh6
92,MYO1C,ENSG00000197879,ENSMUSG00000017774,Myo1c
93,MYL4,ENSG00000198336,ENSMUSG00000061086,Myl4
94,MZT1,ENSG00000204899,ENSMUSG00000033186,Mzt1
95,N4BP2L2,ENSG00000244754,ENSMUSG00000029655,N4bp2l2
96,MYZAP,ENSG00000263155,ENSMUSG00000041361,Myzap
97,MYO19,ENSG00000278259,ENSMUSG00000020527,Myo19
98,,,ENSMUSG00000033196,Myh2
99,,,ENSMUSG00000046000,Naa11
100,,,ENSMUSG00000057003,Myh4
0,NADK,ENSG00000008130,ENSMUSG00000029063,Nadk
1,NCAPD2,ENSG00000010292,ENSMUSG00000038252,Ncapd2
2,NCDN,ENSG00000020129,ENSMUSG00000028833,Ncdn
3,NCAPH2,ENSG00000025770,ENSMUSG00000008690,Ncaph2
4,NCKAP1,ENSG00000061676,ENSMUSG00000027002,Nckap1
5,NAV3,ENSG00000067798,ENSMUSG00000020181,Nav3
6,NCK2,ENSG00000071051,ENSMUSG00000066877,Nck2
7,NDE1,ENSG00000072864,ENSMUSG00000022678,Nde1
8,NDC80,ENSG00000080986,ENSMUSG00000024056,Ndc80
9,NCOA1,ENSG00000084676,ENSMUSG00000020647,Ncoa1
10,NAT14,ENSG00000090971,ENSMUSG00000035285,Nat14
11,NANS,ENSG00000095380,ENSMUSG00000028334,Nans
12,NCF4,ENSG00000100365,ENSMUSG00000071715,Ncf4
13,NALCN,ENSG00000102452,ENSMUSG00000000197,Nalcn
14,NDFIP2,ENSG00000102471,ENSMUSG00000053253,Ndfip2
15,NAGPA,ENSG00000103174,ENSMUSG00000023143,Nagpa
16,NBN,ENSG00000104320,ENSMUSG00000028224,Nbn
17,NCALD,ENSG00000104490,ENSMUSG00000051359,Ncald
18,NAPA,ENSG00000105402,ENSMUSG00000006024,Napa
19,NAMPT,ENSG00000105835,ENSMUSG00000020572,Nampt
20,NCS1,ENSG00000107130,ENSMUSG00000062661,Ncs1
21,NAGLU,ENSG00000108784,ENSMUSG00000001751,Naglu
22,NAT9,ENSG00000109065,ENSMUSG00000015542,Nat9
23,NCAPG,ENSG00000109805,ENSMUSG00000015880,Ncapg
24,NANOG,ENSG00000111704,ENSMUSG00000012396,Nanog
25,NANOGP8,ENSG00000255192,ENSMUSG00000012396,Nanog
26,NCOA7,ENSG00000111912,ENSMUSG00000039697,Ncoa7
27,NCBP2,ENSG00000114503,ENSMUSG00000022774,Ncbp2
28,NCL,ENSG00000115053,ENSMUSG00000026234,Ncl
29,NCF2,ENSG00000116701,ENSMUSG00000026480,Ncf2
30,NCAPH,ENSG00000121152,ENSMUSG00000034906,Ncaph
31,NCKAP1L,ENSG00000123338,ENSMUSG00000022488,Nckap1l
32,NCOA3,ENSG00000124151,ENSMUSG00000027678,Ncoa3
33,NCOA5,ENSG00000124160,ENSMUSG00000039804,Ncoa5
34,NAGK,ENSG00000124357,ENSMUSG00000034744,Nagk
35,NAPB,ENSG00000125814,ENSMUSG00000027438,Napb
36,NCLN,ENSG00000125912,ENSMUSG00000020238,Ncln
37,NCAN,ENSG00000130287,ENSMUSG00000002341,Ncan
38,NAPSA,ENSG00000131400,ENSMUSG00000002204,Napsa
39,NDFIP1,ENSG00000131507,ENSMUSG00000024425,Ndfip1
40,NASP,ENSG00000132780,ENSMUSG00000028693,Nasp
41,NAPG,ENSG00000134265,ENSMUSG00000024581,Napg
42,NAV1,ENSG00000134369,ENSMUSG00000009418,Nav1
43,NARS1,ENSG00000134440,ENSMUSG00000024587,Nars
44,NAT10,ENSG00000135372,ENSMUSG00000027185,Nat10
45,NCBP1,ENSG00000136937,ENSMUSG00000028330,Ncbp1
46,NARS2,ENSG00000137513,ENSMUSG00000018995,Nars2
47,NCOA2,ENSG00000140396,ENSMUSG00000005886,Ncoa2
48,NCOR1,ENSG00000141027,ENSMUSG00000018501,Ncor1
49,NARF,ENSG00000141562,ENSMUSG00000000056,Narf
50,NAT8,ENSG00000144035,ENSMUSG00000030004,Nat8
51,NAT8B,ENSG00000204872,ENSMUSG00000030004,Nat8
52,NBEAL1,ENSG00000144426,ENSMUSG00000073664,Nbeal1
53,NCEH1,ENSG00000144959,ENSMUSG00000027698,Nceh1
54,NAF1,ENSG00000145414,ENSMUSG00000014907,Naf1
55,NCAPG2,ENSG00000146918,ENSMUSG00000042029,Ncapg2
56,NACC2,ENSG00000148411,ENSMUSG00000026932,Nacc2
57,NCAM1,ENSG00000149294,ENSMUSG00000039542,Ncam1
58,NCAPD3,ENSG00000151503,ENSMUSG00000035024,Ncapd3
59,NBAS,ENSG00000151779,ENSMUSG00000020576,Nbas
60,NCAM2,ENSG00000154654,ENSMUSG00000022762,Ncam2
61,NAT2,ENSG00000156006,ENSMUSG00000025588,Nat1
62,NAT1,ENSG00000171428,ENSMUSG00000025588,Nat1
63,NAT2,ENSG00000156006,ENSMUSG00000051147,Nat2
64,NAT1,ENSG00000171428,ENSMUSG00000051147,Nat2
65,NAT2,ENSG00000156006,ENSMUSG00000056426,Nat3
66,NAT1,ENSG00000171428,ENSMUSG00000056426,Nat3
67,NCK1,ENSG00000158092,ENSMUSG00000032475,Nck1
68,NCF1,ENSG00000158517,ENSMUSG00000015950,Ncf1
69,NBL1,ENSG00000158747,ENSMUSG00000041120,Nbl1
70,NAE1,ENSG00000159593,ENSMUSG00000031878,Nae1
71,NBEAL2,ENSG00000160796,ENSMUSG00000056724,Nbeal2
72,NAPEPLD,ENSG00000161048,ENSMUSG00000044968,Napepld
73,NAGS,ENSG00000161653,ENSMUSG00000048217,Nags
74,NCSTN,ENSG00000162736,ENSMUSG00000003458,Ncstn
75,NDEL1,ENSG00000166579,ENSMUSG00000018736,Ndel1
76,NAV2,ENSG00000166833,ENSMUSG00000052512,Nav2
77,NCKAP5L,ENSG00000167566,ENSMUSG00000023009,Nckap5l
78,NANP,ENSG00000170191,ENSMUSG00000053916,Nanp
79,NAIF1,ENSG00000171169,ENSMUSG00000039164,Naif1
80,NADSYN1,ENSG00000172890,ENSMUSG00000031090,Nadsyn1
81,NBEA,ENSG00000172915,ENSMUSG00000027799,Nbea
82,NCKAP5,ENSG00000176771,ENSMUSG00000049690,Nckap5
83,NAP1L5,ENSG00000177432,ENSMUSG00000055430,Nap1l5
84,NAT8L,ENSG00000185818,ENSMUSG00000048142,Nat8l
85,NAP1L3,ENSG00000186310,ENSMUSG00000055733,Nap1l3
86,NAP1L2,ENSG00000186462,ENSMUSG00000082229,Nap1l2
87,NAP1L1,ENSG00000187109,ENSMUSG00000058799,Nap1l1
88,NANOS3,ENSG00000187556,ENSMUSG00000056155,Nanos3
89,NANOS2,ENSG00000188425,ENSMUSG00000051965,Nanos2
90,NCCRP1,ENSG00000188505,ENSMUSG00000047586,Nccrp1
91,NBR1,ENSG00000188554,ENSMUSG00000017119,Nbr1
92,NANOS1,ENSG00000188613,ENSMUSG00000072437,Nanos1
93,NCR1,ENSG00000189430,ENSMUSG00000062524,Ncr1
94,NCOR2,ENSG00000196498,ENSMUSG00000029478,Ncor2
95,NCOA6,ENSG00000198646,ENSMUSG00000038369,Ncoa6
96,NAGA,ENSG00000198951,ENSMUSG00000022453,Naga
97,NAP1L4,ENSG00000205531,ENSMUSG00000059119,Nap1l4
98,NCKIPSD,ENSG00000213672,ENSMUSG00000032598,Nckipsd
99,NCOA4,ENSG00000266412,ENSMUSG00000056234,Ncoa4
100,,,ENSMUSG00000021640,Naip1
101,,,ENSMUSG00000071203,Naip5
102,,,ENSMUSG00000078942,Naip6
103,,,ENSMUSG00000078945,Naip2
104,,,ENSMUSG00000087090,Nctc1
0,NDUFAB1,ENSG00000004779,ENSMUSG00000030869,Ndufab1
1,NDUFS1,ENSG00000023228,ENSMUSG00000025968,Ndufs1
2,NEDD4L,ENSG00000049759,ENSMUSG00000024589,Nedd4l
3,NDUFB4,ENSG00000065518,ENSMUSG00000022820,Ndufb4
4,NEO1,ENSG00000067141,ENSMUSG00000032340,Neo1
5,NEDD4,ENSG00000069869,ENSMUSG00000032216,Nedd4
6,NDST1,ENSG00000070614,ENSMUSG00000054008,Ndst1
7,NEBL,ENSG00000078114,ENSMUSG00000053702,Nebl
8,NECAP1,ENSG00000089818,ENSMUSG00000030327,Necap1
9,NDUFB2,ENSG00000090266,ENSMUSG00000002416,Ndufb2
10,NDUFB7,ENSG00000099795,ENSMUSG00000033938,Ndufb7
11,NEFH,ENSG00000100285,ENSMUSG00000020396,Nefh
12,NDRG3,ENSG00000101079,ENSMUSG00000027634,Ndrg3
13,NDRG4,ENSG00000103034,ENSMUSG00000036564,Ndrg4
14,NECAB2,ENSG00000103154,ENSMUSG00000031837,Necab2
15,NDRG1,ENSG00000104419,ENSMUSG00000005125,Ndrg1
16,NEURL1,ENSG00000107954,ENSMUSG00000006435,Neurl1a
17,NDUFC1,ENSG00000109390,ENSMUSG00000037152,Ndufc1
18,NEIL3,ENSG00000109674,ENSMUSG00000039396,Neil3
19,NDUFS8,ENSG00000110717,ENSMUSG00000059734,Ndufs8
20,NEDD9,ENSG00000111859,ENSMUSG00000021365,Nedd9
21,NEK11,ENSG00000114670,ENSMUSG00000035032,Nek11
22,NEK4,ENSG00000114904,ENSMUSG00000021918,Nek4
23,NDUFS7,ENSG00000115286,ENSMUSG00000020153,Ndufs7
24,NEU2,ENSG00000115488,ENSMUSG00000079434,Neu2
25,NEK2,ENSG00000117650,ENSMUSG00000026622,Nek2
26,NENF,ENSG00000117691,ENSMUSG00000037499,Nenf
27,NDUFB3,ENSG00000119013,ENSMUSG00000026032,Ndufb3
28,NEK6,ENSG00000119408,ENSMUSG00000026749,Nek6
29,NDUFA8,ENSG00000119421,ENSMUSG00000026895,Ndufa8
30,NEK9,ENSG00000119638,ENSMUSG00000034290,Nek9
31,NECAB1,ENSG00000123119,ENSMUSG00000040536,Necab1
32,NDUFAF4,ENSG00000123545,ENSMUSG00000028261,Ndufaf4
33,NDP,ENSG00000124479,ENSMUSG00000040138,Ndp
34,NDUFA1,ENSG00000125356,ENSMUSG00000016427,Ndufa1
35,NECAB3,ENSG00000125967,ENSMUSG00000027489,Necab3
36,NDUFA5,ENSG00000128609,ENSMUSG00000023089,Ndufa5
37,NEDD8,ENSG00000129559,ENSMUSG00000010376,Nedd8
38,NDUFA10,ENSG00000130414,ENSMUSG00000026260,Ndufa10
39,NDUFA2,ENSG00000131495,ENSMUSG00000014294,Ndufa2
40,NES,ENSG00000132688,ENSMUSG00000004891,Nes
41,NEK3,ENSG00000136098,ENSMUSG00000031478,Nek3
42,NDUFB5,ENSG00000136521,ENSMUSG00000027673,Ndufb5
43,NEK1,ENSG00000137601,ENSMUSG00000031644,Nek1
44,NDUFAF1,ENSG00000137806,ENSMUSG00000027305,Ndufaf1
45,NDST4,ENSG00000138653,ENSMUSG00000027971,Ndst4
46,NDUFA9,ENSG00000139180,ENSMUSG00000000399,Ndufa9
47,NEDD1,ENSG00000139350,ENSMUSG00000019988,Nedd1
48,NEIL1,ENSG00000140398,ENSMUSG00000032298,Neil1
49,NDUFB10,ENSG00000140990,ENSMUSG00000040048,Ndufb10
50,NDUFS6,ENSG00000145494,ENSMUSG00000021606,Ndufs6
51,NDUFB11,ENSG00000147123,ENSMUSG00000031059,Ndufb11
52,NDUFB9,ENSG00000147684,ENSMUSG00000022354,Ndufb9
53,NDUFC2,ENSG00000151366,ENSMUSG00000030647,Ndufc2
54,NEK7,ENSG00000151414,ENSMUSG00000026393,Nek7
55,NEIL2,ENSG00000154328,ENSMUSG00000035121,Neil2
56,NECAP2,ENSG00000157191,ENSMUSG00000028923,Necap2
57,NDUFS2,ENSG00000158864,ENSMUSG00000013593,Ndufs2
58,NDUFV3,ENSG00000160194,ENSMUSG00000024038,Ndufv3
59,NEK8,ENSG00000160602,ENSMUSG00000017405,Nek8
60,NEU3,ENSG00000162139,ENSMUSG00000035239,Neu3
61,NEK10,ENSG00000163491,ENSMUSG00000042567,Nek10
62,NDST3,ENSG00000164100,ENSMUSG00000027977,Ndst3
63,NDUFAF2,ENSG00000164182,ENSMUSG00000068184,Ndufaf2
64,NDUFS4,ENSG00000164258,ENSMUSG00000021764,Ndufs4
65,NDUFB6,ENSG00000165264,ENSMUSG00000071014,Ndufb6
66,NEMF,ENSG00000165525,ENSMUSG00000020982,Nemf
67,NDRG2,ENSG00000165795,ENSMUSG00000004558,Ndrg2
68,NELL1,ENSG00000165973,ENSMUSG00000055409,Nell1
69,NDUFB8,ENSG00000166136,ENSMUSG00000025204,Ndufb8
70,NETO1,ENSG00000166342,ENSMUSG00000050321,Neto1
71,NDST2,ENSG00000166507,ENSMUSG00000039308,Ndst2
72,NDUFV1,ENSG00000167792,ENSMUSG00000037916,Ndufv1
73,NDUFS5,ENSG00000168653,ENSMUSG00000028648,Ndufs5
74,NDUFA3,ENSG00000170906,ENSMUSG00000035674,Ndufa3
75,NETO2,ENSG00000171208,ENSMUSG00000036902,Neto2
76,NEGR1,ENSG00000172260,ENSMUSG00000040037,Negr1
77,NET1,ENSG00000173848,ENSMUSG00000021215,Net1
78,NDUFA11,ENSG00000174886,ENSMUSG00000002379,Ndufa11
79,NDUFAF3,ENSG00000178057,ENSMUSG00000070283,Ndufaf3
80,NDUFV2,ENSG00000178127,ENSMUSG00000024099,Ndufv2
81,NDN,ENSG00000182636,ENSMUSG00000033585,Ndn
82,NEB,ENSG00000183091,ENSMUSG00000026950,Neb
83,NELL2,ENSG00000184613,ENSMUSG00000022454,Nell2
84,NDUFA12,ENSG00000184752,ENSMUSG00000020022,Ndufa12
85,NDUFA6,ENSG00000184983,ENSMUSG00000022450,Ndufa6
86,NDUFA4L2,ENSG00000185633,ENSMUSG00000040280,Ndufa4l2
87,NDUFA13,ENSG00000186010,ENSMUSG00000036199,Ndufa13
88,NDOR1,ENSG00000188566,ENSMUSG00000006471,Ndor1
89,NDUFA4,ENSG00000189043,ENSMUSG00000029632,Ndufa4
90,NEK5,ENSG00000197168,ENSMUSG00000037738,Nek5
91,NEU4,ENSG00000204099,ENSMUSG00000034000,Neu4
92,NEU1,ENSG00000204386,ENSMUSG00000007038,Neu1
93,NDUFS3,ENSG00000213619,ENSMUSG00000005510,Ndufs3
94,NEURL1B,ENSG00000214357,ENSMUSG00000034413,Neurl1b
95,NDUFA7,ENSG00000267855,ENSMUSG00000041881,Ndufa7
96,NEFL,ENSG00000277586,ENSMUSG00000022055,Nefl
97,,,ENSMUSG00000022054,Nefm
98,,,ENSMUSG00000038624,Nepn
99,,,ENSMUSG00000092274,Neat1
100,,,ENSMUSG00000115018,Ndor1
101,,,ENSMUSG00000115074,Ndor1
0,NFYA,ENSG00000001167,ENSMUSG00000023994,Nfya
1,NIPAL3,ENSG00000001461,ENSMUSG00000028803,Nipal3
2,NFIX,ENSG00000008441,ENSMUSG00000001911,Nfix
3,NISCH,ENSG00000010322,ENSMUSG00000021910,Nisch
4,NFE2L3,ENSG00000050344,ENSMUSG00000029832,Nfe2l3
5,NGFR,ENSG00000064300,ENSMUSG00000000120,Ngfr
6,NFYC,ENSG00000066136,ENSMUSG00000032897,Nfyc
7,NGEF,ENSG00000066248,ENSMUSG00000026259,Ngef
8,NFATC3,ENSG00000072736,ENSMUSG00000031902,Nfatc3
9,NFKB2,ENSG00000077150,ENSMUSG00000025225,Nfkb2
10,NFE2L1,ENSG00000082641,ENSMUSG00000038615,Nfe2l1
11,NKAIN1,ENSG00000084628,ENSMUSG00000078532,Nkain1
12,NFX1,ENSG00000086102,ENSMUSG00000028423,Nfx1
13,NID2,ENSG00000087303,ENSMUSG00000021806,Nid2
14,NIN,ENSG00000100503,ENSMUSG00000021068,Nin
15,NFKBIA,ENSG00000100906,ENSMUSG00000021025,Nfkbia
16,NFATC4,ENSG00000100968,ENSMUSG00000023411,Nfatc4
17,NINL,ENSG00000101004,ENSMUSG00000068115,Ninl
18,NFATC2,ENSG00000101096,ENSMUSG00000027544,Nfatc2
19,NKAIN4,ENSG00000101198,ENSMUSG00000027574,Nkain4
20,NKAP,ENSG00000101882,ENSMUSG00000016409,Nkap
21,NFAT5,ENSG00000102908,ENSMUSG00000003847,Nfat5
22,NIPAL2,ENSG00000104361,ENSMUSG00000038879,Nipal2
23,NFKBIB,ENSG00000104825,ENSMUSG00000030595,Nfkbib
24,NKG7,ENSG00000105374,ENSMUSG00000004612,Nkg7
25,NFKB1,ENSG00000109320,ENSMUSG00000028163,Nfkb1
26,NIT2,ENSG00000114021,ENSMUSG00000022751,Nit2
27,NFE2L2,ENSG00000116044,ENSMUSG00000015839,Nfe2l2
28,NID1,ENSG00000116962,ENSMUSG00000005397,Nid1
29,NFYB,ENSG00000120837,ENSMUSG00000020248,Nfyb
30,NEUROG3,ENSG00000122859,ENSMUSG00000044312,Neurog3
31,NEUROD4,ENSG00000123307,ENSMUSG00000048015,Neurod4
32,NFE2,ENSG00000123405,ENSMUSG00000058794,Nfe2
33,NEURL2,ENSG00000124257,ENSMUSG00000039873,Neurl2
34,NGDN,ENSG00000129460,ENSMUSG00000022204,Ngdn
35,NFATC1,ENSG00000131196,ENSMUSG00000033016,Nfatc1
36,NINJ1,ENSG00000131669,ENSMUSG00000037966,Ninj1
37,NIP7,ENSG00000132603,ENSMUSG00000031917,Nip7
38,NGF,ENSG00000134259,ENSMUSG00000027859,Ngf
39,NHSL1,ENSG00000135540,ENSMUSG00000039835,Nhsl1
40,NIPSNAP3A,ENSG00000136783,ENSMUSG00000015242,Nipsnap3a
41,NIPSNAP3A,ENSG00000136783,ENSMUSG00000015247,Nipsnap3b
42,NIPA2,ENSG00000140157,ENSMUSG00000030452,Nipa2
43,NKD1,ENSG00000140807,ENSMUSG00000031661,Nkd1
44,NFIC,ENSG00000141905,ENSMUSG00000055053,Nfic
45,NFKBIZ,ENSG00000144802,ENSMUSG00000035356,Nfkbiz
46,NICN1,ENSG00000145029,ENSMUSG00000032606,Nicn1
47,NKD2,ENSG00000145506,ENSMUSG00000021567,Nkd2
48,NHP2,ENSG00000145912,ENSMUSG00000001056,Nhp2
49,NFKBIE,ENSG00000146232,ENSMUSG00000023947,Nfkbie
50,NFIB,ENSG00000147862,ENSMUSG00000008575,Nfib
51,NGLY1,ENSG00000151092,ENSMUSG00000021785,Ngly1
52,NIT1,ENSG00000158793,ENSMUSG00000013997,Nit1
53,NFIA,ENSG00000162599,ENSMUSG00000028565,Nfia
54,NEXN,ENSG00000162614,ENSMUSG00000039103,Nexn
55,NEUROD1,ENSG00000162992,ENSMUSG00000034701,Neurod1
56,NEURL3,ENSG00000163121,ENSMUSG00000047180,Neurl3
57,NIPAL1,ENSG00000163293,ENSMUSG00000067219,Nipal1
58,NFASC,ENSG00000163531,ENSMUSG00000026442,Nfasc
59,NIPBL,ENSG00000164190,ENSMUSG00000022141,Nipbl
60,NEUROD6,ENSG00000164600,ENSMUSG00000037984,Neurod6
61,NFIL3,ENSG00000165030,ENSMUSG00000056749,Nfil3
62,NGB,ENSG00000165553,ENSMUSG00000021032,Ngb
63,NFKBID,ENSG00000167604,ENSMUSG00000036931,Nfkbid
64,NKIRAS2,ENSG00000168256,ENSMUSG00000017837,Nkiras2
65,NFU1,ENSG00000169599,ENSMUSG00000029993,Nfu1
66,NIPA1,ENSG00000170113,ENSMUSG00000047037,Nipa1
67,NFRKB,ENSG00000170322,ENSMUSG00000042185,Nfrkb
68,NFXL1,ENSG00000170448,ENSMUSG00000072889,Nfxl1
69,NEUROD2,ENSG00000171532,ENSMUSG00000038255,Neurod2
70,NHLH1,ENSG00000171786,ENSMUSG00000051251,Nhlh1
71,NINJ2,ENSG00000171840,ENSMUSG00000041377,Ninj2
72,NIPAL4,ENSG00000172548,ENSMUSG00000020411,Nipal4
73,NFATC2IP,ENSG00000176953,ENSMUSG00000030722,Nfatc2ip
74,NHLH2,ENSG00000177551,ENSMUSG00000048540,Nhlh2
75,NEUROG2,ENSG00000178403,ENSMUSG00000027967,Neurog2
76,NKPD1,ENSG00000179846,ENSMUSG00000060621,Nkpd1
77,NEUROG1,ENSG00000181965,ENSMUSG00000048904,Neurog1
78,NGRN,ENSG00000182768,ENSMUSG00000047084,Ngrn
79,NIPSNAP1,ENSG00000184117,ENSMUSG00000034285,Nipsnap1
80,NKAIN3,ENSG00000185942,ENSMUSG00000055761,Nkain3
81,NKRF,ENSG00000186416,ENSMUSG00000044149,Nkrf
82,NF2,ENSG00000186575,ENSMUSG00000009073,Nf2
83,NHLRC1,ENSG00000187566,ENSMUSG00000044231,Nhlrc1
84,NHEJ1,ENSG00000187736,ENSMUSG00000026162,Nhej1
85,NHS,ENSG00000188158,ENSMUSG00000059493,Nhs
86,NKAIN2,ENSG00000188580,ENSMUSG00000069670,Nkain2
87,NHLRC3,ENSG00000188811,ENSMUSG00000042997,Nhlrc3
88,NKAPL,ENSG00000189134,ENSMUSG00000059395,Nkapl
89,NIF3L1,ENSG00000196290,ENSMUSG00000026036,Nif3l1
90,NF1,ENSG00000196712,ENSMUSG00000020716,Nf1
91,NHLRC2,ENSG00000196865,ENSMUSG00000025078,Nhlrc2
92,NKIRAS1,ENSG00000197885,ENSMUSG00000021772,Nkiras1
93,NHSL2,ENSG00000204131,ENSMUSG00000079481,Nhsl2
94,NFKBIL1,ENSG00000204498,ENSMUSG00000042419,Nfkbil1
95,NEURL4,ENSG00000215041,ENSMUSG00000047284,Neurl4
96,NFAM1,ENSG00000235568,ENSMUSG00000058099,Nfam1
97,NFS1,ENSG00000244005,ENSMUSG00000027618,Nfs1
98,NHLRC4,ENSG00000257108,ENSMUSG00000090113,Nhlrc4
99,,,ENSMUSG00000032484,Ngp
0,NOS2,ENSG00000007171,ENSMUSG00000020826,Nos2
1,NLRP2,ENSG00000022556,ENSMUSG00000035177,Nlrp2
2,PYDC2,ENSG00000253548,ENSMUSG00000035177,Nlrp2
3,NOP16,ENSG00000048162,ENSMUSG00000025869,Nop16
4,NOP58,ENSG00000055044,ENSMUSG00000026020,Nop58
5,NLE1,ENSG00000073536,ENSMUSG00000020692,Nle1
6,NOA1,ENSG00000084092,ENSMUSG00000036285,Noa1
7,NLK,ENSG00000087095,ENSMUSG00000017376,Nlk
8,NOP14,ENSG00000087269,ENSMUSG00000036693,Nop14
9,NOS1,ENSG00000089250,ENSMUSG00000029361,Nos1
10,NLRC4,ENSG00000091106,ENSMUSG00000039193,Nlrc4
11,NLRP1,ENSG00000091592,ENSMUSG00000069830,Nlrp1a
12,NLRP1,ENSG00000091592,ENSMUSG00000070390,Nlrp1b
13,NOP56,ENSG00000101361,ENSMUSG00000027405,Nop56
14,NOL4,ENSG00000101746,ENSMUSG00000041923,Nol4
15,NME3,ENSG00000103024,ENSMUSG00000073435,Nme3
16,NME4,ENSG00000103202,ENSMUSG00000024177,Nme4
17,NOMO3,ENSG00000103226,ENSMUSG00000030835,Nomo1
18,NOMO1,ENSG00000103512,ENSMUSG00000030835,Nomo1
19,NOMO2,ENSG00000185164,ENSMUSG00000030835,Nomo1
20,NOD1,ENSG00000106100,ENSMUSG00000038058,Nod1
21,NOBOX,ENSG00000106410,ENSMUSG00000029736,Nobox
22,NMU,ENSG00000109255,ENSMUSG00000029236,Nmu
23,NKX3-2,ENSG00000109705,ENSMUSG00000049691,Nkx3-2
24,NOP2,ENSG00000111641,ENSMUSG00000038279,Nop2
25,NME5,ENSG00000112981,ENSMUSG00000035984,Nme5
26,NNT,ENSG00000112992,ENSMUSG00000025453,Nnt
27,NNT,ENSG00000112992,ENSMUSG00000116207,Nnt
28,NKTR,ENSG00000114857,ENSMUSG00000032525,Nktr
29,NOL10,ENSG00000115761,ENSMUSG00000061458,Nol10
30,NKX2-3,ENSG00000119919,ENSMUSG00000044220,Nkx2-3
31,NLN,ENSG00000123213,ENSMUSG00000021710,Nln
32,NMI,ENSG00000123609,ENSMUSG00000026946,Nmi
33,NKX2-4,ENSG00000125816,ENSMUSG00000054160,Nkx2-4
34,NKX2-2,ENSG00000125820,ENSMUSG00000027434,Nkx2-2
35,NOL11,ENSG00000130935,ENSMUSG00000018433,Nol11
36,NMUR2,ENSG00000132911,ENSMUSG00000037393,Nmur2
37,NMBR,ENSG00000135577,ENSMUSG00000019865,Nmbr
38,NKX2-8,ENSG00000136327,ENSMUSG00000058669,Nkx2-9
39,NKX2-1,ENSG00000136352,ENSMUSG00000001496,Nkx2-1
40,NMT1,ENSG00000136448,ENSMUSG00000020936,Nmt1
41,NLRC5,ENSG00000140853,ENSMUSG00000074151,Nlrc5
42,NOL3,ENSG00000140939,ENSMUSG00000014776,Nol3
43,NOB1,ENSG00000141101,ENSMUSG00000003848,Nob1
44,NLRP12,ENSG00000142405,ENSMUSG00000078817,Nlrp12
45,NME7,ENSG00000143156,ENSMUSG00000026575,Nme7
46,NOM1,ENSG00000146909,ENSMUSG00000001569,Nom1
47,NONO,ENSG00000147140,ENSMUSG00000031311,Nono
48,NKX6-2,ENSG00000148826,ENSMUSG00000041309,Nkx6-2
49,NMT2,ENSG00000152465,ENSMUSG00000026643,Nmt2
50,NMRAL1,ENSG00000153406,ENSMUSG00000063445,Nmral1
51,NODAL,ENSG00000156574,ENSMUSG00000037171,Nodal
52,NMNAT2,ENSG00000157064,ENSMUSG00000042751,Nmnat2
53,NLRP14,ENSG00000158077,ENSMUSG00000016626,Nlrp14
54,NLRP4,ENSG00000160505,ENSMUSG00000032999,Nlrp4f
55,NLRP4,ENSG00000160505,ENSMUSG00000034087,Nlrp4b
56,NLRP4,ENSG00000160505,ENSMUSG00000034690,Nlrp4c
57,NLRP4,ENSG00000160505,ENSMUSG00000040601,Nlrp4a
58,NLRP4,ENSG00000160505,ENSMUSG00000045693,Nlrp4e
59,NLRX1,ENSG00000160703,ENSMUSG00000032109,Nlrx1
60,NOL9,ENSG00000162408,ENSMUSG00000028948,Nol9
61,NLRP3,ENSG00000162711,ENSMUSG00000032691,Nlrp3
62,NKX6-1,ENSG00000163623,ENSMUSG00000035187,Nkx6-1
63,NMNAT3,ENSG00000163864,ENSMUSG00000032456,Nmnat3
64,NOS3,ENSG00000164867,ENSMUSG00000028978,Nos3
65,NKX6-3,ENSG00000165066,ENSMUSG00000063672,Nkx6-3
66,NOL6,ENSG00000165271,ENSMUSG00000028430,Nol6
67,NOLC1,ENSG00000166197,ENSMUSG00000015176,Nolc1
68,NNMT,ENSG00000166741,ENSMUSG00000032271,Nnmt
69,NKX3-1,ENSG00000167034,ENSMUSG00000022061,Nkx3-1
70,NOD2,ENSG00000167207,ENSMUSG00000055994,Nod2
71,NLRC3,ENSG00000167984,ENSMUSG00000049871,Nlrc3
72,NMD3,ENSG00000169251,ENSMUSG00000027787,Nmd3
73,NLGN1,ENSG00000169760,ENSMUSG00000063887,Nlgn1
74,NLGN2,ENSG00000169992,ENSMUSG00000051790,Nlgn2
75,NLRP5,ENSG00000171487,ENSMUSG00000015721,Nlrp5
76,NMUR1,ENSG00000171596,ENSMUSG00000026237,Nmur1
77,NME6,ENSG00000172113,ENSMUSG00000032478,Nme6
78,NOC3L,ENSG00000173145,ENSMUSG00000024999,Noc3l
79,NMNAT1,ENSG00000173614,ENSMUSG00000028992,Nmnat1
80,NLRP6,ENSG00000174885,ENSMUSG00000038745,Nlrp6
81,NKX2-6,ENSG00000180053,ENSMUSG00000044186,Nkx2-6
82,NOP10,ENSG00000182117,ENSMUSG00000027133,Nop10
83,NLRP10,ENSG00000182261,ENSMUSG00000049709,Nlrp10
84,NKX2-5,ENSG00000183072,ENSMUSG00000015579,Nkx2-5
85,NOG,ENSG00000183691,ENSMUSG00000048616,Nog
86,NOC4L,ENSG00000184967,ENSMUSG00000033294,Noc4l
87,NLRP9,ENSG00000185792,ENSMUSG00000040614,Nlrp9c
88,NLRP9,ENSG00000185792,ENSMUSG00000054102,Nlrp9a
89,NLRP9,ENSG00000185792,ENSMUSG00000060508,Nlrp9b
90,NOC2L,ENSG00000188976,ENSMUSG00000095567,Noc2l
91,NLGN3,ENSG00000196338,ENSMUSG00000031302,Nlgn3
92,NMB,ENSG00000197696,ENSMUSG00000025723,Nmb
93,NOL8,ENSG00000198000,ENSMUSG00000021392,Nol8
94,NOS1AP,ENSG00000198929,ENSMUSG00000038473,Nos1ap
95,NMS,ENSG00000204640,ENSMUSG00000067604,Nms
96,NOL7,ENSG00000225921,ENSMUSG00000063200,Nol7
97,NKX1-2,ENSG00000229544,ENSMUSG00000048528,Nkx1-2
98,NME1,ENSG00000239672,ENSMUSG00000037601,Nme1
99,NME2,ENSG00000243678,ENSMUSG00000020857,Nme2
100,NOL12,ENSG00000273899,ENSMUSG00000033099,Nol12
101,,,ENSMUSG00000067786,Nnat
102,,,ENSMUSG00000079741,Nlrp4g
103,,,ENSMUSG00000092528,Nlrp1c-ps
0,NOX1,ENSG00000007952,ENSMUSG00000031257,Nox1
1,NR1H4,ENSG00000012504,ENSMUSG00000047638,Nr1h4
2,NPC1L1,ENSG00000015520,ENSMUSG00000020447,Npc1l1
3,NR1H3,ENSG00000025434,ENSMUSG00000002108,Nr1h3
4,NPFFR2,ENSG00000056291,ENSMUSG00000035528,Npffr2
5,NOTCH3,ENSG00000074181,ENSMUSG00000038146,Notch3
6,NOX3,ENSG00000074771,ENSMUSG00000023802,Nox3
7,NOX4,ENSG00000086991,ENSMUSG00000030562,Nox4
8,NPRL3,ENSG00000103148,ENSMUSG00000020289,Nprl3
9,NOVA2,ENSG00000104967,ENSMUSG00000030411,Nova2
10,NPVF,ENSG00000105954,ENSMUSG00000029831,Npvf
11,NPTX2,ENSG00000106236,ENSMUSG00000059991,Nptx2
12,NPDC1,ENSG00000107281,ENSMUSG00000015094,Npdc1
13,NPM3,ENSG00000107833,ENSMUSG00000056209,Npm3
14,NR2E1,ENSG00000112333,ENSMUSG00000019803,Nr2e1
15,NPR3,ENSG00000113389,ENSMUSG00000022206,Npr3
16,NR3C1,ENSG00000113580,ENSMUSG00000024431,Nr3c1
17,NPHP3,ENSG00000113971,ENSMUSG00000032558,Nphp3
18,NPRL2,ENSG00000114388,ENSMUSG00000010057,Nprl2
19,NRBP1,ENSG00000115216,ENSMUSG00000029148,Nrbp1
20,NPHS2,ENSG00000116218,ENSMUSG00000026602,Nphs2
21,NR5A2,ENSG00000116833,ENSMUSG00000026398,Nr5a2
22,NR4A3,ENSG00000119508,ENSMUSG00000028341,Nr4a3
23,NPC2,ENSG00000119655,ENSMUSG00000021242,Npc2
24,NR2C1,ENSG00000120798,ENSMUSG00000005897,Nr2c1
25,NPPB,ENSG00000120937,ENSMUSG00000029019,Nppb
26,NPY,ENSG00000122585,ENSMUSG00000029819,Npy
27,NR4A1,ENSG00000123358,ENSMUSG00000023034,Nr4a1
28,NQO2,ENSG00000124588,ENSMUSG00000046949,Nqo2
29,NR1D1,ENSG00000126368,ENSMUSG00000020889,Nr1d1
30,NPAS1,ENSG00000130751,ENSMUSG00000001988,Npas1
31,NR1H2,ENSG00000131408,ENSMUSG00000060601,Nr1h2
32,NPHP4,ENSG00000131697,ENSMUSG00000039577,Nphp4
33,NR0B2,ENSG00000131910,ENSMUSG00000037583,Nr0b2
34,NOTCH2,ENSG00000134250,ENSMUSG00000027878,Notch2
35,NPL,ENSG00000135838,ENSMUSG00000042684,Npl
36,NR5A1,ENSG00000136931,ENSMUSG00000026751,Nr5a1
37,NPFF,ENSG00000139574,ENSMUSG00000023052,Npff
38,NOVA1,ENSG00000139910,ENSMUSG00000021047,Nova1
39,NPEPPS,ENSG00000141279,ENSMUSG00000001441,Npepps
40,NPC1,ENSG00000141458,ENSMUSG00000024413,Npc1
41,NOSIP,ENSG00000142546,ENSMUSG00000003421,Nosip
42,NR1I3,ENSG00000143257,ENSMUSG00000005677,Nr1i3
43,NPHP1,ENSG00000144061,ENSMUSG00000027378,Nphp1
44,NR1I2,ENSG00000144852,ENSMUSG00000022809,Nr1i2
45,NR6A1,ENSG00000148200,ENSMUSG00000063972,Nr6a1
46,NOTCH1,ENSG00000148400,ENSMUSG00000026923,Notch1
47,NRBF2,ENSG00000148572,ENSMUSG00000075000,Nrbf2
48,NPFFR1,ENSG00000148734,ENSMUSG00000020090,Npffr1
49,NPAT,ENSG00000149308,ENSMUSG00000033054,Npat
50,NPAS3,ENSG00000151322,ENSMUSG00000021010,Npas3
51,NR3C2,ENSG00000151623,ENSMUSG00000031618,Nr3c2
52,NR4A2,ENSG00000153234,ENSMUSG00000026826,Nr4a2
53,NPTN,ENSG00000156642,ENSMUSG00000032336,Nptn
54,NPM2,ENSG00000158806,ENSMUSG00000047911,Npm2
55,NPR2,ENSG00000159899,ENSMUSG00000028469,Npr2
56,NR2F6,ENSG00000160113,ENSMUSG00000002393,Nr2f6
57,NPHS1,ENSG00000161270,ENSMUSG00000006649,Nphs1
58,NOSTRIN,ENSG00000163072,ENSMUSG00000034738,Nostrin
59,NPPC,ENSG00000163273,ENSMUSG00000026241,Nppc
60,NPY1R,ENSG00000164128,ENSMUSG00000036437,Npy1r
61,NPY5R,ENSG00000164129,ENSMUSG00000044014,Npy5r
62,NPNT,ENSG00000168743,ENSMUSG00000040998,Npnt
63,NR0B1,ENSG00000169297,ENSMUSG00000025056,Nr0b1
64,NPR1,ENSG00000169418,ENSMUSG00000027931,Npr1
65,NPAS2,ENSG00000170485,ENSMUSG00000026077,Npas2
66,NPTX1,ENSG00000171246,ENSMUSG00000025582,Nptx1
67,NPAS4,ENSG00000174576,ENSMUSG00000045903,Npas4
68,NR1D2,ENSG00000174738,ENSMUSG00000021775,Nr1d2
69,NPPA,ENSG00000175206,ENSMUSG00000041616,Nppa
70,NR2F1,ENSG00000175745,ENSMUSG00000069171,Nr2f1
71,NR2C2,ENSG00000177463,ENSMUSG00000005893,Nr2c2
72,NQO1,ENSG00000181019,ENSMUSG00000003849,Nqo1
73,NPM1,ENSG00000181163,ENSMUSG00000057113,Npm1
74,NPLOC4,ENSG00000182446,ENSMUSG00000039703,Nploc4
75,NPW,ENSG00000183971,ENSMUSG00000071230,Npw
76,NPB,ENSG00000183979,ENSMUSG00000044034,Npb
77,NR2C2AP,ENSG00000184162,ENSMUSG00000071078,Nr2c2ap
78,NPY2R,ENSG00000185149,ENSMUSG00000028004,Npy2r
79,NRBP2,ENSG00000185189,ENSMUSG00000075590,Nrbp2
80,NOTUM,ENSG00000185269,ENSMUSG00000042988,Notum
81,NR2F2,ENSG00000185551,ENSMUSG00000030551,Nr2f2
82,NPSR1,ENSG00000187258,ENSMUSG00000043659,Npsr1
83,NOXA1,ENSG00000188747,ENSMUSG00000036805,Noxa1
84,NOXO1,ENSG00000196408,ENSMUSG00000019320,Noxo1
85,NRAP,ENSG00000197893,ENSMUSG00000049134,Nrap
86,NRARP,ENSG00000198435,ENSMUSG00000078202,Nrarp
87,NRAS,ENSG00000213281,ENSMUSG00000027852,Nras
88,NPS,ENSG00000214285,ENSMUSG00000073804,Nps
89,NOTO,ENSG00000214513,ENSMUSG00000068302,Noto
90,NPEPL1,ENSG00000215440,ENSMUSG00000039263,Npepl1
91,NPTXR,ENSG00000221890,ENSMUSG00000022421,Nptxr
92,NR2E3,ENSG00000278570,ENSMUSG00000032292,Nr2e3
93,NPBWR1,ENSG00000288611,ENSMUSG00000033774,Npbwr1
94,,,ENSMUSG00000015468,Notch4
95,,,ENSMUSG00000032491,Nradd
96,,,ENSMUSG00000038071,Npy6r
97,,,ENSMUSG00000048938,Nr1h5
98,,,ENSMUSG00000081669,Npm3-ps1
99,,,ENSMUSG00000089837,Npcd
0,NUB1,ENSG00000013374,ENSMUSG00000028954,Nub1
1,NUDCD3,ENSG00000015676,ENSMUSG00000053838,Nudcd3
2,NRXN3,ENSG00000021645,ENSMUSG00000066392,Nrxn3
3,NSMAF,ENSG00000035681,ENSMUSG00000028245,Nsmaf
4,NSUN2,ENSG00000037474,ENSMUSG00000021595,Nsun2
5,NRIP2,ENSG00000053702,ENSMUSG00000001520,Nrip2
6,NTHL1,ENSG00000065057,ENSMUSG00000041429,Nthl1
7,NTN1,ENSG00000065320,ENSMUSG00000020902,Ntn1
8,NUCKS1,ENSG00000069275,ENSMUSG00000026434,Nucks1
9,NUCB2,ENSG00000070081,ENSMUSG00000030659,Nucb2
10,NSF,ENSG00000073969,ENSMUSG00000034187,Nsf
11,NTN4,ENSG00000074527,ENSMUSG00000020019,Ntn4
12,NUAK1,ENSG00000074590,ENSMUSG00000020032,Nuak1
13,NT5C2,ENSG00000076685,ENSMUSG00000025041,Nt5c2
14,NSFL1C,ENSG00000088833,ENSMUSG00000027455,Nsfl1c
15,NUDC,ENSG00000090273,ENSMUSG00000028851,Nudc
16,NRCAM,ENSG00000091129,ENSMUSG00000020598,Nrcam
17,NUBP2,ENSG00000095906,ENSMUSG00000039183,Nubp2
18,NRP1,ENSG00000099250,ENSMUSG00000025810,Nrp1
19,NTSR1,ENSG00000101188,ENSMUSG00000027568,Ntsr1
20,NUBP1,ENSG00000103274,ENSMUSG00000022503,Nubp1
21,NUCB1,ENSG00000104805,ENSMUSG00000030824,Nucb1
22,NUDT1,ENSG00000106268,ENSMUSG00000036639,Nudt1
23,NRF1,ENSG00000106459,ENSMUSG00000058440,Nrf1
24,NSMCE4A,ENSG00000107672,ENSMUSG00000040331,Nsmce4a
25,NRXN2,ENSG00000110076,ENSMUSG00000033768,Nrxn2
26,NT5DC3,ENSG00000111696,ENSMUSG00000054027,Nt5dc3
27,NUDT12,ENSG00000112874,ENSMUSG00000024228,Nudt12
28,NT5C1A,ENSG00000116981,ENSMUSG00000054958,Nt5c1a
29,NSL1,ENSG00000117697,ENSMUSG00000062510,Nsl1
30,NRP2,ENSG00000118257,ENSMUSG00000025969,Nrp2
31,NUDCD1,ENSG00000120526,ENSMUSG00000038736,Nudcd1
32,NT5C3A,ENSG00000122643,ENSMUSG00000029780,Nt5c3
33,NRK,ENSG00000123572,ENSMUSG00000052854,Nrk
34,NRN1,ENSG00000124785,ENSMUSG00000039114,Nrn1
35,NT5C,ENSG00000125458,ENSMUSG00000020736,Nt5c
36,NRSN2,ENSG00000125841,ENSMUSG00000059361,Nrsn2
37,NRL,ENSG00000129535,ENSMUSG00000040632,Nrl
38,NSUN5,ENSG00000130305,ENSMUSG00000000916,Nsun5
39,NTS,ENSG00000133636,ENSMUSG00000019890,Nts
40,NT5E,ENSG00000135318,ENSMUSG00000032420,Nt5e
41,NTPCR,ENSG00000135778,ENSMUSG00000031851,Ntpcr
42,NUDT15,ENSG00000136159,ENSMUSG00000033405,Nudt15
43,NRM,ENSG00000137404,ENSMUSG00000059791,Nrm
44,NTRK3,ENSG00000140538,ENSMUSG00000059146,Ntrk3
45,NTN5,ENSG00000142233,ENSMUSG00000070564,Ntn5
46,NSDHL,ENSG00000147383,ENSMUSG00000031349,Nsdhl
47,NTRK2,ENSG00000148053,ENSMUSG00000055254,Ntrk2
48,NUDT22,ENSG00000149761,ENSMUSG00000037349,Nudt22
49,NUBPL,ENSG00000151413,ENSMUSG00000035142,Nubpl
50,NRSN1,ENSG00000152954,ENSMUSG00000048978,Nrsn1
51,NRGN,ENSG00000154146,ENSMUSG00000053310,Nrgn
52,NSMCE2,ENSG00000156831,ENSMUSG00000059586,Nsmce2
53,NTAN1,ENSG00000157045,ENSMUSG00000022681,Ntan1
54,NRG1,ENSG00000157168,ENSMUSG00000062991,Nrg1
55,NRG2,ENSG00000158458,ENSMUSG00000060275,Nrg2
56,NTN3,ENSG00000162068,ENSMUSG00000117406,Ntn3
57,NTNG1,ENSG00000162631,ENSMUSG00000059857,Ntng1
58,NUAK2,ENSG00000163545,ENSMUSG00000009772,Nuak2
59,NSA2,ENSG00000164346,ENSMUSG00000060739,Nsa2
60,NUDT2,ENSG00000164978,ENSMUSG00000028443,Nudt2
61,NSD1,ENSG00000165671,ENSMUSG00000021488,Nsd1
62,NUDT13,ENSG00000166321,ENSMUSG00000021809,Nudt13
63,NUDT21,ENSG00000167005,ENSMUSG00000031754,Nudt21
64,NUDT16L1,ENSG00000168101,ENSMUSG00000022516,Nudt16l1
65,NT5DC2,ENSG00000168268,ENSMUSG00000071547,Nt5dc2
66,NSG1,ENSG00000168824,ENSMUSG00000029126,Nsg1
67,NTSR2,ENSG00000169006,ENSMUSG00000020591,Ntsr2
68,NSMCE1,ENSG00000169189,ENSMUSG00000030750,Nsmce1
69,NRG4,ENSG00000169752,ENSMUSG00000032311,Nrg4
70,NSG2,ENSG00000170091,ENSMUSG00000020297,Nsg2
71,NUDCD2,ENSG00000170584,ENSMUSG00000020328,Nudcd2
72,NRTN,ENSG00000171119,ENSMUSG00000039481,Nrtn
73,NRIP3,ENSG00000175352,ENSMUSG00000034825,Nrip3
74,NT5DC1,ENSG00000178425,ENSMUSG00000039480,Nt5dc1
75,NSUN3,ENSG00000178694,ENSMUSG00000050312,Nsun3
76,NSUN7,ENSG00000179299,ENSMUSG00000029206,Nsun7
77,NRXN1,ENSG00000179915,ENSMUSG00000024109,Nrxn1
78,NRIP1,ENSG00000180530,ENSMUSG00000048490,Nrip1
79,NTM,ENSG00000182667,ENSMUSG00000059974,Ntm
80,NUDT14,ENSG00000183828,ENSMUSG00000002804,Nudt14
81,NT5C1B,ENSG00000185013,ENSMUSG00000020622,Nt5c1b
82,NTF3,ENSG00000185652,ENSMUSG00000049107,Ntf3
83,NRG3,ENSG00000185737,ENSMUSG00000041014,Nrg3
84,NUDT17,ENSG00000186364,ENSMUSG00000028100,Nudt17
85,NRN1L,ENSG00000188038,ENSMUSG00000044287,Nrn1l
86,NTNG2,ENSG00000196358,ENSMUSG00000035513,Ntng2
87,NUDT11,ENSG00000196368,ENSMUSG00000073293,Nudt10
88,NUDT11,ENSG00000196368,ENSMUSG00000073295,Nudt11
89,NTRK1,ENSG00000198400,ENSMUSG00000028072,Ntrk1
90,NUDT16,ENSG00000198585,ENSMUSG00000032565,Nudt16
91,NT5M,ENSG00000205309,ENSMUSG00000032615,Nt5m
92,NUDT19,ENSG00000213965,ENSMUSG00000034875,Nudt19
93,NTF4,ENSG00000225950,ENSMUSG00000074121,Ntf5
94,NSUN6,ENSG00000241058,ENSMUSG00000026707,Nsun6
95,NUDT3,ENSG00000272325,ENSMUSG00000024213,Nudt3
96,NUDT18,ENSG00000275074,ENSMUSG00000045211,Nudt18
97,,ENSG00000286131,ENSMUSG00000118541,Nrg1
98,,,ENSMUSG00000028706,Nsun4
99,,,ENSMUSG00000086484,Nron
0,NUP160,ENSG00000030066,ENSMUSG00000051329,Nup160
1,OAT,ENSG00000065154,ENSMUSG00000030934,Oat
2,NUP133,ENSG00000069248,ENSMUSG00000039509,Nup133
3,NUP37,ENSG00000075188,ENSMUSG00000035351,Nup37
4,NUFIP1,ENSG00000083635,ENSMUSG00000022009,Nufip1
5,OAS1,ENSG00000089127,ENSMUSG00000001166,Oas1c
6,OAS1,ENSG00000089127,ENSMUSG00000001168,Oas1h
7,OAS1,ENSG00000089127,ENSMUSG00000029605,Oas1b
8,OAS1,ENSG00000089127,ENSMUSG00000032623,Oas1d
9,OAS1,ENSG00000089127,ENSMUSG00000052776,Oas1a
10,OAS1,ENSG00000089127,ENSMUSG00000053765,Oas1f
11,OAS1,ENSG00000089127,ENSMUSG00000066861,Oas1g
12,OAS1,ENSG00000089127,ENSMUSG00000066867,Oas1e
13,NUP50,ENSG00000093000,ENSMUSG00000016619,Nup50
14,NUP188,ENSG00000095319,ENSMUSG00000052533,Nup188
15,OCEL1,ENSG00000099330,ENSMUSG00000002396,Ocel1
16,NXT2,ENSG00000101888,ENSMUSG00000042271,Nxt2
17,NUTF2,ENSG00000102898,ENSMUSG00000008450,Nutf2
18,NUTF2,ENSG00000102898,ENSMUSG00000071497,Nutf2-ps1
19,NUP93,ENSG00000102900,ENSMUSG00000032939,Nup93
20,OCA2,ENSG00000104044,ENSMUSG00000030450,Oca2
21,OAZ1,ENSG00000104904,ENSMUSG00000035242,Oaz1
22,NUMBL,ENSG00000105245,ENSMUSG00000063160,Numbl
23,NUFIP2,ENSG00000108256,ENSMUSG00000037857,Nufip2
24,NUP88,ENSG00000108559,ENSMUSG00000040667,Nup88
25,OCIAD1,ENSG00000109180,ENSMUSG00000029152,Ociad1
26,ODAM,ENSG00000109205,ENSMUSG00000009580,Odam
27,NUP98,ENSG00000110713,ENSMUSG00000063550,Nup98
28,OAS3,ENSG00000111331,ENSMUSG00000032661,Oas3
29,OAS2,ENSG00000111335,ENSMUSG00000032690,Oas2
30,NUP107,ENSG00000111581,ENSMUSG00000052798,Nup107
31,NUP155,ENSG00000113569,ENSMUSG00000022142,Nup155
32,ODC1,ENSG00000115758,ENSMUSG00000011179,Odc1
33,NUP43,ENSG00000120253,ENSMUSG00000040034,Nup43
34,OCRL,ENSG00000122126,ENSMUSG00000001173,Ocrl
35,ODF2L,ENSG00000122417,ENSMUSG00000028256,Odf2l
36,OCM,ENSG00000122543,ENSMUSG00000029618,Ocm
37,OCM2,ENSG00000135175,ENSMUSG00000029618,Ocm
38,NXPH1,ENSG00000122584,ENSMUSG00000046178,Nxph1
39,OBSL1,ENSG00000124006,ENSMUSG00000026211,Obsl1
40,NUP153,ENSG00000124789,ENSMUSG00000021374,Nup153
41,NUP85,ENSG00000125450,ENSMUSG00000020739,Nup85
42,NUP214,ENSG00000126883,ENSMUSG00000001855,Nup214
43,NXNL2,ENSG00000130045,ENSMUSG00000021396,Nxnl2
44,NUP210,ENSG00000132182,ENSMUSG00000030091,Nup210
45,NXT1,ENSG00000132661,ENSMUSG00000036992,Nxt1
46,NUMB,ENSG00000133961,ENSMUSG00000021224,Numb
47,OASL,ENSG00000135114,ENSMUSG00000041827,Oasl1
48,NUP42,ENSG00000136243,ENSMUSG00000048439,Nupl2
49,ODF2,ENSG00000136811,ENSMUSG00000026790,Odf2
50,NUMA1,ENSG00000137497,ENSMUSG00000066306,Numa1
51,NUSAP1,ENSG00000137804,ENSMUSG00000027306,Nusap1
52,NUP54,ENSG00000138750,ENSMUSG00000034826,Nup54
53,NUDT7,ENSG00000140876,ENSMUSG00000031767,Nudt7
54,NUF2,ENSG00000143228,ENSMUSG00000026683,Nuf2
55,OAZ3,ENSG00000143450,ENSMUSG00000028141,Oaz3
56,NUP210L,ENSG00000143552,ENSMUSG00000027939,Nup210l
57,NVL,ENSG00000143748,ENSMUSG00000026516,Nvl
58,NXPH2,ENSG00000144227,ENSMUSG00000069132,Nxph2
59,OCIAD2,ENSG00000145247,ENSMUSG00000029153,Ociad2
60,NXF3,ENSG00000147206,ENSMUSG00000057000,Nxf3
61,OCSTAMP,ENSG00000149635,ENSMUSG00000027670,Ocstamp
62,NUS1,ENSG00000153989,ENSMUSG00000023068,Nus1
63,OBSCN,ENSG00000154358,ENSMUSG00000061462,Obscn
64,ODF1,ENSG00000155087,ENSMUSG00000061923,Odf1
65,NUP205,ENSG00000155561,ENSMUSG00000038759,Nup205
66,NXF1,ENSG00000162231,ENSMUSG00000010097,Nxf1
67,NUP35,ENSG00000163002,ENSMUSG00000026999,Nup35
68,NUDT5,ENSG00000165609,ENSMUSG00000025817,Nudt5
69,NXN,ENSG00000167693,ENSMUSG00000020844,Nxn
70,NUDT9,ENSG00000170502,ENSMUSG00000029310,Nudt9
71,NUDT6,ENSG00000170917,ENSMUSG00000050174,Nudt6
72,NXNL1,ENSG00000171773,ENSMUSG00000034829,Nxnl1
73,NUDT4,ENSG00000173598,ENSMUSG00000020029,Nudt4
74,NUDT4B,ENSG00000177144,ENSMUSG00000020029,Nudt4
75,NUPR1,ENSG00000176046,ENSMUSG00000030717,Nupr1
76,CIMAP1A,ENSG00000177947,ENSMUSG00000025482,Odf3
77,CIMAP1B,ENSG00000177989,ENSMUSG00000047394,Odf3b
78,OAZ2,ENSG00000180304,ENSMUSG00000040652,Oaz2
79,CIMAP1D,ENSG00000181781,ENSMUSG00000035963,Odf3l2
80,NXPH4,ENSG00000182379,ENSMUSG00000040258,Nxph4
81,NXPH3,ENSG00000182575,ENSMUSG00000046719,Nxph3
82,CIMAP1C,ENSG00000182950,ENSMUSG00000045620,Odf3l1
83,OAF,ENSG00000184232,ENSMUSG00000032014,Oaf
84,NWD1,ENSG00000188039,ENSMUSG00000048148,Nwd1
85,NYX,ENSG00000188937,ENSMUSG00000051228,Nyx
86,OCLN,ENSG00000197822,ENSMUSG00000021638,Ocln
87,NUP62CL,ENSG00000198088,ENSMUSG00000072944,Nup62cl
88,NYNRIN,ENSG00000205978,ENSMUSG00000075592,Nynrin
89,NUP62,ENSG00000213024,ENSMUSG00000109511,Nup62
90,OC90,ENSG00000253117,ENSMUSG00000015001,Oc90
91,NXF2,ENSG00000269405,ENSMUSG00000009941,Nxf2
92,NXF2B,ENSG00000269437,ENSMUSG00000009941,Nxf2
93,NXF2,ENSG00000269405,ENSMUSG00000031410,Nxf7
94,NXF2B,ENSG00000269437,ENSMUSG00000031410,Nxf7
95,,,ENSMUSG00000029561,Oasl2
96,,,ENSMUSG00000041583,Obox6
97,,,ENSMUSG00000043801,Oaz1-ps
98,,,ENSMUSG00000054310,Obox1
99,,,ENSMUSG00000066772,Obox3
100,,,ENSMUSG00000067684,Obp1a
101,,,ENSMUSG00000074366,Obox5
102,,,ENSMUSG00000074369,Obox2
103,,,ENSMUSG00000110949,Nudt8
0,OSBPL7,ENSG00000006025,ENSMUSG00000038534,Osbpl7
1,OSBPL5,ENSG00000021762,ENSMUSG00000037606,Osbpl5
2,OFD1,ENSG00000046651,ENSMUSG00000040586,Ofd1
3,OPN3,ENSG00000054277,ENSMUSG00000026525,Opn3
4,OGFR,ENSG00000060491,ENSMUSG00000049401,Ogfr
5,OSBPL3,ENSG00000070882,ENSMUSG00000029822,Osbpl3
6,OSBPL6,ENSG00000079156,ENSMUSG00000042359,Osbpl6
7,OPHN1,ENSG00000079482,ENSMUSG00000031214,Ophn1
8,OPRK1,ENSG00000082556,ENSMUSG00000025905,Oprk1
9,ORC1,ENSG00000085840,ENSMUSG00000028587,Orc1
10,OGFOD1,ENSG00000087263,ENSMUSG00000033009,Ogfod1
11,OSBPL8,ENSG00000091039,ENSMUSG00000020189,Osbpl8
12,ORC6,ENSG00000091651,ENSMUSG00000031697,Orc6
13,OSGEP,ENSG00000092094,ENSMUSG00000006289,Osgep
14,OSM,ENSG00000099985,ENSMUSG00000058755,Osm
15,OPN1LW,ENSG00000102076,ENSMUSG00000031394,Opn1mw
16,OPN1MW2,ENSG00000166160,ENSMUSG00000031394,Opn1mw
17,OPN1MW,ENSG00000268221,ENSMUSG00000031394,Opn1mw
18,OPN1MW3,ENSG00000269433,ENSMUSG00000031394,Opn1mw
19,OLFM4,ENSG00000102837,ENSMUSG00000022026,Olfm4
20,OIP5,ENSG00000104147,ENSMUSG00000072980,Oip5
21,OLFM2,ENSG00000105088,ENSMUSG00000032172,Olfm2
22,OGDH,ENSG00000105953,ENSMUSG00000020456,Ogdh
23,OGN,ENSG00000106809,ENSMUSG00000021390,Ogn
24,OSBP,ENSG00000110048,ENSMUSG00000024687,Osbp
25,OGFOD2,ENSG00000111325,ENSMUSG00000023707,Ogfod2
26,OPRM1,ENSG00000112038,ENSMUSG00000000766,Oprm1
27,OGG1,ENSG00000114026,ENSMUSG00000030271,Ogg1
28,ORC2,ENSG00000115942,ENSMUSG00000026037,Orc2
29,ORC4,ENSG00000115947,ENSMUSG00000026761,Orc4
30,OPRD1,ENSG00000116329,ENSMUSG00000050511,Oprd1
31,PRAMEF1,ENSG00000116721,ENSMUSG00000047799,Oog4
32,PRAMEF12,ENSG00000116726,ENSMUSG00000047799,Oog4
33,PRAMEF2,ENSG00000120952,ENSMUSG00000047799,Oog4
34,PRAMEF8,ENSG00000182330,ENSMUSG00000047799,Oog4
35,PRAME,ENSG00000185686,ENSMUSG00000047799,Oog4
36,PRAMEF10,ENSG00000187545,ENSMUSG00000047799,Oog4
37,PRAMEF20,ENSG00000204478,ENSMUSG00000047799,Oog4
38,PRAMEF17,ENSG00000204479,ENSMUSG00000047799,Oog4
39,PRAMEF19,ENSG00000204480,ENSMUSG00000047799,Oog4
40,PRAMEF14,ENSG00000204481,ENSMUSG00000047799,Oog4
41,PRAMEF15,ENSG00000204501,ENSMUSG00000047799,Oog4
42,PRAMEF9,ENSG00000204505,ENSMUSG00000047799,Oog4
43,PRAMEF7,ENSG00000204510,ENSMUSG00000047799,Oog4
44,PRAMEF25,ENSG00000229571,ENSMUSG00000047799,Oog4
45,PRAMEF6,ENSG00000232423,ENSMUSG00000047799,Oog4
46,PRAMEF33,ENSG00000237700,ENSMUSG00000047799,Oog4
47,PRAMEF11,ENSG00000239810,ENSMUSG00000047799,Oog4
48,PRAMEF4,ENSG00000243073,ENSMUSG00000047799,Oog4
49,PRAMEF5,ENSG00000270601,ENSMUSG00000047799,Oog4
50,PRAMEF27,ENSG00000274764,ENSMUSG00000047799,Oog4
51,PRAMEF13,ENSG00000279169,ENSMUSG00000047799,Oog4
52,PRAMEF18,ENSG00000279804,ENSMUSG00000047799,Oog4
53,PRAMEF26,ENSG00000280267,ENSMUSG00000047799,Oog4
54,PRAMEF1,ENSG00000116721,ENSMUSG00000050810,Oog3
55,PRAMEF12,ENSG00000116726,ENSMUSG00000050810,Oog3
56,PRAMEF2,ENSG00000120952,ENSMUSG00000050810,Oog3
57,PRAMEF8,ENSG00000182330,ENSMUSG00000050810,Oog3
58,PRAME,ENSG00000185686,ENSMUSG00000050810,Oog3
59,PRAMEF10,ENSG00000187545,ENSMUSG00000050810,Oog3
60,PRAMEF20,ENSG00000204478,ENSMUSG00000050810,Oog3
61,PRAMEF17,ENSG00000204479,ENSMUSG00000050810,Oog3
62,PRAMEF19,ENSG00000204480,ENSMUSG00000050810,Oog3
63,PRAMEF14,ENSG00000204481,ENSMUSG00000050810,Oog3
64,PRAMEF15,ENSG00000204501,ENSMUSG00000050810,Oog3
65,PRAMEF9,ENSG00000204505,ENSMUSG00000050810,Oog3
66,PRAMEF7,ENSG00000204510,ENSMUSG00000050810,Oog3
67,PRAMEF25,ENSG00000229571,ENSMUSG00000050810,Oog3
68,PRAMEF6,ENSG00000232423,ENSMUSG00000050810,Oog3
69,PRAMEF33,ENSG00000237700,ENSMUSG00000050810,Oog3
70,PRAMEF11,ENSG00000239810,ENSMUSG00000050810,Oog3
71,PRAMEF4,ENSG00000243073,ENSMUSG00000050810,Oog3
72,PRAMEF5,ENSG00000270601,ENSMUSG00000050810,Oog3
73,PRAMEF27,ENSG00000274764,ENSMUSG00000050810,Oog3
74,PRAMEF13,ENSG00000279169,ENSMUSG00000050810,Oog3
75,PRAMEF18,ENSG00000279804,ENSMUSG00000050810,Oog3
76,PRAMEF26,ENSG00000280267,ENSMUSG00000050810,Oog3
77,PRAMEF1,ENSG00000116721,ENSMUSG00000066030,Oog2
78,PRAMEF12,ENSG00000116726,ENSMUSG00000066030,Oog2
79,PRAMEF2,ENSG00000120952,ENSMUSG00000066030,Oog2
80,PRAMEF8,ENSG00000182330,ENSMUSG00000066030,Oog2
81,PRAME,ENSG00000185686,ENSMUSG00000066030,Oog2
82,PRAMEF10,ENSG00000187545,ENSMUSG00000066030,Oog2
83,PRAMEF20,ENSG00000204478,ENSMUSG00000066030,Oog2
84,PRAMEF17,ENSG00000204479,ENSMUSG00000066030,Oog2
85,PRAMEF19,ENSG00000204480,ENSMUSG00000066030,Oog2
86,PRAMEF14,ENSG00000204481,ENSMUSG00000066030,Oog2
87,PRAMEF15,ENSG00000204501,ENSMUSG00000066030,Oog2
88,PRAMEF9,ENSG00000204505,ENSMUSG00000066030,Oog2
89,PRAMEF7,ENSG00000204510,ENSMUSG00000066030,Oog2
90,PRAMEF25,ENSG00000229571,ENSMUSG00000066030,Oog2
91,PRAMEF6,ENSG00000232423,ENSMUSG00000066030,Oog2
92,PRAMEF33,ENSG00000237700,ENSMUSG00000066030,Oog2
93,PRAMEF11,ENSG00000239810,ENSMUSG00000066030,Oog2
94,PRAMEF4,ENSG00000243073,ENSMUSG00000066030,Oog2
95,PRAMEF5,ENSG00000270601,ENSMUSG00000066030,Oog2
96,PRAMEF27,ENSG00000274764,ENSMUSG00000066030,Oog2
97,PRAMEF13,ENSG00000279169,ENSMUSG00000066030,Oog2
98,PRAMEF18,ENSG00000279804,ENSMUSG00000066030,Oog2
99,PRAMEF26,ENSG00000280267,ENSMUSG00000066030,Oog2
100,PRAMEF1,ENSG00000116721,ENSMUSG00000096576,Oog1
101,PRAMEF12,ENSG00000116726,ENSMUSG00000096576,Oog1
102,PRAMEF2,ENSG00000120952,ENSMUSG00000096576,Oog1
103,PRAMEF8,ENSG00000182330,ENSMUSG00000096576,Oog1
104,PRAME,ENSG00000185686,ENSMUSG00000096576,Oog1
105,PRAMEF10,ENSG00000187545,ENSMUSG00000096576,Oog1
106,PRAMEF20,ENSG00000204478,ENSMUSG00000096576,Oog1
107,PRAMEF17,ENSG00000204479,ENSMUSG00000096576,Oog1
108,PRAMEF19,ENSG00000204480,ENSMUSG00000096576,Oog1
109,PRAMEF14,ENSG00000204481,ENSMUSG00000096576,Oog1
110,PRAMEF15,ENSG00000204501,ENSMUSG00000096576,Oog1
111,PRAMEF9,ENSG00000204505,ENSMUSG00000096576,Oog1
112,PRAMEF7,ENSG00000204510,ENSMUSG00000096576,Oog1
113,PRAMEF25,ENSG00000229571,ENSMUSG00000096576,Oog1
114,PRAMEF6,ENSG00000232423,ENSMUSG00000096576,Oog1
115,PRAMEF33,ENSG00000237700,ENSMUSG00000096576,Oog1
116,PRAMEF11,ENSG00000239810,ENSMUSG00000096576,Oog1
117,PRAMEF4,ENSG00000243073,ENSMUSG00000096576,Oog1
118,PRAMEF5,ENSG00000270601,ENSMUSG00000096576,Oog1
119,PRAMEF27,ENSG00000274764,ENSMUSG00000096576,Oog1
120,PRAMEF13,ENSG00000279169,ENSMUSG00000096576,Oog1
121,PRAMEF18,ENSG00000279804,ENSMUSG00000096576,Oog1
122,PRAMEF26,ENSG00000280267,ENSMUSG00000096576,Oog1
123,OLFML3,ENSG00000116774,ENSMUSG00000027848,Olfml3
124,OSCP1,ENSG00000116885,ENSMUSG00000042616,Oscp1
125,OSBPL9,ENSG00000117859,ENSMUSG00000028559,Osbpl9
126,OLFM3,ENSG00000118733,ENSMUSG00000027965,Olfm3
127,ONECUT2,ENSG00000119547,ENSMUSG00000045991,Onecut2
128,OGFRL1,ENSG00000119900,ENSMUSG00000026158,Ogfrl1
129,OPN4,ENSG00000122375,ENSMUSG00000021799,Opn4
130,OPTN,ENSG00000123240,ENSMUSG00000026672,Optn
131,ORMDL2,ENSG00000123353,ENSMUSG00000025353,Ormdl2
132,OPN5,ENSG00000124818,ENSMUSG00000043972,Opn5
133,OPRL1,ENSG00000125510,ENSMUSG00000027584,Oprl1
134,OPA3,ENSG00000125741,ENSMUSG00000052214,Opa3
135,OMG,ENSG00000126861,ENSMUSG00000049612,Omg
136,OMD,ENSG00000127083,ENSMUSG00000048368,Omd
137,OPN1SW,ENSG00000128617,ENSMUSG00000058831,Opn1sw
138,OSGEPL1,ENSG00000128694,ENSMUSG00000026096,Osgepl1
139,ORMDL1,ENSG00000128699,ENSMUSG00000026097,Ormdl1
140,OLFM1,ENSG00000130558,ENSMUSG00000026833,Olfm1
141,OSBPL2,ENSG00000130703,ENSMUSG00000039050,Osbpl2
142,ORC3,ENSG00000135336,ENSMUSG00000040044,Orc3
143,OS9,ENSG00000135506,ENSMUSG00000040462,Os9
144,OIT3,ENSG00000138315,ENSMUSG00000009654,Oit3
145,OLA1,ENSG00000138430,ENSMUSG00000027108,Ola1
146,OSGIN1,ENSG00000140961,ENSMUSG00000074063,Osgin1
147,OSBPL1A,ENSG00000141447,ENSMUSG00000044252,Osbpl1a
148,OSR1,ENSG00000143867,ENSMUSG00000048387,Osr1
149,OSBPL10,ENSG00000144645,ENSMUSG00000040875,Osbpl10
150,OSBPL11,ENSG00000144909,ENSMUSG00000022807,Osbpl11
151,OSMR,ENSG00000145623,ENSMUSG00000022146,Osmr
152,OGT,ENSG00000147162,ENSMUSG00000034160,Ogt
153,OLAH,ENSG00000152463,ENSMUSG00000026645,Olah
154,ORAI2,ENSG00000160991,ENSMUSG00000039747,Orai2
155,OMA1,ENSG00000162600,ENSMUSG00000035069,Oma1
156,OLFML2B,ENSG00000162745,ENSMUSG00000038463,Olfml2b
157,ORC5,ENSG00000164815,ENSMUSG00000029012,Orc5
158,OSGIN2,ENSG00000164823,ENSMUSG00000041153,Osgin2
159,OSR2,ENSG00000164920,ENSMUSG00000022330,Osr2
160,ONECUT1,ENSG00000169856,ENSMUSG00000043013,Onecut1
161,OSCAR,ENSG00000170909,ENSMUSG00000054594,Oscar
162,ORMDL3,ENSG00000172057,ENSMUSG00000038150,Ormdl3
163,OLR1,ENSG00000173391,ENSMUSG00000030162,Olr1
164,ORAI3,ENSG00000175938,ENSMUSG00000043964,Orai3
165,OLIG3,ENSG00000177468,ENSMUSG00000045591,Olig3
166,OPLAH,ENSG00000178814,ENSMUSG00000022562,Oplah
167,OPCML,ENSG00000183715,ENSMUSG00000062257,Opcml
168,OLFML1,ENSG00000183801,ENSMUSG00000051041,Olfml1
169,OLIG1,ENSG00000184221,ENSMUSG00000046160,Olig1
170,OSBP2,ENSG00000184792,ENSMUSG00000020435,Osbp2
171,OLFML2A,ENSG00000185585,ENSMUSG00000046618,Olfml2a
172,OPTC,ENSG00000188770,ENSMUSG00000010311,Optc
173,OPALIN,ENSG00000197430,ENSMUSG00000050121,Opalin
174,OGDHL,ENSG00000197444,ENSMUSG00000021913,Ogdhl
175,OPA1,ENSG00000198836,ENSMUSG00000038084,Opa1
176,OOEP,ENSG00000203907,ENSMUSG00000032346,Ooep
177,ONECUT3,ENSG00000205922,ENSMUSG00000045518,Onecut3
178,OLIG2,ENSG00000205927,ENSMUSG00000039830,Olig2
179,ORM2,ENSG00000228278,ENSMUSG00000028359,Orm3
180,ORM1,ENSG00000229314,ENSMUSG00000028359,Orm3
181,ORM2,ENSG00000228278,ENSMUSG00000039196,Orm1
182,ORM1,ENSG00000229314,ENSMUSG00000039196,Orm1
183,ORM2,ENSG00000228278,ENSMUSG00000061540,Orm2
184,ORM1,ENSG00000229314,ENSMUSG00000061540,Orm2
185,OST4,ENSG00000228474,ENSMUSG00000038803,Ost4
186,OMP,ENSG00000254550,ENSMUSG00000074006,Omp
187,ORAI1,ENSG00000276045,ENSMUSG00000049686,Orai1
188,OOSP1,ENSG00000284873,ENSMUSG00000041857,Oosp1
189,,,ENSMUSG00000032921,Odf4
190,,,ENSMUSG00000038750,Omt2b
191,,,ENSMUSG00000047094,Ofcc1
192,,,ENSMUSG00000066463,Omt2a
193,,,ENSMUSG00000110991,Olfr908
0,PAF1,ENSG00000006712,ENSMUSG00000003437,Paf1
1,PAFAH1B1,ENSG00000007168,ENSMUSG00000020745,Pafah1b1
2,OTC,ENSG00000036473,ENSMUSG00000031173,Otc
3,OTUD5,ENSG00000068308,ENSMUSG00000031154,Otud5
4,PABPC1,ENSG00000070756,ENSMUSG00000022283,Pabpc1
5,PABPC3,ENSG00000151846,ENSMUSG00000022283,Pabpc1
6,PABPC1,ENSG00000070756,ENSMUSG00000046173,Pabpc6
7,PABPC3,ENSG00000151846,ENSMUSG00000046173,Pabpc6
8,PABPC1,ENSG00000070756,ENSMUSG00000051732,Pabpc2
9,PABPC3,ENSG00000151846,ENSMUSG00000051732,Pabpc2
10,P4HA2,ENSG00000072682,ENSMUSG00000018906,P4ha2
11,PAG1,ENSG00000076641,ENSMUSG00000027508,Pag1
12,P2RY10,ENSG00000078589,ENSMUSG00000050921,P2ry10
13,PAFAH1B3,ENSG00000079462,ENSMUSG00000005447,Pafah1b3
14,OSTM1,ENSG00000081087,ENSMUSG00000038280,Ostm1
15,P2RX5,ENSG00000083454,ENSMUSG00000005950,P2rx5
16,OXCT1,ENSG00000083720,ENSMUSG00000022186,Oxct1
17,OVGP1,ENSG00000085465,ENSMUSG00000074340,Ovgp1
18,P2RX7,ENSG00000089041,ENSMUSG00000029468,P2rx7
19,OTUB2,ENSG00000089723,ENSMUSG00000021203,Otub2
20,PABPC4,ENSG00000090621,ENSMUSG00000011257,Pabpc4
21,P2RX6,ENSG00000099957,ENSMUSG00000022758,P2rx6
22,PACSIN2,ENSG00000100266,ENSMUSG00000016664,Pacsin2
23,PABPN1,ENSG00000100836,ENSMUSG00000022194,Pabpn1
24,PABPC1L,ENSG00000101104,ENSMUSG00000054582,Pabpc1l
25,P2RX1,ENSG00000108405,ENSMUSG00000020787,P2rx1
26,P2RX3,ENSG00000109991,ENSMUSG00000027071,P2rx3
27,PAK1IP1,ENSG00000111845,ENSMUSG00000038683,Pak1ip1
28,PACRG,ENSG00000112530,ENSMUSG00000037196,Pacrg
29,OTOF,ENSG00000115155,ENSMUSG00000062372,Otof
30,OTX1,ENSG00000115507,ENSMUSG00000005917,Otx1
31,PADI2,ENSG00000117115,ENSMUSG00000028927,Padi2
32,PAIP2,ENSG00000120727,ENSMUSG00000037058,Paip2
33,P4HA1,ENSG00000122884,ENSMUSG00000019916,P4ha1
34,PAIP2B,ENSG00000124374,ENSMUSG00000045896,Paip2b
35,PACSIN1,ENSG00000124507,ENSMUSG00000040276,Pacsin1
36,OVOL2,ENSG00000125850,ENSMUSG00000037279,Ovol2
37,OTOR,ENSG00000125879,ENSMUSG00000027416,Otor
38,PAICS,ENSG00000128050,ENSMUSG00000029247,Paics
39,OSTF1,ENSG00000134996,ENSMUSG00000024725,Ostf1
40,P2RX4,ENSG00000135124,ENSMUSG00000029470,P2rx4
41,PADI3,ENSG00000142619,ENSMUSG00000025328,Padi3
42,PADI1,ENSG00000142623,ENSMUSG00000025329,Padi1
43,PAK1,ENSG00000149269,ENSMUSG00000030774,Pak1
44,P4HA3,ENSG00000149380,ENSMUSG00000051048,P4ha3
45,OXSM,ENSG00000151093,ENSMUSG00000021786,Oxsm
46,OXNAD1,ENSG00000154814,ENSMUSG00000021906,Oxnad1
47,OTUD6B,ENSG00000155100,ENSMUSG00000040550,Otud6b
48,OXA1L,ENSG00000155463,ENSMUSG00000000959,Oxa1l
49,OTOA,ENSG00000155719,ENSMUSG00000034990,Otoa
50,PAFAH2,ENSG00000158006,ENSMUSG00000037366,Pafah2
51,PADI4,ENSG00000159339,ENSMUSG00000025330,Padi4
52,OTOP1,ENSG00000163982,ENSMUSG00000051596,Otop1
53,OTUD4,ENSG00000164164,ENSMUSG00000036990,Otud4
54,OXR1,ENSG00000164830,ENSMUSG00000022307,Oxr1
55,OTUD1,ENSG00000165312,ENSMUSG00000043415,Otud1
56,OTX2,ENSG00000165588,ENSMUSG00000021848,Otx2
57,OXGR1,ENSG00000165621,ENSMUSG00000044819,Oxgr1
58,OTOGL,ENSG00000165899,ENSMUSG00000091455,Otogl
59,PACSIN3,ENSG00000165912,ENSMUSG00000027257,Pacsin3
60,OTUB1,ENSG00000167770,ENSMUSG00000024767,Otub1
61,PAFAH1B2,ENSG00000168092,ENSMUSG00000003131,Pafah1b2
62,P2RY12,ENSG00000169313,ENSMUSG00000036353,P2ry12
63,P2RY1,ENSG00000169860,ENSMUSG00000027765,P2ry1
64,OTUD3,ENSG00000169914,ENSMUSG00000041161,Otud3
65,OTUD7A,ENSG00000169918,ENSMUSG00000033510,Otud7a
66,PA2G4,ENSG00000170515,ENSMUSG00000025364,Pa2g4
67,OTP,ENSG00000171540,ENSMUSG00000021685,Otp
68,P2RY6,ENSG00000171631,ENSMUSG00000048779,P2ry6
69,PAH,ENSG00000171759,ENSMUSG00000020051,Pah
70,PAIP1,ENSG00000172239,ENSMUSG00000025451,Paip1
71,OVOL1,ENSG00000172818,ENSMUSG00000024922,Ovol1
72,OXSR1,ENSG00000172939,ENSMUSG00000036737,Oxsr1
73,PABPC5,ENSG00000174740,ENSMUSG00000034732,Pabpc5
74,P2RY14,ENSG00000174944,ENSMUSG00000036381,P2ry14
75,PACS1,ENSG00000175115,ENSMUSG00000024855,Pacs1
76,P2RY2,ENSG00000175591,ENSMUSG00000032860,P2ry2
77,P4HTM,ENSG00000178467,ENSMUSG00000006675,P4htm
78,OTOS,ENSG00000178602,ENSMUSG00000044055,Otos
79,PACS2,ENSG00000179364,ENSMUSG00000021143,Pacs2
80,OXTR,ENSG00000180914,ENSMUSG00000049112,Oxtr
81,P2RY13,ENSG00000181631,ENSMUSG00000036362,P2ry13
82,OTOL1,ENSG00000182447,ENSMUSG00000027788,Otol1
83,OTOP3,ENSG00000182938,ENSMUSG00000018862,Otop3
84,OTOP2,ENSG00000183034,ENSMUSG00000050201,Otop2
85,OVCH2,ENSG00000183378,ENSMUSG00000048236,Ovch2
86,P4HB,ENSG00000185624,ENSMUSG00000025130,P4hb
87,P2RY4,ENSG00000186912,ENSMUSG00000044359,P2ry4
88,P2RX2,ENSG00000187848,ENSMUSG00000029503,P2rx2
89,OTOG,ENSG00000188162,ENSMUSG00000009487,Otog
90,OSTN,ENSG00000188729,ENSMUSG00000052276,Ostn
91,OTUD6A,ENSG00000189401,ENSMUSG00000051582,Otud6a
92,OXCT2,ENSG00000198754,ENSMUSG00000076436,Oxct2a
93,OXCT2,ENSG00000198754,ENSMUSG00000076438,Oxct2b
94,PABPN1L,ENSG00000205022,ENSMUSG00000069867,Pabpn1l
95,PABPC4L,ENSG00000254535,ENSMUSG00000090919,Pabpc4l
96,OVCA2,ENSG00000262664,ENSMUSG00000038268,Ovca2
97,OTUD7B,ENSG00000264522,ENSMUSG00000038495,Otud7b
98,PADI6,ENSG00000276747,ENSMUSG00000040935,Padi6
99,,,ENSMUSG00000027301,Oxt
100,,,ENSMUSG00000041084,Ostc
101,,,ENSMUSG00000094885,Ott
102,,,ENSMUSG00000098682,Otx2os1
0,PAX6,ENSG00000007372,ENSMUSG00000027168,Pax6
1,PAX7,ENSG00000009709,ENSMUSG00000028736,Pax7
2,PARP3,ENSG00000041880,ENSMUSG00000023249,Parp3
3,PARP12,ENSG00000059378,ENSMUSG00000038507,Parp12
4,PANX2,ENSG00000073150,ENSMUSG00000058441,Panx2
5,PAX2,ENSG00000075891,ENSMUSG00000004231,Pax2
6,PAK3,ENSG00000077264,ENSMUSG00000031284,Pak3
7,PALB2,ENSG00000083093,ENSMUSG00000044702,Palb2
8,PEBP1,ENSG00000089220,ENSMUSG00000047104,Pbp2
9,PAPOLA,ENSG00000090060,ENSMUSG00000021111,Papola
10,PCBP4,ENSG00000090097,ENSMUSG00000023495,Pcbp4
11,PALMD,ENSG00000099260,ENSMUSG00000033377,Palmd
12,PALM,ENSG00000099864,ENSMUSG00000035863,Palm
13,PATZ1,ENSG00000100105,ENSMUSG00000020453,Patz1
14,PAPLN,ENSG00000100767,ENSMUSG00000021223,Papln
15,PARP4,ENSG00000102699,ENSMUSG00000054509,Parp4
16,PARD6A,ENSG00000102981,ENSMUSG00000005699,Pard6a
17,PBX4,ENSG00000105717,ENSMUSG00000031860,Pbx4
18,PAX4,ENSG00000106331,ENSMUSG00000029706,Pax4
19,PBLD,ENSG00000108187,ENSMUSG00000020072,Pbld2
20,PBLD,ENSG00000108187,ENSMUSG00000112129,Pbld1
21,PANX1,ENSG00000110218,ENSMUSG00000031934,Panx1
22,PARP11,ENSG00000111224,ENSMUSG00000037997,Parp11
23,PCCB,ENSG00000114054,ENSMUSG00000032527,Pccb
24,PAPOLG,ENSG00000115421,ENSMUSG00000020273,Papolg
25,PASK,ENSG00000115687,ENSMUSG00000026274,Pask
26,PARD3B,ENSG00000116117,ENSMUSG00000052062,Pard3b
27,PAPPA2,ENSG00000116183,ENSMUSG00000073530,Pappa2
28,PARK7,ENSG00000116288,ENSMUSG00000028964,Park7
29,PANK3,ENSG00000120137,ENSMUSG00000018846,Pank3
30,PARD6B,ENSG00000124171,ENSMUSG00000044641,Pard6b
31,PAX8,ENSG00000125618,ENSMUSG00000026976,Pax8
32,PANK2,ENSG00000125779,ENSMUSG00000037514,Pank2
33,PAX1,ENSG00000125813,ENSMUSG00000037034,Pax1
34,PALLD,ENSG00000129116,ENSMUSG00000058056,Palld
35,PARP2,ENSG00000129484,ENSMUSG00000036023,Parp2
36,PAK4,ENSG00000130669,ENSMUSG00000030602,Pak4
37,PCBD2,ENSG00000132570,ENSMUSG00000021496,Pcbd2
38,PAN2,ENSG00000135473,ENSMUSG00000005682,Pan2
39,PAX3,ENSG00000135903,ENSMUSG00000004872,Pax3
40,PARP6,ENSG00000137817,ENSMUSG00000025237,Parp6
41,PAQR5,ENSG00000137819,ENSMUSG00000032278,Paqr5
42,PAK6,ENSG00000137843,ENSMUSG00000074923,Pak6
43,PARP9,ENSG00000138496,ENSMUSG00000022906,Parp9
44,PARP16,ENSG00000138617,ENSMUSG00000032392,Parp16
45,PAPSS1,ENSG00000138801,ENSMUSG00000028032,Papss1
46,PARVG,ENSG00000138964,ENSMUSG00000022439,Parvg
47,PARN,ENSG00000140694,ENSMUSG00000022685,Parn
48,PARP1,ENSG00000143799,ENSMUSG00000026496,Parp1
49,PAM,ENSG00000145730,ENSMUSG00000026335,Pam
50,PARD3,ENSG00000148498,ENSMUSG00000025812,Pard3
51,PAOX,ENSG00000148832,ENSMUSG00000025464,Paox
52,PAMR1,ENSG00000149090,ENSMUSG00000027188,Pamr1
53,PARP8,ENSG00000151883,ENSMUSG00000021725,Parp8
54,PAN3,ENSG00000152520,ENSMUSG00000029647,Pan3
55,PANK1,ENSG00000152782,ENSMUSG00000033610,Pank1
56,PANX3,ENSG00000154143,ENSMUSG00000011118,Panx3
57,PAXIP1,ENSG00000157212,ENSMUSG00000002221,Paxip1
58,PANK4,ENSG00000157881,ENSMUSG00000029056,Pank4
59,PAQR6,ENSG00000160781,ENSMUSG00000041423,Paqr6
60,PAQR4,ENSG00000162073,ENSMUSG00000023909,Paqr4
61,PARS2,ENSG00000162396,ENSMUSG00000043572,Pars2
62,PAQR3,ENSG00000163291,ENSMUSG00000055725,Paqr3
63,PBXIP1,ENSG00000163346,ENSMUSG00000042613,Pbxip1
64,PBRM1,ENSG00000163939,ENSMUSG00000042323,Pbrm1
65,PCBD1,ENSG00000166228,ENSMUSG00000020098,Pcbd1
66,PATL1,ENSG00000166889,ENSMUSG00000046139,Patl1
67,PBX3,ENSG00000167081,ENSMUSG00000038718,Pbx3
68,PBK,ENSG00000168078,ENSMUSG00000022033,Pbk
69,PARM1,ENSG00000169116,ENSMUSG00000034981,Parm1
70,PCBP1,ENSG00000169564,ENSMUSG00000051695,Pcbp1
71,PAQR8,ENSG00000170915,ENSMUSG00000025931,Paqr8
72,PARP14,ENSG00000173193,ENSMUSG00000034422,Parp14
73,PARL,ENSG00000175193,ENSMUSG00000033918,Parl
74,PCCA,ENSG00000175198,ENSMUSG00000041650,Pcca
75,PAWR,ENSG00000177425,ENSMUSG00000035873,Pawr
76,PARD6G,ENSG00000178184,ENSMUSG00000056214,Pard6g
77,PARP10,ENSG00000178685,ENSMUSG00000063268,Parp10
78,PAK2,ENSG00000180370,ENSMUSG00000022781,Pak2
79,PAQR7,ENSG00000182749,ENSMUSG00000037348,Paqr7
80,PAPPA,ENSG00000182752,ENSMUSG00000028370,Pappa
81,PCBP3,ENSG00000183570,ENSMUSG00000001120,Pcbp3
82,PBX1,ENSG00000185630,ENSMUSG00000052534,Pbx1
83,PALM3,ENSG00000187867,ENSMUSG00000047986,Palm3
84,PAQR9,ENSG00000188582,ENSMUSG00000064225,Paqr9
85,PARVB,ENSG00000188677,ENSMUSG00000022438,Parvb
86,PAX5,ENSG00000196092,ENSMUSG00000014030,Pax5
87,PATE2,ENSG00000196844,ENSMUSG00000074452,Pate2
88,PCBP2,ENSG00000197111,ENSMUSG00000056851,Pcbp2
89,PARVA,ENSG00000197702,ENSMUSG00000030770,Parva
90,PAPSS2,ENSG00000198682,ENSMUSG00000024899,Papss2
91,PAX9,ENSG00000198807,ENSMUSG00000001497,Pax9
92,PBX2,ENSG00000204304,ENSMUSG00000034673,Pbx2
93,PAM16,ENSG00000217930,ENSMUSG00000014301,Pam16
94,PAPOLB,ENSG00000218823,ENSMUSG00000074817,Papolb
95,PARG,ENSG00000227345,ENSMUSG00000021911,Parg
96,PATL2,ENSG00000229474,ENSMUSG00000027233,Patl2
97,PATE4,ENSG00000237353,ENSMUSG00000032099,Pate4
98,,,ENSMUSG00000000003,Pbsn
99,,,ENSMUSG00000086029,Pax6os1
0,PCM1,ENSG00000078674,ENSMUSG00000031592,Pcm1
1,PCNP,ENSG00000081154,ENSMUSG00000071533,Pcnp
2,PCDHB4,ENSG00000081818,ENSMUSG00000045062,Pcdhb7
3,PCDHB4,ENSG00000081818,ENSMUSG00000051242,Pcdhb9
4,PCDHB4,ENSG00000081818,ENSMUSG00000063687,Pcdhb5
5,PCDHA6,ENSG00000081842,ENSMUSG00000103707,Pcdha6
6,PCDHA8,ENSG00000204962,ENSMUSG00000103707,Pcdha6
7,PCDHGA2,ENSG00000081853,ENSMUSG00000103332,Pcdhga2
8,PCSK5,ENSG00000099139,ENSMUSG00000024713,Pcsk5
9,PCDH11Y,ENSG00000099715,ENSMUSG00000034755,Pcdh11x
10,PCDH11X,ENSG00000102290,ENSMUSG00000034755,Pcdh11x
11,PCNX1,ENSG00000100731,ENSMUSG00000021140,Pcnx
12,PCK2,ENSG00000100889,ENSMUSG00000040618,Pck2
13,PCIF1,ENSG00000100982,ENSMUSG00000039849,Pcif1
14,PCSK1N,ENSG00000102109,ENSMUSG00000039278,Pcsk1n
15,PCOLCE,ENSG00000106333,ENSMUSG00000029718,Pcolce
16,PCDHB2,ENSG00000112852,ENSMUSG00000051599,Pcdhb2
17,PCDHB3,ENSG00000113205,ENSMUSG00000045498,Pcdhb3
18,PCDHB5,ENSG00000113209,ENSMUSG00000043458,Pcdhb12
19,PCDHB5,ENSG00000113209,ENSMUSG00000045657,Pcdhb10
20,PCDHB5,ENSG00000113209,ENSMUSG00000045689,Pcdhb4
21,PCDHB5,ENSG00000113209,ENSMUSG00000045876,Pcdhb8
22,PCDHB5,ENSG00000113209,ENSMUSG00000051486,Pcdhb11
23,PCDHB5,ENSG00000113209,ENSMUSG00000051678,Pcdhb6
24,PCDHB6,ENSG00000113211,ENSMUSG00000047307,Pcdhb13
25,PCDHB7,ENSG00000113212,ENSMUSG00000047033,Pcdhb15
26,PCDHB15,ENSG00000113248,ENSMUSG00000073591,Pcdhb22
27,PCDH12,ENSG00000113555,ENSMUSG00000024440,Pcdh12
28,PCSK4,ENSG00000115257,ENSMUSG00000020131,Pcsk4
29,PCGF1,ENSG00000115289,ENSMUSG00000069678,Pcgf1
30,PCDH17,ENSG00000118946,ENSMUSG00000035566,Pcdh17
31,PCMT1,ENSG00000120265,ENSMUSG00000019795,Pcmt1
32,PCDHB10,ENSG00000120324,ENSMUSG00000048347,Pcdhb18
33,PCDHB9,ENSG00000177839,ENSMUSG00000048347,Pcdhb18
34,PCDHB14,ENSG00000120327,ENSMUSG00000046191,Pcdhb20
35,PCDHB12,ENSG00000120328,ENSMUSG00000043313,Pcdhb19
36,PCDHB11,ENSG00000197479,ENSMUSG00000043313,Pcdhb19
37,PCK1,ENSG00000124253,ENSMUSG00000027513,Pck1
38,PCSK2,ENSG00000125851,ENSMUSG00000027419,Pcsk2
39,PCID2,ENSG00000126226,ENSMUSG00000038542,Pcid2
40,PCNA,ENSG00000132646,ENSMUSG00000027342,Pcna
41,PCDH8,ENSG00000136099,ENSMUSG00000036422,Pcdh8
42,PCDH10,ENSG00000138650,ENSMUSG00000049100,Pcdh10
43,PCSK6,ENSG00000140479,ENSMUSG00000030513,Pcsk6
44,PCDH15,ENSG00000150275,ENSMUSG00000052613,Pcdh15
45,PCGF6,ENSG00000156374,ENSMUSG00000025050,Pcgf6
46,PCDH1,ENSG00000156453,ENSMUSG00000051375,Pcdh1
47,PCNT,ENSG00000160299,ENSMUSG00000001151,Pcnt
48,PCOLCE2,ENSG00000163710,ENSMUSG00000015354,Pcolce2
49,PCDH19,ENSG00000165194,ENSMUSG00000051323,Pcdh19
50,PCF11,ENSG00000165494,ENSMUSG00000041328,Pcf11
51,PCMTD1,ENSG00000168300,ENSMUSG00000051285,Pcmtd1
52,PCDH7,ENSG00000169851,ENSMUSG00000029108,Pcdh7
53,PCDHB1,ENSG00000171815,ENSMUSG00000051663,Pcdhb1
54,PCP2,ENSG00000174788,ENSMUSG00000004630,Pcp2
55,PCSK1,ENSG00000175426,ENSMUSG00000021587,Pcsk1
56,PCGF5,ENSG00000180628,ENSMUSG00000024805,Pcgf5
57,PCDH9,ENSG00000184226,ENSMUSG00000055421,Pcdh9
58,PCGF3,ENSG00000185619,ENSMUSG00000033623,Pcgf3
59,PCLO,ENSG00000186472,ENSMUSG00000061601,Pclo
60,PCDHB13,ENSG00000187372,ENSMUSG00000047910,Pcdhb16
61,PCDH18,ENSG00000189184,ENSMUSG00000037892,Pcdh18
62,PCMTD2,ENSG00000203880,ENSMUSG00000027589,Pcmtd2
63,PCDHGA1,ENSG00000204956,ENSMUSG00000103144,Pcdhga1
64,PCDHA9,ENSG00000204961,ENSMUSG00000103800,Pcdha8
65,PCDHA7,ENSG00000204963,ENSMUSG00000103800,Pcdha8
66,PCDHA9,ENSG00000204961,ENSMUSG00000104318,Pcdha7
67,PCDHA7,ENSG00000204963,ENSMUSG00000104318,Pcdha7
68,PCDHA5,ENSG00000204965,ENSMUSG00000103092,Pcdha5
69,PCDHA4,ENSG00000204967,ENSMUSG00000007440,Pcdha10
70,PCDHA4,ENSG00000204967,ENSMUSG00000104252,Pcdha4
71,PCDHA2,ENSG00000204969,ENSMUSG00000104148,Pcdha2
72,PCDHA1,ENSG00000204970,ENSMUSG00000103442,Pcdha1
73,PCDHA13,ENSG00000239389,ENSMUSG00000103310,Pcdha12
74,PCDHGC3,ENSG00000240184,ENSMUSG00000102918,Pcdhgc3
75,PCDHGC5,ENSG00000240764,ENSMUSG00000102543,Pcdhgc5
76,PCDHGC4,ENSG00000242419,ENSMUSG00000023036,Pcdhgc4
77,PCDHAC2,ENSG00000243232,ENSMUSG00000102697,Pcdhac2
78,PCDHAC1,ENSG00000248383,ENSMUSG00000103255,Pcdhac1
79,PCP4L1,ENSG00000248485,ENSMUSG00000038370,Pcp4l1
80,PCDHA11,ENSG00000249158,ENSMUSG00000102206,Pcdha11
81,PCDHA10,ENSG00000250120,ENSMUSG00000103770,Pcdha9
82,PCDHGA12,ENSG00000253159,ENSMUSG00000102428,Pcdhga12
83,PCDHGB6,ENSG00000253305,ENSMUSG00000103088,Pcdhgb6
84,PCDHGA5,ENSG00000253485,ENSMUSG00000103567,Pcdhga5
85,PCDHGA7,ENSG00000253537,ENSMUSG00000103472,Pcdhga7
86,PCDHGA6,ENSG00000253731,ENSMUSG00000103793,Pcdhga6
87,PCDHGA8,ENSG00000253767,ENSMUSG00000103897,Pcdhga8
88,PCDHGA10,ENSG00000253846,ENSMUSG00000102222,Pcdhga10
89,PCDHGA11,ENSG00000253873,ENSMUSG00000102742,Pcdhga11
90,PCDHGB2,ENSG00000253910,ENSMUSG00000102748,Pcdhgb2
91,PCDHGB4,ENSG00000253953,ENSMUSG00000103585,Pcdhgb4
92,PCDHGB7,ENSG00000254122,ENSMUSG00000104063,Pcdhgb7
93,PCDHGB1,ENSG00000254221,ENSMUSG00000103037,Pcdhgb1
94,PCDHGA3,ENSG00000254245,ENSMUSG00000104346,Pcdhga3
95,PCDHA3,ENSG00000255408,ENSMUSG00000102312,Pcdha3
96,PCDHGA9,ENSG00000261934,ENSMUSG00000102440,Pcdhga9
97,PCDHGA4,ENSG00000262576,ENSMUSG00000103677,Pcdhga4
98,PCDHB16,ENSG00000272674,ENSMUSG00000046387,Pcdhb17
99,PCDHGB5,ENSG00000276547,ENSMUSG00000103749,Pcdhgb5
100,PCGF2,ENSG00000277258,ENSMUSG00000018537,Pcgf2
101,PCDH20,ENSG00000280165,ENSMUSG00000050505,Pcdh20
102,,,ENSMUSG00000044022,Pcdhb21
103,,,ENSMUSG00000044043,Pcdhb14
104,,,ENSMUSG00000090223,Pcp4
105,,,ENSMUSG00000103081,Pcdhgb8
0,PDK4,ENSG00000004799,ENSMUSG00000019577,Pdk4
1,PDK2,ENSG00000005882,ENSMUSG00000038967,Pdk2
2,PDIA5,ENSG00000065485,ENSMUSG00000022844,Pdia5
3,PDE4A,ENSG00000065989,ENSMUSG00000032177,Pde4a
4,PDZD4,ENSG00000067840,ENSMUSG00000002006,Pdzd4
5,PDK3,ENSG00000067992,ENSMUSG00000035232,Pdk3
6,PDCD2,ENSG00000071994,ENSMUSG00000014771,Pdcd2
7,PDE8A,ENSG00000073417,ENSMUSG00000025584,Pde8a
8,PDS5B,ENSG00000083642,ENSMUSG00000034021,Pds5b
9,PDRG1,ENSG00000088356,ENSMUSG00000027472,Pdrg1
10,PDCD7,ENSG00000090470,ENSMUSG00000041837,Pdcd7
11,PDPR,ENSG00000090857,ENSMUSG00000033624,Pdpr
12,PDE6C,ENSG00000095464,ENSMUSG00000024992,Pde6c
13,PDGFB,ENSG00000100311,ENSMUSG00000000489,Pdgfb
14,PDYN,ENSG00000101327,ENSMUSG00000027400,Pdyn
15,PCYT1B,ENSG00000102230,ENSMUSG00000035246,Pcyt1b
16,PDGFRL,ENSG00000104213,ENSMUSG00000031595,Pdgfrl
17,PDCD5,ENSG00000105185,ENSMUSG00000030417,Pdcd5
18,PDE4C,ENSG00000105650,ENSMUSG00000031842,Pde4c
19,PDAP1,ENSG00000106244,ENSMUSG00000029623,Pdap1
20,PDLIM1,ENSG00000107438,ENSMUSG00000055044,Pdlim1
21,PDHX,ENSG00000110435,ENSMUSG00000010914,Pdhx
22,PDE10A,ENSG00000112541,ENSMUSG00000023868,Pde10a
23,PDE8B,ENSG00000113231,ENSMUSG00000021684,Pde8b
24,PDE4D,ENSG00000113448,ENSMUSG00000021699,Pde4d
25,PDGFRB,ENSG00000113721,ENSMUSG00000024620,Pdgfrb
26,PDCD10,ENSG00000114209,ENSMUSG00000027835,Pdcd10
27,PDE1A,ENSG00000115252,ENSMUSG00000059173,Pde1a
28,PDCL3,ENSG00000115539,ENSMUSG00000026078,Pdcl3
29,PCYOX1,ENSG00000116005,ENSMUSG00000029998,Pcyox1
30,PDC,ENSG00000116703,ENSMUSG00000006007,Pdc
31,PDZD11,ENSG00000120509,ENSMUSG00000015668,Pdzd11
32,PDLIM2,ENSG00000120913,ENSMUSG00000022090,Pdlim2
33,PDS5A,ENSG00000121892,ENSMUSG00000029202,Pds5a
34,PDE1B,ENSG00000123360,ENSMUSG00000022489,Pde1b
35,PDCD2L,ENSG00000126249,ENSMUSG00000002635,Pdcd2l
36,PDE11A,ENSG00000128655,ENSMUSG00000075270,Pde11a
37,PDLIM4,ENSG00000131435,ENSMUSG00000020388,Pdlim4
38,PDHA1,ENSG00000131828,ENSMUSG00000031299,Pdha1
39,PDE6A,ENSG00000132915,ENSMUSG00000024575,Pde6a
40,PDE6B,ENSG00000133256,ENSMUSG00000029491,Pde6b
41,PDZD2,ENSG00000133401,ENSMUSG00000022197,Pdzd2
42,PDGFRA,ENSG00000134853,ENSMUSG00000029231,Pdgfra
43,PDCL,ENSG00000136940,ENSMUSG00000009030,Pdcl
44,PDE5A,ENSG00000138735,ENSMUSG00000053965,Pde5a
45,PDE6H,ENSG00000139053,ENSMUSG00000064330,Pde6h
46,PDX1,ENSG00000139515,ENSMUSG00000029644,Pdx1
47,PDPK1,ENSG00000140992,ENSMUSG00000024122,Pdpk1
48,PCTP,ENSG00000141179,ENSMUSG00000020553,Pctp
49,PDIA6,ENSG00000143870,ENSMUSG00000020571,Pdia6
50,PDGFC,ENSG00000145431,ENSMUSG00000028019,Pdgfc
51,PCYOX1L,ENSG00000145882,ENSMUSG00000024579,Pcyox1l
52,PDSS1,ENSG00000148459,ENSMUSG00000026784,Pdss1
53,PDCD11,ENSG00000148843,ENSMUSG00000025047,Pdcd11
54,PDCD4,ENSG00000150593,ENSMUSG00000024975,Pdcd4
55,PDK1,ENSG00000152256,ENSMUSG00000006494,Pdk1
56,PDE3B,ENSG00000152270,ENSMUSG00000030671,Pde3b
57,PDLIM3,ENSG00000154553,ENSMUSG00000031636,Pdlim3
58,PDE1C,ENSG00000154678,ENSMUSG00000004347,Pde1c
59,PDIA4,ENSG00000155660,ENSMUSG00000025823,Pdia4
60,PDE6D,ENSG00000156973,ENSMUSG00000026239,Pde6d
61,PDE9A,ENSG00000160191,ENSMUSG00000041119,Pde9a
62,PDXK,ENSG00000160209,ENSMUSG00000032788,Pdxk
63,PCSK7,ENSG00000160613,ENSMUSG00000035382,Pcsk7
64,PCYT1A,ENSG00000161217,ENSMUSG00000005615,Pcyt1a
65,PDPN,ENSG00000162493,ENSMUSG00000028583,Pdpn
66,PDLIM5,ENSG00000163110,ENSMUSG00000028273,Pdlim5
67,PDHA2,ENSG00000163114,ENSMUSG00000047674,Pdha2
68,PDCL2,ENSG00000163440,ENSMUSG00000029235,Pdcl2
69,PDSS2,ENSG00000164494,ENSMUSG00000038240,Pdss2
70,PDP1,ENSG00000164951,ENSMUSG00000049225,Pdp1
71,PDIA3,ENSG00000167004,ENSMUSG00000027248,Pdia3
72,PDHB,ENSG00000168291,ENSMUSG00000021748,Pdhb
73,PCSK9,ENSG00000169174,ENSMUSG00000044254,Pcsk9
74,PDILT,ENSG00000169340,ENSMUSG00000030968,Pdilt
75,PDGFD,ENSG00000170962,ENSMUSG00000032006,Pdgfd
76,PDE7B,ENSG00000171408,ENSMUSG00000019990,Pde7b
77,PDE3A,ENSG00000172572,ENSMUSG00000041741,Pde3a
78,PDP2,ENSG00000172840,ENSMUSG00000048371,Pdp2
79,PC,ENSG00000173599,ENSMUSG00000024892,Pcx
80,PDE12,ENSG00000174840,ENSMUSG00000043702,Pde12
81,PDIK1L,ENSG00000175087,ENSMUSG00000050890,Pdik1l
82,PDE4DIP,ENSG00000178104,ENSMUSG00000038170,Pde4dip
83,PDXDC1,ENSG00000179889,ENSMUSG00000022680,Pdxdc1
84,PDE4B,ENSG00000184588,ENSMUSG00000028525,Pde4b
85,PDE6G,ENSG00000185527,ENSMUSG00000025386,Pde6g
86,PDIA2,ENSG00000185615,ENSMUSG00000024184,Pdia2
87,PCYT2,ENSG00000185813,ENSMUSG00000025137,Pcyt2
88,PDE2A,ENSG00000186642,ENSMUSG00000110195,Pde2a
89,PDZD7,ENSG00000186862,ENSMUSG00000074818,Pdzd7
90,PDCD1,ENSG00000188389,ENSMUSG00000026285,Pdcd1
91,PDLIM7,ENSG00000196923,ENSMUSG00000021493,Pdlim7
92,PDGFA,ENSG00000197461,ENSMUSG00000025856,Pdgfa
93,PDCD1LG2,ENSG00000197646,ENSMUSG00000016498,Pdcd1lg2
94,PDE7A,ENSG00000205268,ENSMUSG00000069094,Pde7a
95,PDXP,ENSG00000241360,ENSMUSG00000116165,Pdxp
96,PDCD6,ENSG00000249915,ENSMUSG00000021576,Pdcd6
97,PDF,ENSG00000258429,ENSMUSG00000078931,Pdf
98,,,ENSMUSG00000002791,Pdxk-ps
99,,,ENSMUSG00000032504,Pdcd6ip
0,PGLYRP1,ENSG00000008438,ENSMUSG00000030413,Pglyrp1
1,PGM3,ENSG00000013375,ENSMUSG00000056131,Pgm3
2,PEX3,ENSG00000034693,ENSMUSG00000019809,Pex3
3,PER3,ENSG00000049246,ENSMUSG00000028957,Per3
4,PFKP,ENSG00000067057,ENSMUSG00000021196,Pfkp
5,PFN2,ENSG00000070087,ENSMUSG00000027805,Pfn2
6,PGM1,ENSG00000079739,ENSMUSG00000025791,Pgm1
7,PGR,ENSG00000082175,ENSMUSG00000031870,Pgr
8,PGS1,ENSG00000087157,ENSMUSG00000017715,Pgs1
9,PHACTR3,ENSG00000087495,ENSMUSG00000027525,Phactr3
10,PGC,ENSG00000096088,ENSMUSG00000023987,Pgc
11,PES1,ENSG00000100029,ENSMUSG00000020430,Pes1
12,PFDN4,ENSG00000101132,ENSMUSG00000052033,Pfdn4
13,PGRMC1,ENSG00000101856,ENSMUSG00000006373,Pgrmc1
14,PGK1,ENSG00000102144,ENSMUSG00000062070,Pgk1
15,PFN1,ENSG00000108518,ENSMUSG00000018293,Pfn1
16,PEX12,ENSG00000108733,ENSMUSG00000018733,Pex12
17,PHACTR1,ENSG00000112137,ENSMUSG00000054728,Phactr1
18,PEX7,ENSG00000112357,ENSMUSG00000020003,Pex7
19,PERP,ENSG00000112378,ENSMUSG00000019851,Perp
20,PHACTR2,ENSG00000112419,ENSMUSG00000062866,Phactr2
21,PFDN1,ENSG00000113068,ENSMUSG00000024346,Pfdn1
22,PFKFB4,ENSG00000114268,ENSMUSG00000025648,Pfkfb4
23,PEX5L,ENSG00000114757,ENSMUSG00000027674,Pex5l
24,PECR,ENSG00000115425,ENSMUSG00000026189,Pecr
25,PGF,ENSG00000119630,ENSMUSG00000004791,Pgf
26,PDZRN3,ENSG00000121440,ENSMUSG00000035357,Pdzrn3
27,PEX16,ENSG00000121680,ENSMUSG00000027222,Pex16
28,PFDN5,ENSG00000123349,ENSMUSG00000001289,Pfdn5
29,PFKFB2,ENSG00000123836,ENSMUSG00000026409,Pfkfb2
30,PEPD,ENSG00000124299,ENSMUSG00000063931,Pepd
31,PEX6,ENSG00000124587,ENSMUSG00000002763,Pex6
32,PEX1,ENSG00000127980,ENSMUSG00000005907,Pex1
33,PGLS,ENSG00000130313,ENSMUSG00000031807,Pgls
34,PGPEP1,ENSG00000130517,ENSMUSG00000056204,Pgpep1
35,PEX11B,ENSG00000131779,ENSMUSG00000028102,Pex11b
36,PER2,ENSG00000132326,ENSMUSG00000055866,Per2
37,PEMT,ENSG00000133027,ENSMUSG00000000301,Pemt
38,PEBP4,ENSG00000134020,ENSMUSG00000022085,Pebp4
39,PGBD1,ENSG00000137338,ENSMUSG00000055313,Pgbd1
40,PEX5,ENSG00000139197,ENSMUSG00000005069,Pex5
41,PELI2,ENSG00000139946,ENSMUSG00000021846,Peli2
42,PELP1,ENSG00000141456,ENSMUSG00000018921,Pelp1
43,PFKL,ENSG00000141959,ENSMUSG00000020277,Pfkl
44,PEX14,ENSG00000142655,ENSMUSG00000028975,Pex14
45,PGD,ENSG00000142657,ENSMUSG00000028961,Pgd
46,PFDN2,ENSG00000143256,ENSMUSG00000006412,Pfdn2
47,PGAP2,ENSG00000148985,ENSMUSG00000030990,Pgap2
48,PFKM,ENSG00000152556,ENSMUSG00000033065,Pfkm
49,PELO,ENSG00000152684,ENSMUSG00000042275,Pelo
50,PGM5,ENSG00000154330,ENSMUSG00000041731,Pgm5
51,PDZD9,ENSG00000155714,ENSMUSG00000030887,Pdzd9
52,PEX10,ENSG00000157911,ENSMUSG00000029047,Pex10
53,PFKFB1,ENSG00000158571,ENSMUSG00000025271,Pfkfb1
54,PGLYRP3,ENSG00000159527,ENSMUSG00000042244,Pglyrp3
55,PGLYRP2,ENSG00000161031,ENSMUSG00000079563,Pglyrp2
56,PGAP3,ENSG00000161395,ENSMUSG00000038208,Pgap3
57,PDZK1IP1,ENSG00000162366,ENSMUSG00000028716,Pdzk1ip1
58,PEF1,ENSG00000162517,ENSMUSG00000028779,Pef1
59,PEA15,ENSG00000162734,ENSMUSG00000013698,Pea15a
60,PEX19,ENSG00000162735,ENSMUSG00000003464,Pex19
61,PEX13,ENSG00000162928,ENSMUSG00000020283,Pex13
62,PGLYRP4,ENSG00000163218,ENSMUSG00000042250,Pglyrp4
63,PGRMC2,ENSG00000164040,ENSMUSG00000049940,Pgrmc2
64,PGGT1B,ENSG00000164219,ENSMUSG00000024477,Pggt1b
65,PGAM2,ENSG00000164708,ENSMUSG00000020475,Pgam2
66,PGM2L1,ENSG00000165434,ENSMUSG00000030729,Pgm2l1
67,PDZD8,ENSG00000165650,ENSMUSG00000074746,Pdzd8
68,FRAT1,ENSG00000165879,ENSMUSG00000070526,Peg12
69,PDZRN4,ENSG00000165966,ENSMUSG00000036218,Pdzrn4
70,PEX11A,ENSG00000166821,ENSMUSG00000030545,Pex11a
71,PGM2,ENSG00000169299,ENSMUSG00000029171,Pgm2
72,PFKFB3,ENSG00000170525,ENSMUSG00000026773,Pfkfb3
73,PGK2,ENSG00000170950,ENSMUSG00000031233,Pgk2
74,PGAM1,ENSG00000171314,ENSMUSG00000011752,Pgam1
75,PGAM4,ENSG00000226784,ENSMUSG00000011752,Pgam1
76,PELI3,ENSG00000174516,ENSMUSG00000024901,Peli3
77,PDZK1,ENSG00000174827,ENSMUSG00000038298,Pdzk1
78,PFN4,ENSG00000176732,ENSMUSG00000020639,Pfn4
79,PGBD5,ENSG00000177614,ENSMUSG00000050751,Pgbd5
80,PFAS,ENSG00000178921,ENSMUSG00000020899,Pfas
81,PER1,ENSG00000179094,ENSMUSG00000020893,Per1
82,PENK,ENSG00000181195,ENSMUSG00000045573,Penk
83,PGPEP1L,ENSG00000183571,ENSMUSG00000030553,Pgpep1l
84,PGP,ENSG00000184207,ENSMUSG00000043445,Pgp
85,PEAR1,ENSG00000187800,ENSMUSG00000028073,Pear1
86,PFN3,ENSG00000196570,ENSMUSG00000044444,Pfn3
87,PGAP1,ENSG00000197121,ENSMUSG00000073678,Pgap1
88,PELI1,ENSG00000197329,ENSMUSG00000020134,Peli1
89,MPEG1,ENSG00000197629,ENSMUSG00000040065,Pfpl
90,PEG3,ENSG00000198300,ENSMUSG00000002265,Peg3
91,PHACTR4,ENSG00000204138,ENSMUSG00000066043,Phactr4
92,PEX26,ENSG00000215193,ENSMUSG00000067825,Pex26
93,PEG10,ENSG00000242265,ENSMUSG00000092035,Peg10
94,RTL1,ENSG00000254656,ENSMUSG00000092035,Peg10
95,PGAM5,ENSG00000247077,ENSMUSG00000029500,Pgam5
96,PECAM1,ENSG00000261371,ENSMUSG00000020717,Pecam1
97,,,ENSMUSG00000024738,Pga5
98,,,ENSMUSG00000029373,Pf4
99,,,ENSMUSG00000031212,Pgr15l
100,,,ENSMUSG00000032959,Pebp1
101,,,ENSMUSG00000106847,Peg13
0,PHTF2,ENSG00000006576,ENSMUSG00000039987,Phtf2
1,PIGQ,ENSG00000007541,ENSMUSG00000025728,Pigq
2,PHF7,ENSG00000010318,ENSMUSG00000021902,Phf7
3,PIK3C2A,ENSG00000011405,ENSMUSG00000030660,Pik3c2a
4,PHLDB1,ENSG00000019144,ENSMUSG00000048537,Phldb1
5,PHF20,ENSG00000025293,ENSMUSG00000038116,Phf20
6,PIAS1,ENSG00000033800,ENSMUSG00000032405,Pias1
7,PI4K2B,ENSG00000038210,ENSMUSG00000029186,Pi4k2b
8,PHLPP2,ENSG00000040199,ENSMUSG00000031732,Phlpp2
9,PHF23,ENSG00000040633,ENSMUSG00000018572,Phf23
10,PHKA2,ENSG00000044446,ENSMUSG00000031295,Phka2
11,PIK3CB,ENSG00000051382,ENSMUSG00000032462,Pik3cb
12,PHPT1,ENSG00000054148,ENSMUSG00000036504,Phpt1
13,PHF21B,ENSG00000056487,ENSMUSG00000016624,Phf21b
14,PIGV,ENSG00000060642,ENSMUSG00000043257,Pigv
15,PHKA1,ENSG00000067177,ENSMUSG00000034055,Phka1
16,PIGB,ENSG00000069943,ENSMUSG00000079469,Pigb
17,PHRF1,ENSG00000070047,ENSMUSG00000038611,Phrf1
18,PICALM,ENSG00000073921,ENSMUSG00000039361,Picalm
19,PIAS2,ENSG00000078043,ENSMUSG00000025423,Pias2
20,PIK3C3,ENSG00000078142,ENSMUSG00000033628,Pik3c3
21,PHLPP1,ENSG00000081913,ENSMUSG00000044340,Phlpp1
22,PIBF1,ENSG00000083535,ENSMUSG00000022064,Pibf1
23,PIGS,ENSG00000087111,ENSMUSG00000041958,Pigs
24,PHGDH,ENSG00000092621,ENSMUSG00000053398,Phgdh
25,PICK1,ENSG00000100151,ENSMUSG00000068206,Pick1
26,PHF5A,ENSG00000100410,ENSMUSG00000061360,Phf5a
27,PIGH,ENSG00000100564,ENSMUSG00000021120,Pigh
28,PIGU,ENSG00000101464,ENSMUSG00000038383,Pigu
29,PHEX,ENSG00000102174,ENSMUSG00000057457,Phex
30,PHKB,ENSG00000102893,ENSMUSG00000036879,Phkb
31,PIH1D1,ENSG00000104872,ENSMUSG00000003423,Pih1d1
32,PIAS4,ENSG00000105229,ENSMUSG00000004934,Pias4
33,PHF14,ENSG00000106443,ENSMUSG00000029629,Phf14
34,PHYH,ENSG00000107537,ENSMUSG00000026664,Phyh
35,PIGL,ENSG00000108474,ENSMUSG00000014245,Pigl
36,PHF12,ENSG00000109118,ENSMUSG00000037791,Phf12
37,PHOX2B,ENSG00000109132,ENSMUSG00000012520,Phox2b
38,PHC1,ENSG00000111752,ENSMUSG00000040669,Phc1
39,PHF1,ENSG00000112511,ENSMUSG00000024193,Phf1
40,PHF13,ENSG00000116273,ENSMUSG00000047777,Phf13
41,PHTF1,ENSG00000116793,ENSMUSG00000058388,Phtf1
42,PHF3,ENSG00000118482,ENSMUSG00000048874,Phf3
43,PHF19,ENSG00000119403,ENSMUSG00000026873,Phf19
44,PIK3CA,ENSG00000121879,ENSMUSG00000027665,Pik3ca
45,PIGT,ENSG00000124155,ENSMUSG00000017721,Pigt
46,PHF20L1,ENSG00000129292,ENSMUSG00000072501,Phf20l1
47,PHF10,ENSG00000130024,ENSMUSG00000023883,Phf10
48,PIAS3,ENSG00000131788,ENSMUSG00000028101,Pias3
49,PIK3C2B,ENSG00000133056,ENSMUSG00000026447,Pik3c2b
50,PHC2,ENSG00000134686,ENSMUSG00000028796,Phc2
51,PHF21A,ENSG00000135365,ENSMUSG00000058318,Phf21a
52,PIGC,ENSG00000135845,ENSMUSG00000026698,Pigc
53,PI15,ENSG00000137558,ENSMUSG00000067780,Pi15
54,PIK3C2G,ENSG00000139144,ENSMUSG00000030228,Pik3c2g
55,PHLDA1,ENSG00000139289,ENSMUSG00000020205,Phlda1
56,PIF1,ENSG00000140451,ENSMUSG00000041064,Pif1
57,PIGK,ENSG00000142892,ENSMUSG00000039047,Pigk
58,PIGM,ENSG00000143315,ENSMUSG00000050229,Pigm
59,PI4KB,ENSG00000143393,ENSMUSG00000038861,Pi4kb
60,PHOSPHO2,ENSG00000144362,ENSMUSG00000027088,Phospho2
61,PHLDB2,ENSG00000144824,ENSMUSG00000033149,Phldb2
62,PHIP,ENSG00000146247,ENSMUSG00000032253,Phip
63,PIH1D2,ENSG00000150773,ENSMUSG00000000167,Pih1d2
64,PIGF,ENSG00000151665,ENSMUSG00000024145,Pigf
65,PID1,ENSG00000153823,ENSMUSG00000045658,Pid1
66,PI4K2A,ENSG00000155252,ENSMUSG00000025178,Pi4k2a
67,PIK3AP1,ENSG00000155629,ENSMUSG00000025017,Pik3ap1
68,PHF6,ENSG00000156531,ENSMUSG00000025626,Phf6
69,PHKG2,ENSG00000156873,ENSMUSG00000030815,Phkg2
70,PIGR,ENSG00000162896,ENSMUSG00000026417,Pigr
71,PIGX,ENSG00000163964,ENSMUSG00000023791,Pigx
72,PI16,ENSG00000164530,ENSMUSG00000024011,Pi16
73,PHKG1,ENSG00000164776,ENSMUSG00000025537,Phkg1
74,PHAX,ENSG00000164902,ENSMUSG00000008301,Phax
75,PIGA,ENSG00000165195,ENSMUSG00000031381,Piga
76,PIGO,ENSG00000165282,ENSMUSG00000028454,Pigo
77,PHYHIPL,ENSG00000165443,ENSMUSG00000037747,Phyhipl
78,PHOX2A,ENSG00000165462,ENSMUSG00000007946,Phox2a
79,PHB1,ENSG00000167085,ENSMUSG00000038845,Phb
80,PHYHIP,ENSG00000168490,ENSMUSG00000003469,Phyhip
81,PHF8,ENSG00000172943,ENSMUSG00000041229,Phf8
82,PHOSPHO1,ENSG00000173868,ENSMUSG00000050860,Phospho1
83,PHC3,ENSG00000173889,ENSMUSG00000037652,Phc3
84,PIGG,ENSG00000174227,ENSMUSG00000029263,Pigg
85,PHLDA3,ENSG00000174307,ENSMUSG00000041801,Phlda3
86,PHYHD1,ENSG00000175287,ENSMUSG00000079484,Phyhd1
87,PHLDB3,ENSG00000176531,ENSMUSG00000074277,Phldb3
88,PHLDA2,ENSG00000181649,ENSMUSG00000010760,Phlda2
89,PIGP,ENSG00000185808,ENSMUSG00000022940,Pigp
90,PIGN,ENSG00000197563,ENSMUSG00000056536,Pign
91,PHF2,ENSG00000197724,ENSMUSG00000038025,Phf2
92,PHB2,ENSG00000215021,ENSMUSG00000004264,Phb2
93,PI4KA,ENSG00000241973,ENSMUSG00000041720,Pi4ka
94,PIGY,ENSG00000255072,ENSMUSG00000010607,Pigyl
95,PIGW,ENSG00000277161,ENSMUSG00000045140,Pigw
96,,,ENSMUSG00000031802,Phxr4
97,,,ENSMUSG00000045625,Pigz
98,,,ENSMUSG00000046804,Phgr1
99,,,ENSMUSG00000090881,Phf11
0,PKD1,ENSG00000008710,ENSMUSG00000032855,Pkd1
1,PKP2,ENSG00000057294,ENSMUSG00000041957,Pkp2
2,PKN2,ENSG00000065243,ENSMUSG00000004591,Pkn2
3,PITX1,ENSG00000069011,ENSMUSG00000021506,Pitx1
4,PLA2G10,ENSG00000069764,ENSMUSG00000022683,Pla2g10
5,PKD2L2,ENSG00000078795,ENSMUSG00000014503,Pkd2l2
6,PKP1,ENSG00000081277,ENSMUSG00000026413,Pkp1
7,PIR,ENSG00000087842,ENSMUSG00000031379,Pir
8,PITPNM2,ENSG00000090975,ENSMUSG00000029406,Pitpnm2
9,PITPNM3,ENSG00000091622,ENSMUSG00000040543,Pitpnm3
10,PLA2G3,ENSG00000100078,ENSMUSG00000034579,Pla2g3
11,PIK3IP1,ENSG00000100100,ENSMUSG00000034614,Pik3ip1
12,PIM2,ENSG00000102096,ENSMUSG00000031155,Pim2
13,PIN4,ENSG00000102309,ENSMUSG00000079480,Pin4
14,PLA2G15,ENSG00000103066,ENSMUSG00000031903,Pla2g15
15,PLA2G4C,ENSG00000105499,ENSMUSG00000033847,Pla2g4c
16,LILRB5,ENSG00000105609,ENSMUSG00000081665,Pira1
17,LILRB4,ENSG00000186818,ENSMUSG00000081665,Pira1
18,LILRA5,ENSG00000187116,ENSMUSG00000081665,Pira1
19,LILRB3,ENSG00000204577,ENSMUSG00000081665,Pira1
20,LILRA4,ENSG00000239961,ENSMUSG00000081665,Pira1
21,LILRA6,ENSG00000244482,ENSMUSG00000081665,Pira1
22,LILRB5,ENSG00000105609,ENSMUSG00000089942,Pira2
23,LILRB4,ENSG00000186818,ENSMUSG00000089942,Pira2
24,LILRA5,ENSG00000187116,ENSMUSG00000089942,Pira2
25,LILRB3,ENSG00000204577,ENSMUSG00000089942,Pira2
26,LILRA4,ENSG00000239961,ENSMUSG00000089942,Pira2
27,LILRA6,ENSG00000244482,ENSMUSG00000089942,Pira2
28,PIK3R2,ENSG00000105647,ENSMUSG00000031834,Pik3r2
29,PIK3CG,ENSG00000105851,ENSMUSG00000020573,Pik3cg
30,PIP5K1B,ENSG00000107242,ENSMUSG00000024867,Pip5k1b
31,PKD2L1,ENSG00000107593,ENSMUSG00000037578,Pkd2l1
32,PITX3,ENSG00000107859,ENSMUSG00000025229,Pitx3
33,PITRM1,ENSG00000107959,ENSMUSG00000021193,Pitrm1
34,PITPNM1,ENSG00000110697,ENSMUSG00000024851,Pitpnm1
35,PIKFYVE,ENSG00000115020,ENSMUSG00000025949,Pikfyve
36,PLA2G4A,ENSG00000116711,ENSMUSG00000056220,Pla2g4a
37,PLA2G2D,ENSG00000117215,ENSMUSG00000041202,Pla2g2d
38,PIK3R3,ENSG00000117461,ENSMUSG00000028698,Pik3r3
39,PKD2,ENSG00000118762,ENSMUSG00000034462,Pkd2
40,PKN1,ENSG00000123143,ENSMUSG00000057672,Pkn1
41,PLA2G12A,ENSG00000123739,ENSMUSG00000027999,Pla2g12a
42,PIWIL1,ENSG00000125207,ENSMUSG00000029423,Piwil1
43,PIN1,ENSG00000127445,ENSMUSG00000032171,Pin1
44,PLA2G5,ENSG00000127472,ENSMUSG00000041193,Pla2g5
45,PKMYT1,ENSG00000127564,ENSMUSG00000023908,Pkmyt1
46,PKDREJ,ENSG00000130943,ENSMUSG00000052496,Pkdrej
47,PIWIL4,ENSG00000134627,ENSMUSG00000036912,Piwil4
48,PKIB,ENSG00000135549,ENSMUSG00000019876,Pkib
49,PLAA,ENSG00000137055,ENSMUSG00000028577,Plaa
50,PIM1,ENSG00000137193,ENSMUSG00000024014,Pim1
51,PLA2G12B,ENSG00000138308,ENSMUSG00000009646,Pla2g12b
52,PIK3R5,ENSG00000141506,ENSMUSG00000020901,Pik3r5
53,PIP5K1A,ENSG00000143398,ENSMUSG00000028126,Pip5k1a
54,PKLR,ENSG00000143627,ENSMUSG00000041237,Pklr
55,PKP4,ENSG00000144283,ENSMUSG00000026991,Pkp4
56,PLA1A,ENSG00000144837,ENSMUSG00000002847,Pla1a
57,PIK3R1,ENSG00000145675,ENSMUSG00000041417,Pik3r1
58,PLA2G7,ENSG00000146070,ENSMUSG00000023913,Pla2g7
59,PIP4K2A,ENSG00000150867,ENSMUSG00000026737,Pip4k2a
60,PLA2R1,ENSG00000153246,ENSMUSG00000054580,Pla2r1
61,PITPNC1,ENSG00000154217,ENSMUSG00000040430,Pitpnc1
62,PLA2G2F,ENSG00000158786,ENSMUSG00000028749,Pla2g2f
63,PINK1,ENSG00000158828,ENSMUSG00000028756,Pink1
64,PLA2G4D,ENSG00000159337,ENSMUSG00000070719,Pla2g4d
65,PIP,ENSG00000159763,ENSMUSG00000058499,Pip
66,PKNOX1,ENSG00000160199,ENSMUSG00000006705,Pknox1
67,PKN3,ENSG00000160447,ENSMUSG00000026785,Pkn3
68,PKDCC,ENSG00000162878,ENSMUSG00000024247,Pkdcc
69,PKNOX2,ENSG00000165495,ENSMUSG00000035934,Pknox2
70,PKD1L2,ENSG00000166473,ENSMUSG00000034416,Pkd1l2
71,PIP4K2C,ENSG00000166908,ENSMUSG00000025417,Pip4k2c
72,PIP5KL1,ENSG00000167103,ENSMUSG00000046854,Pip5kl1
73,PKIG,ENSG00000168734,ENSMUSG00000035268,Pkig
74,PLA2G4F,ENSG00000168907,ENSMUSG00000046971,Pla2g4f
75,PLA2G1B,ENSG00000170890,ENSMUSG00000029522,Pla2g1b
76,PKHD1,ENSG00000170927,ENSMUSG00000043760,Pkhd1
77,PLAC1,ENSG00000170965,ENSMUSG00000061082,Plac1
78,PKIA,ENSG00000171033,ENSMUSG00000027499,Pkia
79,PIK3CD,ENSG00000171608,ENSMUSG00000039936,Pik3cd
80,PITPNA,ENSG00000174238,ENSMUSG00000017781,Pitpna
81,PIPOX,ENSG00000179761,ENSMUSG00000017453,Pipox
82,PITPNB,ENSG00000180957,ENSMUSG00000050017,Pitpnb
83,PJA1,ENSG00000181191,ENSMUSG00000034403,Pja1
84,PKP3,ENSG00000184363,ENSMUSG00000054065,Pkp3
85,PLA2G6,ENSG00000184381,ENSMUSG00000042632,Pla2g6
86,PIP5K1C,ENSG00000186111,ENSMUSG00000034902,Pip5k1c
87,PLA2G2C,ENSG00000187980,ENSMUSG00000028750,Pla2g2c
88,PLA2G4E,ENSG00000188089,ENSMUSG00000050211,Pla2g4e
89,PLA2G2A,ENSG00000188257,ENSMUSG00000058908,Pla2g2a
90,PLA2G2E,ENSG00000188784,ENSMUSG00000028751,Pla2g2e
91,PIK3R4,ENSG00000196455,ENSMUSG00000032571,Pik3r4
92,PIWIL2,ENSG00000197181,ENSMUSG00000033644,Piwil2
93,PIM3,ENSG00000198355,ENSMUSG00000035828,Pim3
94,PJA2,ENSG00000198961,ENSMUSG00000024083,Pja2
95,PKHD1L1,ENSG00000205038,ENSMUSG00000038725,Pkhd1l1
96,PIRT,ENSG00000233670,ENSMUSG00000048070,Pirt
97,PISD,ENSG00000241878,ENSMUSG00000023452,Pisd
98,PLA2G4B,ENSG00000243708,ENSMUSG00000098488,Pla2g4b
99,PINX1,ENSG00000254093,ENSMUSG00000021958,Pinx1
100,PIK3R6,ENSG00000276231,ENSMUSG00000046207,Pik3r6
101,PIP4K2B,ENSG00000276293,ENSMUSG00000018547,Pip4k2b
102,PKD1L3,ENSG00000277481,ENSMUSG00000048827,Pkd1l3
103,,,ENSMUSG00000023795,Pisd-ps2
104,,,ENSMUSG00000028023,Pitx2
105,,,ENSMUSG00000046245,Pilra
106,,,ENSMUSG00000066682,Pilrb2
107,,,ENSMUSG00000066684,Pilrb1
108,,,ENSMUSG00000082286,Pisd-ps1
109,,,ENSMUSG00000099877,Pinc
0,PLEKHG6,ENSG00000008323,ENSMUSG00000038167,Plekhg6
1,PLAUR,ENSG00000011422,ENSMUSG00000046223,Plaur
2,PLEKHB1,ENSG00000021300,ENSMUSG00000030701,Plekhb1
3,PLEKHO1,ENSG00000023902,ENSMUSG00000015745,Plekho1
4,PLEKHA5,ENSG00000052126,ENSMUSG00000030231,Plekha5
5,PLEKHH1,ENSG00000054690,ENSMUSG00000060716,Plekhh1
6,PLEKHH3,ENSG00000068137,ENSMUSG00000035172,Plekhh3
7,PLD1,ENSG00000075651,ENSMUSG00000027695,Pld1
8,PLXNA2,ENSG00000076356,ENSMUSG00000026640,Plxna2
9,PLOD1,ENSG00000083444,ENSMUSG00000019055,Plod1
10,PLEKHG2,ENSG00000090924,ENSMUSG00000037552,Plekhg2
11,PLEK2,ENSG00000100558,ENSMUSG00000021118,Plek2
12,PLTP,ENSG00000100979,ENSMUSG00000017754,Pltp
13,PLCB4,ENSG00000101333,ENSMUSG00000039943,Plcb4
14,PLS3,ENSG00000102024,ENSMUSG00000016382,Pls3
15,PLLP,ENSG00000102934,ENSMUSG00000031775,Pllp
16,PLAT,ENSG00000104368,ENSMUSG00000031538,Plat
17,PLEKHJ1,ENSG00000104886,ENSMUSG00000035278,Plekhj1
18,PLD3,ENSG00000105223,ENSMUSG00000003363,Pld3
19,PLIN3,ENSG00000105355,ENSMUSG00000024197,Plin3
20,PLEKHA4,ENSG00000105559,ENSMUSG00000040428,Plekha4
21,PLEKHA8,ENSG00000106086,ENSMUSG00000005225,Plekha8
22,PLOD3,ENSG00000106397,ENSMUSG00000004846,Plod3
23,PLEKHA1,ENSG00000107679,ENSMUSG00000040268,Plekha1
24,PLXNA1,ENSG00000114554,ENSMUSG00000030084,Plxna1
25,PLSCR4,ENSG00000114698,ENSMUSG00000032377,Plscr4
26,PLCH1,ENSG00000114805,ENSMUSG00000036834,Plch1
27,PLCD4,ENSG00000115556,ENSMUSG00000026173,Plcd4
28,PLEKHB2,ENSG00000115762,ENSMUSG00000026123,Plekhb2
29,PLCL1,ENSG00000115896,ENSMUSG00000038349,Plcl1
30,PLEK,ENSG00000115956,ENSMUSG00000020120,Plek
31,PLEKHA3,ENSG00000116095,ENSMUSG00000002733,Plekha3
32,PLEKHM2,ENSG00000116786,ENSMUSG00000028917,Plekhm2
33,PLAGL1,ENSG00000118495,ENSMUSG00000019817,Plagl1
34,PLEKHG1,ENSG00000120278,ENSMUSG00000040624,Plekhg1
35,PLXDC2,ENSG00000120594,ENSMUSG00000026748,Plxdc2
36,PLS1,ENSG00000120756,ENSMUSG00000049493,Pls1
37,PLBD1,ENSG00000121316,ENSMUSG00000030214,Plbd1
38,PLG,ENSG00000122194,ENSMUSG00000059481,Plg
39,PLAU,ENSG00000122861,ENSMUSG00000021822,Plau
40,PLP1,ENSG00000123560,ENSMUSG00000031425,Plp1
41,PLCG1,ENSG00000124181,ENSMUSG00000016933,Plcg1
42,PLAGL2,ENSG00000126003,ENSMUSG00000051413,Plagl2
43,PLEKHG3,ENSG00000126822,ENSMUSG00000052609,Plekhg3
44,PLD2,ENSG00000129219,ENSMUSG00000020828,Pld2
45,PLVAP,ENSG00000130300,ENSMUSG00000034845,Plvap
46,PLCB2,ENSG00000137841,ENSMUSG00000040061,Plcb2
47,PLCE1,ENSG00000138193,ENSMUSG00000024998,Plce1
48,PLCZ1,ENSG00000139151,ENSMUSG00000030230,Plcz1
49,PLK4,ENSG00000142731,ENSMUSG00000025758,Plk4
50,PLEKHA6,ENSG00000143850,ENSMUSG00000041757,Plekha6
51,PLAC8,ENSG00000145287,ENSMUSG00000029322,Plac8
52,PLK2,ENSG00000145632,ENSMUSG00000021701,Plk2
53,PLIN2,ENSG00000147872,ENSMUSG00000028494,Plin2
54,PLCH2,ENSG00000149527,ENSMUSG00000029055,Plch2
55,PLCB3,ENSG00000149782,ENSMUSG00000024960,Plcb3
56,PLBD2,ENSG00000151176,ENSMUSG00000029598,Plbd2
57,PLEKHH2,ENSG00000152527,ENSMUSG00000040852,Plekhh2
58,PLOD2,ENSG00000152952,ENSMUSG00000032374,Plod2
59,PLCL2,ENSG00000154822,ENSMUSG00000038910,Plcl2
60,PLXDC1,ENSG00000161381,ENSMUSG00000017417,Plxdc1
61,PLCD3,ENSG00000161714,ENSMUSG00000020937,Plcd3
62,PLB1,ENSG00000163803,ENSMUSG00000029134,Plb1
63,PLEKHF1,ENSG00000166289,ENSMUSG00000074170,Plekhf1
64,PLD4,ENSG00000166428,ENSMUSG00000052160,Pld4
65,PLEKHA7,ENSG00000166689,ENSMUSG00000045659,Plekha7
66,PLIN1,ENSG00000166819,ENSMUSG00000030546,Plin1
67,PLK1,ENSG00000166851,ENSMUSG00000030867,Plk1
68,PLIN4,ENSG00000167676,ENSMUSG00000002831,Plin4
69,PLEKHA2,ENSG00000169499,ENSMUSG00000031557,Plekha2
70,PLRG1,ENSG00000171566,ENSMUSG00000027998,Plrg1
71,PLEKHG5,ENSG00000171680,ENSMUSG00000039713,Plekhg5
72,PLAC8L1,ENSG00000173261,ENSMUSG00000059455,Plac8l1
73,PLK3,ENSG00000173846,ENSMUSG00000028680,Plk3
74,PLEKHF2,ENSG00000175895,ENSMUSG00000049969,Plekhf2
75,PLEC,ENSG00000178209,ENSMUSG00000022565,Plec
76,PLEKHM3,ENSG00000178385,ENSMUSG00000051344,Plekhm3
77,PLD6,ENSG00000179598,ENSMUSG00000043648,Pld6
78,PLD5,ENSG00000180287,ENSMUSG00000055214,Pld5
79,PLAG1,ENSG00000181690,ENSMUSG00000003282,Plag1
80,PLCXD1,ENSG00000182378,ENSMUSG00000064247,Plcxd1
81,PLCB1,ENSG00000182621,ENSMUSG00000051177,Plcb1
82,PLCXD3,ENSG00000182836,ENSMUSG00000049148,Plcxd3
83,PLK5,ENSG00000185988,ENSMUSG00000035486,Plk5
84,PLCD1,ENSG00000187091,ENSMUSG00000010660,Plcd1
85,PLEKHN1,ENSG00000187583,ENSMUSG00000078485,Plekhn1
86,PLSCR3,ENSG00000187838,ENSMUSG00000019461,Plscr3
87,PLSCR1,ENSG00000188313,ENSMUSG00000032369,Plscr1
88,PLSCR1,ENSG00000188313,ENSMUSG00000032372,Plscr2
89,PLAC9,ENSG00000189129,ENSMUSG00000095304,Plac9
90,PLEKHG4,ENSG00000196155,ENSMUSG00000014782,Plekhg4
91,PLCG2,ENSG00000197943,ENSMUSG00000034330,Plcg2
92,PLN,ENSG00000198523,ENSMUSG00000038583,Pln
93,PLIN5,ENSG00000214456,ENSMUSG00000011305,Plin5
94,PLEKHM1,ENSG00000225190,ENSMUSG00000034247,Plekhm1
95,PLSCR5,ENSG00000231213,ENSMUSG00000095654,Plscr5
96,PLCXD2,ENSG00000240891,ENSMUSG00000087141,Plcxd2
97,PLEKHO2,ENSG00000241839,ENSMUSG00000050721,Plekho2
98,,,ENSMUSG00000031146,Plp2
99,,,ENSMUSG00000037247,Pldi
0,POLDIP2,ENSG00000004142,ENSMUSG00000001100,Poldip2
1,PLXND1,ENSG00000004399,ENSMUSG00000030123,Plxnd1
2,POLA2,ENSG00000014138,ENSMUSG00000024833,Pola2
3,PNPLA6,ENSG00000032444,ENSMUSG00000004565,Pnpla6
4,PNKP,ENSG00000039650,ENSMUSG00000002963,Pnkp
5,POLR2B,ENSG00000047315,ENSMUSG00000029250,Polr2b
6,POLQ,ENSG00000051341,ENSMUSG00000034206,Polq
7,POLD1,ENSG00000062822,ENSMUSG00000038644,Pold1
8,PMS1,ENSG00000064933,ENSMUSG00000026098,Pms1
9,POLR1A,ENSG00000068654,ENSMUSG00000049553,Polr1a
10,POLB,ENSG00000070501,ENSMUSG00000031536,Polb
11,POLR2E,ENSG00000099817,ENSMUSG00000004667,Polr2e
12,POLR2F,ENSG00000100142,ENSMUSG00000033020,Polr2f
13,POLDIP3,ENSG00000100227,ENSMUSG00000041815,Poldip3
14,PNPLA5,ENSG00000100341,ENSMUSG00000018868,Pnpla5
15,PNPLA3,ENSG00000100344,ENSMUSG00000041653,Pnpla3
16,PMM1,ENSG00000100417,ENSMUSG00000022474,Pmm1
17,POLE2,ENSG00000100479,ENSMUSG00000020974,Pole2
18,PNN,ENSG00000100941,ENSMUSG00000020994,Pnn
19,POFUT1,ENSG00000101346,ENSMUSG00000046020,Pofut1
20,POLI,ENSG00000101751,ENSMUSG00000038425,Poli
21,POLA1,ENSG00000101868,ENSMUSG00000006678,Pola1
22,POLR2C,ENSG00000102978,ENSMUSG00000031783,Polr2c
23,PMPCB,ENSG00000105819,ENSMUSG00000029017,Pmpcb
24,POLD2,ENSG00000106628,ENSMUSG00000020471,Pold2
25,PNPO,ENSG00000108439,ENSMUSG00000018659,Pnpo
26,PMP22,ENSG00000109099,ENSMUSG00000018217,Pmp22
27,PODXL2,ENSG00000114631,ENSMUSG00000033152,Podxl2
28,POLE4,ENSG00000115350,ENSMUSG00000030042,Pole4
29,PNO1,ENSG00000115946,ENSMUSG00000020116,Pno1
30,PMFBP1,ENSG00000118557,ENSMUSG00000031727,Pmfbp1
31,POLK,ENSG00000122008,ENSMUSG00000021668,Polk
32,PMS2,ENSG00000122512,ENSMUSG00000079109,Pms2
33,POLM,ENSG00000122678,ENSMUSG00000020474,Polm
34,PMEPA1,ENSG00000124225,ENSMUSG00000038400,Pmepa1
35,POF1B,ENSG00000124429,ENSMUSG00000034607,Pof1b
36,POLR1B,ENSG00000125630,ENSMUSG00000027395,Polr1b
37,PNKD,ENSG00000127838,ENSMUSG00000026179,Pnkd
38,PODXL,ENSG00000128567,ENSMUSG00000025608,Podxl
39,PNPLA7,ENSG00000130653,ENSMUSG00000036833,Pnpla7
40,PNCK,ENSG00000130822,ENSMUSG00000002012,Pnck
41,PLXNA3,ENSG00000130827,ENSMUSG00000031398,Plxna3
42,POLN,ENSG00000130997,ENSMUSG00000045102,Poln
43,PODNL1,ENSG00000132000,ENSMUSG00000012889,Podnl1
44,PNPLA8,ENSG00000135241,ENSMUSG00000036257,Pnpla8
45,PLXNC1,ENSG00000136040,ENSMUSG00000074785,Plxnc1
46,POLR1E,ENSG00000137054,ENSMUSG00000028318,Polr1e
47,PNPT1,ENSG00000138035,ENSMUSG00000020464,Pnpt1
48,POC1B,ENSG00000139323,ENSMUSG00000019952,Poc1b
49,PML,ENSG00000140464,ENSMUSG00000036986,Pml
50,POLG,ENSG00000140521,ENSMUSG00000039176,Polg
51,PMM2,ENSG00000140650,ENSMUSG00000022711,Pmm2
52,PMAIP1,ENSG00000141682,ENSMUSG00000024521,Pmaip1
53,PNMT,ENSG00000141744,ENSMUSG00000038216,Pnmt
54,POGK,ENSG00000143157,ENSMUSG00000040596,Pogk
55,POGZ,ENSG00000143442,ENSMUSG00000038902,Pogz
56,POLR2D,ENSG00000144231,ENSMUSG00000024258,Polr2d
57,PNRC1,ENSG00000146278,ENSMUSG00000040128,Pnrc1
58,PM20D2,ENSG00000146281,ENSMUSG00000054659,Pm20d2
59,PNLDC1,ENSG00000146453,ENSMUSG00000073460,Pnldc1
60,PMP2,ENSG00000147588,ENSMUSG00000052468,Pmp2
61,POLE3,ENSG00000148229,ENSMUSG00000028394,Pole3
62,POC5,ENSG00000152359,ENSMUSG00000021671,Poc5
63,PMF1,ENSG00000160783,ENSMUSG00000028066,Pmf1
64,PM20D1,ENSG00000162877,ENSMUSG00000042251,Pm20d1
65,PMVK,ENSG00000163344,ENSMUSG00000027952,Pmvk
66,POGLUT1,ENSG00000163389,ENSMUSG00000034064,Poglut1
67,PLXNB1,ENSG00000164050,ENSMUSG00000053646,Plxnb1
68,POC1A,ENSG00000164087,ENSMUSG00000023345,Poc1a
69,PMPCA,ENSG00000165688,ENSMUSG00000026926,Pmpca
70,POLL,ENSG00000166169,ENSMUSG00000025218,Poll
71,POLR2G,ENSG00000168002,ENSMUSG00000071662,Polr2g
72,PNOC,ENSG00000168081,ENSMUSG00000045731,Pnoc
73,POLH,ENSG00000170734,ENSMUSG00000023953,Polh
74,POLR1C,ENSG00000171453,ENSMUSG00000067148,Polr1c
75,PODN,ENSG00000174348,ENSMUSG00000028600,Podn
76,POLD4,ENSG00000175482,ENSMUSG00000024854,Pold4
77,PNLIP,ENSG00000175535,ENSMUSG00000046008,Pnlip
78,PNMA1,ENSG00000176903,ENSMUSG00000054383,Pnma1
79,POLE,ENSG00000177084,ENSMUSG00000007080,Pole
80,PNPLA2,ENSG00000177666,ENSMUSG00000025509,Pnpla2
81,PNPLA1,ENSG00000180316,ENSMUSG00000043286,Pnpla1
82,POLR2A,ENSG00000181222,ENSMUSG00000005198,Polr2a
83,PMCH,ENSG00000183395,ENSMUSG00000035383,Pmch
84,PNMA3,ENSG00000183837,ENSMUSG00000046287,Pnma3
85,PMEL,ENSG00000185664,ENSMUSG00000025359,Pmel
86,POLR1D,ENSG00000186184,ENSMUSG00000029642,Polr1d
87,POFUT2,ENSG00000186866,ENSMUSG00000020260,Pofut2
88,PNLIPRP1,ENSG00000187021,ENSMUSG00000042179,Pnliprp1
89,PNRC2,ENSG00000189266,ENSMUSG00000028675,Pnrc2
90,PLXNB2,ENSG00000196576,ENSMUSG00000036606,Plxnb2
91,PLXNB3,ENSG00000198753,ENSMUSG00000031385,Plxnb3
92,PNP,ENSG00000198805,ENSMUSG00000068417,Pnp2
93,PNP,ENSG00000198805,ENSMUSG00000115338,Pnp
94,PNMA5,ENSG00000198883,ENSMUSG00000050424,Pnma5
95,PLXNA4,ENSG00000221866,ENSMUSG00000029765,Plxna4
96,PNMA2,ENSG00000240694,ENSMUSG00000046204,Pnma2
97,POLG2,ENSG00000256525,ENSMUSG00000020718,Polg2
98,PNLIPRP2,ENSG00000266200,ENSMUSG00000025091,Pnliprp2
99,,,ENSMUSG00000030726,Pold3
0,POLR2J,ENSG00000005075,ENSMUSG00000039771,Polr2j
1,PON1,ENSG00000005421,ENSMUSG00000002588,Pon1
2,POMT2,ENSG00000009830,ENSMUSG00000034126,Pomt2
3,POLR3B,ENSG00000013503,ENSMUSG00000034453,Polr3b
4,POU2F2,ENSG00000028277,ENSMUSG00000008496,Pou2f2
5,POLR3E,ENSG00000058600,ENSMUSG00000030880,Polr3e
6,POU1F1,ENSG00000064835,ENSMUSG00000004842,Pou1f1
7,PPIE,ENSG00000084072,ENSMUSG00000028651,Ppie
8,POMGNT1,ENSG00000085998,ENSMUSG00000028700,Pomgnt1
9,PPEF1,ENSG00000086717,ENSMUSG00000062168,Ppef1
10,POU4F3,ENSG00000091010,ENSMUSG00000024497,Pou4f3
11,POLRMT,ENSG00000099821,ENSMUSG00000020329,Polrmt
12,PPIL2,ENSG00000100023,ENSMUSG00000022771,Ppil2
13,PPM1F,ENSG00000100034,ENSMUSG00000026181,Ppm1f
14,POLR3H,ENSG00000100413,ENSMUSG00000022476,Polr3h
15,PPM1A,ENSG00000100614,ENSMUSG00000021096,Ppm1a
16,PORCN,ENSG00000102312,ENSMUSG00000031169,Porcn
17,POP1,ENSG00000104356,ENSMUSG00000022325,Pop1
18,POP4,ENSG00000105171,ENSMUSG00000030423,Pop4
19,POLR2I,ENSG00000105258,ENSMUSG00000019738,Polr2i
20,PON3,ENSG00000105852,ENSMUSG00000029759,Pon3
21,PON2,ENSG00000105854,ENSMUSG00000032667,Pon2
22,POU6F2,ENSG00000106536,ENSMUSG00000009734,Pou6f2
23,PPIF,ENSG00000108179,ENSMUSG00000021868,Ppif
24,PPARGC1A,ENSG00000109819,ENSMUSG00000029167,Ppargc1a
25,POU2AF1,ENSG00000110777,ENSMUSG00000032053,Pou2af1
26,PPFIBP1,ENSG00000110841,ENSMUSG00000016487,Ppfibp1
27,PPARD,ENSG00000112033,ENSMUSG00000002250,Ppard
28,POMC,ENSG00000115138,ENSMUSG00000020660,Pomc
29,PPL,ENSG00000118898,ENSMUSG00000039457,Ppl
30,POPDC2,ENSG00000121577,ENSMUSG00000022803,Popdc2
31,PPDPF,ENSG00000125534,ENSMUSG00000016344,Ppdpf
32,PPCS,ENSG00000127125,ENSMUSG00000028636,Ppcs
33,POR,ENSG00000127948,ENSMUSG00000005514,Por
34,PPAT,ENSG00000128059,ENSMUSG00000029246,Ppat
35,POT1,ENSG00000128513,ENSMUSG00000024174,Pot1b
36,POT1,ENSG00000128513,ENSMUSG00000029676,Pot1a
37,POMT1,ENSG00000130714,ENSMUSG00000039254,Pomt1
38,PPAN,ENSG00000130810,ENSMUSG00000004100,Ppan
39,PPIL4,ENSG00000131013,ENSMUSG00000015757,Ppil4
40,PPFIA1,ENSG00000131626,ENSMUSG00000037519,Ppfia1
41,PPARG,ENSG00000132170,ENSMUSG00000000440,Pparg
42,POPDC3,ENSG00000132429,ENSMUSG00000019848,Popdc3
43,POLR3F,ENSG00000132664,ENSMUSG00000027427,Polr3f
44,POMP,ENSG00000132963,ENSMUSG00000029649,Pomp
45,POSTN,ENSG00000133110,ENSMUSG00000027750,Postn
46,PPHLN1,ENSG00000134283,ENSMUSG00000036167,Pphln1
47,PPIL1,ENSG00000137168,ENSMUSG00000024007,Ppil1
48,POU2F3,ENSG00000137709,ENSMUSG00000032015,Pou2f3
49,PPM1B,ENSG00000138032,ENSMUSG00000061130,Ppm1b
50,PPIG,ENSG00000138398,ENSMUSG00000042133,Ppig
51,PPCDC,ENSG00000138621,ENSMUSG00000063849,Ppcdc
52,PPA2,ENSG00000138777,ENSMUSG00000028013,Ppa2
53,PPFIA2,ENSG00000139220,ENSMUSG00000053825,Ppfia2
54,POU2F1,ENSG00000143190,ENSMUSG00000026565,Pou2f1
55,PPFIA4,ENSG00000143847,ENSMUSG00000026458,Ppfia4
56,PPIP5K2,ENSG00000145725,ENSMUSG00000040648,Ppip5k2
57,POLR2K,ENSG00000147669,ENSMUSG00000045996,Polr2k
58,POLR3A,ENSG00000148606,ENSMUSG00000025280,Polr3a
59,POU4F2,ENSG00000151615,ENSMUSG00000031688,Pou4f2
60,POU4F1,ENSG00000152192,ENSMUSG00000048349,Pou4f1
61,PPARGC1B,ENSG00000155846,ENSMUSG00000033871,Ppargc1b
62,PPEF2,ENSG00000156194,ENSMUSG00000029410,Ppef2
63,POM121L2,ENSG00000158553,ENSMUSG00000016982,Pom121l2
64,POLR3K,ENSG00000161980,ENSMUSG00000038628,Polr3k
65,PPBP,ENSG00000163736,ENSMUSG00000029372,Ppbp
66,POLR2H,ENSG00000163882,ENSMUSG00000021018,Polr2h
67,PPFIBP2,ENSG00000166387,ENSMUSG00000036528,Ppfibp2
68,PPIB,ENSG00000166794,ENSMUSG00000032383,Ppib
69,POP5,ENSG00000167272,ENSMUSG00000060152,Pop5
70,POLR3D,ENSG00000168495,ENSMUSG00000000776,Polr3d
71,PPIP5K1,ENSG00000168781,ENSMUSG00000033526,Ppip5k1
72,PPIC,ENSG00000168938,ENSMUSG00000024538,Ppic
73,PPM1D,ENSG00000170836,ENSMUSG00000020525,Ppm1d
74,PPID,ENSG00000171497,ENSMUSG00000027804,Ppid
75,POP7,ENSG00000172336,ENSMUSG00000029715,Pop7
76,PPM1E,ENSG00000175175,ENSMUSG00000046442,Ppm1e
77,PPFIA3,ENSG00000177380,ENSMUSG00000003863,Ppfia3
78,POLR2L,ENSG00000177700,ENSMUSG00000038489,Polr2l
79,PPA1,ENSG00000180817,ENSMUSG00000020089,Ppa1
80,ANKRD62,ENSG00000181626,ENSMUSG00000063932,Poteg
81,POU6F1,ENSG00000184271,ENSMUSG00000009739,Pou6f1
82,POU3F2,ENSG00000184486,ENSMUSG00000095139,Pou3f2
83,PPIL6,ENSG00000185250,ENSMUSG00000078451,Ppil6
84,POU3F1,ENSG00000185668,ENSMUSG00000090125,Pou3f1
85,POLR3C,ENSG00000186141,ENSMUSG00000028099,Polr3c
86,PPARA,ENSG00000186951,ENSMUSG00000022383,Ppara
87,PPIA,ENSG00000196262,ENSMUSG00000071866,Ppia
88,POM121,ENSG00000196313,ENSMUSG00000053293,Pom121
89,POM121C,ENSG00000272391,ENSMUSG00000053293,Pom121
90,POU3F4,ENSG00000196767,ENSMUSG00000056854,Pou3f4
91,POU3F3,ENSG00000198914,ENSMUSG00000045515,Pou3f3
92,POU5F1,ENSG00000204531,ENSMUSG00000024406,Pou5f1
93,POU5F1B,ENSG00000212993,ENSMUSG00000024406,Pou5f1
94,POM121L12,ENSG00000221900,ENSMUSG00000084135,Pom121l12
95,PPIL3,ENSG00000240344,ENSMUSG00000026035,Ppil3
96,POU5F2,ENSG00000248483,ENSMUSG00000093668,Pou5f2
97,POLR2M,ENSG00000255529,ENSMUSG00000032199,Polr2m
98,,,ENSMUSG00000028104,Polr3gl
99,,,ENSMUSG00000035834,Polr3g
100,,,ENSMUSG00000060288,Ppih
101,,,ENSMUSG00000114922,Ppifos
0,PPP5C,ENSG00000011485,ENSMUSG00000003099,Ppp5c
1,PPP1R3F,ENSG00000049769,ENSMUSG00000039556,Ppp1r3f
2,PPP1R12A,ENSG00000058272,ENSMUSG00000019907,Ppp1r12a
3,PPP2R5A,ENSG00000066027,ENSMUSG00000026626,Ppp2r5a
4,PPP2R5B,ENSG00000068971,ENSMUSG00000024777,Ppp2r5b
5,PPP2R3A,ENSG00000073711,ENSMUSG00000043154,Ppp2r3a
6,PPP2R2C,ENSG00000074211,ENSMUSG00000029120,Ppp2r2c
7,PPP1R12B,ENSG00000077157,ENSMUSG00000073557,Ppp1r12b
8,PPP2R5C,ENSG00000078304,ENSMUSG00000017843,Ppp2r5c
9,PPP1R15A,ENSG00000087074,ENSMUSG00000040435,Ppp1r15a
10,PPP1R13B,ENSG00000088808,ENSMUSG00000021285,Ppp1r13b
11,PPP2R3C,ENSG00000092020,ENSMUSG00000021022,Ppp2r3c
12,PPP6R2,ENSG00000100239,ENSMUSG00000036561,Ppp6r2
13,PPP1R16B,ENSG00000101445,ENSMUSG00000037754,Ppp1r16b
14,PQBP1,ENSG00000102103,ENSMUSG00000031157,Pqbp1
15,PPP2CB,ENSG00000104695,ENSMUSG00000009630,Ppp2cb
16,PPP1R37,ENSG00000104866,ENSMUSG00000051403,Ppp1r37
17,PPP1R13L,ENSG00000104881,ENSMUSG00000040734,Ppp1r13l
18,PPP6R1,ENSG00000105063,ENSMUSG00000052296,Ppp6r1
19,PPP2R1A,ENSG00000105568,ENSMUSG00000007564,Ppp2r1a
20,PPP1R17,ENSG00000106341,ENSMUSG00000002930,Ppp1r17
21,PPP3CB,ENSG00000107758,ENSMUSG00000021816,Ppp3cb
22,PPP1R9B,ENSG00000108819,ENSMUSG00000038976,Ppp1r9b
23,PPY,ENSG00000108849,ENSMUSG00000017316,Ppy
24,PPP6R3,ENSG00000110075,ENSMUSG00000024908,Ppp6r3
25,PPM1H,ENSG00000111110,ENSMUSG00000034613,Ppm1h
26,PPP2R5D,ENSG00000112640,ENSMUSG00000059409,Ppp2r5d
27,PPP2CA,ENSG00000113575,ENSMUSG00000020349,Ppp2ca
28,PPWD1,ENSG00000113593,ENSMUSG00000021713,Ppwd1
29,PPM1G,ENSG00000115241,ENSMUSG00000029147,Ppm1g
30,PRAMEF1,ENSG00000116721,ENSMUSG00000025838,Pramel6
31,PRAMEF12,ENSG00000116726,ENSMUSG00000025838,Pramel6
32,PRAMEF2,ENSG00000120952,ENSMUSG00000025838,Pramel6
33,PRAMEF8,ENSG00000182330,ENSMUSG00000025838,Pramel6
34,PRAME,ENSG00000185686,ENSMUSG00000025838,Pramel6
35,PRAMEF10,ENSG00000187545,ENSMUSG00000025838,Pramel6
36,PRAMEF20,ENSG00000204478,ENSMUSG00000025838,Pramel6
37,PRAMEF17,ENSG00000204479,ENSMUSG00000025838,Pramel6
38,PRAMEF19,ENSG00000204480,ENSMUSG00000025838,Pramel6
39,PRAMEF14,ENSG00000204481,ENSMUSG00000025838,Pramel6
40,PRAMEF15,ENSG00000204501,ENSMUSG00000025838,Pramel6
41,PRAMEF9,ENSG00000204505,ENSMUSG00000025838,Pramel6
42,PRAMEF7,ENSG00000204510,ENSMUSG00000025838,Pramel6
43,PRAMEF25,ENSG00000229571,ENSMUSG00000025838,Pramel6
44,PRAMEF6,ENSG00000232423,ENSMUSG00000025838,Pramel6
45,PRAMEF33,ENSG00000237700,ENSMUSG00000025838,Pramel6
46,PRAMEF11,ENSG00000239810,ENSMUSG00000025838,Pramel6
47,PRAMEF4,ENSG00000243073,ENSMUSG00000025838,Pramel6
48,PRAMEF5,ENSG00000270601,ENSMUSG00000025838,Pramel6
49,PRAMEF27,ENSG00000274764,ENSMUSG00000025838,Pramel6
50,PRAMEF13,ENSG00000279169,ENSMUSG00000025838,Pramel6
51,PRAMEF18,ENSG00000279804,ENSMUSG00000025838,Pramel6
52,PRAMEF26,ENSG00000280267,ENSMUSG00000025838,Pramel6
53,PRAMEF1,ENSG00000116721,ENSMUSG00000036749,Pramel5
54,PRAMEF12,ENSG00000116726,ENSMUSG00000036749,Pramel5
55,PRAMEF2,ENSG00000120952,ENSMUSG00000036749,Pramel5
56,PRAMEF8,ENSG00000182330,ENSMUSG00000036749,Pramel5
57,PRAME,ENSG00000185686,ENSMUSG00000036749,Pramel5
58,PRAMEF10,ENSG00000187545,ENSMUSG00000036749,Pramel5
59,PRAMEF20,ENSG00000204478,ENSMUSG00000036749,Pramel5
60,PRAMEF17,ENSG00000204479,ENSMUSG00000036749,Pramel5
61,PRAMEF19,ENSG00000204480,ENSMUSG00000036749,Pramel5
62,PRAMEF14,ENSG00000204481,ENSMUSG00000036749,Pramel5
63,PRAMEF15,ENSG00000204501,ENSMUSG00000036749,Pramel5
64,PRAMEF9,ENSG00000204505,ENSMUSG00000036749,Pramel5
65,PRAMEF7,ENSG00000204510,ENSMUSG00000036749,Pramel5
66,PRAMEF25,ENSG00000229571,ENSMUSG00000036749,Pramel5
67,PRAMEF6,ENSG00000232423,ENSMUSG00000036749,Pramel5
68,PRAMEF33,ENSG00000237700,ENSMUSG00000036749,Pramel5
69,PRAMEF11,ENSG00000239810,ENSMUSG00000036749,Pramel5
70,PRAMEF4,ENSG00000243073,ENSMUSG00000036749,Pramel5
71,PRAMEF5,ENSG00000270601,ENSMUSG00000036749,Pramel5
72,PRAMEF27,ENSG00000274764,ENSMUSG00000036749,Pramel5
73,PRAMEF13,ENSG00000279169,ENSMUSG00000036749,Pramel5
74,PRAMEF18,ENSG00000279804,ENSMUSG00000036749,Pramel5
75,PRAMEF26,ENSG00000280267,ENSMUSG00000036749,Pramel5
76,PRAMEF1,ENSG00000116721,ENSMUSG00000041805,Pramel1
77,PRAMEF12,ENSG00000116726,ENSMUSG00000041805,Pramel1
78,PRAMEF2,ENSG00000120952,ENSMUSG00000041805,Pramel1
79,PRAMEF8,ENSG00000182330,ENSMUSG00000041805,Pramel1
80,PRAME,ENSG00000185686,ENSMUSG00000041805,Pramel1
81,PRAMEF10,ENSG00000187545,ENSMUSG00000041805,Pramel1
82,PRAMEF20,ENSG00000204478,ENSMUSG00000041805,Pramel1
83,PRAMEF17,ENSG00000204479,ENSMUSG00000041805,Pramel1
84,PRAMEF19,ENSG00000204480,ENSMUSG00000041805,Pramel1
85,PRAMEF14,ENSG00000204481,ENSMUSG00000041805,Pramel1
86,PRAMEF15,ENSG00000204501,ENSMUSG00000041805,Pramel1
87,PRAMEF9,ENSG00000204505,ENSMUSG00000041805,Pramel1
88,PRAMEF7,ENSG00000204510,ENSMUSG00000041805,Pramel1
89,PRAMEF25,ENSG00000229571,ENSMUSG00000041805,Pramel1
90,PRAMEF6,ENSG00000232423,ENSMUSG00000041805,Pramel1
91,PRAMEF33,ENSG00000237700,ENSMUSG00000041805,Pramel1
92,PRAMEF11,ENSG00000239810,ENSMUSG00000041805,Pramel1
93,PRAMEF4,ENSG00000243073,ENSMUSG00000041805,Pramel1
94,PRAMEF5,ENSG00000270601,ENSMUSG00000041805,Pramel1
95,PRAMEF27,ENSG00000274764,ENSMUSG00000041805,Pramel1
96,PRAMEF13,ENSG00000279169,ENSMUSG00000041805,Pramel1
97,PRAMEF18,ENSG00000279804,ENSMUSG00000041805,Pramel1
98,PRAMEF26,ENSG00000280267,ENSMUSG00000041805,Pramel1
99,PRAMEF1,ENSG00000116721,ENSMUSG00000073724,Pramel4
100,PRAMEF12,ENSG00000116726,ENSMUSG00000073724,Pramel4
101,PRAMEF2,ENSG00000120952,ENSMUSG00000073724,Pramel4
102,PRAMEF8,ENSG00000182330,ENSMUSG00000073724,Pramel4
103,PRAME,ENSG00000185686,ENSMUSG00000073724,Pramel4
104,PRAMEF10,ENSG00000187545,ENSMUSG00000073724,Pramel4
105,PRAMEF20,ENSG00000204478,ENSMUSG00000073724,Pramel4
106,PRAMEF17,ENSG00000204479,ENSMUSG00000073724,Pramel4
107,PRAMEF19,ENSG00000204480,ENSMUSG00000073724,Pramel4
108,PRAMEF14,ENSG00000204481,ENSMUSG00000073724,Pramel4
109,PRAMEF15,ENSG00000204501,ENSMUSG00000073724,Pramel4
110,PRAMEF9,ENSG00000204505,ENSMUSG00000073724,Pramel4
111,PRAMEF7,ENSG00000204510,ENSMUSG00000073724,Pramel4
112,PRAMEF25,ENSG00000229571,ENSMUSG00000073724,Pramel4
113,PRAMEF6,ENSG00000232423,ENSMUSG00000073724,Pramel4
114,PRAMEF33,ENSG00000237700,ENSMUSG00000073724,Pramel4
115,PRAMEF11,ENSG00000239810,ENSMUSG00000073724,Pramel4
116,PRAMEF4,ENSG00000243073,ENSMUSG00000073724,Pramel4
117,PRAMEF5,ENSG00000270601,ENSMUSG00000073724,Pramel4
118,PRAMEF27,ENSG00000274764,ENSMUSG00000073724,Pramel4
119,PRAMEF13,ENSG00000279169,ENSMUSG00000073724,Pramel4
120,PRAMEF18,ENSG00000279804,ENSMUSG00000073724,Pramel4
121,PRAMEF26,ENSG00000280267,ENSMUSG00000073724,Pramel4
122,PPP1R8,ENSG00000117751,ENSMUSG00000028882,Ppp1r8
123,PPP6C,ENSG00000119414,ENSMUSG00000026753,Ppp6c
124,PPP4R4,ENSG00000119698,ENSMUSG00000021209,Ppp4r4
125,PPP1R3C,ENSG00000119938,ENSMUSG00000067279,Ppp1r3c
126,PPP3CC,ENSG00000120910,ENSMUSG00000022092,Ppp3cc
127,PPP1R12C,ENSG00000125503,ENSMUSG00000019254,Ppp1r12c
128,PPT1,ENSG00000131238,ENSMUSG00000028657,Ppt1
129,PPP1R1B,ENSG00000131771,ENSMUSG00000061718,Ppp1r1b
130,PPP1R3D,ENSG00000132825,ENSMUSG00000049999,Ppp1r3d
131,PRAM1,ENSG00000133246,ENSMUSG00000032739,Pram1
132,PPP1R1A,ENSG00000135447,ENSMUSG00000022490,Ppp1r1a
133,PPP2R1B,ENSG00000137713,ENSMUSG00000032058,Ppp2r1b
134,PPP3CA,ENSG00000138814,ENSMUSG00000028161,Ppp3ca
135,PPOX,ENSG00000143224,ENSMUSG00000062729,Ppox
136,PPP1R18,ENSG00000146112,ENSMUSG00000034595,Ppp1r18
137,PPRC1,ENSG00000148840,ENSMUSG00000055491,Pprc1
138,PPP4C,ENSG00000149923,ENSMUSG00000030697,Ppp4c
139,PPP1R1C,ENSG00000150722,ENSMUSG00000034683,Ppp1r1c
140,PPP2R5E,ENSG00000154001,ENSMUSG00000021051,Ppp2r5e
141,PPP1R3A,ENSG00000154415,ENSMUSG00000042717,Ppp1r3a
142,PPP4R1,ENSG00000154845,ENSMUSG00000061950,Ppp4r1
143,PPM1J,ENSG00000155367,ENSMUSG00000002228,Ppm1j
144,PPP2R2B,ENSG00000156475,ENSMUSG00000024500,Ppp2r2b
145,PPP1R9A,ENSG00000158528,ENSMUSG00000032827,Ppp1r9a
146,PPP1R15B,ENSG00000158615,ENSMUSG00000046062,Ppp1r15b
147,PPP1R35,ENSG00000160813,ENSMUSG00000029725,Ppp1r35
148,PPP1R16A,ENSG00000160972,ENSMUSG00000033819,Ppp1r16a
149,SAXO4,ENSG00000162148,ENSMUSG00000035179,Ppp1r32
150,PPM1L,ENSG00000163590,ENSMUSG00000027784,Ppm1l
151,PPM1K,ENSG00000163644,ENSMUSG00000037826,Ppm1k
152,PPM1M,ENSG00000164088,ENSMUSG00000020253,Ppm1m
153,PPP1R36,ENSG00000165807,ENSMUSG00000052221,Ppp1r36
154,PPP1R14D,ENSG00000166143,ENSMUSG00000027317,Ppp1r14d
155,PPP1R14A,ENSG00000167641,ENSMUSG00000037166,Ppp1r14a
156,PPP1CA,ENSG00000172531,ENSMUSG00000040385,Ppp1ca
157,PPP1R3B,ENSG00000173281,ENSMUSG00000046794,Ppp1r3b
158,PPP2R2D,ENSG00000175470,ENSMUSG00000041769,Ppp2r2d
159,PPP1R42,ENSG00000178125,ENSMUSG00000025916,Ppp1r42
160,PPP1R27,ENSG00000182676,ENSMUSG00000025129,Ppp1r27
161,PPP1R2,ENSG00000184203,ENSMUSG00000047714,Ppp1r2
162,PPP1R2B,ENSG00000231989,ENSMUSG00000047714,Ppp1r2
163,PPP1CC,ENSG00000186298,ENSMUSG00000004455,Ppp1cc
164,PPP3R2,ENSG00000188386,ENSMUSG00000028310,Ppp3r2
165,PPP1R26,ENSG00000196422,ENSMUSG00000035829,Ppp1r26
166,PPTC7,ENSG00000196850,ENSMUSG00000038582,Pptc7
167,PPP1R14C,ENSG00000198729,ENSMUSG00000040653,Ppp1r14c
168,PPP1R10,ENSG00000204569,ENSMUSG00000039220,Ppp1r10
169,PPP1R11,ENSG00000204619,ENSMUSG00000036398,Ppp1r11
170,PPP1CB,ENSG00000213639,ENSMUSG00000014956,Ppp1cb
171,PPM1N,ENSG00000213889,ENSMUSG00000030402,Ppm1n
172,PPME1,ENSG00000214517,ENSMUSG00000030718,Ppme1
173,PPP1R3G,ENSG00000219607,ENSMUSG00000050423,Ppp1r3g
174,PPP3R1,ENSG00000221823,ENSMUSG00000033953,Ppp3r1
175,PPP2R2A,ENSG00000221914,ENSMUSG00000022052,Ppp2r2a
176,PPT2,ENSG00000221988,ENSMUSG00000015474,Ppt2
177,PPP1R3E,ENSG00000235194,ENSMUSG00000072494,Ppp1r3e
178,PRAF2,ENSG00000243279,ENSMUSG00000031149,Praf2
179,,,ENSMUSG00000026275,Ppp1r7
180,,,ENSMUSG00000045217,Ppp1r2-ps9
181,,,ENSMUSG00000052025,Ppp1r2-ps7
182,,,ENSMUSG00000052144,Ppp4r2
183,,,ENSMUSG00000055897,Ppp4r1l-ps
184,,,ENSMUSG00000056612,Ppp1r14b
185,,,ENSMUSG00000058816,Ppp1r2-ps3
186,,,ENSMUSG00000093803,Ppp2r3d
0,PRKAR2B,ENSG00000005249,ENSMUSG00000002997,Prkar2b
1,PRICKLE3,ENSG00000012211,ENSMUSG00000031145,Prickle3
2,PRDM11,ENSG00000019485,ENSMUSG00000075028,Prdm11
3,PRKCH,ENSG00000027075,ENSMUSG00000021108,Prkch
4,PREX2,ENSG00000046889,ENSMUSG00000048960,Prex2
5,PRDM1,ENSG00000057657,ENSMUSG00000038151,Prdm1
6,PRDM6,ENSG00000061455,ENSMUSG00000069378,Prdm6
7,PRKCQ,ENSG00000065675,ENSMUSG00000026778,Prkcq
8,PRKCZ,ENSG00000067606,ENSMUSG00000029053,Prkcz
9,PRKACA,ENSG00000072062,ENSMUSG00000005469,Prkaca
10,PREP,ENSG00000085377,ENSMUSG00000019849,Prep
11,PRKD2,ENSG00000105287,ENSMUSG00000041187,Prkd2
12,PRKAG2,ENSG00000106617,ENSMUSG00000028944,Prkag2
13,PRKAR1A,ENSG00000108946,ENSMUSG00000020612,Prkar1a
14,PRDM4,ENSG00000110851,ENSMUSG00000035529,Prdm4
15,PRKAB1,ENSG00000111725,ENSMUSG00000029513,Prkab1
16,PRDM13,ENSG00000112238,ENSMUSG00000040478,Prdm13
17,PRKAR2A,ENSG00000114302,ENSMUSG00000032601,Prkar2a
18,PRKAG3,ENSG00000115592,ENSMUSG00000006542,Prkag3
19,PRKD3,ENSG00000115825,ENSMUSG00000024070,Prkd3
20,PRG4,ENSG00000116690,ENSMUSG00000006014,Prg4
21,PRAMEF1,ENSG00000116721,ENSMUSG00000025839,Pramel7
22,PRAMEF12,ENSG00000116726,ENSMUSG00000025839,Pramel7
23,PRAMEF2,ENSG00000120952,ENSMUSG00000025839,Pramel7
24,PRAMEF8,ENSG00000182330,ENSMUSG00000025839,Pramel7
25,PRAME,ENSG00000185686,ENSMUSG00000025839,Pramel7
26,PRAMEF10,ENSG00000187545,ENSMUSG00000025839,Pramel7
27,PRAMEF20,ENSG00000204478,ENSMUSG00000025839,Pramel7
28,PRAMEF17,ENSG00000204479,ENSMUSG00000025839,Pramel7
29,PRAMEF19,ENSG00000204480,ENSMUSG00000025839,Pramel7
30,PRAMEF14,ENSG00000204481,ENSMUSG00000025839,Pramel7
31,PRAMEF15,ENSG00000204501,ENSMUSG00000025839,Pramel7
32,PRAMEF9,ENSG00000204505,ENSMUSG00000025839,Pramel7
33,PRAMEF7,ENSG00000204510,ENSMUSG00000025839,Pramel7
34,PRAMEF25,ENSG00000229571,ENSMUSG00000025839,Pramel7
35,PRAMEF6,ENSG00000232423,ENSMUSG00000025839,Pramel7
36,PRAMEF33,ENSG00000237700,ENSMUSG00000025839,Pramel7
37,PRAMEF11,ENSG00000239810,ENSMUSG00000025839,Pramel7
38,PRAMEF4,ENSG00000243073,ENSMUSG00000025839,Pramel7
39,PRAMEF5,ENSG00000270601,ENSMUSG00000025839,Pramel7
40,PRAMEF27,ENSG00000274764,ENSMUSG00000025839,Pramel7
41,PRAMEF13,ENSG00000279169,ENSMUSG00000025839,Pramel7
42,PRAMEF18,ENSG00000279804,ENSMUSG00000025839,Pramel7
43,PRAMEF26,ENSG00000280267,ENSMUSG00000025839,Pramel7
44,PRDM2,ENSG00000116731,ENSMUSG00000057637,Prdm2
45,PRDX1,ENSG00000117450,ENSMUSG00000028691,Prdx1
46,PRDX6,ENSG00000117592,ENSMUSG00000026701,Prdx6
47,PRDX6,ENSG00000117592,ENSMUSG00000050114,Prdx6b
48,PRDX4,ENSG00000123131,ENSMUSG00000025289,Prdx4
49,PREX1,ENSG00000124126,ENSMUSG00000039621,Prex1
50,PRDX5,ENSG00000126432,ENSMUSG00000024953,Prdx5
51,PRDM7,ENSG00000126856,ENSMUSG00000051977,Prdm9
52,PRKRIP1,ENSG00000128563,ENSMUSG00000039737,Prkrip1
53,PRKCSH,ENSG00000130175,ENSMUSG00000003402,Prkcsh
54,PRDM12,ENSG00000130711,ENSMUSG00000079466,Prdm12
55,PRKAB2,ENSG00000131791,ENSMUSG00000038205,Prkab2
56,PRKAA1,ENSG00000132356,ENSMUSG00000050697,Prkaa1
57,PRCP,ENSG00000137509,ENSMUSG00000061119,Prcp
58,PREB,ENSG00000138073,ENSMUSG00000045302,Preb
59,PREPL,ENSG00000138078,ENSMUSG00000024127,Prepl
60,PRKG2,ENSG00000138669,ENSMUSG00000029334,Prkg2
61,PRDM5,ENSG00000138738,ENSMUSG00000029913,Prdm5
62,PRICKLE1,ENSG00000139174,ENSMUSG00000036158,Prickle1
63,PRDM15,ENSG00000141956,ENSMUSG00000014039,Prdm15
64,PRDM16,ENSG00000142611,ENSMUSG00000039410,Prdm16
65,PRKACB,ENSG00000142875,ENSMUSG00000005034,Prkacb
66,PRCC,ENSG00000143294,ENSMUSG00000004895,Prcc
67,PRIM2,ENSG00000146143,ENSMUSG00000026134,Prim2
68,PRDM14,ENSG00000147596,ENSMUSG00000042414,Prdm14
69,PRDM8,ENSG00000152784,ENSMUSG00000035456,Prdm8
70,PRKCA,ENSG00000154229,ENSMUSG00000050965,Prkca
71,PRG3,ENSG00000156575,ENSMUSG00000027072,Prg3
72,PRKAA2,ENSG00000162409,ENSMUSG00000028518,Prkaa2
73,PRKCI,ENSG00000163558,ENSMUSG00000037643,Prkci
74,PRICKLE2,ENSG00000163637,ENSMUSG00000030020,Prickle2
75,PRKCD,ENSG00000163932,ENSMUSG00000021948,Prkcd
76,PRDX3,ENSG00000165672,ENSMUSG00000024997,Prdx3
77,PRAP1,ENSG00000165828,ENSMUSG00000025467,Prap1
78,PRKCB,ENSG00000166501,ENSMUSG00000052889,Prkcb
79,PRDX2,ENSG00000167815,ENSMUSG00000005161,Prdx2
80,PRELID1,ENSG00000169230,ENSMUSG00000021486,Prelid1
81,PRDM10,ENSG00000170325,ENSMUSG00000042496,Prdm10
82,PRKCE,ENSG00000171132,ENSMUSG00000045038,Prkce
83,PRL,ENSG00000172179,ENSMUSG00000005891,Prl4a1
84,PRL,ENSG00000172179,ENSMUSG00000006488,Prl7a1
85,PRL,ENSG00000172179,ENSMUSG00000017064,Prl5a1
86,PRL,ENSG00000172179,ENSMUSG00000017922,Prl3c1
87,PRL,ENSG00000172179,ENSMUSG00000018259,Prl8a2
88,PRL,ENSG00000172179,ENSMUSG00000019756,Prl8a1
89,PRL,ENSG00000172179,ENSMUSG00000021342,Prl
90,PRL,ENSG00000172179,ENSMUSG00000021347,Prl7b1
91,PRL,ENSG00000172179,ENSMUSG00000021348,Prl7d1
92,PRL,ENSG00000172179,ENSMUSG00000022886,Prl2a1
93,PRL,ENSG00000172179,ENSMUSG00000038883,Prl3a1
94,PRL,ENSG00000172179,ENSMUSG00000038891,Prl3b1
95,PRL,ENSG00000172179,ENSMUSG00000046899,Prl7a2
96,PRL,ENSG00000172179,ENSMUSG00000055360,Prl2c5
97,PRL,ENSG00000172179,ENSMUSG00000056457,Prl2c3
98,PRL,ENSG00000172179,ENSMUSG00000057170,Prl3d1
99,PRL,ENSG00000172179,ENSMUSG00000060738,Prl7c1
100,PRL,ENSG00000172179,ENSMUSG00000062201,Prl3d3
101,PRL,ENSG00000172179,ENSMUSG00000062551,Prl2c1
102,PRL,ENSG00000172179,ENSMUSG00000062737,Prl3d2
103,PRL,ENSG00000172179,ENSMUSG00000069258,Prl2b1
104,PRL,ENSG00000172179,ENSMUSG00000069259,Prl6a1
105,PRL,ENSG00000172179,ENSMUSG00000079092,Prl2c2
106,PRIMA1,ENSG00000175785,ENSMUSG00000041669,Prima1
107,PRKRA,ENSG00000180228,ENSMUSG00000002731,Prkra
108,PRF1,ENSG00000180644,ENSMUSG00000037202,Prf1
109,PRKAG1,ENSG00000181929,ENSMUSG00000067713,Prkag1
110,PRKX,ENSG00000183943,ENSMUSG00000035725,Prkx
111,PRKD1,ENSG00000184304,ENSMUSG00000002688,Prkd1
112,PRKG1,ENSG00000185532,ENSMUSG00000052920,Prkg1
113,PRELID2,ENSG00000186314,ENSMUSG00000056671,Prelid2
114,PRG2,ENSG00000186652,ENSMUSG00000027073,Prg2
115,PRKAR1B,ENSG00000188191,ENSMUSG00000025855,Prkar1b
116,PRELP,ENSG00000188783,ENSMUSG00000041577,Prelp
117,PRIM1,ENSG00000198056,ENSMUSG00000025395,Prim1
118,PRC1,ENSG00000198901,ENSMUSG00000038943,Prc1
119,PRKDC,ENSG00000253729,ENSMUSG00000022672,Prkdc
120,,,ENSMUSG00000059934,Prh1
0,PRSS22,ENSG00000005001,ENSMUSG00000045027,Prss22
1,PRSS21,ENSG00000007038,ENSMUSG00000024116,Prss21
2,PROM1,ENSG00000007062,ENSMUSG00000029086,Prom1
3,PRSS3,ENSG00000010438,ENSMUSG00000057163,Prss2
4,PRSS1,ENSG00000204983,ENSMUSG00000057163,Prss2
5,PRSS2,ENSG00000275896,ENSMUSG00000057163,Prss2
6,PRSS3,ENSG00000010438,ENSMUSG00000062751,Prss1
7,PRSS1,ENSG00000204983,ENSMUSG00000062751,Prss1
8,PRSS2,ENSG00000275896,ENSMUSG00000062751,Prss1
9,PRSS3,ENSG00000010438,ENSMUSG00000071519,Prss3
10,PRSS1,ENSG00000204983,ENSMUSG00000071519,Prss3
11,PRSS2,ENSG00000275896,ENSMUSG00000071519,Prss3
12,PRR11,ENSG00000068489,ENSMUSG00000020493,Prr11
13,PRLH,ENSG00000071677,ENSMUSG00000090550,Prlh
14,PRODH,ENSG00000100033,ENSMUSG00000003526,Prodh
15,,ENSG00000277196,ENSMUSG00000003526,Prodh
16,PRMT5,ENSG00000100462,ENSMUSG00000023110,Prmt5
17,PROCR,ENSG00000101000,ENSMUSG00000027611,Procr
18,PRPF6,ENSG00000101161,ENSMUSG00000002455,Prpf6
19,PROKR2,ENSG00000101292,ENSMUSG00000050558,Prokr2
20,PRPS2,ENSG00000101911,ENSMUSG00000025742,Prps2
21,PRPF31,ENSG00000105618,ENSMUSG00000008373,Prpf31
22,PRPF19,ENSG00000110107,ENSMUSG00000024735,Prpf19
23,PRPF40B,ENSG00000110844,ENSMUSG00000023007,Prpf40b
24,PRMT8,ENSG00000111218,ENSMUSG00000030350,Prmt8
25,PRPH2,ENSG00000112619,ENSMUSG00000023978,Prph2
26,PRPF4B,ENSG00000112739,ENSMUSG00000021413,Prpf4b
27,PRSS16,ENSG00000112812,ENSMUSG00000006179,Prss16
28,PRLR,ENSG00000113494,ENSMUSG00000005268,Prlr
29,PRRX1,ENSG00000116132,ENSMUSG00000026586,Prrx1
30,PRPF3,ENSG00000117360,ENSMUSG00000015748,Prpf3
31,PRRC2C,ENSG00000117523,ENSMUSG00000040225,Prrc2c
32,PROX1,ENSG00000117707,ENSMUSG00000010175,Prox1
33,PROX2,ENSG00000119608,ENSMUSG00000042320,Prox2
34,PRLHR,ENSG00000119973,ENSMUSG00000045052,Prlhr
35,PRM2,ENSG00000122304,ENSMUSG00000038015,Prm2
36,PROZ,ENSG00000126231,ENSMUSG00000031445,Proz
37,PRMT1,ENSG00000126457,ENSMUSG00000109324,Prmt1
38,PRRG2,ENSG00000126460,ENSMUSG00000007837,Prrg2
39,PRR12,ENSG00000126464,ENSMUSG00000046574,Prr12
40,PRRG3,ENSG00000130032,ENSMUSG00000033361,Prrg3
41,PRRG1,ENSG00000130962,ENSMUSG00000047996,Prrg1
42,PRR7,ENSG00000131188,ENSMUSG00000034686,Prr7
43,PRMT7,ENSG00000132600,ENSMUSG00000060098,Prmt7
44,PRPF38B,ENSG00000134186,ENSMUSG00000027881,Prpf38b
45,PRPF38A,ENSG00000134748,ENSMUSG00000063800,Prpf38a
46,PRR5L,ENSG00000135362,ENSMUSG00000032841,Prr5l
47,PRRG4,ENSG00000135378,ENSMUSG00000027171,Prrg4
48,PRPH,ENSG00000135406,ENSMUSG00000023484,Prph
49,PRPF4,ENSG00000136875,ENSMUSG00000066148,Prpf4
50,PRPSAP2,ENSG00000141127,ENSMUSG00000020528,Prpsap2
51,PROK1,ENSG00000143125,ENSMUSG00000070368,Prok1
52,PRPS1,ENSG00000147224,ENSMUSG00000031432,Prps1
53,PRPS1,ENSG00000147224,ENSMUSG00000079104,Prps1l3
54,PRSS23,ENSG00000150687,ENSMUSG00000039405,Prss23
55,PROM2,ENSG00000155066,ENSMUSG00000027376,Prom2
56,PRR14,ENSG00000156858,ENSMUSG00000030822,Prr14
57,PRMT2,ENSG00000160310,ENSMUSG00000020230,Prmt2
58,PRPSAP1,ENSG00000161542,ENSMUSG00000015869,Prpsap1
59,PROK2,ENSG00000163421,ENSMUSG00000030069,Prok2
60,PRRT3,ENSG00000163704,ENSMUSG00000045009,Prrt3
61,PRSS12,ENSG00000164099,ENSMUSG00000027978,Prss12
62,PRRC1,ENSG00000164244,ENSMUSG00000024594,Prrc1
63,PRPF18,ENSG00000165630,ENSMUSG00000039449,Prpf18
64,PRRX2,ENSG00000167157,ENSMUSG00000039476,Prrx2
65,PRR15L,ENSG00000167183,ENSMUSG00000047040,Prr15l
66,PRRT2,ENSG00000167371,ENSMUSG00000045114,Prrt2
67,PROCA1,ENSG00000167525,ENSMUSG00000044122,Proca1
68,PRND,ENSG00000171864,ENSMUSG00000027338,Prnd
69,PRNP,ENSG00000171867,ENSMUSG00000079037,Prnp
70,PRL,ENSG00000172179,ENSMUSG00000006490,Prl8a9
71,PRL,ENSG00000172179,ENSMUSG00000021345,Prl8a6
72,PRL,ENSG00000172179,ENSMUSG00000021346,Prl8a8
73,PRSS27,ENSG00000172382,ENSMUSG00000050762,Prss27
74,PRPF8,ENSG00000174231,ENSMUSG00000020850,Prpf8
75,PROP1,ENSG00000175325,ENSMUSG00000044542,Prop1
76,PRR18,ENSG00000176381,ENSMUSG00000055945,Prr18
77,PRR15,ENSG00000176532,ENSMUSG00000045725,Prr15
78,PRM3,ENSG00000178257,ENSMUSG00000050058,Prm3
79,PROS1,ENSG00000184500,ENSMUSG00000022912,Pros1
80,PRR16,ENSG00000184838,ENSMUSG00000073565,Prr16
81,PRMT3,ENSG00000185238,ENSMUSG00000030505,Prmt3
82,PRPF39,ENSG00000185246,ENSMUSG00000035597,Prpf39
83,PRR5,ENSG00000186654,ENSMUSG00000036106,Prr5
84,PRR19,ENSG00000188368,ENSMUSG00000058741,Prr19
85,PRPF40A,ENSG00000196504,ENSMUSG00000061136,Prpf40a
86,PRMT6,ENSG00000198890,ENSMUSG00000049300,Prmt6
87,PRR9,ENSG00000203783,ENSMUSG00000056270,Prr9
88,PRRT1,ENSG00000204314,ENSMUSG00000015476,Prrt1
89,PRRC2A,ENSG00000204469,ENSMUSG00000024393,Prrc2a
90,PRR3,ENSG00000204576,ENSMUSG00000038500,Prr3
91,PRR22,ENSG00000212123,ENSMUSG00000090273,Prr22
92,PRRT4,ENSG00000224940,ENSMUSG00000079654,Prrt4
93,PRPS1L1,ENSG00000229937,ENSMUSG00000092305,Prps1l1
94,PRODH2,ENSG00000250799,ENSMUSG00000036892,Prodh2
95,PRRC2B,ENSG00000288701,ENSMUSG00000039262,Prrc2b
96,,,ENSMUSG00000022501,Prm1
97,,,ENSMUSG00000023048,Prr13
98,,,ENSMUSG00000024124,Prss30
99,,,ENSMUSG00000024171,Prss28
100,,,ENSMUSG00000024386,Proc
101,,,ENSMUSG00000032673,Prorsd1
102,,,ENSMUSG00000034039,Prss29
103,,,ENSMUSG00000049409,Prokr1
104,,,ENSMUSG00000058295,Prp2
105,,,ENSMUSG00000064156,Prol1
0,PSMB1,ENSG00000008018,ENSMUSG00000014769,Psmb1
1,PSMC4,ENSG00000013275,ENSMUSG00000030603,Psmc4
2,PSMA4,ENSG00000041357,ENSMUSG00000032301,Psma4
3,PRSS8,ENSG00000052344,ENSMUSG00000030800,Prss8
4,PSD,ENSG00000059915,ENSMUSG00000037126,Psd
5,PSEN1,ENSG00000080815,ENSMUSG00000019969,Psen1
6,PSMC5,ENSG00000087191,ENSMUSG00000020708,Psmc5
7,PSME1,ENSG00000092010,ENSMUSG00000022216,Psme1
8,PSMD5,ENSG00000095261,ENSMUSG00000026869,Psmd5
9,PSMC6,ENSG00000100519,ENSMUSG00000021832,Psmc6
10,PSMA3,ENSG00000100567,ENSMUSG00000060073,Psma3
11,PSMC1,ENSG00000100764,ENSMUSG00000021178,Psmc1
12,PSMB5,ENSG00000100804,ENSMUSG00000022193,Psmb5
13,PSMA6,ENSG00000100902,ENSMUSG00000021024,Psma6
14,PSME2,ENSG00000100911,ENSMUSG00000079197,Psme2
15,PSMA7,ENSG00000101182,ENSMUSG00000027566,Psma7
16,PSMD10,ENSG00000101843,ENSMUSG00000031429,Psmd10
17,PRSS54,ENSG00000103023,ENSMUSG00000048400,Prss54
18,PSMD7,ENSG00000103035,ENSMUSG00000039067,Psmd7
19,PRSS33,ENSG00000103355,ENSMUSG00000049620,Prss33
20,PRX,ENSG00000105227,ENSMUSG00000053198,Prx
21,PSMA2,ENSG00000106588,ENSMUSG00000015671,Psma2
22,PRUNE2,ENSG00000106772,ENSMUSG00000039126,Prune2
23,PSMD3,ENSG00000108344,ENSMUSG00000017221,Psmd3
24,PSMD11,ENSG00000108671,ENSMUSG00000017428,Psmd11
25,PSMD9,ENSG00000110801,ENSMUSG00000029440,Psmd9
26,PSMD14,ENSG00000115233,ENSMUSG00000026914,Psmd14
27,PSD4,ENSG00000125637,ENSMUSG00000026979,Psd4
28,PSMB2,ENSG00000126067,ENSMUSG00000028837,Psmb2
29,PSMA1,ENSG00000129084,ENSMUSG00000030751,Psma1
30,PSME3,ENSG00000131467,ENSMUSG00000078652,Psme3
31,PSMC3IP,ENSG00000131470,ENSMUSG00000019303,Psmc3ip
32,PSAT1,ENSG00000135069,ENSMUSG00000024640,Psat1
33,PSMB7,ENSG00000136930,ENSMUSG00000026750,Psmb7
34,PSMB6,ENSG00000142507,ENSMUSG00000018286,Psmb6
35,PSMA5,ENSG00000143106,ENSMUSG00000068749,Psma5
36,PSEN2,ENSG00000143801,ENSMUSG00000010609,Psen2
37,PSD2,ENSG00000146005,ENSMUSG00000024347,Psd2
38,PRSS35,ENSG00000146250,ENSMUSG00000033491,Prss35
39,PRSS53,ENSG00000151006,ENSMUSG00000044139,Prss53
40,PSMA8,ENSG00000154611,ENSMUSG00000036743,Psma8
41,PSD3,ENSG00000156011,ENSMUSG00000030465,Psd3
42,PSMD4,ENSG00000159352,ENSMUSG00000005625,Psmd4
43,PSMB4,ENSG00000159377,ENSMUSG00000005779,Psmb4
44,PSKH1,ENSG00000159792,ENSMUSG00000048310,Pskh1
45,PSMC2,ENSG00000161057,ENSMUSG00000028932,Psmc2
46,PSMD6,ENSG00000163636,ENSMUSG00000021737,Psmd6
47,PSIP1,ENSG00000164985,ENSMUSG00000028484,Psip1
48,PRSS37,ENSG00000165076,ENSMUSG00000029909,Prss37
49,PSMC3,ENSG00000165916,ENSMUSG00000002102,Psmc3
50,PRTG,ENSG00000166450,ENSMUSG00000036030,Prtg
51,PSCA,ENSG00000167653,ENSMUSG00000022598,Psca
52,PSMD1,ENSG00000173692,ENSMUSG00000026229,Psmd1
53,PSMD2,ENSG00000175166,ENSMUSG00000006998,Psmd2
54,PRSS36,ENSG00000178226,ENSMUSG00000070371,Prss36
55,PSAPL1,ENSG00000178597,ENSMUSG00000043430,Psapl1
56,PRSS55,ENSG00000184647,ENSMUSG00000034623,Prss55
57,PRSS57,ENSG00000185198,ENSMUSG00000020323,Prss57
58,PSMD13,ENSG00000185627,ENSMUSG00000025487,Psmd13
59,PRSS38,ENSG00000185888,ENSMUSG00000049291,Prss38
60,PRSS48,ENSG00000189099,ENSMUSG00000049013,Prss48
61,PRTN3,ENSG00000196415,ENSMUSG00000057729,Prtn3
62,PSMD12,ENSG00000197170,ENSMUSG00000020720,Psmd12
63,PSAP,ENSG00000197746,ENSMUSG00000004207,Psap
64,PSMB8,ENSG00000204264,ENSMUSG00000024338,Psmb8
65,PSENEN,ENSG00000205155,ENSMUSG00000036835,Psenen
66,PSMB10,ENSG00000205220,ENSMUSG00000031897,Psmb10
67,PRSS41,ENSG00000215148,ENSMUSG00000024114,Prss41
68,PSMB11,ENSG00000222028,ENSMUSG00000072423,Psmb11
69,PRSS56,ENSG00000237412,ENSMUSG00000036480,Prss56
70,PSMB9,ENSG00000240065,ENSMUSG00000096727,Psmb9
71,PRSS51,ENSG00000253649,ENSMUSG00000052099,Prss51
72,PRSS58,ENSG00000258223,ENSMUSG00000051936,Prss58
73,PSMB3,ENSG00000277791,ENSMUSG00000069744,Psmb3
74,PRSS50,ENSG00000283706,ENSMUSG00000048752,Prss50
75,,,ENSMUSG00000003505,Psg18
76,,,ENSMUSG00000004540,Psg17
77,,,ENSMUSG00000004542,Psg19
78,,,ENSMUSG00000021966,Prss52
79,,,ENSMUSG00000023159,Psg29
80,,,ENSMUSG00000026125,Prss39
81,,,ENSMUSG00000030373,Psg28
82,,,ENSMUSG00000030591,Psmd8
83,,,ENSMUSG00000032493,Prss44
84,,,ENSMUSG00000037529,Prss40
85,,,ENSMUSG00000044664,Prss42
86,,,ENSMUSG00000044903,Psg22
87,,,ENSMUSG00000047257,Prss45
88,,,ENSMUSG00000048992,Prss32
89,,,ENSMUSG00000049719,Prss46
90,,,ENSMUSG00000056399,Prss34
91,,,ENSMUSG00000058398,Prss43
92,,,ENSMUSG00000063305,Psg20
93,,,ENSMUSG00000066760,Psg16
94,,,ENSMUSG00000070796,Psg21
95,,,ENSMUSG00000070797,Psg27
96,,,ENSMUSG00000070798,Psg25
97,,,ENSMUSG00000070799,Psg26
98,,,ENSMUSG00000074359,Psg23
99,,,ENSMUSG00000108558,Psg-ps1
0,PTBP1,ENSG00000011304,ENSMUSG00000006498,Ptbp1
1,PTCD2,ENSG00000049883,ENSMUSG00000021650,Ptcd2
2,PTGER3,ENSG00000050628,ENSMUSG00000040016,Ptger3
3,PTPRN,ENSG00000054356,ENSMUSG00000026204,Ptprn
4,PSME4,ENSG00000068878,ENSMUSG00000040850,Psme4
5,PTPN3,ENSG00000070159,ENSMUSG00000038764,Ptpn3
6,PTPN21,ENSG00000070778,ENSMUSG00000021009,Ptpn21
7,PTPN18,ENSG00000072135,ENSMUSG00000026126,Ptpn18
8,PTGS2,ENSG00000073756,ENSMUSG00000032487,Ptgs2
9,PTPN23,ENSG00000076201,ENSMUSG00000036057,Ptpn23
10,PTPRH,ENSG00000080031,ENSMUSG00000035429,Ptprh
11,PTPRC,ENSG00000081237,ENSMUSG00000026395,Ptprc
12,PTHLH,ENSG00000087494,ENSMUSG00000048776,Pthlh
13,PTPN4,ENSG00000088179,ENSMUSG00000026384,Ptpn4
14,PTGS1,ENSG00000095303,ENSMUSG00000047250,Ptgs1
15,PTK6,ENSG00000101213,ENSMUSG00000038751,Ptk6
16,PTOV1,ENSG00000104960,ENSMUSG00000038502,Ptov1
17,PTPRS,ENSG00000105426,ENSMUSG00000013236,Ptprs
18,PTN,ENSG00000105894,ENSMUSG00000029838,Ptn
19,PTCD1,ENSG00000106246,ENSMUSG00000029624,Ptcd1
20,PTGR1,ENSG00000106853,ENSMUSG00000028378,Ptgr1
21,PTGDS,ENSG00000107317,ENSMUSG00000015090,Ptgds
22,PTPMT1,ENSG00000110536,ENSMUSG00000063235,Ptpmt1
23,PTPN5,ENSG00000110786,ENSMUSG00000030854,Ptpn5
24,PTGES3,ENSG00000110958,ENSMUSG00000071072,Ptges3
25,PTPN6,ENSG00000111679,ENSMUSG00000004266,Ptpn6
26,PTP4A1,ENSG00000112245,ENSMUSG00000026064,Ptp4a1
27,PTP4A1,ENSG00000112245,ENSMUSG00000117310,Ptp4a1
28,PTK7,ENSG00000112655,ENSMUSG00000023972,Ptk7
29,PTCH2,ENSG00000117425,ENSMUSG00000028681,Ptch2
30,PTBP2,ENSG00000117569,ENSMUSG00000028134,Ptbp2
31,PTK2B,ENSG00000120899,ENSMUSG00000059456,Ptk2b
32,PSPC1,ENSG00000121390,ENSMUSG00000021938,Pspc1
33,PTGFR,ENSG00000122420,ENSMUSG00000028036,Ptgfr
34,PTGIS,ENSG00000124212,ENSMUSG00000017969,Ptgis
35,PTGER2,ENSG00000125384,ENSMUSG00000037759,Ptger2
36,PSPN,ENSG00000125650,ENSMUSG00000002664,Pspn
37,PSMF1,ENSG00000125818,ENSMUSG00000032869,Psmf1
38,PTPRB,ENSG00000127329,ENSMUSG00000020154,Ptprb
39,PTPN12,ENSG00000127947,ENSMUSG00000028771,Ptpn12
40,PSMG2,ENSG00000128789,ENSMUSG00000024537,Psmg2
41,PTCD3,ENSG00000132300,ENSMUSG00000063884,Ptcd3
42,PTPRE,ENSG00000132334,ENSMUSG00000041836,Ptpre
43,PTPRA,ENSG00000132670,ENSMUSG00000027303,Ptpra
44,PSRC1,ENSG00000134222,ENSMUSG00000068744,Psrc1
45,PTPN22,ENSG00000134242,ENSMUSG00000027843,Ptpn22
46,PTGFRN,ENSG00000134247,ENSMUSG00000027864,Ptgfrn
47,PTPRQ,ENSG00000139304,ENSMUSG00000035916,Ptprq
48,PTGR2,ENSG00000140043,ENSMUSG00000072946,Ptgr2
49,PSTPIP1,ENSG00000140368,ENSMUSG00000032322,Pstpip1
50,PTH2,ENSG00000142538,ENSMUSG00000038300,Pth2
51,PTPRF,ENSG00000142949,ENSMUSG00000033295,Ptprf
52,PTPN7,ENSG00000143851,ENSMUSG00000031506,Ptpn7
53,PTH2R,ENSG00000144407,ENSMUSG00000025946,Pth2r
54,PSPH,ENSG00000146733,ENSMUSG00000029446,Psph
55,PTGES2,ENSG00000148334,ENSMUSG00000026820,Ptges2
56,PTGES,ENSG00000148344,ENSMUSG00000050737,Ptges
57,PTPRJ,ENSG00000149177,ENSMUSG00000025314,Ptprj
58,PTPRO,ENSG00000151490,ENSMUSG00000030223,Ptpro
59,PTPN14,ENSG00000152104,ENSMUSG00000026604,Ptpn14
60,PSTPIP2,ENSG00000152229,ENSMUSG00000025429,Pstpip2
61,PTH,ENSG00000152266,ENSMUSG00000059077,Pth
62,PTPRK,ENSG00000152894,ENSMUSG00000019889,Ptprk
63,PTPRR,ENSG00000153233,ENSMUSG00000020151,Ptprr
64,PTPRD,ENSG00000153707,ENSMUSG00000028399,Ptprd
65,PTPRN2,ENSG00000155093,ENSMUSG00000056553,Ptprn2
66,PTDSS1,ENSG00000156471,ENSMUSG00000021518,Ptdss1
67,PSMG3,ENSG00000157778,ENSMUSG00000029551,Psmg3
68,PTPDC1,ENSG00000158079,ENSMUSG00000038042,Ptpdc1
69,PTGIR,ENSG00000160013,ENSMUSG00000043017,Ptgir
70,PTH1R,ENSG00000160801,ENSMUSG00000032492,Pth1r
71,PTGER1,ENSG00000160951,ENSMUSG00000019464,Ptger1
72,PTPN13,ENSG00000163629,ENSMUSG00000034573,Ptpn13
73,PTCHD1,ENSG00000165186,ENSMUSG00000041552,Ptchd1
74,PTER,ENSG00000165983,ENSMUSG00000026730,Pter
75,PTGDR,ENSG00000168229,ENSMUSG00000071489,Ptgdr
76,PTF1A,ENSG00000168267,ENSMUSG00000026735,Ptf1a
77,PTK2,ENSG00000169398,ENSMUSG00000022607,Ptk2
78,PTAFR,ENSG00000169403,ENSMUSG00000056529,Ptafr
79,PTPN9,ENSG00000169410,ENSMUSG00000032290,Ptpn9
80,PTGER4,ENSG00000171522,ENSMUSG00000039942,Ptger4
81,PTCRA,ENSG00000171611,ENSMUSG00000036858,Ptcra
82,PTPRM,ENSG00000173482,ENSMUSG00000033278,Ptprm
83,PTDSS2,ENSG00000174915,ENSMUSG00000025495,Ptdss2
84,PTPN2,ENSG00000175354,ENSMUSG00000024539,Ptpn2
85,PTPN11,ENSG00000179295,ENSMUSG00000043733,Ptpn11
86,PSTK,ENSG00000179988,ENSMUSG00000063179,Pstk
87,PSMG4,ENSG00000180822,ENSMUSG00000071451,Psmg4
88,PTCHD3,ENSG00000182077,ENSMUSG00000039198,Ptchd3
89,PSMG1,ENSG00000183527,ENSMUSG00000022913,Psmg1
90,PTP4A2,ENSG00000184007,ENSMUSG00000028788,Ptp4a2
91,PTP4A3,ENSG00000184489,ENSMUSG00000059895,Ptp4a3
92,PTCH1,ENSG00000185920,ENSMUSG00000021466,Ptch1
93,PTAR1,ENSG00000188647,ENSMUSG00000074925,Ptar1
94,PTPN1,ENSG00000196396,ENSMUSG00000027540,Ptpn1
95,PTPN20,ENSG00000204179,ENSMUSG00000021940,Ptpn20
96,PSORS1C2,ENSG00000204538,ENSMUSG00000024409,Psors1c2
97,PTPRCAP,ENSG00000213402,ENSMUSG00000045826,Ptprcap
98,,,ENSMUSG00000013663,Pten
99,,,ENSMUSG00000026238,Ptma
100,,,ENSMUSG00000030122,Ptms
0,QPCTL,ENSG00000011478,ENSMUSG00000030407,Qpctl
1,RAB27B,ENSG00000041353,ENSMUSG00000024511,Rab27b
2,R3HDM1,ENSG00000048991,ENSMUSG00000056211,R3hdm1
3,PUM2,ENSG00000055917,ENSMUSG00000020594,Pum2
4,PTPRU,ENSG00000060656,ENSMUSG00000028909,Ptpru
5,QSER1,ENSG00000060749,ENSMUSG00000074994,Qser1
6,PYGM,ENSG00000068976,ENSMUSG00000032648,Pygm
7,RAB27A,ENSG00000069974,ENSMUSG00000032202,Rab27a
8,PVR,ENSG00000073008,ENSMUSG00000040511,Pvr
9,RAB21,ENSG00000080371,ENSMUSG00000020132,Rab21
10,RAB10,ENSG00000084733,ENSMUSG00000020671,Rab10
11,PXN,ENSG00000089159,ENSMUSG00000029528,Pxn
12,RAB11FIP3,ENSG00000090565,ENSMUSG00000037098,Rab11fip3
13,PUS7,ENSG00000091127,ENSMUSG00000057541,Pus7
14,RAB18,ENSG00000099246,ENSMUSG00000073639,Rab18
15,PVALB,ENSG00000100362,ENSMUSG00000005716,Pvalb
16,PYGL,ENSG00000100504,ENSMUSG00000021069,Pygl
17,PYGB,ENSG00000100994,ENSMUSG00000033059,Pygb
18,R3HDML,ENSG00000101074,ENSMUSG00000078949,R3hdml
19,PXMP4,ENSG00000101417,ENSMUSG00000000876,Pxmp4
20,QPRT,ENSG00000103485,ENSMUSG00000030674,Qprt
21,PYCARD,ENSG00000103490,ENSMUSG00000030793,Pycard
22,RAB11A,ENSG00000103769,ENSMUSG00000004771,Rab11a
23,RAB2A,ENSG00000104388,ENSMUSG00000047187,Rab2a
24,PYCR3,ENSG00000104524,ENSMUSG00000022571,Pycrl
25,R3HCC1,ENSG00000104679,ENSMUSG00000034194,R3hcc1
26,PTPRZ1,ENSG00000106278,ENSMUSG00000068748,Ptprz1
27,RAB11FIP2,ENSG00000107560,ENSMUSG00000040022,Rab11fip2
28,PUS3,ENSG00000110060,ENSMUSG00000032103,Pus3
29,RAB23,ENSG00000112210,ENSMUSG00000004768,Rab23
30,QPCT,ENSG00000115828,ENSMUSG00000024084,Qpct
31,QSOX1,ENSG00000116260,ENSMUSG00000033684,Qsox1
32,RAB14,ENSG00000119396,ENSMUSG00000026878,Rab14
33,PYROXD2,ENSG00000119943,ENSMUSG00000060224,Pyroxd2
34,PYROXD1,ENSG00000121350,ENSMUSG00000041671,Pyroxd1
35,RAB22A,ENSG00000124209,ENSMUSG00000027519,Rab22a
36,RAB17,ENSG00000124839,ENSMUSG00000026304,Rab17
37,PUS7L,ENSG00000129317,ENSMUSG00000033356,Pus7l
38,RAB2B,ENSG00000129472,ENSMUSG00000022159,Rab2b
39,QRICH2,ENSG00000129646,ENSMUSG00000070331,Qrich2
40,QRSL1,ENSG00000130348,ENSMUSG00000019863,Qrsl1
41,PXDN,ENSG00000130508,ENSMUSG00000020674,Pxdn
42,PYY,ENSG00000131096,ENSMUSG00000017311,Pyy
43,RAB11FIP4,ENSG00000131242,ENSMUSG00000017639,Rab11fip4
44,RAB25,ENSG00000132698,ENSMUSG00000008601,Rab25
45,RAB33A,ENSG00000134594,ENSMUSG00000031104,Rab33a
46,PUM1,ENSG00000134644,ENSMUSG00000028580,Pum1
47,RAB11FIP5,ENSG00000135631,ENSMUSG00000051343,Rab11fip5
48,PWP1,ENSG00000136045,ENSMUSG00000001785,Pwp1
49,RAB30,ENSG00000137502,ENSMUSG00000030643,Rab30
50,RAB20,ENSG00000139832,ENSMUSG00000031504,Rab20
51,RAB15,ENSG00000139998,ENSMUSG00000021062,Rab15
52,PTRH2,ENSG00000141378,ENSMUSG00000072582,Ptrh2
53,RAB13,ENSG00000143545,ENSMUSG00000027935,Rab13
54,PYCR2,ENSG00000143811,ENSMUSG00000026520,Pycr2
55,PURB,ENSG00000146676,ENSMUSG00000094483,Purb
56,RAB19,ENSG00000146955,ENSMUSG00000029923,Rab19
57,PTS,ENSG00000150787,ENSMUSG00000032067,Pts
58,QDPR,ENSG00000151552,ENSMUSG00000015806,Qdpr
59,RAB11FIP1,ENSG00000156675,ENSMUSG00000031488,Rab11fip1
60,RAB28,ENSG00000157869,ENSMUSG00000029128,Rab28
61,PUS10,ENSG00000162927,ENSMUSG00000020280,Pus10
62,PYGO2,ENSG00000163348,ENSMUSG00000047824,Pygo2
63,PTX3,ENSG00000163661,ENSMUSG00000027832,Ptx3
64,PTTG1,ENSG00000164611,ENSMUSG00000020415,Pttg1
65,PTTG2,ENSG00000250254,ENSMUSG00000020415,Pttg1
66,QSOX2,ENSG00000165661,ENSMUSG00000036327,Qsox2
67,RAB26,ENSG00000167964,ENSMUSG00000079657,Rab26
68,PXK,ENSG00000168297,ENSMUSG00000033885,Pxk
69,RAB31,ENSG00000168461,ENSMUSG00000056515,Rab31
70,RAB24,ENSG00000169228,ENSMUSG00000034789,Rab24
71,PUSL1,ENSG00000169972,ENSMUSG00000051557,Pusl1
72,PWWP2A,ENSG00000170234,ENSMUSG00000044950,Pwwp2a
73,PYGO1,ENSG00000171016,ENSMUSG00000034910,Pygo1
74,PWWP2B,ENSG00000171813,ENSMUSG00000060260,Pwwp2b
75,QARS1,ENSG00000172053,ENSMUSG00000032604,Qars
76,PURG,ENSG00000172733,ENSMUSG00000049184,Purg
77,RAB1B,ENSG00000174903,ENSMUSG00000024870,Rab1b
78,PXMP2,ENSG00000176894,ENSMUSG00000029499,Pxmp2
79,PUS1,ENSG00000177192,ENSMUSG00000029507,Pus1
80,PXT1,ENSG00000179165,ENSMUSG00000045378,Pxt1
81,R3HDM2,ENSG00000179912,ENSMUSG00000025404,R3hdm2
82,PUF60,ENSG00000179950,ENSMUSG00000002524,Puf60
83,PYCR1,ENSG00000183010,ENSMUSG00000025140,Pycr1
84,PTTG1IP,ENSG00000183255,ENSMUSG00000009291,Pttg1ip
85,PURA,ENSG00000185129,ENSMUSG00000043991,Pura
86,RAB11B,ENSG00000185236,ENSMUSG00000077450,Rab11b
87,QRFPR,ENSG00000186867,ENSMUSG00000058400,Qrfpr
88,PTRH1,ENSG00000187024,ENSMUSG00000053746,Ptrh1
89,QRFP,ENSG00000188710,ENSMUSG00000043102,Qrfp
90,PTPRT,ENSG00000196090,ENSMUSG00000053141,Ptprt
91,QRICH1,ENSG00000198218,ENSMUSG00000006673,Qrich1
92,RAB12,ENSG00000206418,ENSMUSG00000023460,Rab12
93,QTRT1,ENSG00000213339,ENSMUSG00000002825,Qtrt1
94,PWP2,ENSG00000241945,ENSMUSG00000032834,Pwp2
95,PTX4,ENSG00000251692,ENSMUSG00000044172,Ptx4
96,,,ENSMUSG00000019832,Rab32
97,,,ENSMUSG00000030359,Pzp
98,,,ENSMUSG00000059277,R74862
99,,,ENSMUSG00000097039,Pvt1
100,,,ENSMUSG00000097993,Ptprv
0,RAD52,ENSG00000002016,ENSMUSG00000030166,Rad52
1,RALA,ENSG00000006451,ENSMUSG00000008859,Rala
2,RANBP9,ENSG00000010017,ENSMUSG00000038546,Ranbp9
3,RABGAP1,ENSG00000011454,ENSMUSG00000035437,Rabgap1
4,RALBP1,ENSG00000017797,ENSMUSG00000024096,Ralbp1
5,RABEP1,ENSG00000029725,ENSMUSG00000020817,Rabep1
6,RANBP3,ENSG00000031823,ENSMUSG00000002372,Ranbp3
7,RAI14,ENSG00000039560,ENSMUSG00000022246,Rai14
8,RAD51,ENSG00000051180,ENSMUSG00000027323,Rad51
9,RAD18,ENSG00000070950,ENSMUSG00000030254,Rad18
10,RAB7A,ENSG00000075785,ENSMUSG00000079477,Rab7
11,RABL2B,ENSG00000079974,ENSMUSG00000022621,Rabl2
12,RABL2A,ENSG00000144134,ENSMUSG00000022621,Rabl2
13,RAD54L,ENSG00000085999,ENSMUSG00000028702,Rad54l
14,RANBP1,ENSG00000099901,ENSMUSG00000005732,Ranbp1
15,RAB36,ENSG00000100228,ENSMUSG00000020175,Rab36
16,RANGAP1,ENSG00000100401,ENSMUSG00000022391,Rangap1
17,RABGGTA,ENSG00000100949,ENSMUSG00000040472,Rabggta
18,RAE1,ENSG00000101146,ENSMUSG00000027509,Rae1
19,RABAC1,ENSG00000105404,ENSMUSG00000003380,Rabac1
20,RAB3D,ENSG00000105514,ENSMUSG00000019066,Rab3d
21,RAB3A,ENSG00000105649,ENSMUSG00000031840,Rab3a
22,RAD51C,ENSG00000108384,ENSMUSG00000007646,Rad51c
23,RAI1,ENSG00000108557,ENSMUSG00000062115,Rai1
24,RAB5C,ENSG00000108774,ENSMUSG00000019173,Rab5c
25,RANGRF,ENSG00000108961,ENSMUSG00000032892,Rangrf
26,RAB34,ENSG00000109113,ENSMUSG00000002059,Rab34
27,RAD51AP1,ENSG00000111247,ENSMUSG00000030346,Rad51ap1
28,RAB5B,ENSG00000111540,ENSMUSG00000000711,Rab5b
29,RAB35,ENSG00000111737,ENSMUSG00000029518,Rab35
30,RAD1,ENSG00000113456,ENSMUSG00000022248,Rad1
31,RAD50,ENSG00000113522,ENSMUSG00000020380,Rad50
32,RAB3GAP1,ENSG00000115839,ENSMUSG00000036104,Rab3gap1
33,RALGPS2,ENSG00000116191,ENSMUSG00000026594,Ralgps2
34,RAB3GAP2,ENSG00000118873,ENSMUSG00000039318,Rab3gap2
35,RAD23B,ENSG00000119318,ENSMUSG00000028426,Rad23b
36,RAMP3,ENSG00000122679,ENSMUSG00000041046,Ramp3
37,RAB9B,ENSG00000123570,ENSMUSG00000043463,Rab9b
38,RAB9A,ENSG00000123595,ENSMUSG00000079316,Rab9
39,RAB38,ENSG00000123892,ENSMUSG00000030559,Rab38
40,RALY,ENSG00000125970,ENSMUSG00000027593,Raly
41,RAB3IP,ENSG00000127328,ENSMUSG00000064181,Rab3ip
42,RAC2,ENSG00000128340,ENSMUSG00000033220,Rac2
43,RAMP2,ENSG00000131477,ENSMUSG00000001240,Ramp2
44,RAI2,ENSG00000131831,ENSMUSG00000043518,Rai2
45,RAF1,ENSG00000132155,ENSMUSG00000000441,Raf1
46,RAMP1,ENSG00000132329,ENSMUSG00000034353,Ramp1
47,RAN,ENSG00000132341,ENSMUSG00000029430,Ran
48,RAC1,ENSG00000136238,ENSMUSG00000001847,Rac1
49,RALGPS1,ENSG00000136828,ENSMUSG00000038831,Ralgps1
50,RABEPK,ENSG00000136933,ENSMUSG00000070953,Rabepk
51,RANBP6,ENSG00000137040,ENSMUSG00000074909,Ranbp6
52,RABGGTB,ENSG00000137955,ENSMUSG00000038975,Rabggtb
53,RANBP10,ENSG00000141084,ENSMUSG00000037415,Ranbp10
54,RAB40B,ENSG00000141542,ENSMUSG00000025170,Rab40b
55,RALB,ENSG00000144118,ENSMUSG00000004451,Ralb
56,RAB5A,ENSG00000144566,ENSMUSG00000017831,Rab5a
57,RABL3,ENSG00000144840,ENSMUSG00000022827,Rabl3
58,RAD9B,ENSG00000151164,ENSMUSG00000038569,Rad9b
59,RABGAP1L,ENSG00000152061,ENSMUSG00000026721,Rabgap1l
60,RAB3C,ENSG00000152932,ENSMUSG00000021700,Rab3c
61,RAD17,ENSG00000152942,ENSMUSG00000021635,Rad17
62,RANBP2,ENSG00000153201,ENSMUSG00000003226,Ranbp2
63,RABGEF1,ENSG00000154710,ENSMUSG00000025340,Rabgef1
64,RAB6B,ENSG00000154917,ENSMUSG00000032549,Rab6b
65,RAB39B,ENSG00000155961,ENSMUSG00000031202,Rab39b
66,RADIL,ENSG00000157927,ENSMUSG00000029576,Radil
67,RALGDS,ENSG00000160271,ENSMUSG00000026821,Ralgds
68,RACGAP1,ENSG00000161800,ENSMUSG00000023015,Racgap1
69,RAD54L2,ENSG00000164080,ENSMUSG00000040661,Rad54l2
70,RANBP3L,ENSG00000164188,ENSMUSG00000048424,Ranbp3l
71,RAD21,ENSG00000164754,ENSMUSG00000022314,Rad21
72,RAB8B,ENSG00000166128,ENSMUSG00000036943,Rab8b
73,RAG1,ENSG00000166349,ENSMUSG00000061311,Rag1
74,RAB8A,ENSG00000167461,ENSMUSG00000003037,Rab8a
75,RAB4B,ENSG00000167578,ENSMUSG00000053291,Rab4b
76,RAB3IL1,ENSG00000167994,ENSMUSG00000024663,Rab3il1
77,RAB4A,ENSG00000168118,ENSMUSG00000019478,Rab4a
78,RAB3B,ENSG00000169213,ENSMUSG00000003411,Rab3b
79,RAC3,ENSG00000169750,ENSMUSG00000018012,Rac3
80,RALGAPB,ENSG00000170471,ENSMUSG00000027652,Ralgapb
81,RAB33B,ENSG00000172007,ENSMUSG00000027739,Rab33b
82,RAB43,ENSG00000172780,ENSMUSG00000030055,Rab43
83,RAB37,ENSG00000172794,ENSMUSG00000020732,Rab37
84,RALGAPA1,ENSG00000174373,ENSMUSG00000021027,Ralgapa1
85,RAG2,ENSG00000175097,ENSMUSG00000032864,Rag2
86,RAB6A,ENSG00000175582,ENSMUSG00000030704,Rab6a
87,RABEP2,ENSG00000177548,ENSMUSG00000030727,Rabep2
88,RAD23A,ENSG00000179262,ENSMUSG00000003813,Rad23a
89,RAB39A,ENSG00000179331,ENSMUSG00000055069,Rab39
90,RABIF,ENSG00000183155,ENSMUSG00000042229,Rabif
91,RALYL,ENSG00000184672,ENSMUSG00000039717,Ralyl
92,RALGAPA2,ENSG00000188559,ENSMUSG00000037110,Ralgapa2
93,RAD54B,ENSG00000197275,ENSMUSG00000078773,Rad54b
94,RAB40C,ENSG00000197562,ENSMUSG00000025730,Rab40c
95,RANBP17,ENSG00000204764,ENSMUSG00000040594,Ranbp17
96,RAD51AP2,ENSG00000214842,ENSMUSG00000086022,Rad51ap2
97,RAD21L1,ENSG00000244588,ENSMUSG00000074704,Rad21l
98,RAB44,ENSG00000255587,ENSMUSG00000064147,Rab44
99,,,ENSMUSG00000053219,Raet1e
100,,,ENSMUSG00000078452,Raet1d
0,RB1CC1,ENSG00000023287,ENSMUSG00000025907,Rb1cc1
1,RASGRF1,ENSG00000058335,ENSMUSG00000032356,Rasgrf1
2,RASSF1,ENSG00000068028,ENSMUSG00000010067,Rassf1
3,RASGRP2,ENSG00000068831,ENSMUSG00000032946,Rasgrp2
4,RASAL2,ENSG00000075391,ENSMUSG00000070565,Rasal2
5,RAP1GAP,ENSG00000076864,ENSMUSG00000041351,Rap1gap
6,RARB,ENSG00000077092,ENSMUSG00000017491,Rarb
7,RBFOX1,ENSG00000078328,ENSMUSG00000008658,Rbfox1
8,RAPGEF3,ENSG00000079337,ENSMUSG00000022469,Rapgef3
9,RBL1,ENSG00000080839,ENSMUSG00000027641,Rbl1
10,RBM22,ENSG00000086589,ENSMUSG00000024604,Rbm22
11,RBBP9,ENSG00000089050,ENSMUSG00000027428,Rbbp9
12,RBM27,ENSG00000091009,ENSMUSG00000024491,Rbm27
13,RAPGEF4,ENSG00000091428,ENSMUSG00000049044,Rapgef4
14,RASSF7,ENSG00000099849,ENSMUSG00000038618,Rassf7
15,RASL10A,ENSG00000100276,ENSMUSG00000034209,Rasl10a
16,RASD2,ENSG00000100302,ENSMUSG00000034472,Rasd2
17,RBFOX2,ENSG00000100320,ENSMUSG00000033565,Rbfox2
18,RASSF2,ENSG00000101265,ENSMUSG00000027339,Rassf2
19,RBFA,ENSG00000101546,ENSMUSG00000024570,Rbfa
20,RBBP8,ENSG00000101773,ENSMUSG00000041238,Rbbp8
21,RBBP7,ENSG00000102054,ENSMUSG00000031353,Rbbp7
22,RBM3,ENSG00000102317,ENSMUSG00000031167,Rbm3
23,RBL2,ENSG00000103479,ENSMUSG00000031666,Rbl2
24,RASL12,ENSG00000103710,ENSMUSG00000041696,Rasl12
25,RASAL3,ENSG00000105122,ENSMUSG00000052142,Rasal3
26,RASIP1,ENSG00000105538,ENSMUSG00000044562,Rasip1
27,RASA4,ENSG00000105808,ENSMUSG00000004952,Rasa4
28,RASA4B,ENSG00000170667,ENSMUSG00000004952,Rasa4
29,RBM28,ENSG00000106344,ENSMUSG00000029701,Rbm28
30,RARRES2,ENSG00000106538,ENSMUSG00000009281,Rarres2
31,RAPGEF1,ENSG00000107263,ENSMUSG00000039844,Rapgef1
32,RASSF4,ENSG00000107551,ENSMUSG00000042129,Rassf4
33,RAPGEFL1,ENSG00000108352,ENSMUSG00000038020,Rapgefl1
34,RASD1,ENSG00000108551,ENSMUSG00000049892,Rasd1
35,RAPGEF2,ENSG00000109756,ENSMUSG00000062232,Rapgef2
36,RASAL1,ENSG00000111344,ENSMUSG00000029602,Rasal1
37,RBM24,ENSG00000112183,ENSMUSG00000038132,Rbm24
38,RASGRF2,ENSG00000113319,ENSMUSG00000021708,Rasgrf2
39,RARS1,ENSG00000113643,ENSMUSG00000018848,Rars
40,RAP1A,ENSG00000116473,ENSMUSG00000068798,Rap1a
41,RBBP5,ENSG00000117222,ENSMUSG00000026439,Rbbp5
42,RARRES1,ENSG00000118849,ENSMUSG00000049404,Rarres1
43,RBM18,ENSG00000119446,ENSMUSG00000026889,Rbm18
44,RBM25,ENSG00000119707,ENSMUSG00000010608,Rbm25
45,RASL11A,ENSG00000122035,ENSMUSG00000029641,Rasl11a
46,RBBP6,ENSG00000122257,ENSMUSG00000030779,Rbbp6
47,RBM19,ENSG00000122965,ENSMUSG00000029594,Rbm19
48,RASSF8,ENSG00000123094,ENSMUSG00000030259,Rassf8
49,RAP2C,ENSG00000123728,ENSMUSG00000050029,Rap2c
50,RAP2A,ENSG00000125249,ENSMUSG00000051615,Rap2a
51,RBCK1,ENSG00000125826,ENSMUSG00000027466,Rbck1
52,RAP1B,ENSG00000127314,ENSMUSG00000052681,Rap1b
53,RASL11B,ENSG00000128045,ENSMUSG00000049907,Rasl11b
54,RARA,ENSG00000131759,ENSMUSG00000037992,Rara
55,RAP1GAP2,ENSG00000132359,ENSMUSG00000038807,Rap1gap2
56,RBM38,ENSG00000132819,ENSMUSG00000027510,Rbm38
57,RAX,ENSG00000134438,ENSMUSG00000024518,Rax
58,RBM17,ENSG00000134453,ENSMUSG00000037197,Rbm17
59,RAPGEF5,ENSG00000136237,ENSMUSG00000041992,Rapgef5
60,RASGEF1B,ENSG00000138670,ENSMUSG00000089809,Rasgef1b
61,RAP1GDS1,ENSG00000138698,ENSMUSG00000028149,Rap1gds1
62,RB1,ENSG00000139687,ENSMUSG00000022105,Rb1
63,RBM26,ENSG00000139746,ENSMUSG00000022119,Rbm26
64,RASA1,ENSG00000145715,ENSMUSG00000021549,Rasa1
65,RASGEF1C,ENSG00000146090,ENSMUSG00000020374,Rasgef1c
66,RARS2,ENSG00000146282,ENSMUSG00000028292,Rars2
67,RBAK,ENSG00000146587,ENSMUSG00000061898,Rbak
68,RASGRP3,ENSG00000152689,ENSMUSG00000071042,Rasgrp3
69,RASSF3,ENSG00000153179,ENSMUSG00000025795,Rassf3
70,RASA2,ENSG00000155903,ENSMUSG00000032413,Rasa2
71,RAPGEF6,ENSG00000158987,ENSMUSG00000037533,Rapgef6
72,RAVER1,ENSG00000161847,ENSMUSG00000010205,Raver1
73,RAVER2,ENSG00000162437,ENSMUSG00000035275,Raver2
74,RBBP4,ENSG00000162521,ENSMUSG00000057236,Rbbp4
75,RBM15,ENSG00000162775,ENSMUSG00000048109,Rbm15
76,RASEF,ENSG00000165105,ENSMUSG00000043003,Rasef
77,RAPSN,ENSG00000165917,ENSMUSG00000002104,Rapsn
78,RBFOX3,ENSG00000167281,ENSMUSG00000025576,Rbfox3
79,RASSF6,ENSG00000169435,ENSMUSG00000029370,Rassf6
80,RBKS,ENSG00000171174,ENSMUSG00000029136,Rbks
81,RASGRP4,ENSG00000171777,ENSMUSG00000030589,Rasgrp4
82,RASGRP1,ENSG00000172575,ENSMUSG00000027347,Rasgrp1
83,RARG,ENSG00000172819,ENSMUSG00000001288,Rarg
84,RAPH1,ENSG00000173166,ENSMUSG00000026014,Raph1
85,RAP2B,ENSG00000181467,ENSMUSG00000036894,Rap2b
86,RBM10,ENSG00000182872,ENSMUSG00000031060,Rbm10
87,RBM33,ENSG00000184863,ENSMUSG00000048271,Rbm33
88,RBM11,ENSG00000185272,ENSMUSG00000032940,Rbm11
89,RASA3,ENSG00000185989,ENSMUSG00000031453,Rasa3
90,RBM34,ENSG00000188739,ENSMUSG00000033931,Rbm34
91,RASSF10,ENSG00000189431,ENSMUSG00000098132,Rassf10
92,RASSF9,ENSG00000198774,ENSMUSG00000044921,Rassf9
93,RASGEF1A,ENSG00000198915,ENSMUSG00000030134,Rasgef1a
94,RBM20,ENSG00000203867,ENSMUSG00000043639,Rbm20
95,RBM14,ENSG00000239306,ENSMUSG00000006456,Rbm14
96,RBM15B,ENSG00000259956,ENSMUSG00000074102,Rbm15b
97,RASSF5,ENSG00000266094,ENSMUSG00000026430,Rassf5
98,RASL10B,ENSG00000270885,ENSMUSG00000020684,Rasl10b
99,,,ENSMUSG00000089824,Rbm12
100,,,ENSMUSG00000095365,Rbm31y
0,RBM5,ENSG00000003756,ENSMUSG00000032580,Rbm5
1,RBM6,ENSG00000004534,ENSMUSG00000032582,Rbm6
2,RECQL,ENSG00000004700,ENSMUSG00000030243,Recql
3,RCN1,ENSG00000049449,ENSMUSG00000005973,Rcn1
4,RELT,ENSG00000054967,ENSMUSG00000008318,Relt
5,RC3H2,ENSG00000056586,ENSMUSG00000075376,Rc3h2
6,REEP1,ENSG00000068615,ENSMUSG00000052852,Reep1
7,RDH11,ENSG00000072042,ENSMUSG00000066441,Rdh11
8,RBM7,ENSG00000076053,ENSMUSG00000042396,Rbm7
9,RBMS2,ENSG00000076067,ENSMUSG00000040043,Rbms2
10,RDH8,ENSG00000080511,ENSMUSG00000053773,Rdh8
11,REM1,ENSG00000088320,ENSMUSG00000000359,Rem1
12,RBM41,ENSG00000089682,ENSMUSG00000031433,Rbm41
13,RCOR1,ENSG00000089902,ENSMUSG00000037896,Rcor1
14,RBX1,ENSG00000100387,ENSMUSG00000022400,Rbx1
15,REC8,ENSG00000100918,ENSMUSG00000002324,Rec8
16,RENBP,ENSG00000102032,ENSMUSG00000031387,Renbp
17,RELB,ENSG00000104856,ENSMUSG00000002983,Relb
18,RECQL5,ENSG00000108469,ENSMUSG00000020752,Recql5
19,RCVRN,ENSG00000109047,ENSMUSG00000020907,Rcvrn
20,RBP2,ENSG00000114113,ENSMUSG00000032454,Rbp2
21,RBP1,ENSG00000114115,ENSMUSG00000046402,Rbp1
22,REG1A,ENSG00000115386,ENSMUSG00000023140,Reg2
23,REG1A,ENSG00000115386,ENSMUSG00000059654,Reg1
24,RCAN3,ENSG00000117602,ENSMUSG00000059713,Rcan3
25,RCOR3,ENSG00000117625,ENSMUSG00000037395,Rcor3
26,RCN2,ENSG00000117906,ENSMUSG00000032320,Rcn2
27,RCL1,ENSG00000120158,ENSMUSG00000024785,Rcl1
28,RDH10,ENSG00000121039,ENSMUSG00000025921,Rdh10
29,RECK,ENSG00000122707,ENSMUSG00000028476,Reck
30,RBPJL,ENSG00000124232,ENSMUSG00000017007,Rbpjl
31,RBM42,ENSG00000126254,ENSMUSG00000036733,Rbm42
32,REEP5,ENSG00000129625,ENSMUSG00000005873,Reep5
33,RBM39,ENSG00000131051,ENSMUSG00000027620,Rbm39
34,REEP2,ENSG00000132563,ENSMUSG00000038555,Reep2
35,REG4,ENSG00000134193,ENSMUSG00000027876,Reg4
36,RBMX2,ENSG00000134597,ENSMUSG00000031107,Rbmx2
37,RDH5,ENSG00000135437,ENSMUSG00000025350,Rdh5
38,REPS1,ENSG00000135597,ENSMUSG00000019854,Reps1
39,RC3H1,ENSG00000135870,ENSMUSG00000040423,Rc3h1
40,RCBTB1,ENSG00000136144,ENSMUSG00000035469,Rcbtb1
41,RCBTB2,ENSG00000136161,ENSMUSG00000022106,Rcbtb2
42,RDX,ENSG00000137710,ENSMUSG00000032050,Rdx
43,RBP4,ENSG00000138207,ENSMUSG00000024990,Rbp4
44,RDH16,ENSG00000139547,ENSMUSG00000040134,Rdh7
45,RDH16,ENSG00000139547,ENSMUSG00000054052,Rdh19
46,RDH16,ENSG00000139547,ENSMUSG00000056148,Rdh9
47,RDH16,ENSG00000139547,ENSMUSG00000069456,Rdh16
48,RDH16,ENSG00000139547,ENSMUSG00000089789,Rdh1
49,REM2,ENSG00000139890,ENSMUSG00000022176,Rem2
50,RDH12,ENSG00000139988,ENSMUSG00000021123,Rdh12
51,RCN3,ENSG00000142552,ENSMUSG00000019539,Rcn3
52,REN,ENSG00000143839,ENSMUSG00000070645,Ren1
53,RBMS3,ENSG00000144642,ENSMUSG00000039607,Rbms3
54,RBMX,ENSG00000147274,ENSMUSG00000031134,Rbmx
55,RBMXL1,ENSG00000213516,ENSMUSG00000031134,Rbmx
56,RBMX,ENSG00000147274,ENSMUSG00000037070,Rbmxl1
57,RBMXL1,ENSG00000213516,ENSMUSG00000037070,Rbmxl1
58,RBM46,ENSG00000151962,ENSMUSG00000033882,Rbm46
59,RBMS1,ENSG00000153250,ENSMUSG00000026970,Rbms1
60,RBM45,ENSG00000155636,ENSMUSG00000042369,Rbm45
61,RBPMS,ENSG00000157110,ENSMUSG00000031586,Rbpms
62,RCAN1,ENSG00000159200,ENSMUSG00000022951,Rcan1
63,RDH13,ENSG00000160439,ENSMUSG00000008435,Rdh13
64,RECQL4,ENSG00000160957,ENSMUSG00000033762,Recql4
65,RBP7,ENSG00000162444,ENSMUSG00000028996,Rbp7
66,REL,ENSG00000162924,ENSMUSG00000020275,Rel
67,RBM47,ENSG00000163694,ENSMUSG00000070780,Rbm47
68,RCHY1,ENSG00000163743,ENSMUSG00000029397,Rchy1
69,RELL2,ENSG00000164620,ENSMUSG00000044024,Rell2
70,REEP3,ENSG00000165476,ENSMUSG00000019873,Reep3
71,RBPMS2,ENSG00000166831,ENSMUSG00000032387,Rbpms2
72,RCCD1,ENSG00000166965,ENSMUSG00000038930,Rccd1
73,RCOR2,ENSG00000167771,ENSMUSG00000024968,Rcor2
74,RBPJ,ENSG00000168214,ENSMUSG00000039191,Rbpj
75,REEP4,ENSG00000168476,ENSMUSG00000033589,Reep4
76,RBMXL2,ENSG00000170748,ENSMUSG00000073894,Rbmxl2
77,RBMXL3,ENSG00000175718,ENSMUSG00000073894,Rbmxl2
78,REG1B,ENSG00000172023,ENSMUSG00000030017,Reg3g
79,REG1B,ENSG00000172023,ENSMUSG00000068341,Reg3d
80,REG1B,ENSG00000172023,ENSMUSG00000071356,Reg3b
81,REG1B,ENSG00000172023,ENSMUSG00000079516,Reg3a
82,RCAN2,ENSG00000172348,ENSMUSG00000039601,Rcan2
83,RELA,ENSG00000173039,ENSMUSG00000024927,Rela
84,RCE1,ENSG00000173653,ENSMUSG00000024889,Rce1
85,RBM4B,ENSG00000173914,ENSMUSG00000033760,Rbm4b
86,RBM4,ENSG00000173933,ENSMUSG00000094936,Rbm4
87,REP15,ENSG00000174236,ENSMUSG00000040121,Rep15
88,RBM44,ENSG00000177483,ENSMUSG00000070732,Rbm44
89,RCC2,ENSG00000179051,ENSMUSG00000040945,Rcc2
90,RCC1,ENSG00000180198,ENSMUSG00000028896,Rcc1
91,RELL1,ENSG00000181826,ENSMUSG00000047881,Rell1
92,RBM43,ENSG00000184898,ENSMUSG00000036249,Rbm43
93,RELN,ENSG00000189056,ENSMUSG00000042453,Reln
94,RD3,ENSG00000198570,ENSMUSG00000049353,Rd3
95,RCSD1,ENSG00000198771,ENSMUSG00000040723,Rcsd1
96,REPIN1,ENSG00000214022,ENSMUSG00000052751,Repin1
97,RDH14,ENSG00000240857,ENSMUSG00000020621,Rdh14
98,RBP3,ENSG00000265203,ENSMUSG00000041534,Rbp3
99,RBM8A,ENSG00000265241,ENSMUSG00000038374,Rbm8a
100,RDM1,ENSG00000278023,ENSMUSG00000010362,Rdm1
101,,,ENSMUSG00000035504,Reep6
102,,,ENSMUSG00000054031,Rdh18-ps
0,RHBDD2,ENSG00000005486,ENSMUSG00000039917,Rhbdd2
1,RHBDF1,ENSG00000007384,ENSMUSG00000020282,Rhbdf1
2,RHOBTB2,ENSG00000008853,ENSMUSG00000022075,Rhobtb2
3,REV3L,ENSG00000009413,ENSMUSG00000019841,Rev3l
4,RFC1,ENSG00000035928,ENSMUSG00000029191,Rfc1
5,RETSAT,ENSG00000042445,ENSMUSG00000056666,Retsat
6,RFC2,ENSG00000049541,ENSMUSG00000023104,Rfc2
7,RFXANK,ENSG00000064490,ENSMUSG00000036120,Rfxank
8,RHOA,ENSG00000067560,ENSMUSG00000007815,Rhoa
9,RHOBTB1,ENSG00000072422,ENSMUSG00000019944,Rhobtb1
10,REXO2,ENSG00000076043,ENSMUSG00000032026,Rexo2
11,RGS11,ENSG00000076344,ENSMUSG00000024186,Rgs11
12,REXO1,ENSG00000079313,ENSMUSG00000047417,Rexo1
13,RFX3,ENSG00000080298,ENSMUSG00000040929,Rfx3
14,REST,ENSG00000084093,ENSMUSG00000029249,Rest
15,RFX2,ENSG00000087903,ENSMUSG00000024206,Rfx2
16,RGS1,ENSG00000090104,ENSMUSG00000026358,Rgs1
17,RGS17,ENSG00000091844,ENSMUSG00000019775,Rgs17
18,RFFL,ENSG00000092871,ENSMUSG00000020696,Rffl
19,RHBDD3,ENSG00000100263,ENSMUSG00000034175,Rhbdd3
20,RHBDL1,ENSG00000103269,ENSMUSG00000025735,Rhbdl1
21,RETN,ENSG00000104918,ENSMUSG00000012705,Retn
22,RHEB,ENSG00000106615,ENSMUSG00000028945,Rheb
23,RGP1,ENSG00000107185,ENSMUSG00000028468,Rgp1
24,RGS9,ENSG00000108370,ENSMUSG00000020599,Rgs9
25,RERGL,ENSG00000111404,ENSMUSG00000092164,Rergl
26,RFC5,ENSG00000111445,ENSMUSG00000029363,Rfc5
27,RFX4,ENSG00000111783,ENSMUSG00000020037,Rfx4
28,RHAG,ENSG00000112077,ENSMUSG00000023926,Rhag
29,RGS2,ENSG00000116741,ENSMUSG00000026360,Rgs2
30,RGS4,ENSG00000117152,ENSMUSG00000038530,Rgs4
31,RGSL1,ENSG00000121446,ENSMUSG00000042641,Rgsl1
32,RGS13,ENSG00000127074,ENSMUSG00000051079,Rgs13
33,RHBDF2,ENSG00000129667,ENSMUSG00000020806,Rhbdf2
34,RGN,ENSG00000130988,ENSMUSG00000023070,Rgn
35,RFTN1,ENSG00000131378,ENSMUSG00000039316,Rftn1
36,RFX1,ENSG00000132005,ENSMUSG00000031706,Rfx1
37,RGS22,ENSG00000132554,ENSMUSG00000037627,Rgs22
38,RHBG,ENSG00000132677,ENSMUSG00000104445,Rhbg
39,RFXAP,ENSG00000133111,ENSMUSG00000036615,Rfxap
40,RFC3,ENSG00000133119,ENSMUSG00000033970,Rfc3
41,RERG,ENSG00000134533,ENSMUSG00000030222,Rerg
42,RFK,ENSG00000135002,ENSMUSG00000024712,Rfk
43,RGS8,ENSG00000135824,ENSMUSG00000042671,Rgs8
44,REV1,ENSG00000135945,ENSMUSG00000026082,Rev1
45,RGS3,ENSG00000138835,ENSMUSG00000059810,Rgs3
46,RHOF,ENSG00000139725,ENSMUSG00000029449,Rhof
47,RHCG,ENSG00000140519,ENSMUSG00000030549,Rhcg
48,RHBDL3,ENSG00000141314,ENSMUSG00000017692,Rhbdl3
49,RERE,ENSG00000142599,ENSMUSG00000039852,Rere
50,RGS5,ENSG00000143248,ENSMUSG00000026678,Rgs5
51,RGS16,ENSG00000143333,ENSMUSG00000026475,Rgs16
52,RGL1,ENSG00000143344,ENSMUSG00000026482,Rgl1
53,RFX5,ENSG00000143390,ENSMUSG00000005774,Rfx5
54,RHOB,ENSG00000143878,ENSMUSG00000054364,Rhob
55,RHBDD1,ENSG00000144468,ENSMUSG00000026142,Rhbdd1
56,RGS20,ENSG00000147509,ENSMUSG00000002459,Rgs20
57,REXO4,ENSG00000148300,ENSMUSG00000052406,Rexo4
58,RGR,ENSG00000148604,ENSMUSG00000021804,Rgr
59,RGS10,ENSG00000148908,ENSMUSG00000030844,Rgs10
60,RGS18,ENSG00000150681,ENSMUSG00000026357,Rgs18
61,RHOC,ENSG00000155366,ENSMUSG00000002233,Rhoc
62,RER1,ENSG00000157916,ENSMUSG00000029048,Rer1
63,RHBDL2,ENSG00000158315,ENSMUSG00000043333,Rhbdl2
64,RGS12,ENSG00000159788,ENSMUSG00000029101,Rgs12
65,RFTN2,ENSG00000162944,ENSMUSG00000025978,Rftn2
66,RETNLB,ENSG00000163515,ENSMUSG00000022650,Retnlb
67,RETNLB,ENSG00000163515,ENSMUSG00000022651,Retnlg
68,RETNLB,ENSG00000163515,ENSMUSG00000061100,Retnla
69,RHO,ENSG00000163914,ENSMUSG00000030324,Rho
70,RFC4,ENSG00000163918,ENSMUSG00000022881,Rfc4
71,RFT1,ENSG00000163933,ENSMUSG00000052395,Rft1
72,RHOBTB3,ENSG00000164292,ENSMUSG00000021589,Rhobtb3
73,RET,ENSG00000165731,ENSMUSG00000030110,Ret
74,RHEBL1,ENSG00000167550,ENSMUSG00000023755,Rhebl1
75,RFWD3,ENSG00000168411,ENSMUSG00000033596,Rfwd3
76,RHOH,ENSG00000168421,ENSMUSG00000029204,Rhoh
77,RGS14,ENSG00000169220,ENSMUSG00000052087,Rgs14
78,RFNG,ENSG00000169733,ENSMUSG00000025158,Rfng
79,REPS2,ENSG00000169891,ENSMUSG00000040855,Reps2
80,RGS19,ENSG00000171700,ENSMUSG00000002458,Rgs19
81,RHOD,ENSG00000173156,ENSMUSG00000041845,Rhod
82,RGMB,ENSG00000174136,ENSMUSG00000048027,Rgmb
83,RFESD,ENSG00000175449,ENSMUSG00000043190,Rfesd
84,RHOG,ENSG00000177105,ENSMUSG00000073982,Rhog
85,RFX7,ENSG00000181827,ENSMUSG00000037674,Rfx7
86,RGMA,ENSG00000182175,ENSMUSG00000070509,Rgma
87,RESP18,ENSG00000182698,ENSMUSG00000033061,Resp18
88,RGS6,ENSG00000182732,ENSMUSG00000021219,Rgs6
89,RGS7,ENSG00000182901,ENSMUSG00000026527,Rgs7
90,RFX6,ENSG00000185002,ENSMUSG00000019900,Rfx6
91,RGS9BP,ENSG00000186326,ENSMUSG00000056043,Rgs9bp
92,RGS7BP,ENSG00000186479,ENSMUSG00000021719,Rgs7bp
93,RHD,ENSG00000187010,ENSMUSG00000028825,Rhd
94,RHCE,ENSG00000188672,ENSMUSG00000028825,Rhd
95,ZNF34,ENSG00000196378,ENSMUSG00000067919,Rex2
96,RFX8,ENSG00000196460,ENSMUSG00000057173,Rfx8
97,RGL3,ENSG00000205517,ENSMUSG00000040146,Rgl3
98,RFPL4A,ENSG00000223638,ENSMUSG00000035191,Rfpl4
99,RFPL4AL1,ENSG00000229292,ENSMUSG00000035191,Rfpl4
100,RGL2,ENSG00000237441,ENSMUSG00000041354,Rgl2
101,RFPL4B,ENSG00000251258,ENSMUSG00000094311,Rfpl4b
0,RNASET2,ENSG00000026297,ENSMUSG00000095687,Rnaset2a
1,RIOK2,ENSG00000058729,ENSMUSG00000116564,Riok2
2,RIMBP2,ENSG00000060709,ENSMUSG00000029420,Rimbp2
3,RIMS1,ENSG00000079841,ENSMUSG00000041670,Rims1
4,RIF1,ENSG00000080345,ENSMUSG00000036202,Rif1
5,RIN3,ENSG00000100599,ENSMUSG00000044456,Rin3
6,RIMS4,ENSG00000101098,ENSMUSG00000035226,Rims4
7,RIOK3,ENSG00000101782,ENSMUSG00000024404,Riok3
8,RHOXF1,ENSG00000101883,ENSMUSG00000050197,Rhox13
9,RHOV,ENSG00000104140,ENSMUSG00000034226,Rhov
10,RIPK2,ENSG00000104312,ENSMUSG00000041135,Ripk2
11,RNASEH2A,ENSG00000104889,ENSMUSG00000052926,Rnaseh2a
12,RLN2,ENSG00000107014,ENSMUSG00000039097,Rln1
13,RLN1,ENSG00000107018,ENSMUSG00000039097,Rln1
14,RIC8B,ENSG00000111785,ENSMUSG00000035620,Ric8b
15,RHOU,ENSG00000116574,ENSMUSG00000039960,Rhou
16,RLF,ENSG00000117000,ENSMUSG00000049878,Rlf
17,RIMS3,ENSG00000117016,ENSMUSG00000032890,Rims3
18,RHOQ,ENSG00000119729,ENSMUSG00000024143,Rhoq
19,RIOK1,ENSG00000124784,ENSMUSG00000021428,Riok1
20,RHOJ,ENSG00000126785,ENSMUSG00000046768,Rhoj
21,RHOT1,ENSG00000126858,ENSMUSG00000017686,Rhot1
22,RIBC2,ENSG00000128408,ENSMUSG00000022431,Ribc2
23,RIPK3,ENSG00000129465,ENSMUSG00000022221,Ripk3
24,RNASE1,ENSG00000129538,ENSMUSG00000035896,Rnase1
25,RLIM,ENSG00000131263,ENSMUSG00000056537,Rlim
26,RHPN2,ENSG00000131941,ENSMUSG00000030494,Rhpn2
27,RIN2,ENSG00000132669,ENSMUSG00000001768,Rin2
28,RINT1,ENSG00000135249,ENSMUSG00000028999,Rint1
29,RNASEL,ENSG00000135828,ENSMUSG00000066800,Rnasel
30,RNASEH2B,ENSG00000136104,ENSMUSG00000021932,Rnaseh2b
31,RIPK1,ENSG00000137275,ENSMUSG00000021408,Ripk1
32,RLBP1,ENSG00000140522,ENSMUSG00000039194,Rlbp1
33,RHOT2,ENSG00000140983,ENSMUSG00000025733,Rhot2
34,RIT1,ENSG00000143622,ENSMUSG00000028057,Rit1
35,RMND5B,ENSG00000145916,ENSMUSG00000001054,Rmnd5b
36,RIPPLY1,ENSG00000147223,ENSMUSG00000072945,Ripply1
37,RILPL2,ENSG00000150977,ENSMUSG00000029401,Rilpl2
38,RIT2,ENSG00000152214,ENSMUSG00000057455,Rit2
39,RMND5A,ENSG00000153561,ENSMUSG00000002222,Rmnd5a
40,RMND1,ENSG00000155906,ENSMUSG00000019763,Rmnd1
41,RHPN1,ENSG00000158106,ENSMUSG00000022580,Rhpn1
42,RIBC1,ENSG00000158423,ENSMUSG00000025257,Ribc1
43,RICTOR,ENSG00000164327,ENSMUSG00000050310,Rictor
44,RIC3,ENSG00000166405,ENSMUSG00000048330,Ric3
45,RIMKLB,ENSG00000166532,ENSMUSG00000040649,Rimklb
46,RILP,ENSG00000167705,ENSMUSG00000038195,Rilp
47,RNASE6,ENSG00000169413,ENSMUSG00000021880,Rnase6
48,RLN3,ENSG00000171136,ENSMUSG00000045232,Rln3
49,RNASEH1,ENSG00000171865,ENSMUSG00000020630,Rnaseh1
50,RNASEH2C,ENSG00000172922,ENSMUSG00000024925,Rnaseh2c
51,RIN1,ENSG00000174791,ENSMUSG00000024883,Rin1
52,RIMS2,ENSG00000176406,ENSMUSG00000037386,Rims2
53,RIMKLA,ENSG00000177181,ENSMUSG00000048899,Rimkla
54,RIIAD1,ENSG00000178796,ENSMUSG00000028139,Riiad1
55,RMI1,ENSG00000178966,ENSMUSG00000035367,Rmi1
56,RNASE10,ENSG00000182545,ENSMUSG00000021872,Rnase10
57,RIPPLY3,ENSG00000183145,ENSMUSG00000022941,Ripply3
58,RIMBP3C,ENSG00000183246,ENSMUSG00000071636,Rimbp3
59,RIMBP3B,ENSG00000274600,ENSMUSG00000071636,Rimbp3
60,RIMBP3,ENSG00000275793,ENSMUSG00000071636,Rimbp3
61,RIPK4,ENSG00000183421,ENSMUSG00000005251,Ripk4
62,RINL,ENSG00000187994,ENSMUSG00000051735,Rinl
63,RILPL1,ENSG00000188026,ENSMUSG00000029392,Rilpl1
64,RNASE9,ENSG00000188655,ENSMUSG00000052382,Rnase9
65,RIPPLY2,ENSG00000203877,ENSMUSG00000047897,Ripply2
66,RING1,ENSG00000204227,ENSMUSG00000024325,Ring1
67,RNASE13,ENSG00000206150,ENSMUSG00000068392,Rnase13
68,RNASEK,ENSG00000219200,ENSMUSG00000093989,Rnasek
69,RMRPP5,ENSG00000223088,ENSMUSG00000088088,Rmrp
70,RNASE12,ENSG00000258436,ENSMUSG00000068407,Rnase12
71,RNASE4,ENSG00000258818,ENSMUSG00000021876,Rnase4
72,,,ENSMUSG00000006200,Rhox6
73,,,ENSMUSG00000051038,Rhox11
74,,,ENSMUSG00000051827,Rhox2a
75,,,ENSMUSG00000053909,Rhox10
76,,,ENSMUSG00000059626,Rhox3e
77,,,ENSMUSG00000059648,Rnase11
78,,,ENSMUSG00000064137,Rhox8
79,,,ENSMUSG00000068048,Rhox9
80,,,ENSMUSG00000071766,Rhox12
81,,,ENSMUSG00000071769,Rhox3h
82,,,ENSMUSG00000071770,Rhox4e
83,,,ENSMUSG00000071771,Rhox4b
84,,,ENSMUSG00000071772,Rhox3a
85,,,ENSMUSG00000071773,Rhox1
86,,,ENSMUSG00000079627,Rhox2h
87,,,ENSMUSG00000079628,Rhox4g
88,,,ENSMUSG00000079629,Rhox2g
89,,,ENSMUSG00000079630,Rhox4f
90,,,ENSMUSG00000079633,Rhox4d
91,,,ENSMUSG00000079635,Rhox4c
92,,,ENSMUSG00000079636,Rhox3c
93,,,ENSMUSG00000079637,Rhox2c
94,,,ENSMUSG00000079638,Rhox2b
95,,,ENSMUSG00000079639,Rhox4a
96,,,ENSMUSG00000095180,Rhox5
97,,,ENSMUSG00000095510,Rhox3f
98,,,ENSMUSG00000095698,Rhox2d
99,,,ENSMUSG00000095741,Rhox2f
100,,,ENSMUSG00000096788,Rhox2e
101,,,ENSMUSG00000097451,Rian
102,,,ENSMUSG00000112117,Rmst
103,,,ENSMUSG00000115420,Rmrp
0,RNF216,ENSG00000011275,ENSMUSG00000045078,Rnf216
1,RNF14,ENSG00000013561,ENSMUSG00000060450,Rnf14
2,RNF10,ENSG00000022840,ENSMUSG00000041740,Rnf10
3,RNH1,ENSG00000023191,ENSMUSG00000038650,Rnh1
4,RNASET2,ENSG00000026297,ENSMUSG00000094724,Rnaset2b
5,RNF19A,ENSG00000034677,ENSMUSG00000022280,Rnf19a
6,RNF4,ENSG00000063978,ENSMUSG00000029110,Rnf4
7,ROCK1,ENSG00000067900,ENSMUSG00000024290,Rock1
8,RNF126,ENSG00000070423,ENSMUSG00000035890,Rnf126
9,RNF13,ENSG00000082996,ENSMUSG00000036503,Rnf13
10,RNF31,ENSG00000092098,ENSMUSG00000047098,Rnf31
11,RNF215,ENSG00000099999,ENSMUSG00000003581,Rnf215
12,RNF24,ENSG00000101236,ENSMUSG00000048911,Rnf24
13,RNMT,ENSG00000101654,ENSMUSG00000009535,Rnmt
14,RNF125,ENSG00000101695,ENSMUSG00000033107,Rnf125
15,RNF40,ENSG00000103549,ENSMUSG00000030816,Rnf40
16,RNF32,ENSG00000105982,ENSMUSG00000029130,Rnf32
17,RNF43,ENSG00000108375,ENSMUSG00000034177,Rnf43
18,RNF167,ENSG00000108523,ENSMUSG00000040746,Rnf167
19,RND2,ENSG00000108830,ENSMUSG00000001313,Rnd2
20,RNF141,ENSG00000110315,ENSMUSG00000030788,Rnf141
21,RNGTT,ENSG00000111880,ENSMUSG00000028274,Rngtt
22,RNF8,ENSG00000112130,ENSMUSG00000090083,Rnf8
23,RNF130,ENSG00000113269,ENSMUSG00000020376,Rnf130
24,RNF7,ENSG00000114125,ENSMUSG00000051234,Rnf7
25,RND3,ENSG00000115963,ENSMUSG00000017144,Rnd3
26,RNF19B,ENSG00000116514,ENSMUSG00000028793,Rnf19b
27,RNF146,ENSG00000118518,ENSMUSG00000038876,Rnf146
28,RNF170,ENSG00000120925,ENSMUSG00000013878,Rnf170
29,RNF2,ENSG00000121481,ENSMUSG00000026484,Rnf2
30,RNF11,ENSG00000123091,ENSMUSG00000028557,Rnf11
31,RNF114,ENSG00000124226,ENSMUSG00000006418,Rnf114
32,RNF113A,ENSG00000125352,ENSMUSG00000036537,Rnf113a1
33,RNF113A,ENSG00000125352,ENSMUSG00000098134,Rnf113a2
34,RNF6,ENSG00000127870,ENSMUSG00000029634,Rnf6
35,RNF112,ENSG00000128482,ENSMUSG00000010086,Rnf112
36,RNF17,ENSG00000132972,ENSMUSG00000000365,Rnf17
37,RNF128,ENSG00000133135,ENSMUSG00000031438,Rnf128
38,RNF122,ENSG00000133874,ENSMUSG00000039328,Rnf122
39,ROCK2,ENSG00000134318,ENSMUSG00000020580,Rock2
40,RNF138,ENSG00000134758,ENSMUSG00000024317,Rnf138
41,RNFT2,ENSG00000135119,ENSMUSG00000032850,Rnft2
42,RNF38,ENSG00000137075,ENSMUSG00000035696,Rnf38
43,RNF144B,ENSG00000137393,ENSMUSG00000038068,Rnf144b
44,RNF121,ENSG00000137522,ENSMUSG00000070426,Rnf121
45,RNF185,ENSG00000138942,ENSMUSG00000020448,Rnf185
46,RNF157,ENSG00000141576,ENSMUSG00000052949,Rnf157
47,RNPEPL1,ENSG00000142327,ENSMUSG00000026269,Rnpepl1
48,RNF145,ENSG00000145860,ENSMUSG00000019189,Rnf145
49,RNF44,ENSG00000146083,ENSMUSG00000034928,Rnf44
50,RNF217,ENSG00000146373,ENSMUSG00000063760,Rnf217
51,RNF144A,ENSG00000151692,ENSMUSG00000020642,Rnf144a
52,ROBO4,ENSG00000154133,ENSMUSG00000032125,Robo4
53,ROBO3,ENSG00000154134,ENSMUSG00000032128,Robo3
54,RNF20,ENSG00000155827,ENSMUSG00000028309,Rnf20
55,RNF111,ENSG00000157450,ENSMUSG00000032217,Rnf111
56,RNF207,ENSG00000158286,ENSMUSG00000058498,Rnf207
57,RNF166,ENSG00000158717,ENSMUSG00000014470,Rnf166
58,RNF149,ENSG00000163162,ENSMUSG00000048234,Rnf149
59,RNF25,ENSG00000163481,ENSMUSG00000026171,Rnf25
60,RNF168,ENSG00000163961,ENSMUSG00000014074,Rnf168
61,RNF123,ENSG00000164068,ENSMUSG00000041528,Rnf123
62,RNF180,ENSG00000164197,ENSMUSG00000021720,Rnf180
63,RNF183,ENSG00000165188,ENSMUSG00000063851,Rnf183
64,RNF169,ENSG00000166439,ENSMUSG00000058761,Rnf169
65,RNF214,ENSG00000167257,ENSMUSG00000042790,Rnf214
66,ROBO1,ENSG00000169855,ENSMUSG00000022883,Robo1
67,RNF150,ENSG00000170153,ENSMUSG00000047747,Rnf150
68,RNF34,ENSG00000170633,ENSMUSG00000029474,Rnf34
69,RNF139,ENSG00000170881,ENSMUSG00000037075,Rnf139
70,RND1,ENSG00000172602,ENSMUSG00000054855,Rnd1
71,RNF26,ENSG00000173456,ENSMUSG00000053128,Rnf26
72,RNPEP,ENSG00000176393,ENSMUSG00000041926,Rnpep
73,RNF152,ENSG00000176641,ENSMUSG00000047496,Rnf152
74,RNF186,ENSG00000178828,ENSMUSG00000070661,Rnf186
75,RNF151,ENSG00000179580,ENSMUSG00000008482,Rnf151
76,RNF182,ENSG00000180537,ENSMUSG00000044164,Rnf182
77,RNF41,ENSG00000181852,ENSMUSG00000025373,Rnf41
78,RNLS,ENSG00000184719,ENSMUSG00000071573,Rnls
79,ROBO2,ENSG00000185008,ENSMUSG00000052516,Robo2
80,RNPC3,ENSG00000185946,ENSMUSG00000027981,Rnpc3
81,RNF220,ENSG00000187147,ENSMUSG00000028677,Rnf220
82,RNF133,ENSG00000188050,ENSMUSG00000051956,Rnf133
83,RNFT1,ENSG00000189050,ENSMUSG00000020521,Rnft1
84,RNF222,ENSG00000189051,ENSMUSG00000046490,Rnf222
85,RNF5,ENSG00000204308,ENSMUSG00000015478,Rnf5
86,RNF39,ENSG00000204618,ENSMUSG00000036492,Rnf39
87,RNPS1,ENSG00000205937,ENSMUSG00000034681,Rnps1
88,RNF208,ENSG00000212864,ENSMUSG00000044628,Rnf208
89,RNF148,ENSG00000235631,ENSMUSG00000078179,Rnf148
90,RNF103,ENSG00000239305,ENSMUSG00000052656,Rnf103
91,RNF115,ENSG00000265491,ENSMUSG00000028098,Rnf115
92,RNU12,ENSG00000276027,ENSMUSG00000065176,Rnu12
93,,,ENSMUSG00000020496,Rnf187
94,,,ENSMUSG00000020707,Rnf135
95,,,ENSMUSG00000055850,Rnf181
96,,,ENSMUSG00000077323,Rnu11
97,,,ENSMUSG00000089083,Rnu7
98,,,ENSMUSG00000119272,Rnu6
0,RPAP3,ENSG00000005175,ENSMUSG00000022466,Rpap3
1,ROS1,ENSG00000047936,ENSMUSG00000019893,Ros1
2,RPL18,ENSG00000063177,ENSMUSG00000059070,Rpl18
3,ROPN1,ENSG00000065371,ENSMUSG00000022832,Ropn1
4,ROPN1B,ENSG00000114547,ENSMUSG00000022832,Ropn1
5,ROGDI,ENSG00000067836,ENSMUSG00000022540,Rogdi
6,RORA,ENSG00000069667,ENSMUSG00000032238,Rora
7,RPL31,ENSG00000071082,ENSMUSG00000073702,Rpl31
8,RPL6,ENSG00000089009,ENSMUSG00000029614,Rpl6
9,RPH3A,ENSG00000089169,ENSMUSG00000029608,Rph3a
10,RPGRIP1,ENSG00000092200,ENSMUSG00000057132,Rpgrip1
11,RPL3,ENSG00000100316,ENSMUSG00000060036,Rpl3
12,RPRD1B,ENSG00000101413,ENSMUSG00000027651,Rprd1b
13,RPGRIP1L,ENSG00000103494,ENSMUSG00000033282,Rpgrip1l
14,RPAP1,ENSG00000103932,ENSMUSG00000034032,Rpap1
15,RP1,ENSG00000104237,ENSMUSG00000025900,Rp1
16,RPA3,ENSG00000106399,ENSMUSG00000012483,Rpa3
17,RPL28,ENSG00000108107,ENSMUSG00000030432,Rpl28
18,RPL19,ENSG00000108298,ENSMUSG00000017404,Rpl19
19,RPL34,ENSG00000109475,ENSMUSG00000062006,Rpl34
20,RPL24,ENSG00000114391,ENSMUSG00000098274,Rpl24
21,RPL22,ENSG00000116251,ENSMUSG00000028936,Rpl22
22,RPE65,ENSG00000116745,ENSMUSG00000028174,Rpe65
23,RPF1,ENSG00000117133,ENSMUSG00000028187,Rpf1
24,RPA2,ENSG00000117748,ENSMUSG00000028884,Rpa2
25,RPN2,ENSG00000118705,ENSMUSG00000027642,Rpn2
26,RPAP2,ENSG00000122484,ENSMUSG00000033773,Rpap2
27,RPP40,ENSG00000124787,ENSMUSG00000021418,Rpp40
28,RPL23,ENSG00000125691,ENSMUSG00000071415,Rpl23
29,ROMO1,ENSG00000125995,ENSMUSG00000067847,Romo1
30,RPAIN,ENSG00000129197,ENSMUSG00000018449,Rpain
31,RPL36,ENSG00000130255,ENSMUSG00000057863,Rpl36
32,RPL27,ENSG00000131469,ENSMUSG00000063316,Rpl27
33,RPA1,ENSG00000132383,ENSMUSG00000000751,Rpa1
34,RPL35,ENSG00000136942,ENSMUSG00000062997,Rpl35
35,RPLP1,ENSG00000137818,ENSMUSG00000007892,Rplp1
36,RPL3L,ENSG00000140986,ENSMUSG00000002500,Rpl3l
37,RPRD1A,ENSG00000141425,ENSMUSG00000040446,Rprd1a
38,RPL13A,ENSG00000142541,ENSMUSG00000074129,Rpl13a
39,RPL11,ENSG00000142676,ENSMUSG00000059291,Rpl11
40,RORC,ENSG00000143365,ENSMUSG00000028150,Rorc
41,RPL32,ENSG00000144713,ENSMUSG00000057841,Rpl32
42,ROPN1L,ENSG00000145491,ENSMUSG00000022236,Ropn1l
43,RPL7L1,ENSG00000146223,ENSMUSG00000063888,Rpl7l1
44,RPL7A,ENSG00000148303,ENSMUSG00000062647,Rpl7a
45,RPP30,ENSG00000148688,ENSMUSG00000024800,Rpp30
46,ROM1,ENSG00000149489,ENSMUSG00000071648,Rom1
47,RPP38,ENSG00000152464,ENSMUSG00000049950,Rpp38
48,RPIA,ENSG00000153574,ENSMUSG00000053604,Rpia
49,RPGR,ENSG00000156313,ENSMUSG00000031174,Rpgr
50,RPL30,ENSG00000156482,ENSMUSG00000058600,Rpl30
51,RPL8,ENSG00000161016,ENSMUSG00000003970,Rpl8
52,RPL26,ENSG00000161970,ENSMUSG00000060938,Rpl26
53,RPL29,ENSG00000162244,ENSMUSG00000048758,Rpl29
54,RPRD2,ENSG00000163125,ENSMUSG00000028106,Rprd2
55,RPL22L1,ENSG00000163584,ENSMUSG00000039221,Rpl22l1
56,RPN1,ENSG00000163902,ENSMUSG00000030062,Rpn1
57,RP9,ENSG00000164610,ENSMUSG00000032239,Rp9
58,RPL10L,ENSG00000165496,ENSMUSG00000060499,Rpl10l
59,RPL27A,ENSG00000166441,ENSMUSG00000046364,Rpl27a
60,RPL13,ENSG00000167526,ENSMUSG00000000740,Rpl13
61,ROR2,ENSG00000169071,ENSMUSG00000021464,Ror2
62,RPL38,ENSG00000172809,ENSMUSG00000057322,Rpl38
63,RPL4,ENSG00000174444,ENSMUSG00000032399,Rpl4
64,RPLP2,ENSG00000177600,ENSMUSG00000025508,Rplp2
65,RPLP2,ENSG00000177600,ENSMUSG00000118552,Rplp2-ps1
66,RPP25,ENSG00000178718,ENSMUSG00000062309,Rpp25
67,RPH3AL,ENSG00000181031,ENSMUSG00000020847,Rph3al
68,RPL35A,ENSG00000182899,ENSMUSG00000060636,Rpl35a
69,RP1L1,ENSG00000183638,ENSMUSG00000046049,Rp1l1
70,ROR1,ENSG00000185483,ENSMUSG00000035305,Ror1
71,RPL14,ENSG00000188846,ENSMUSG00000025794,Rpl14
72,RPF2,ENSG00000197498,ENSMUSG00000038510,Rpf2
73,RPE,ENSG00000197713,ENSMUSG00000026005,Rpe
74,RPEL1,ENSG00000235376,ENSMUSG00000026005,Rpe
75,RPL37A,ENSG00000197756,ENSMUSG00000046330,Rpl37a
76,RPL12,ENSG00000197958,ENSMUSG00000038900,Rpl12
77,RPL23A,ENSG00000198242,ENSMUSG00000058546,Rpl23a
78,RPL10A,ENSG00000198755,ENSMUSG00000037805,Rpl10a
79,RPL39,ENSG00000198918,ENSMUSG00000079641,Rpl39
80,RORB,ENSG00000198963,ENSMUSG00000036192,Rorb
81,RPL36A,ENSG00000241343,ENSMUSG00000049751,Rpl36al
82,RPP21,ENSG00000241370,ENSMUSG00000024446,Rpp21
83,HTD2,ENSG00000255154,ENSMUSG00000023156,Rpp14
84,,,ENSMUSG00000008682,Rpl10
85,,,ENSMUSG00000012405,Rpl15
86,,,ENSMUSG00000039209,Rpl39l
87,,,ENSMUSG00000041453,Rpl21
88,,,ENSMUSG00000041841,Rpl37
89,,,ENSMUSG00000043716,Rpl7
90,,,ENSMUSG00000045128,Rpl18a
91,,,ENSMUSG00000047215,Rpl9
92,,,ENSMUSG00000058558,Rpl5
93,,,ENSMUSG00000062328,Rpl17
94,,,ENSMUSG00000067274,Rplp0
95,,,ENSMUSG00000068396,Rpl34-ps1
96,,,ENSMUSG00000079435,Rpl36a
97,,,ENSMUSG00000087775,Rprl2
98,,,ENSMUSG00000088675,Rprl1
99,,,ENSMUSG00000092837,Rpph1
100,,,ENSMUSG00000093674,Rpl41
101,,,ENSMUSG00000106222,Rprl1
102,,,ENSMUSG00000116648,Rpl31-ps12
0,ZNF195,ENSG00000005801,ENSMUSG00000058900,Rsl1
1,ZNF429,ENSG00000197013,ENSMUSG00000058900,Rsl1
2,ZNF195,ENSG00000005801,ENSMUSG00000074824,Rslcan18
3,ZNF429,ENSG00000197013,ENSMUSG00000074824,Rslcan18
4,RPUSD1,ENSG00000007376,ENSMUSG00000041199,Rpusd1
5,RPS20,ENSG00000008988,ENSMUSG00000028234,Rps20
6,RRAGD,ENSG00000025039,ENSMUSG00000028278,Rragd
7,RRM2B,ENSG00000048392,ENSMUSG00000022292,Rrm2b
8,RSF1,ENSG00000048649,ENSMUSG00000035623,Rsf1
9,RRP12,ENSG00000052749,ENSMUSG00000035049,Rrp12
10,RRP15,ENSG00000067533,ENSMUSG00000001305,Rrp15
11,RPS6KA2,ENSG00000071242,ENSMUSG00000023809,Rps6ka2
12,RPS6KA6,ENSG00000072133,ENSMUSG00000025665,Rps6ka6
13,RSBN1,ENSG00000081019,ENSMUSG00000044098,Rsbn1
14,RRAGB,ENSG00000083750,ENSMUSG00000041658,Rragb
15,RPS5,ENSG00000083845,ENSMUSG00000012848,Rps5
16,RRN3,ENSG00000085721,ENSMUSG00000022682,Rrn3
17,RPS6KA5,ENSG00000100784,ENSMUSG00000021180,Rps6ka5
18,RSPO4,ENSG00000101282,ENSMUSG00000032852,Rspo4
19,RS1,ENSG00000102104,ENSMUSG00000031293,Rs1
20,RSPH6A,ENSG00000104941,ENSMUSG00000040866,Rsph6a
21,RPS16,ENSG00000105193,ENSMUSG00000037563,Rps16
22,RPS19,ENSG00000105372,ENSMUSG00000040952,Rps19
23,RPS6KB1,ENSG00000108443,ENSMUSG00000020516,Rps6kb1
24,RPS13,ENSG00000110700,ENSMUSG00000090862,Rps13
25,RSPH4A,ENSG00000111834,ENSMUSG00000039552,Rsph4a
26,RPS12,ENSG00000112306,ENSMUSG00000061983,Rps12
27,RRP9,ENSG00000114767,ENSMUSG00000041506,Rrp9
28,RPS15,ENSG00000115268,ENSMUSG00000063457,Rps15
29,RRAGC,ENSG00000116954,ENSMUSG00000028646,Rragc
30,RPS6KA1,ENSG00000117676,ENSMUSG00000003644,Rps6ka1
31,RRP36,ENSG00000124541,ENSMUSG00000023971,Rrp36
32,RPS10,ENSG00000124614,ENSMUSG00000052146,Rps10
33,RREB1,ENSG00000124782,ENSMUSG00000039087,Rreb1
34,RRBP1,ENSG00000125844,ENSMUSG00000027422,Rrbp1
35,RRAS,ENSG00000126458,ENSMUSG00000038387,Rras
36,RSPH3,ENSG00000130363,ENSMUSG00000023806,Rsph3b
37,RSPH3,ENSG00000130363,ENSMUSG00000073471,Rsph3a
38,RRP8,ENSG00000132275,ENSMUSG00000030888,Rrp8
39,RRAS2,ENSG00000133818,ENSMUSG00000055723,Rras2
40,RSAD2,ENSG00000134321,ENSMUSG00000020641,Rsad2
41,RPS15A,ENSG00000134419,ENSMUSG00000008683,Rps15a
42,RSAD1,ENSG00000136444,ENSMUSG00000039096,Rsad1
43,RPS6KC1,ENSG00000136643,ENSMUSG00000089872,Rps6kc1
44,RSL24D1,ENSG00000137876,ENSMUSG00000032215,Rsl24d1
45,RPS2,ENSG00000140988,ENSMUSG00000044533,Rps2
46,RPTOR,ENSG00000141564,ENSMUSG00000025583,Rptor
47,RPS11,ENSG00000142534,ENSMUSG00000003429,Rps11
48,RPS8,ENSG00000142937,ENSMUSG00000047675,Rps8
49,RPS27A,ENSG00000143947,ENSMUSG00000020460,Rps27a
50,RSPO3,ENSG00000146374,ENSMUSG00000019880,Rspo3
51,RSPO2,ENSG00000147655,ENSMUSG00000051920,Rspo2
52,RRAGA,ENSG00000155876,ENSMUSG00000070934,Rraga
53,RPUSD3,ENSG00000156990,ENSMUSG00000051169,Rpusd3
54,RSPRY1,ENSG00000159579,ENSMUSG00000050079,Rspry1
55,RSPH1,ENSG00000160188,ENSMUSG00000024033,Rsph1
56,RRP1B,ENSG00000160208,ENSMUSG00000058392,Rrp1b
57,RRP1,ENSG00000160214,ENSMUSG00000061032,Rrp1
58,RPS6KA4,ENSG00000162302,ENSMUSG00000118668,Rps6ka4
59,RPS14,ENSG00000164587,ENSMUSG00000024608,Rps14
60,RPUSD4,ENSG00000165526,ENSMUSG00000032044,Rpusd4
61,RPUSD2,ENSG00000166133,ENSMUSG00000027324,Rpusd2
62,RRAD,ENSG00000166592,ENSMUSG00000031880,Rrad
63,RRM1,ENSG00000167325,ENSMUSG00000030978,Rrm1
64,RSPO1,ENSG00000169218,ENSMUSG00000028871,Rspo1
65,RPS9,ENSG00000170889,ENSMUSG00000006333,Rps9
66,RSL1D1,ENSG00000171490,ENSMUSG00000005846,Rsl1d1
67,RRM2,ENSG00000171848,ENSMUSG00000020649,Rrm2
68,RPS21,ENSG00000171858,ENSMUSG00000039001,Rps21
69,RPS7,ENSG00000171863,ENSMUSG00000061477,Rps7
70,RSPH9,ENSG00000172426,ENSMUSG00000023966,Rsph9
71,RPS6KB2,ENSG00000175634,ENSMUSG00000024830,Rps6kb2
72,RPS6KA3,ENSG00000177189,ENSMUSG00000031309,Rps6ka3
73,RPRM,ENSG00000177519,ENSMUSG00000075334,Rprm
74,RRS1,ENSG00000179041,ENSMUSG00000061024,Rrs1
75,RPRML,ENSG00000179673,ENSMUSG00000046215,Rprml
76,RRH,ENSG00000180245,ENSMUSG00000028012,Rrh
77,RPS17,ENSG00000182774,ENSMUSG00000061787,Rps17
78,RPS27L,ENSG00000185088,ENSMUSG00000036781,Rps27l
79,RPS23,ENSG00000186468,ENSMUSG00000049517,Rps23
80,RPS19BP1,ENSG00000187051,ENSMUSG00000051518,Rps19bp1
81,RSBN1L,ENSG00000187257,ENSMUSG00000039968,Rsbn1l
82,RRP7A,ENSG00000189306,ENSMUSG00000018040,Rrp7a
83,RPS26,ENSG00000197728,ENSMUSG00000025362,Rps26
84,RPS4X,ENSG00000198034,ENSMUSG00000031320,Rps4x
85,RPS6KL1,ENSG00000198208,ENSMUSG00000019235,Rps6kl1
86,RPS29,ENSG00000213741,ENSMUSG00000034892,Rps29
87,RSC1A1,ENSG00000215695,ENSMUSG00000040715,Rsc1a1
88,RPTN,ENSG00000215853,ENSMUSG00000041984,Rptn
89,RPS18,ENSG00000231500,ENSMUSG00000008668,Rps18
90,RPS28,ENSG00000233927,ENSMUSG00000067288,Rps28
91,,,ENSMUSG00000009927,Rps25
92,,,ENSMUSG00000025290,Rps24
93,,,ENSMUSG00000028495,Rps6
94,,,ENSMUSG00000030744,Rps3
95,,,ENSMUSG00000032518,Rpsa
96,,,ENSMUSG00000080059,Rps19-ps3
97,,,ENSMUSG00000083022,Rps15a-ps6
98,,,ENSMUSG00000083757,Rps15a-ps4
99,,,ENSMUSG00000088025,Rprl3
100,,,ENSMUSG00000090733,Rps27
0,RWDD2A,ENSG00000013392,ENSMUSG00000032417,Rwdd2a
1,RUFY3,ENSG00000018189,ENSMUSG00000029291,Rufy3
2,RUNX3,ENSG00000020633,ENSMUSG00000070691,Runx3
3,RTN4R,ENSG00000040608,ENSMUSG00000043811,Rtn4r
4,RUNX1T1,ENSG00000079102,ENSMUSG00000006586,Runx1t1
5,SALL4,ENSG00000101115,ENSMUSG00000027547,Sall4
6,SALL1,ENSG00000103449,ENSMUSG00000031665,Sall1
7,RUNDC3B,ENSG00000105784,ENSMUSG00000040570,Rundc3b
8,RUNDC3A,ENSG00000108309,ENSMUSG00000006575,Rundc3a
9,RSRC2,ENSG00000111011,ENSMUSG00000029422,Rsrc2
10,RWDD1,ENSG00000111832,ENSMUSG00000019782,Rwdd1
11,RTKN,ENSG00000114993,ENSMUSG00000034930,Rtkn
12,RTN4,ENSG00000115310,ENSMUSG00000020458,Rtn4
13,S100PBP,ENSG00000116497,ENSMUSG00000040928,S100pbp
14,RWDD3,ENSG00000122481,ENSMUSG00000028133,Rwdd3
15,RUNX2,ENSG00000124813,ENSMUSG00000039153,Runx2
16,RTN2,ENSG00000125744,ENSMUSG00000030401,Rtn2
17,S1PR4,ENSG00000125910,ENSMUSG00000044199,S1pr4
18,SAFB2,ENSG00000130254,ENSMUSG00000042625,Safb2
19,RTN4IP1,ENSG00000130347,ENSMUSG00000019864,Rtn4ip1
20,SAG,ENSG00000130561,ENSMUSG00000056055,Sag
21,SAMD10,ENSG00000130590,ENSMUSG00000038605,Samd10
22,RTBDN,ENSG00000132026,ENSMUSG00000048617,Rtbdn
23,RXFP2,ENSG00000133105,ENSMUSG00000053368,Rxfp2
24,RTN3,ENSG00000133318,ENSMUSG00000024758,Rtn3
25,SAA2,ENSG00000134339,ENSMUSG00000057465,Saa2
26,SAA1,ENSG00000173432,ENSMUSG00000057465,Saa2
27,SAA2,ENSG00000134339,ENSMUSG00000074115,Saa1
28,SAA1,ENSG00000173432,ENSMUSG00000074115,Saa1
29,RTP4,ENSG00000136514,ENSMUSG00000033355,Rtp4
30,RTF1,ENSG00000137815,ENSMUSG00000027304,Rtf1
31,RTN1,ENSG00000139970,ENSMUSG00000021087,Rtn1
32,SAE1,ENSG00000142230,ENSMUSG00000052833,Sae1
33,RXRG,ENSG00000143171,ENSMUSG00000015843,Rxrg
34,S100A8,ENSG00000143546,ENSMUSG00000056054,S100a8
35,RSU1,ENSG00000148484,ENSMUSG00000026727,Rsu1
36,SAA4,ENSG00000148965,ENSMUSG00000040017,Saa4
37,SACS,ENSG00000151835,ENSMUSG00000048279,Sacs
38,RWDD2B,ENSG00000156253,ENSMUSG00000041079,Rwdd2b
39,RUNX1,ENSG00000159216,ENSMUSG00000022952,Runx1
40,S100B,ENSG00000160307,ENSMUSG00000033208,S100b
41,SAFB,ENSG00000160633,ENSMUSG00000071054,Safb
42,S100A1,ENSG00000160678,ENSMUSG00000044080,S100a1
43,RUSC1,ENSG00000160753,ENSMUSG00000041263,Rusc1
44,S100A11,ENSG00000163191,ENSMUSG00000027907,S100a11
45,S100A9,ENSG00000163220,ENSMUSG00000056071,S100a9
46,RYBP,ENSG00000163602,ENSMUSG00000072872,Rybp
47,RYK,ENSG00000163785,ENSMUSG00000032547,Ryk
48,RTP3,ENSG00000163825,ENSMUSG00000066319,Rtp3
49,SAMD3,ENSG00000164483,ENSMUSG00000051354,Samd3
50,SALL2,ENSG00000165821,ENSMUSG00000049532,Sall2
51,SAAL1,ENSG00000166788,ENSMUSG00000006763,Saal1
52,SAMD14,ENSG00000167100,ENSMUSG00000047181,Samd14
53,SAC3D1,ENSG00000168061,ENSMUSG00000024790,Sac3d1
54,S100G,ENSG00000169906,ENSMUSG00000040808,S100g
55,S1PR1,ENSG00000170989,ENSMUSG00000045092,S1pr1
56,RXFP1,ENSG00000171509,ENSMUSG00000034009,Rxfp1
57,S100Z,ENSG00000171643,ENSMUSG00000021679,S100z
58,RXFP4,ENSG00000173080,ENSMUSG00000049741,Rxfp4
59,RSRC1,ENSG00000174891,ENSMUSG00000034544,Rsrc1
60,RTP1,ENSG00000175077,ENSMUSG00000033383,Rtp1
61,RUVBL1,ENSG00000175792,ENSMUSG00000030079,Ruvbl1
62,RTTN,ENSG00000176225,ENSMUSG00000023066,Rttn
63,RUFY1,ENSG00000176783,ENSMUSG00000020375,Rufy1
64,SAMD12,ENSG00000177570,ENSMUSG00000058656,Samd12
65,S1PR5,ENSG00000180739,ENSMUSG00000045087,S1pr5
66,RTKN2,ENSG00000182010,ENSMUSG00000037846,Rtkn2
67,RWDD4,ENSG00000182552,ENSMUSG00000031568,Rwdd4a
68,RUVBL2,ENSG00000183207,ENSMUSG00000003868,Ruvbl2
69,RTN4RL1,ENSG00000185924,ENSMUSG00000045287,Rtn4rl1
70,RXRA,ENSG00000186350,ENSMUSG00000015846,Rxra
71,RTN4RL2,ENSG00000186907,ENSMUSG00000050896,Rtn4rl2
72,SAMD11,ENSG00000187634,ENSMUSG00000096351,Samd11
73,S100A3,ENSG00000188015,ENSMUSG00000001021,S100a3
74,RUFY4,ENSG00000188282,ENSMUSG00000061815,Rufy4
75,S100A16,ENSG00000188643,ENSMUSG00000074457,S100a16
76,S100A13,ENSG00000189171,ENSMUSG00000042312,S100a13
77,S100A14,ENSG00000189334,ENSMUSG00000042306,S100a14
78,S100A4,ENSG00000196154,ENSMUSG00000001020,S100a4
79,RYR1,ENSG00000196218,ENSMUSG00000030592,Ryr1
80,S100A5,ENSG00000196420,ENSMUSG00000001023,S100a5
81,S100A2,ENSG00000196754,ENSMUSG00000094018,S100a2
82,S100A10,ENSG00000197747,ENSMUSG00000041959,S100a10
83,S100A6,ENSG00000197956,ENSMUSG00000001025,S100a6
84,RTP2,ENSG00000198471,ENSMUSG00000047531,Rtp2
85,RYR2,ENSG00000198626,ENSMUSG00000021313,Ryr2
86,RYR3,ENSG00000198838,ENSMUSG00000057378,Ryr3
87,RUSC2,ENSG00000198853,ENSMUSG00000035969,Rusc2
88,RUNDC1,ENSG00000198863,ENSMUSG00000035007,Rundc1
89,RUFY2,ENSG00000204130,ENSMUSG00000020070,Rufy2
90,RXRB,ENSG00000204231,ENSMUSG00000039656,Rxrb
91,SACM1L,ENSG00000211456,ENSMUSG00000025240,Sacm1l
92,S1PR3,ENSG00000213694,ENSMUSG00000067586,S1pr3
93,SALL3,ENSG00000256463,ENSMUSG00000024565,Sall3
94,RTEL1,ENSG00000258366,ENSMUSG00000038685,Rtel1
95,S1PR2,ENSG00000267534,ENSMUSG00000043895,S1pr2
96,,,ENSMUSG00000040026,Saa3
97,,,ENSMUSG00000060735,Rxfp3
98,,,ENSMUSG00000063767,S100a7a
99,,,ENSMUSG00000079003,Samd1
100,,,ENSMUSG00000085123,Rubie
101,,,ENSMUSG00000085925,Rtl1
0,SARM1,ENSG00000004139,ENSMUSG00000050132,Sarm1
1,SCIN,ENSG00000006747,ENSMUSG00000002565,Scin
2,SCMH1,ENSG00000010803,ENSMUSG00000000085,Scmh1
3,SAMD4A,ENSG00000020577,ENSMUSG00000021838,Samd4
4,SARS1,ENSG00000031698,ENSMUSG00000068739,Sars
5,SBNO2,ENSG00000064932,ENSMUSG00000035673,Sbno2
6,SCARB1,ENSG00000073060,ENSMUSG00000037936,Scarb1
7,SCARF1,ENSG00000074660,ENSMUSG00000038188,Scarf1
8,SART3,ENSG00000075856,ENSMUSG00000018974,Sart3
9,SAR1A,ENSG00000079332,ENSMUSG00000020088,Sar1a
10,SCGN,ENSG00000079689,ENSMUSG00000021337,Scgn
11,SCAMP1,ENSG00000085365,ENSMUSG00000021687,Scamp1
12,SCFD1,ENSG00000092108,ENSMUSG00000020952,Scfd1
13,SCD,ENSG00000099194,ENSMUSG00000025203,Scd2
14,SCD,ENSG00000099194,ENSMUSG00000050195,Scd4
15,SBF1,ENSG00000100241,ENSMUSG00000036529,Sbf1
16,SAMM50,ENSG00000100347,ENSMUSG00000022437,Samm50
17,SAMHD1,ENSG00000101347,ENSMUSG00000027639,Samhd1
18,SCML2,ENSG00000102098,ENSMUSG00000000037,Scml2
19,SCG3,ENSG00000104112,ENSMUSG00000032181,Scg3
20,SARS2,ENSG00000104835,ENSMUSG00000070699,Sars2
21,SC5D,ENSG00000109929,ENSMUSG00000032018,Sc5d
22,SASH1,ENSG00000111961,ENSMUSG00000015305,Sash1
23,SCAP,ENSG00000114650,ENSMUSG00000032485,Scap
24,SCAMP3,ENSG00000116521,ENSMUSG00000028049,Scamp3
25,SATB2,ENSG00000119042,ENSMUSG00000038331,Satb2
26,SASH3,ENSG00000122122,ENSMUSG00000031101,Sash3
27,SARDH,ENSG00000123453,ENSMUSG00000009614,Sardh
28,SCAF1,ENSG00000126461,ENSMUSG00000038406,Scaf1
29,SBDS,ENSG00000126524,ENSMUSG00000025337,Sbds
30,SAT1,ENSG00000130066,ENSMUSG00000025283,Sat1
31,SCLY,ENSG00000132330,ENSMUSG00000026307,Scly
32,SBF2,ENSG00000133812,ENSMUSG00000038371,Sbf2
33,SCEL,ENSG00000136155,ENSMUSG00000022123,Scel
34,SAP130,ENSG00000136715,ENSMUSG00000024260,Sap130
35,SCARB2,ENSG00000138760,ENSMUSG00000029426,Scarb2
36,SCAF11,ENSG00000139218,ENSMUSG00000033228,Scaf11
37,SBNO1,ENSG00000139697,ENSMUSG00000038095,Sbno1
38,SCAPER,ENSG00000140386,ENSMUSG00000034007,Scaper
39,SCAMP2,ENSG00000140497,ENSMUSG00000040188,Scamp2
40,SAT2,ENSG00000141504,ENSMUSG00000069835,Sat2
41,SCCPDH,ENSG00000143653,ENSMUSG00000038936,Sccpdh
42,SCML4,ENSG00000146285,ENSMUSG00000044770,Scml4
43,SCGB1A1,ENSG00000149021,ENSMUSG00000024653,Scgb1a1
44,SAP18,ENSG00000150459,ENSMUSG00000021963,Sap18
45,SCLT1,ENSG00000151466,ENSMUSG00000059834,Sclt1
46,SAV1,ENSG00000151748,ENSMUSG00000021067,Sav1
47,SCHIP1,ENSG00000151967,ENSMUSG00000027777,Schip1
48,SAR1B,ENSG00000152700,ENSMUSG00000020386,Sar1b
49,SAMSN1,ENSG00000155307,ENSMUSG00000022876,Samsn1
50,SCAF4,ENSG00000156304,ENSMUSG00000022983,Scaf4
51,SAMD8,ENSG00000156671,ENSMUSG00000021770,Samd8
52,SASS6,ENSG00000156876,ENSMUSG00000027959,Sass6
53,SCGB3A1,ENSG00000161055,ENSMUSG00000064057,Scgb3a1
54,SAP30BP,ENSG00000161526,ENSMUSG00000020755,Sap30bp
55,ZG16B,ENSG00000162078,ENSMUSG00000024125,Sbpl
56,SAP30,ENSG00000164105,ENSMUSG00000031609,Sap30
57,SCGB3A2,ENSG00000164265,ENSMUSG00000038791,Scgb3a2
58,SAP30L,ENSG00000164576,ENSMUSG00000020519,Sap30l
59,SCG5,ENSG00000166922,ENSMUSG00000023236,Scg5
60,SCARA3,ENSG00000168077,ENSMUSG00000034463,Scara3
61,SCARA5,ENSG00000168079,ENSMUSG00000022032,Scara5
62,SCAND1,ENSG00000171222,ENSMUSG00000046229,Scand1
63,SCG2,ENSG00000171951,ENSMUSG00000050711,Scg2
64,SCAI,ENSG00000173611,ENSMUSG00000035236,Scai
65,SART1,ENSG00000175467,ENSMUSG00000039148,Sart1
66,SAMD9L,ENSG00000177409,ENSMUSG00000047735,Samd9l
67,SAMD4B,ENSG00000179134,ENSMUSG00000109336,Samd4b
68,SATB1,ENSG00000182568,ENSMUSG00000023927,Satb1
69,SCFD2,ENSG00000184178,ENSMUSG00000062110,Scfd2
70,SATL1,ENSG00000184788,ENSMUSG00000025527,Satl1
71,SCN10A,ENSG00000185313,ENSMUSG00000034533,Scn10a
72,SAMD7,ENSG00000187033,ENSMUSG00000051860,Samd7
73,SBK2,ENSG00000187550,ENSMUSG00000030433,Sbk2
74,SCGB1C1,ENSG00000188076,ENSMUSG00000038801,Scgb1c1
75,SCGB1C2,ENSG00000268320,ENSMUSG00000038801,Scgb1c1
76,SBK1,ENSG00000188322,ENSMUSG00000042978,Sbk1
77,SBSN,ENSG00000189001,ENSMUSG00000046056,Sbsn
78,SCAMP5,ENSG00000198794,ENSMUSG00000040722,Scamp5
79,SAMD5,ENSG00000203727,ENSMUSG00000060487,Samd5
80,SAP25,ENSG00000205307,ENSMUSG00000079165,Sap25
81,SARNP,ENSG00000205323,ENSMUSG00000078427,Sarnp
82,SCAF8,ENSG00000213079,ENSMUSG00000046201,Scaf8
83,SCAMP4,ENSG00000227500,ENSMUSG00000113949,Scamp4
84,SCARNA10,ENSG00000239002,ENSMUSG00000089617,Scarna10
85,SCARF2,ENSG00000244486,ENSMUSG00000012017,Scarf2
86,,ENSG00000252139,ENSMUSG00000088689,Scarna17
87,,,ENSMUSG00000024128,Sbp
88,,,ENSMUSG00000025051,Samt4
89,,,ENSMUSG00000025202,Scd3
90,,,ENSMUSG00000035454,Samt3
91,,,ENSMUSG00000037071,Scd1
92,,,ENSMUSG00000072888,Samt2
93,,,ENSMUSG00000077506,Scarna9
94,,,ENSMUSG00000088185,Scarna2
95,,,ENSMUSG00000088958,Scarna8
96,,,ENSMUSG00000089281,Scarna6
97,,,ENSMUSG00000094802,Samt1
98,,,ENSMUSG00000112285,Scarna3b
99,,,ENSMUSG00002074853,Scarna3a
100,,,ENSMUSG00002076250,Scarna3b
101,,,ENSMUSG00002076601,Scarna13
0,SCYL3,ENSG00000000457,ENSMUSG00000026584,Scyl3
1,SCN4A,ENSG00000007314,ENSMUSG00000001027,Scn4a
2,SEC62,ENSG00000008952,ENSMUSG00000027706,Sec62
3,SEC63,ENSG00000025796,ENSMUSG00000019802,Sec63
4,SDCCAG8,ENSG00000054282,ENSMUSG00000026504,Sdccag8
5,SEC61A1,ENSG00000058262,ENSMUSG00000030082,Sec61a1
6,SEC61A2,ENSG00000065665,ENSMUSG00000025816,Sec61a2
7,SDK2,ENSG00000069188,ENSMUSG00000041592,Sdk2
8,SCT,ENSG00000070031,ENSMUSG00000038580,Sct
9,SEL1L,ENSG00000071537,ENSMUSG00000020964,Sel1l
10,SDHA,ENSG00000073578,ENSMUSG00000021577,Sdha
11,SEC31B,ENSG00000075826,ENSMUSG00000051984,Sec31b
12,SDF4,ENSG00000078808,ENSMUSG00000029076,Sdf4
13,SCTR,ENSG00000080293,ENSMUSG00000026387,Sctr
14,SEH1L,ENSG00000085415,ENSMUSG00000079614,Seh1l
15,SEC22C,ENSG00000093183,ENSMUSG00000061536,Sec22c
16,SEC14L2,ENSG00000100003,ENSMUSG00000003585,Sec14l2
17,SEC14L3,ENSG00000100012,ENSMUSG00000054986,Sec14l3
18,SDR39U1,ENSG00000100445,ENSMUSG00000022223,Sdr39u1
19,SEC23A,ENSG00000100934,ENSMUSG00000020986,Sec23a
20,SEL1L2,ENSG00000101251,ENSMUSG00000074764,Sel1l2
21,SEC23B,ENSG00000101310,ENSMUSG00000027429,Sec23b
22,SEC14L5,ENSG00000103184,ENSMUSG00000091712,Sec14l5
23,SCN1B,ENSG00000105711,ENSMUSG00000019194,Scn1b
24,SEC61B,ENSG00000106803,ENSMUSG00000053317,Sec61b
25,SEC23IP,ENSG00000107651,ENSMUSG00000055319,Sec23ip
26,SCNN1A,ENSG00000111319,ENSMUSG00000030340,Scnn1a
27,SEC24A,ENSG00000113615,ENSMUSG00000036391,Sec24a
28,SDC1,ENSG00000115884,ENSMUSG00000020592,Sdc1
29,SCP2,ENSG00000116171,ENSMUSG00000028603,Scp2
30,SDHB,ENSG00000117118,ENSMUSG00000009863,Sdhb
31,SEC16B,ENSG00000120341,ENSMUSG00000026589,Sec16b
32,SCPEP1,ENSG00000121064,ENSMUSG00000000278,Scpep1
33,SEC22A,ENSG00000121542,ENSMUSG00000034473,Sec22a
34,SDC4,ENSG00000124145,ENSMUSG00000017009,Sdc4
35,SDCBP2,ENSG00000125775,ENSMUSG00000027456,Sdcbp2
36,SDF2L1,ENSG00000128228,ENSMUSG00000022769,Sdf2l1
37,SEC14L1,ENSG00000129657,ENSMUSG00000020823,Sec14l1
38,SEC61G,ENSG00000132432,ENSMUSG00000078974,Sec61g
39,SDF2,ENSG00000132581,ENSMUSG00000002064,Sdf2
40,SCO1,ENSG00000133028,ENSMUSG00000069844,Sco1
41,SEC14L4,ENSG00000133488,ENSMUSG00000019368,Sec14l4
42,SDS,ENSG00000135094,ENSMUSG00000029597,Sds
43,SCYL2,ENSG00000136021,ENSMUSG00000069539,Scyl2
44,SCRN1,ENSG00000136193,ENSMUSG00000019124,Scrn1
45,SCN7A,ENSG00000136546,ENSMUSG00000034810,Scn7a
46,SDCBP,ENSG00000137575,ENSMUSG00000028249,Sdcbp
47,SECISBP2L,ENSG00000138593,ENSMUSG00000035093,Secisbp2l
48,SEC31A,ENSG00000138674,ENSMUSG00000035325,Sec31a
49,SEC24B,ENSG00000138802,ENSMUSG00000001052,Sec24b
50,SDSL,ENSG00000139410,ENSMUSG00000029596,Sdsl
51,SEC11A,ENSG00000140612,ENSMUSG00000025724,Sec11a
52,SCRN2,ENSG00000141295,ENSMUSG00000020877,Scrn2
53,SECTM1,ENSG00000141574,ENSMUSG00000025165,Sectm1a
54,SECTM1,ENSG00000141574,ENSMUSG00000039364,Sectm1b
55,SCYL1,ENSG00000142186,ENSMUSG00000024941,Scyl1
56,SDHC,ENSG00000143252,ENSMUSG00000058076,Sdhc
57,SCN1A,ENSG00000144285,ENSMUSG00000064329,Scn1a
58,SCRN3,ENSG00000144306,ENSMUSG00000008226,Scrn3
59,SCUBE3,ENSG00000146197,ENSMUSG00000038677,Scube3
60,SDK1,ENSG00000146555,ENSMUSG00000039683,Sdk1
61,SEC16A,ENSG00000148396,ENSMUSG00000026924,Sec16a
62,SCN2B,ENSG00000149575,ENSMUSG00000070304,Scn2b
63,SEC24D,ENSG00000150961,ENSMUSG00000039234,Sec24d
64,SCOC,ENSG00000153130,ENSMUSG00000063253,Scoc
65,SCN3A,ENSG00000153253,ENSMUSG00000057182,Scn3a
66,SEC13,ENSG00000157020,ENSMUSG00000030298,Sec13
67,SCUBE1,ENSG00000159307,ENSMUSG00000016763,Scube1
68,SDC3,ENSG00000162512,ENSMUSG00000025743,Sdc3
69,SCNM1,ENSG00000163156,ENSMUSG00000092607,Scnm1
70,SCRG1,ENSG00000164106,ENSMUSG00000031610,Scrg1
71,SCN3B,ENSG00000166257,ENSMUSG00000049281,Scn3b
72,SEC11C,ENSG00000166562,ENSMUSG00000024516,Sec11c
73,SCNN1G,ENSG00000166828,ENSMUSG00000000216,Scnn1g
74,SDHAF2,ENSG00000167985,ENSMUSG00000024668,Sdhaf2
75,SCN11A,ENSG00000168356,ENSMUSG00000034115,Scn11a
76,SCNN1B,ENSG00000168447,ENSMUSG00000030873,Scnn1b
77,SCN9A,ENSG00000169432,ENSMUSG00000075316,Scn9a
78,SDC2,ENSG00000169439,ENSMUSG00000022261,Sdc2
79,SDR9C7,ENSG00000170426,ENSMUSG00000040127,Sdr9c7
80,SDR16C5,ENSG00000170786,ENSMUSG00000028236,Sdr16c5
81,SCUBE2,ENSG00000175356,ENSMUSG00000007279,Scube2
82,SEC24C,ENSG00000176986,ENSMUSG00000039367,Sec24c
83,SCN4B,ENSG00000177098,ENSMUSG00000046480,Scn4b
84,SCRIB,ENSG00000180900,ENSMUSG00000022568,Scrib
85,SCN5A,ENSG00000183873,ENSMUSG00000032511,Scn5a
86,SDR42E1,ENSG00000184860,ENSMUSG00000034308,Sdr42e1
87,SECISBP2,ENSG00000187742,ENSMUSG00000035139,Secisbp2
88,SCN8A,ENSG00000196876,ENSMUSG00000023033,Scn8a
89,SDAD1,ENSG00000198301,ENSMUSG00000029415,Sdad1
90,SDHD,ENSG00000204370,ENSMUSG00000000171,Sdhd
91,SDHAF1,ENSG00000205138,ENSMUSG00000074211,Sdhaf1
92,SCRT2,ENSG00000215397,ENSMUSG00000060257,Scrt2
93,SCX,ENSG00000260428,ENSMUSG00000034161,Scx
94,SCRT1,ENSG00000261678,ENSMUSG00000048385,Scrt1
95,SEC22B,ENSG00000265808,ENSMUSG00000027879,Sec22b
96,SEBOX,ENSG00000274529,ENSMUSG00000001103,Sebox
97,SCO2,ENSG00000284194,ENSMUSG00000091780,Sco2
98,,,ENSMUSG00000040364,Sec1
99,,,ENSMUSG00000071019,Sdr16c6
0,SEMA3F,ENSG00000001617,ENSMUSG00000034684,Sema3f
1,SELE,ENSG00000007908,ENSMUSG00000026582,Sele
2,SEMA3G,ENSG00000010319,ENSMUSG00000021904,Sema3g
3,SEMA3B,ENSG00000012171,ENSMUSG00000057969,Sema3b
4,SERPINB1,ENSG00000021355,ENSMUSG00000044734,Serpinb1a
5,SERPINB1,ENSG00000021355,ENSMUSG00000051029,Serpinb1b
6,SERPINB1,ENSG00000021355,ENSMUSG00000079049,Serpinb1c
7,SERPINB3,ENSG00000057149,ENSMUSG00000044594,Serpinb3a
8,SERPINB4,ENSG00000206073,ENSMUSG00000044594,Serpinb3a
9,SERPINB3,ENSG00000057149,ENSMUSG00000058017,Serpinb3d
10,SERPINB4,ENSG00000206073,ENSMUSG00000058017,Serpinb3d
11,SERPINB3,ENSG00000057149,ENSMUSG00000073601,Serpinb3c
12,SERPINB4,ENSG00000206073,ENSMUSG00000073601,Serpinb3c
13,SERPINB3,ENSG00000057149,ENSMUSG00000073602,Serpinb3b
14,SERPINB4,ENSG00000206073,ENSMUSG00000073602,Serpinb3b
15,SEMA3A,ENSG00000075213,ENSMUSG00000028883,Sema3a
16,SEMA3C,ENSG00000075223,ENSMUSG00000028780,Sema3c
17,SENP1,ENSG00000079387,ENSMUSG00000033075,Senp1
18,SEMA5B,ENSG00000082684,ENSMUSG00000052133,Sema5b
19,SEPHS1,ENSG00000086475,ENSMUSG00000026662,Sephs1
20,SEL1L3,ENSG00000091490,ENSMUSG00000029189,Sel1l3
21,SEMA6A,ENSG00000092421,ENSMUSG00000019647,Sema6a
22,SEMA4G,ENSG00000095539,ENSMUSG00000025207,Sema4g
23,SEPSECS,ENSG00000109618,ENSMUSG00000029173,Sepsecs
24,SELPLG,ENSG00000110876,ENSMUSG00000048163,Selplg
25,SERINC1,ENSG00000111897,ENSMUSG00000019877,Serinc1
26,SENP6,ENSG00000112701,ENSMUSG00000034252,Senp6
27,SEMA5A,ENSG00000112902,ENSMUSG00000022231,Sema5a
28,SENP5,ENSG00000119231,ENSMUSG00000022772,Senp5
29,SERP1,ENSG00000120742,ENSMUSG00000027808,Serp1
30,SERAC1,ENSG00000122335,ENSMUSG00000015659,Serac1
31,SERPINA7,ENSG00000123561,ENSMUSG00000031271,Serpina7
32,SERGEF,ENSG00000129158,ENSMUSG00000030839,Sergef
33,SERINC3,ENSG00000132824,ENSMUSG00000017707,Serinc3
34,SEMA4F,ENSG00000135622,ENSMUSG00000000627,Sema4f
35,SEMA6D,ENSG00000137872,ENSMUSG00000027200,Sema6d
36,SENP7,ENSG00000138468,ENSMUSG00000052917,Senp7
37,SEMA7A,ENSG00000138623,ENSMUSG00000038264,Sema7a
38,SERPINA10,ENSG00000140093,ENSMUSG00000061947,Serpina10
39,SERBP1,ENSG00000142864,ENSMUSG00000036371,Serbp1
40,SELENBP1,ENSG00000143416,ENSMUSG00000068874,Selenbp1
41,SELENBP1,ENSG00000143416,ENSMUSG00000068877,Selenbp2
42,SEMA6C,ENSG00000143434,ENSMUSG00000038777,Sema6c
43,SERP2,ENSG00000151778,ENSMUSG00000052584,Serp2
44,SEMA3D,ENSG00000153993,ENSMUSG00000040254,Sema3d
45,SENP3,ENSG00000161956,ENSMUSG00000005204,Senp3
46,SENP2,ENSG00000163904,ENSMUSG00000022855,Senp2
47,SERINC5,ENSG00000164300,ENSMUSG00000021703,Serinc5
48,SERPINA12,ENSG00000165953,ENSMUSG00000041567,Serpina12
49,SENP8,ENSG00000166192,ENSMUSG00000051705,Senp8
50,SERPINB7,ENSG00000166396,ENSMUSG00000067001,Serpinb7
51,SERPINB8,ENSG00000166401,ENSMUSG00000026315,Serpinb8
52,SERPINB12,ENSG00000166634,ENSMUSG00000059956,Serpinb12
53,SEMA6B,ENSG00000167680,ENSMUSG00000001227,Sema6b
54,SERINC2,ENSG00000168528,ENSMUSG00000023232,Serinc2
55,SEMA4C,ENSG00000168758,ENSMUSG00000026121,Sema4c
56,SERPINA9,ENSG00000170054,ENSMUSG00000058260,Serpina9
57,SERPINA6,ENSG00000170099,ENSMUSG00000060807,Serpina6
58,SEMA3E,ENSG00000170381,ENSMUSG00000063531,Sema3e
59,SERPINB9,ENSG00000170542,ENSMUSG00000021403,Serpinb9b
60,SERPINB9,ENSG00000170542,ENSMUSG00000021404,Serpinb9c
61,SERPINB9,ENSG00000170542,ENSMUSG00000038327,Serpinb9f
62,SERPINB9,ENSG00000170542,ENSMUSG00000045827,Serpinb9
63,SERPINB9,ENSG00000170542,ENSMUSG00000054266,Serpinb9d
64,SERPINB9,ENSG00000170542,ENSMUSG00000062342,Serpinb9e
65,SERF1A,ENSG00000172058,ENSMUSG00000021643,Serf1
66,SELP,ENSG00000174175,ENSMUSG00000026580,Selp
67,SEPHS2,ENSG00000179918,ENSMUSG00000049091,Sephs2
68,SERHL2,ENSG00000183569,ENSMUSG00000058586,Serhl
69,SERINC4,ENSG00000184716,ENSMUSG00000046110,Serinc4
70,SEMA4B,ENSG00000185033,ENSMUSG00000030539,Sema4b
71,SERPINA11,ENSG00000186910,ENSMUSG00000063232,Serpina11
72,SEMA4D,ENSG00000187764,ENSMUSG00000021451,Sema4d
73,SELL,ENSG00000188404,ENSMUSG00000026581,Sell
74,SERPINA5,ENSG00000188488,ENSMUSG00000041550,Serpina5
75,SERPINA3,ENSG00000196136,ENSMUSG00000021091,Serpina3n
76,SERPINA3,ENSG00000196136,ENSMUSG00000041481,Serpina3g
77,SERPINA3,ENSG00000196136,ENSMUSG00000041536,Serpina3a
78,SERPINA3,ENSG00000196136,ENSMUSG00000058207,Serpina3k
79,SERPINA3,ENSG00000196136,ENSMUSG00000066361,Serpina3c
80,SERPINA3,ENSG00000196136,ENSMUSG00000066363,Serpina3f
81,SERPINA3,ENSG00000196136,ENSMUSG00000066364,Serpina3b
82,SERPINA3,ENSG00000196136,ENSMUSG00000079012,Serpina3m
83,SERPINA3,ENSG00000196136,ENSMUSG00000079013,Serpina3j
84,SERPINA3,ENSG00000196136,ENSMUSG00000079014,Serpina3i
85,SEMA4A,ENSG00000196189,ENSMUSG00000028064,Sema4a
86,SERPINA1,ENSG00000197249,ENSMUSG00000066366,Serpina1a
87,SERPINA1,ENSG00000197249,ENSMUSG00000071177,Serpina1d
88,SERPINA1,ENSG00000197249,ENSMUSG00000071178,Serpina1b
89,SERPINA1,ENSG00000197249,ENSMUSG00000072849,Serpina1e
90,SERPINA1,ENSG00000197249,ENSMUSG00000079015,Serpina1c
91,SERPINB2,ENSG00000197632,ENSMUSG00000062345,Serpinb2
92,SERPINB13,ENSG00000197641,ENSMUSG00000048775,Serpinb13
93,SERPINB11,ENSG00000206072,ENSMUSG00000026327,Serpinb11
94,SERPINB5,ENSG00000206075,ENSMUSG00000067006,Serpinb5
95,HMSD,ENSG00000221887,ENSMUSG00000042842,Serpinb6b
96,HMSD,ENSG00000221887,ENSMUSG00000047889,Serpinb6d
97,HMSD,ENSG00000221887,ENSMUSG00000052180,Serpinb6c
98,HMSD,ENSG00000221887,ENSMUSG00000060147,Serpinb6a
99,HMSD,ENSG00000221887,ENSMUSG00000069248,Serpinb6e
100,,,ENSMUSG00000021081,Serpina1f
101,,,ENSMUSG00000041449,Serpina3h
102,,,ENSMUSG00000074884,Serf2
103,,,ENSMUSG00000092075,Serpina4-ps1
0,SH2D2A,ENSG00000027869,ENSMUSG00000028071,Sh2d2a
1,SFSWAP,ENSG00000061936,ENSMUSG00000029439,Sfswap
2,SEZ6,ENSG00000063015,ENSMUSG00000000632,Sez6
3,SESN1,ENSG00000080546,ENSMUSG00000038332,Sesn1
4,SERTAD4,ENSG00000082497,ENSMUSG00000016262,Sertad4
5,SF3B2,ENSG00000087365,ENSMUSG00000024853,Sf3b2
6,SH2D3C,ENSG00000095370,ENSMUSG00000059013,Sh2d3c
7,SERPIND1,ENSG00000099937,ENSMUSG00000022766,Serpind1
8,SF3A1,ENSG00000099995,ENSMUSG00000002129,Sf3a1
9,SEZ6L,ENSG00000100095,ENSMUSG00000058153,Sez6l
10,SGSM3,ENSG00000100359,ENSMUSG00000042303,Sgsm3
11,SGK2,ENSG00000101049,ENSMUSG00000017868,Sgk2
12,SGCG,ENSG00000102683,ENSMUSG00000035296,Sgcg
13,SETD6,ENSG00000103037,ENSMUSG00000031671,Setd6
14,SGK3,ENSG00000104205,ENSMUSG00000025915,Sgk3
15,SFRP1,ENSG00000104332,ENSMUSG00000031548,Sfrp1
16,SH2D4A,ENSG00000104611,ENSMUSG00000053886,Sh2d4a
17,SF3A2,ENSG00000104897,ENSMUSG00000020211,Sf3a2
18,SGTA,ENSG00000104969,ENSMUSG00000004937,Sgta
19,SERPINE1,ENSG00000106366,ENSMUSG00000037411,Serpine1
20,SFRP4,ENSG00000106483,ENSMUSG00000021319,Sfrp4
21,SETX,ENSG00000107290,ENSMUSG00000043535,Setx
22,SFXN3,ENSG00000107819,ENSMUSG00000025212,Sfxn3
23,SGCA,ENSG00000108823,ENSMUSG00000001508,Sgca
24,SH2B3,ENSG00000111252,ENSMUSG00000042594,Sh2b3
25,SERPINI2,ENSG00000114204,ENSMUSG00000034139,Serpini2
26,SF3B1,ENSG00000115524,ENSMUSG00000025982,Sf3b1
27,SFPQ,ENSG00000116560,ENSMUSG00000028820,Sfpq
28,SERPINC1,ENSG00000117601,ENSMUSG00000026715,Serpinc1
29,SGIP1,ENSG00000118473,ENSMUSG00000028524,Sgip1
30,SGK1,ENSG00000118515,ENSMUSG00000019970,Sgk1
31,SFRP5,ENSG00000120057,ENSMUSG00000018822,Sfrp5
32,SFTPA1,ENSG00000122852,ENSMUSG00000021789,Sftpa1
33,SFTPA2,ENSG00000185303,ENSMUSG00000021789,Sftpa1
34,SGPP1,ENSG00000126821,ENSMUSG00000021054,Sgpp1
35,SGCE,ENSG00000127990,ENSMUSG00000004631,Sgce
36,SESN2,ENSG00000130766,ENSMUSG00000028893,Sesn2
37,SERPINF1,ENSG00000132386,ENSMUSG00000000753,Serpinf1
38,SFTPD,ENSG00000133661,ENSMUSG00000021795,Sftpd
39,SERPINE2,ENSG00000135919,ENSMUSG00000026249,Serpine2
40,SETDB2,ENSG00000136169,ENSMUSG00000071350,Setdb2
41,SGSM2,ENSG00000141258,ENSMUSG00000038351,Sgsm2
42,SF3B4,ENSG00000143368,ENSMUSG00000068856,Sf3b4
43,SETDB1,ENSG00000143379,ENSMUSG00000015697,Setdb1
44,SFXN5,ENSG00000144040,ENSMUSG00000033720,Sfxn5
45,SETD7,ENSG00000145391,ENSMUSG00000037111,Setd7
46,SFRP2,ENSG00000145423,ENSMUSG00000027996,Sfrp2
47,SERPING1,ENSG00000149131,ENSMUSG00000023224,Serping1
48,SESN3,ENSG00000149212,ENSMUSG00000032009,Sesn3
49,SERPINH1,ENSG00000149257,ENSMUSG00000070436,Serpinh1
50,SETBP1,ENSG00000152217,ENSMUSG00000024548,Setbp1
51,SFR1,ENSG00000156384,ENSMUSG00000025066,Sfr1
52,SFXN2,ENSG00000156398,ENSMUSG00000025036,Sfxn2
53,SH2B2,ENSG00000160999,ENSMUSG00000005057,Sh2b2
54,SGCB,ENSG00000163069,ENSMUSG00000029156,Sgcb
55,SGPP2,ENSG00000163082,ENSMUSG00000032908,Sgpp2
56,SERPINI1,ENSG00000163536,ENSMUSG00000027834,Serpini1
57,SFMBT1,ENSG00000163935,ENSMUSG00000006527,Sfmbt1
58,SGMS2,ENSG00000164023,ENSMUSG00000050931,Sgms2
59,SFXN1,ENSG00000164466,ENSMUSG00000021474,Sfxn1
60,SGPL1,ENSG00000166224,ENSMUSG00000020097,Sgpl1
61,SGSM1,ENSG00000167037,ENSMUSG00000042216,Sgsm1
62,SERTAD3,ENSG00000167565,ENSMUSG00000055200,Sertad3
63,SERPINF2,ENSG00000167711,ENSMUSG00000038224,Serpinf2
64,SF1,ENSG00000168066,ENSMUSG00000024949,Sf1
65,SETD5,ENSG00000168137,ENSMUSG00000034269,Setd5
66,SFTPC,ENSG00000168484,ENSMUSG00000022097,Sftpc
67,SFTPB,ENSG00000168878,ENSMUSG00000056370,Sftpb
68,SF3B5,ENSG00000169976,ENSMUSG00000078348,Sf3b5
69,SERPINB9,ENSG00000170542,ENSMUSG00000057726,Serpinb9g
70,SGCD,ENSG00000170624,ENSMUSG00000020354,Sgcd
71,SFT2D3,ENSG00000173349,ENSMUSG00000044982,Sft2d3
72,SEZ6L2,ENSG00000174938,ENSMUSG00000030683,Sez6l2
73,SFN,ENSG00000175793,ENSMUSG00000047281,Sfn
74,SH2B1,ENSG00000178188,ENSMUSG00000030733,Sh2b1
75,SH2D4B,ENSG00000178217,ENSMUSG00000037833,Sh2d4b
76,SERTAD2,ENSG00000179833,ENSMUSG00000049800,Sertad2
77,SGSH,ENSG00000181523,ENSMUSG00000005043,Sgsh
78,SETD2,ENSG00000181555,ENSMUSG00000044791,Setd2
79,SF3A3,ENSG00000183431,ENSMUSG00000028902,Sf3a3
80,SETD3,ENSG00000183576,ENSMUSG00000056770,Setd3
81,SFXN4,ENSG00000183605,ENSMUSG00000063698,Sfxn4
82,SH2D1A,ENSG00000183918,ENSMUSG00000005696,Sh2d1a
83,SGCZ,ENSG00000185053,ENSMUSG00000039539,Sgcz
84,SETD4,ENSG00000185917,ENSMUSG00000022948,Setd4
85,SESTD1,ENSG00000187231,ENSMUSG00000042272,Sestd1
86,SF3B3,ENSG00000189091,ENSMUSG00000033732,Sf3b3
87,SERTAD1,ENSG00000197019,ENSMUSG00000008384,Sertad1
88,SGTB,ENSG00000197860,ENSMUSG00000042743,Sgtb
89,SFI1,ENSG00000198089,ENSMUSG00000023764,Sfi1
90,SH2D1B,ENSG00000198574,ENSMUSG00000073494,Sh2d1b2
91,SH2D1B,ENSG00000198574,ENSMUSG00000102418,Sh2d1b1
92,SFT2D1,ENSG00000198818,ENSMUSG00000073468,Sft2d1
93,SFMBT2,ENSG00000198879,ENSMUSG00000061186,Sfmbt2
94,SGMS1,ENSG00000198964,ENSMUSG00000040451,Sgms1
95,SFT2D2,ENSG00000213064,ENSMUSG00000040848,Sft2d2
96,SETSIP,ENSG00000230667,ENSMUSG00000054766,Set
97,SERPINE3,ENSG00000253309,ENSMUSG00000091155,Serpine3
98,,,ENSMUSG00000034639,Setmar
99,,,ENSMUSG00000042308,Setd1a
100,,,ENSMUSG00000090509,Sfta2
0,SH3YL1,ENSG00000035115,ENSMUSG00000020669,Sh3yl1
1,SIKE1,ENSG00000052723,ENSMUSG00000027854,Sike1
2,SIRT2,ENSG00000068903,ENSMUSG00000015149,Sirt2
3,SIDT1,ENSG00000072858,ENSMUSG00000022696,Sidt1
4,SIRT6,ENSG00000077463,ENSMUSG00000034748,Sirt6
5,SH3BP2,ENSG00000087266,ENSMUSG00000054520,Sh3bp2
6,SIGLEC1,ENSG00000088827,ENSMUSG00000027322,Siglec1
7,SIRPG,ENSG00000089012,ENSMUSG00000037902,Sirpa
8,SIRPB1,ENSG00000101307,ENSMUSG00000037902,Sirpa
9,SIRPA,ENSG00000198053,ENSMUSG00000037902,Sirpa
10,SIRPG,ENSG00000089012,ENSMUSG00000095028,Sirpb1b
11,SIRPB1,ENSG00000101307,ENSMUSG00000095028,Sirpb1b
12,SIRPA,ENSG00000198053,ENSMUSG00000095028,Sirpb1b
13,SIRPG,ENSG00000089012,ENSMUSG00000095788,Sirpb1a
14,SIRPB1,ENSG00000101307,ENSMUSG00000095788,Sirpb1a
15,SIRPA,ENSG00000198053,ENSMUSG00000095788,Sirpb1a
16,SIRT4,ENSG00000089163,ENSMUSG00000029524,Sirt4
17,SI,ENSG00000090402,ENSMUSG00000027790,Sis
18,SIRT1,ENSG00000096717,ENSMUSG00000020063,Sirt1
19,SH3GLB1,ENSG00000097033,ENSMUSG00000037062,Sh3glb1
20,SH3BP1,ENSG00000100092,ENSMUSG00000022436,Sh3bp1
21,SHD,ENSG00000105251,ENSMUSG00000039154,Shd
22,SIGLEC8,ENSG00000105366,ENSMUSG00000030474,Siglece
23,SIGLEC9,ENSG00000129450,ENSMUSG00000030474,Siglece
24,SIGLEC7,ENSG00000168995,ENSMUSG00000030474,Siglece
25,SIGLEC12,ENSG00000254521,ENSMUSG00000030474,Siglece
26,CD33,ENSG00000105383,ENSMUSG00000051504,Siglech
27,SIGLEC6,ENSG00000105492,ENSMUSG00000051504,Siglech
28,SIPA1L3,ENSG00000105738,ENSMUSG00000030583,Sipa1l3
29,SH3GL2,ENSG00000107295,ENSMUSG00000028488,Sh3gl2
30,SHB,ENSG00000107338,ENSMUSG00000044813,Shb
31,SH3PXD2A,ENSG00000107957,ENSMUSG00000053617,Sh3pxd2a
32,SHOC2,ENSG00000108061,ENSMUSG00000024976,Shoc2
33,SH3D19,ENSG00000109686,ENSMUSG00000028082,Sh3d19
34,SIAE,ENSG00000110013,ENSMUSG00000001942,Siae
35,SIM1,ENSG00000112246,ENSMUSG00000019913,Sim1
36,SIPA1L2,ENSG00000116991,ENSMUSG00000001995,Sipa1l2
37,SIL1,ENSG00000120725,ENSMUSG00000024357,Sil1
38,SIRT5,ENSG00000124523,ENSMUSG00000054021,Sirt5
39,SH3TC1,ENSG00000125089,ENSMUSG00000036553,Sh3tc1
40,SIN3B,ENSG00000127511,ENSMUSG00000031622,Sin3b
41,SHBG,ENSG00000129214,ENSMUSG00000005202,Shbg
42,SH3BP4,ENSG00000130147,ENSMUSG00000036206,Sh3bp4
43,SH3BGRL,ENSG00000131171,ENSMUSG00000031246,Sh3bgrl
44,SH3BP5,ENSG00000131370,ENSMUSG00000021892,Sh3bp5
45,SIT1,ENSG00000137078,ENSMUSG00000028460,Sit1
46,SHF,ENSG00000138606,ENSMUSG00000033256,Shf
47,SHROOM3,ENSG00000138771,ENSMUSG00000029381,Shroom3
48,SH3GL3,ENSG00000140600,ENSMUSG00000030638,Sh3gl3
49,SH3GL1,ENSG00000141985,ENSMUSG00000003200,Sh3gl1
50,SIRT3,ENSG00000142082,ENSMUSG00000025486,Sirt3
51,SIK1,ENSG00000142178,ENSMUSG00000024042,Sik1
52,SIGLEC10,ENSG00000142512,ENSMUSG00000030468,Siglecg
53,SIGLEC11,ENSG00000161640,ENSMUSG00000030468,Siglecg
54,SIGLEC16,ENSG00000161643,ENSMUSG00000030468,Siglecg
55,SH3BGRL3,ENSG00000142669,ENSMUSG00000028843,Sh3bgrl3
56,SHQ1,ENSG00000144736,ENSMUSG00000035378,Shq1
57,SHPRH,ENSG00000146414,ENSMUSG00000090112,Shprh
58,SHROOM2,ENSG00000146950,ENSMUSG00000045180,Shroom2
59,SH3KBP1,ENSG00000147010,ENSMUSG00000040990,Sh3kbp1
60,SIGMAR1,ENSG00000147955,ENSMUSG00000036078,Sigmar1
61,SHC3,ENSG00000148082,ENSMUSG00000021448,Shc3
62,SH3GLB2,ENSG00000148341,ENSMUSG00000026860,Sh3glb2
63,SIDT2,ENSG00000149577,ENSMUSG00000034908,Sidt2
64,SH3RF1,ENSG00000154447,ENSMUSG00000031642,Sh3rf1
65,SH3RF2,ENSG00000156463,ENSMUSG00000057719,Sh3rf2
66,SHROOM4,ENSG00000158352,ENSMUSG00000068270,Shroom4
67,SIM2,ENSG00000159263,ENSMUSG00000062713,Sim2
68,SHKBP1,ENSG00000160410,ENSMUSG00000089832,Shkbp1
69,SIK3,ENSG00000160584,ENSMUSG00000034135,Sik3
70,SHC1,ENSG00000160691,ENSMUSG00000042626,Shc1
71,SHANK1,ENSG00000161681,ENSMUSG00000038738,Shank1
72,SHANK2,ENSG00000162105,ENSMUSG00000037541,Shank2
73,SHISA5,ENSG00000164054,ENSMUSG00000025647,Shisa5
74,SHROOM1,ENSG00000164403,ENSMUSG00000018387,Shroom1
75,SHH,ENSG00000164690,ENSMUSG00000002633,Shh
76,SHOX2,ENSG00000168779,ENSMUSG00000027833,Shox2
77,SH3TC2,ENSG00000169247,ENSMUSG00000045629,Sh3tc2
78,SHE,ENSG00000169291,ENSMUSG00000046280,She
79,SIN3A,ENSG00000169375,ENSMUSG00000042557,Sin3a
80,SIK2,ENSG00000170145,ENSMUSG00000037112,Sik2
81,SHCBP1,ENSG00000171241,ENSMUSG00000022322,Shcbp1
82,SH3RF3,ENSG00000172985,ENSMUSG00000037990,Sh3rf3
83,SH3PXD2B,ENSG00000174705,ENSMUSG00000040711,Sh3pxd2b
84,SH3BP5L,ENSG00000175137,ENSMUSG00000013646,Sh3bp5l
85,SHMT1,ENSG00000176974,ENSMUSG00000020534,Shmt1
86,SHISA3,ENSG00000178343,ENSMUSG00000050010,Shisa3
87,SHARPIN,ENSG00000179526,ENSMUSG00000022552,Sharpin
88,SHISA2,ENSG00000180730,ENSMUSG00000044461,Shisa2
89,SIAH2,ENSG00000181788,ENSMUSG00000036432,Siah2
90,SHMT2,ENSG00000182199,ENSMUSG00000025403,Shmt2
91,SH2D7,ENSG00000183476,ENSMUSG00000046460,Sh2d7
92,SIVA1,ENSG00000184990,ENSMUSG00000064326,Siva1
93,SIGIRR,ENSG00000185187,ENSMUSG00000025494,Sigirr
94,SH3BGR,ENSG00000185437,ENSMUSG00000040666,Sh3bgr
95,SHC4,ENSG00000185634,ENSMUSG00000035109,Shc4
96,SIRT7,ENSG00000187531,ENSMUSG00000025138,Sirt7
97,SHISA7,ENSG00000187902,ENSMUSG00000053550,Shisa7
98,SHISA6,ENSG00000188803,ENSMUSG00000053930,Shisa6
99,SH2D5,ENSG00000189410,ENSMUSG00000045349,Sh2d5
100,SIAH1,ENSG00000196470,ENSMUSG00000036840,Siah1a
101,SIAH1,ENSG00000196470,ENSMUSG00000040749,Siah1b
102,SIGLEC15,ENSG00000197046,ENSMUSG00000091055,Siglec15
103,SHPK,ENSG00000197417,ENSMUSG00000005951,Shpk
104,SIPA1L1,ENSG00000197555,ENSMUSG00000042700,Sipa1l1
105,SH3BGRL2,ENSG00000198478,ENSMUSG00000032261,Sh3bgrl2
106,SHISA4,ENSG00000198892,ENSMUSG00000041889,Shisa4
107,SIPA1,ENSG00000213445,ENSMUSG00000056917,Sipa1
108,SIAH3,ENSG00000215475,ENSMUSG00000091722,Siah3
109,SHISA9,ENSG00000237515,ENSMUSG00000022494,Shisa9
110,SHANK3,ENSG00000251322,ENSMUSG00000022623,Shank3
111,,,ENSMUSG00000020312,Shc2
0,SKAP2,ENSG00000005020,ENSMUSG00000059182,Skap2
1,SLC13A2,ENSG00000007216,ENSMUSG00000001095,Slc13a2
2,SLC11A1,ENSG00000018280,ENSMUSG00000026177,Slc11a1
3,SLAMF7,ENSG00000026751,ENSMUSG00000038179,Slamf7
4,SLC18A1,ENSG00000036565,ENSMUSG00000036330,Slc18a1
5,SLC12A2,ENSG00000064651,ENSMUSG00000024597,Slc12a2
6,SLC12A3,ENSG00000070915,ENSMUSG00000031766,Slc12a3
7,SLC12A1,ENSG00000074803,ENSMUSG00000027202,Slc12a1
8,SLC1A3,ENSG00000079215,ENSMUSG00000005360,Slc1a3
9,SLC13A1,ENSG00000081800,ENSMUSG00000029700,Slc13a1
10,SLC15A1,ENSG00000088386,ENSMUSG00000025557,Slc15a1
11,SLC17A6,ENSG00000091664,ENSMUSG00000030500,Slc17a6
12,SLC16A8,ENSG00000100156,ENSMUSG00000032988,Slc16a8
13,SIX4,ENSG00000100625,ENSMUSG00000034460,Six4
14,SLC10A1,ENSG00000100652,ENSMUSG00000021135,Slc10a1
15,SLA2,ENSG00000101082,ENSMUSG00000027636,Sla2
16,SLC17A9,ENSG00000101194,ENSMUSG00000023393,Slc17a9
17,SLC17A7,ENSG00000104888,ENSMUSG00000070570,Slc17a7
18,SLC1A5,ENSG00000105281,ENSMUSG00000001918,Slc1a5
19,SLC1A1,ENSG00000106688,ENSMUSG00000024935,Slc1a1
20,SLC16A6,ENSG00000108932,ENSMUSG00000041920,Slc16a6
21,SLAIN2,ENSG00000109171,ENSMUSG00000036087,Slain2
22,SLC1A2,ENSG00000110436,ENSMUSG00000005089,Slc1a2
23,SLC15A3,ENSG00000110446,ENSMUSG00000024737,Slc15a3
24,SLC11A2,ENSG00000110911,ENSMUSG00000023030,Slc11a2
25,SLC17A2,ENSG00000112337,ENSMUSG00000036110,Slc17a2
26,SLC16A10,ENSG00000112394,ENSMUSG00000019838,Slc16a10
27,SLC12A7,ENSG00000113504,ENSMUSG00000017756,Slc12a7
28,SLC1A4,ENSG00000115902,ENSMUSG00000020142,Slc1a4
29,SLAMF1,ENSG00000117090,ENSMUSG00000015316,Slamf1
30,SLC19A2,ENSG00000117479,ENSMUSG00000040918,Slc19a2
31,SLC16A7,ENSG00000118596,ENSMUSG00000020102,Slc16a7
32,SLC17A5,ENSG00000119899,ENSMUSG00000049624,Slc17a5
33,SLC10A7,ENSG00000120519,ENSMUSG00000031684,Slc10a7
34,SLC12A4,ENSG00000124067,ENSMUSG00000017765,Slc12a4
35,SLC12A5,ENSG00000124140,ENSMUSG00000017740,Slc12a5
36,SLC17A3,ENSG00000124564,ENSMUSG00000036083,Slc17a3
37,SLC17A1,ENSG00000124568,ENSMUSG00000021335,Slc17a1
38,SLC10A2,ENSG00000125255,ENSMUSG00000023073,Slc10a2
39,SIX1,ENSG00000126778,ENSMUSG00000051367,Six1
40,SLC10A3,ENSG00000126903,ENSMUSG00000032806,Slc10a3
41,SLC14A2,ENSG00000132874,ENSMUSG00000024552,Slc14a2
42,SLC19A3,ENSG00000135917,ENSMUSG00000038496,Slc19a3
43,SKIL,ENSG00000136603,ENSMUSG00000027660,Skil
44,SIX3,ENSG00000138083,ENSMUSG00000038805,Six3
45,SLC15A4,ENSG00000139370,ENSMUSG00000029416,Slc15a4
46,SLAIN1,ENSG00000139737,ENSMUSG00000055717,Slain1
47,SLC12A6,ENSG00000140199,ENSMUSG00000027130,Slc12a6
48,SKAP1,ENSG00000141293,ENSMUSG00000057058,Skap1
49,SLC14A1,ENSG00000141469,ENSMUSG00000059336,Slc14a1
50,SLC13A5,ENSG00000141485,ENSMUSG00000020805,Slc13a5
51,SLC16A3,ENSG00000141526,ENSMUSG00000025161,Slc16a3
52,SLC10A4,ENSG00000145248,ENSMUSG00000029219,Slc10a4
53,SLC10A6,ENSG00000145283,ENSMUSG00000029321,Slc10a6
54,SKP2,ENSG00000145604,ENSMUSG00000054115,Skp2
55,SLC17A4,ENSG00000146039,ENSMUSG00000021336,Slc17a4
56,SLC12A9,ENSG00000146828,ENSMUSG00000037344,Slc12a9
57,SLC16A2,ENSG00000147100,ENSMUSG00000033965,Slc16a2
58,SLC16A12,ENSG00000152779,ENSMUSG00000009378,Slc16a12
59,SKA1,ENSG00000154839,ENSMUSG00000036223,Ska1
60,SLC16A1,ENSG00000155380,ENSMUSG00000032902,Slc16a1
61,SLA,ENSG00000155926,ENSMUSG00000022372,Sla
62,SKI,ENSG00000157933,ENSMUSG00000029050,Ski
63,SLC13A3,ENSG00000158296,ENSMUSG00000018459,Slc13a3
64,SLAMF8,ENSG00000158714,ENSMUSG00000053318,Slamf8
65,SLAMF9,ENSG00000162723,ENSMUSG00000026548,Slamf9
66,SLAMF6,ENSG00000162739,ENSMUSG00000015314,Slamf6
67,SLC16A14,ENSG00000163053,ENSMUSG00000026220,Slc16a14
68,SLC15A2,ENSG00000163406,ENSMUSG00000022899,Slc15a2
69,SLBP,ENSG00000163950,ENSMUSG00000004642,Slbp
70,SLC13A4,ENSG00000164707,ENSMUSG00000029843,Slc13a4
71,SLC16A9,ENSG00000165449,ENSMUSG00000037762,Slc16a9
72,SLC18A2,ENSG00000165646,ENSMUSG00000025094,Slc18a2
73,SLC16A4,ENSG00000168679,ENSMUSG00000027896,Slc16a4
74,SLC16A5,ENSG00000170190,ENSMUSG00000045775,Slc16a5
75,SIX2,ENSG00000170577,ENSMUSG00000024134,Six2
76,SLC19A1,ENSG00000173638,ENSMUSG00000001436,Slc19a1
77,SLC16A11,ENSG00000174326,ENSMUSG00000040938,Slc16a11
78,SLC16A13,ENSG00000174327,ENSMUSG00000044367,Slc16a13
79,SIX5,ENSG00000177045,ENSMUSG00000040841,Six5
80,SLC17A8,ENSG00000179520,ENSMUSG00000019935,Slc17a8
81,SIX6,ENSG00000184302,ENSMUSG00000021099,Six6
82,SLC18A3,ENSG00000187714,ENSMUSG00000100241,Slc18a3
83,SKOR1,ENSG00000188779,ENSMUSG00000022245,Skor1
84,SLC15A5,ENSG00000188991,ENSMUSG00000044378,Slc15a5
85,SKOR2,ENSG00000215474,ENSMUSG00000091519,Skor2
86,SLC12A8,ENSG00000221955,ENSMUSG00000035506,Slc12a8
87,SLC10A5,ENSG00000253598,ENSMUSG00000058921,Slc10a5
88,,,ENSMUSG00000034359,Skint2
89,,,ENSMUSG00000048766,Skint10
90,,,ENSMUSG00000049214,Skint7
91,,,ENSMUSG00000049972,Skint9
92,,,ENSMUSG00000055960,Skint4
93,,,ENSMUSG00000057977,Skint11
94,,,ENSMUSG00000070868,Skint3
95,,,ENSMUSG00000078598,Skint5
96,,,ENSMUSG00000078599,Skint8
97,,,ENSMUSG00000087194,Skint6
98,,,ENSMUSG00000089773,Skint1
99,,,ENSMUSG00000093460,Six3os1
0,SLC22A16,ENSG00000004809,ENSMUSG00000019834,Slc22a16
1,SLC25A13,ENSG00000004864,ENSMUSG00000015112,Slc25a13
2,SLC25A5,ENSG00000005022,ENSMUSG00000016319,Slc25a5
3,SLC25A39,ENSG00000013306,ENSMUSG00000018677,Slc25a39
4,SLC24A1,ENSG00000074621,ENSMUSG00000034452,Slc24a1
5,SLC25A40,ENSG00000075303,ENSMUSG00000054099,Slc25a40
6,SLC25A3,ENSG00000075415,ENSMUSG00000061904,Slc25a3
7,SLC25A43,ENSG00000077713,ENSMUSG00000037636,Slc25a43
8,SLC27A5,ENSG00000083807,ENSMUSG00000030382,Slc27a5
9,SLC25A24,ENSG00000085491,ENSMUSG00000040322,Slc25a24
10,SLC23A2,ENSG00000089057,ENSMUSG00000027340,Slc23a2
11,SLC26A4,ENSG00000091137,ENSMUSG00000020651,Slc26a4
12,SLC26A3,ENSG00000091138,ENSMUSG00000001225,Slc26a3
13,SLC22A17,ENSG00000092096,ENSMUSG00000022199,Slc22a17
14,SLC25A1,ENSG00000100075,ENSMUSG00000003528,Slc25a1
15,SLC25A17,ENSG00000100372,ENSMUSG00000022404,Slc25a17
16,SLC25A14,ENSG00000102078,ENSMUSG00000031105,Slc25a14
17,SLC25A15,ENSG00000102743,ENSMUSG00000031482,Slc25a15
18,SLC1A6,ENSG00000105143,ENSMUSG00000005357,Slc1a6
19,SLC25A11,ENSG00000108528,ENSMUSG00000014606,Slc25a11
20,SLC22A18,ENSG00000110628,ENSMUSG00000000154,Slc22a18
21,SLC22A2,ENSG00000112499,ENSMUSG00000040966,Slc22a2
22,SLC27A6,ENSG00000113396,ENSMUSG00000024600,Slc27a6
23,SLC25A36,ENSG00000114120,ENSMUSG00000032449,Slc25a36
24,SLC25A12,ENSG00000115840,ENSMUSG00000027010,Slc25a12
25,SLC25A2,ENSG00000120329,ENSMUSG00000050304,Slc25a2
26,SLC25A16,ENSG00000122912,ENSMUSG00000071253,Slc25a16
27,SLC25A35,ENSG00000125434,ENSMUSG00000018740,Slc25a35
28,SLC25A19,ENSG00000125454,ENSMUSG00000020744,Slc25a19
29,SLC25A23,ENSG00000125648,ENSMUSG00000046329,Slc25a23
30,SLC27A1,ENSG00000130304,ENSMUSG00000031808,Slc27a1
31,SLC22A7,ENSG00000137204,ENSMUSG00000067144,Slc22a7
32,SLC22A23,ENSG00000137266,ENSMUSG00000038267,Slc22a23
33,SLC28A2,ENSG00000137860,ENSMUSG00000027219,Slc28a2
34,SLC24A4,ENSG00000140090,ENSMUSG00000041771,Slc24a4
35,SLC25A47,ENSG00000140107,ENSMUSG00000048856,Slc25a47
36,SLC27A2,ENSG00000140284,ENSMUSG00000027359,Slc27a2
37,SLC27A3,ENSG00000143554,ENSMUSG00000027932,Slc27a3
38,SLC20A1,ENSG00000144136,ENSMUSG00000027397,Slc20a1
39,SLC25A38,ENSG00000144659,ENSMUSG00000032519,Slc25a38
40,SLC22A14,ENSG00000144671,ENSMUSG00000070280,Slc22a14
41,SLC25A26,ENSG00000144741,ENSMUSG00000045100,Slc25a26
42,SLC26A1,ENSG00000145217,ENSMUSG00000046959,Slc26a1
43,SLC25A48,ENSG00000145832,ENSMUSG00000021509,Slc25a48
44,SLC22A3,ENSG00000146477,ENSMUSG00000023828,Slc22a3
45,SLC25A37,ENSG00000147454,ENSMUSG00000034248,Slc25a37
46,SLC26A7,ENSG00000147606,ENSMUSG00000040569,Slc26a7
47,SLC25A25,ENSG00000148339,ENSMUSG00000026819,Slc25a25
48,SLC22A8,ENSG00000149452,ENSMUSG00000063796,Slc22a8
49,SLC22A9,ENSG00000149742,ENSMUSG00000024757,Slc22a19
50,SLC22A9,ENSG00000149742,ENSMUSG00000052562,Slc22a30
51,SLC22A9,ENSG00000149742,ENSMUSG00000053303,Slc22a26
52,SLC22A9,ENSG00000149742,ENSMUSG00000063590,Slc22a28
53,SLC22A9,ENSG00000149742,ENSMUSG00000067656,Slc22a27
54,SLC22A9,ENSG00000149742,ENSMUSG00000075044,Slc22a29
55,SLC25A31,ENSG00000151475,ENSMUSG00000069041,Slc25a31
56,SLC25A4,ENSG00000151729,ENSMUSG00000031633,Slc25a4
57,SLC25A27,ENSG00000153291,ENSMUSG00000023912,Slc25a27
58,SLC25A28,ENSG00000155287,ENSMUSG00000040414,Slc25a28
59,SLC26A2,ENSG00000155850,ENSMUSG00000034320,Slc26a2
60,SLC24A2,ENSG00000155886,ENSMUSG00000037996,Slc24a2
61,SLC28A1,ENSG00000156222,ENSMUSG00000025726,Slc28a1
62,SLC25A44,ENSG00000160785,ENSMUSG00000050144,Slc25a44
63,SLC25A45,ENSG00000162241,ENSMUSG00000024818,Slc25a45
64,SLC1A7,ENSG00000162383,ENSMUSG00000008932,Slc1a7
65,SLC25A34,ENSG00000162461,ENSMUSG00000040740,Slc25a34
66,SLC22A15,ENSG00000163393,ENSMUSG00000033147,Slc22a15
67,SLC25A46,ENSG00000164209,ENSMUSG00000024259,Slc25a46
68,SLC25A32,ENSG00000164933,ENSMUSG00000022299,Slc25a32
69,SLC27A4,ENSG00000167114,ENSMUSG00000059316,Slc27a4
70,SLC20A2,ENSG00000168575,ENSMUSG00000037656,Slc20a2
71,SLC23A1,ENSG00000170482,ENSMUSG00000024354,Slc23a1
72,SLC26A5,ENSG00000170615,ENSMUSG00000029015,Slc26a5
73,SLC25A33,ENSG00000171612,ENSMUSG00000028982,Slc25a33
74,SLC22A13,ENSG00000172940,ENSMUSG00000074028,Slc22a13
75,SLC22A13,ENSG00000172940,ENSMUSG00000092212,Slc22a13b
76,SLC25A30,ENSG00000174032,ENSMUSG00000022003,Slc25a30
77,SLC26A9,ENSG00000174502,ENSMUSG00000042268,Slc26a9
78,SLC22A1,ENSG00000175003,ENSMUSG00000023829,Slc22a1
79,SLC25A22,ENSG00000177542,ENSMUSG00000019082,Slc25a22
80,SLC25A20,ENSG00000178537,ENSMUSG00000032602,Slc25a20
81,SLC25A42,ENSG00000181035,ENSMUSG00000002346,Slc25a42
82,SLC26A11,ENSG00000181045,ENSMUSG00000039908,Slc26a11
83,SLC25A41,ENSG00000181240,ENSMUSG00000011486,Slc25a41
84,SLC25A18,ENSG00000182902,ENSMUSG00000004902,Slc25a18
85,SLC25A21,ENSG00000183032,ENSMUSG00000035472,Slc25a21
86,SLC25A10,ENSG00000183048,ENSMUSG00000025792,Slc25a10
87,SLC24A3,ENSG00000185052,ENSMUSG00000063873,Slc24a3
88,SLC24A5,ENSG00000188467,ENSMUSG00000035183,Slc24a5
89,SLC25A29,ENSG00000197119,ENSMUSG00000021265,Slc25a29
90,SLC22A4,ENSG00000197208,ENSMUSG00000020334,Slc22a4
91,SLC22A5,ENSG00000197375,ENSMUSG00000018900,Slc22a5
92,SLC22A5,ENSG00000197375,ENSMUSG00000063652,Slc22a21
93,SLC22A12,ENSG00000197891,ENSMUSG00000061742,Slc22a12
94,SLC22A6,ENSG00000197901,ENSMUSG00000024650,Slc22a6
95,SLC23A3,ENSG00000213901,ENSMUSG00000026205,Slc23a3
96,SLC26A6,ENSG00000225697,ENSMUSG00000023259,Slc26a6
97,,,ENSMUSG00000022366,Slc22a22
98,,,ENSMUSG00000037451,Slc22a20
99,,,ENSMUSG00000040441,Slc26a10
0,SLC30A9,ENSG00000014824,ENSMUSG00000029221,Slc30a9
1,SLC38A5,ENSG00000017483,ENSMUSG00000031170,Slc38a5
2,SLC39A9,ENSG00000029364,ENSMUSG00000048833,Slc39a9
3,SLC35C2,ENSG00000080189,ENSMUSG00000017664,Slc35c2
4,SLC35E4,ENSG00000100036,ENSMUSG00000048807,Slc35e4
5,SLC32A1,ENSG00000101438,ENSMUSG00000037771,Slc32a1
6,SLC35A2,ENSG00000102100,ENSMUSG00000031156,Slc35a2
7,SLC38A7,ENSG00000103042,ENSMUSG00000036534,Slc38a7
8,SLC30A4,ENSG00000104154,ENSMUSG00000005802,Slc30a4
9,SLC39A14,ENSG00000104635,ENSMUSG00000022094,Slc39a14
10,SLC2A9,ENSG00000109667,ENSMUSG00000005107,Slc2a9
11,SLC35F2,ENSG00000110660,ENSMUSG00000042195,Slc35f2
12,SLC38A1,ENSG00000111371,ENSMUSG00000023169,Slc38a1
13,SLC39A7,ENSG00000112473,ENSMUSG00000024327,Slc39a7
14,SLC29A1,ENSG00000112759,ENSMUSG00000023942,Slc29a1
15,SLC41A3,ENSG00000114544,ENSMUSG00000030089,Slc41a3
16,SLC35F5,ENSG00000115084,ENSMUSG00000026342,Slc35f5
17,SLC30A3,ENSG00000115194,ENSMUSG00000029151,Slc30a3
18,SLC35D1,ENSG00000116704,ENSMUSG00000028521,Slc35d1
19,SLC2A1,ENSG00000117394,ENSMUSG00000028645,Slc2a1
20,SLC35A3,ENSG00000117620,ENSMUSG00000027957,Slc35a3
21,SLC35B1,ENSG00000121073,ENSMUSG00000020873,Slc35b1
22,SLC36A1,ENSG00000123643,ENSMUSG00000020261,Slc36a1
23,SLC35B3,ENSG00000124786,ENSMUSG00000021432,Slc35b3
24,SLC35E1,ENSG00000127526,ENSMUSG00000019731,Slc35e1
25,SLC35D2,ENSG00000130958,ENSMUSG00000033114,Slc35d2
26,SLC34A1,ENSG00000131183,ENSMUSG00000021490,Slc34a1
27,SLC41A1,ENSG00000133065,ENSMUSG00000013275,Slc41a1
28,SLC39A11,ENSG00000133195,ENSMUSG00000041654,Slc39a11
29,SLC38A2,ENSG00000134294,ENSMUSG00000022462,Slc38a2
30,SLC43A3,ENSG00000134802,ENSMUSG00000027074,Slc43a3
31,SLC37A2,ENSG00000134955,ENSMUSG00000032122,Slc37a2
32,SLC41A2,ENSG00000136052,ENSMUSG00000034591,Slc41a2
33,SLC2A8,ENSG00000136856,ENSMUSG00000026791,Slc2a8
34,SLC31A2,ENSG00000136867,ENSMUSG00000066152,Slc31a2
35,SLC31A1,ENSG00000136868,ENSMUSG00000066150,Slc31a1
36,SLC37A4,ENSG00000137700,ENSMUSG00000032114,Slc37a4
37,SLC3A1,ENSG00000138079,ENSMUSG00000024131,Slc3a1
38,SLC40A1,ENSG00000138449,ENSMUSG00000025993,Slc40a1
39,SLC35A5,ENSG00000138459,ENSMUSG00000022664,Slc35a5
40,SLC39A8,ENSG00000138821,ENSMUSG00000053897,Slc39a8
41,SLC38A4,ENSG00000139209,ENSMUSG00000022464,Slc38a4
42,SLC39A5,ENSG00000139540,ENSMUSG00000039878,Slc39a5
43,SLC38A6,ENSG00000139974,ENSMUSG00000044712,Slc38a6
44,SLC39A6,ENSG00000141424,ENSMUSG00000024270,Slc39a6
45,SLC39A3,ENSG00000141873,ENSMUSG00000046822,Slc39a3
46,SLC2A5,ENSG00000142583,ENSMUSG00000028976,Slc2a5
47,SLC39A1,ENSG00000143570,ENSMUSG00000052310,Slc39a1
48,SLC30A5,ENSG00000145740,ENSMUSG00000021629,Slc30a5
49,SLC2A12,ENSG00000146411,ENSMUSG00000037490,Slc2a12
50,SLC39A4,ENSG00000147804,ENSMUSG00000063354,Slc39a4
51,SLC39A12,ENSG00000148482,ENSMUSG00000036949,Slc39a12
52,SLC43A1,ENSG00000149150,ENSMUSG00000027075,Slc43a1
53,SLC2A13,ENSG00000151229,ENSMUSG00000036298,Slc2a13
54,SLC35F4,ENSG00000151812,ENSMUSG00000021852,Slc35f4
55,SLC30A6,ENSG00000152683,ENSMUSG00000024069,Slc30a6
56,SLC35B2,ENSG00000157593,ENSMUSG00000037089,Slc35b2
57,SLC38A10,ENSG00000157637,ENSMUSG00000061306,Slc38a10
58,SLC34A2,ENSG00000157765,ENSMUSG00000029188,Slc34a2
59,SLC30A2,ENSG00000158014,ENSMUSG00000028836,Slc30a2
60,SLC37A1,ENSG00000160190,ENSMUSG00000024036,Slc37a1
61,SLC2A6,ENSG00000160326,ENSMUSG00000036067,Slc2a6
62,SLC30A7,ENSG00000162695,ENSMUSG00000054414,Slc30a7
63,SLC2A2,ENSG00000163581,ENSMUSG00000027690,Slc2a2
64,SLC35A1,ENSG00000164414,ENSMUSG00000028293,Slc35a1
65,SLC29A4,ENSG00000164638,ENSMUSG00000050822,Slc29a4
66,SLC30A8,ENSG00000164756,ENSMUSG00000022315,Slc30a8
67,SLC39A2,ENSG00000165794,ENSMUSG00000072572,Slc39a2
68,SLC39A13,ENSG00000165915,ENSMUSG00000002105,Slc39a13
69,SLC38A8,ENSG00000166558,ENSMUSG00000034224,Slc38a8
70,SLC43A2,ENSG00000167703,ENSMUSG00000038178,Slc43a2
71,SLC3A2,ENSG00000168003,ENSMUSG00000010095,Slc3a2
72,SLC33A1,ENSG00000169359,ENSMUSG00000027822,Slc33a1
73,SLC38A11,ENSG00000169507,ENSMUSG00000061171,Slc38a11
74,SLC30A1,ENSG00000170385,ENSMUSG00000037434,Slc30a1
75,SLC29A2,ENSG00000174669,ENSMUSG00000024891,Slc29a2
76,SLC35E3,ENSG00000175782,ENSMUSG00000060181,Slc35e3
77,SLC35A4,ENSG00000176087,ENSMUSG00000033272,Slc35a4
78,SLC38A9,ENSG00000177058,ENSMUSG00000047789,Slc38a9
79,SLC36A4,ENSG00000180773,ENSMUSG00000043885,Slc36a4
80,SLC35C1,ENSG00000181830,ENSMUSG00000049922,Slc35c1
81,SLC2A4,ENSG00000181856,ENSMUSG00000018566,Slc2a4
82,SLC35D3,ENSG00000182747,ENSMUSG00000050473,Slc35d3
83,SLC35F3,ENSG00000183780,ENSMUSG00000057060,Slc35f3
84,SLC36A3,ENSG00000186334,ENSMUSG00000049491,Slc36a3
85,SLC36A2,ENSG00000186335,ENSMUSG00000020264,Slc36a2
86,SLC38A3,ENSG00000188338,ENSMUSG00000010064,Slc38a3
87,SLC35E2B,ENSG00000189339,ENSMUSG00000042202,Slc35e2
88,SLC35F1,ENSG00000196376,ENSMUSG00000038602,Slc35f1
89,SLC30A10,ENSG00000196660,ENSMUSG00000026614,Slc30a10
90,SLC39A10,ENSG00000196950,ENSMUSG00000025986,Slc39a10
91,SLC2A7,ENSG00000197241,ENSMUSG00000062064,Slc2a7
92,SLC2A10,ENSG00000197496,ENSMUSG00000027661,Slc2a10
93,SLC28A3,ENSG00000197506,ENSMUSG00000021553,Slc28a3
94,SLC29A3,ENSG00000198246,ENSMUSG00000020100,Slc29a3
95,SLC34A3,ENSG00000198569,ENSMUSG00000006469,Slc34a3
96,SLC35B4,ENSG00000205060,ENSMUSG00000018999,Slc35b4
97,,,ENSMUSG00000003153,Slc2a3
98,,,ENSMUSG00000029924,Slc37a3
99,,,ENSMUSG00000085028,Slc2a4rg-ps
0,SLC7A2,ENSG00000003989,ENSMUSG00000031596,Slc7a2
1,SLC4A1,ENSG00000004939,ENSMUSG00000006574,Slc4a1
2,SLC6A13,ENSG00000010379,ENSMUSG00000030108,Slc6a13
3,SLC6A7,ENSG00000011083,ENSMUSG00000052026,Slc6a7
4,SLC7A14,ENSG00000013293,ENSMUSG00000069072,Slc7a14
5,SLC7A9,ENSG00000021488,ENSMUSG00000030492,Slc7a9
6,SLC45A4,ENSG00000022567,ENSMUSG00000079020,Slc45a4
7,SLC4A7,ENSG00000033867,ENSMUSG00000021733,Slc4a7
8,SLC4A8,ENSG00000050438,ENSMUSG00000023032,Slc4a8
9,SLC9A7,ENSG00000065923,ENSMUSG00000037341,Slc9a7
10,SLC9A3,ENSG00000066230,ENSMUSG00000036123,Slc9a3
11,SLC44A1,ENSG00000070214,ENSMUSG00000028412,Slc44a1
12,SLC6A15,ENSG00000072041,ENSMUSG00000019894,Slc6a15
13,SLC46A1,ENSG00000076351,ENSMUSG00000020829,Slc46a1
14,SLC4A4,ENSG00000080493,ENSMUSG00000060961,Slc4a4
15,SLCO1A2,ENSG00000084453,ENSMUSG00000030237,Slco1a4
16,SLCO1A2,ENSG00000084453,ENSMUSG00000041698,Slco1a1
17,SLCO1A2,ENSG00000084453,ENSMUSG00000063975,Slco1a5
18,SLCO1A2,ENSG00000084453,ENSMUSG00000079262,Slco1a6
19,SLC4A11,ENSG00000088836,ENSMUSG00000074796,Slc4a11
20,SLC9A1,ENSG00000090020,ENSMUSG00000028854,Slc9a1
21,SLC7A8,ENSG00000092068,ENSMUSG00000022180,Slc7a8
22,SLC7A4,ENSG00000099960,ENSMUSG00000022756,Slc7a4
23,SLC5A1,ENSG00000100170,ENSMUSG00000011034,Slc5a1
24,SLC5A4,ENSG00000100191,ENSMUSG00000020226,Slc5a4b
25,SLC5A4,ENSG00000100191,ENSMUSG00000020229,Slc5a4a
26,SLC8A3,ENSG00000100678,ENSMUSG00000079055,Slc8a3
27,SLCO4A1,ENSG00000101187,ENSMUSG00000038963,Slco4a1
28,SLC52A3,ENSG00000101276,ENSMUSG00000027463,Slc52a3
29,SLC7A6OS,ENSG00000103061,ENSMUSG00000033106,Slc7a6os
30,SLC7A6,ENSG00000103064,ENSMUSG00000031904,Slc7a6
31,SLC7A5,ENSG00000103257,ENSMUSG00000040010,Slc7a5
32,SLC6A2,ENSG00000103546,ENSMUSG00000055368,Slc6a2
33,SLC5A5,ENSG00000105641,ENSMUSG00000000792,Slc5a5
34,SLC6A4,ENSG00000108576,ENSMUSG00000020838,Slc6a4
35,SLC6A12,ENSG00000111181,ENSMUSG00000030109,Slc6a12
36,SLCO1B3,ENSG00000111700,ENSMUSG00000030236,Slco1b2
37,SLCO1B1,ENSG00000134538,ENSMUSG00000030236,Slco1b2
38,SLC4A9,ENSG00000113073,ENSMUSG00000024485,Slc4a9
39,SLC4A3,ENSG00000114923,ENSMUSG00000006576,Slc4a3
40,SLC9A2,ENSG00000115616,ENSMUSG00000026062,Slc9a2
41,SLC5A7,ENSG00000115665,ENSMUSG00000023945,Slc5a7
42,SLC5A9,ENSG00000117834,ENSMUSG00000028544,Slc5a9
43,SLC8A2,ENSG00000118160,ENSMUSG00000030376,Slc8a2
44,SLC46A2,ENSG00000119457,ENSMUSG00000028386,Slc46a2
45,SLC44A2,ENSG00000129353,ENSMUSG00000057193,Slc44a2
46,SLC6A8,ENSG00000130821,ENSMUSG00000019558,Slc6a8
47,,ENSG00000273554,ENSMUSG00000019558,Slc6a8
48,SLC7A10,ENSG00000130876,ENSMUSG00000030495,Slc7a10
49,SLC6A6,ENSG00000131389,ENSMUSG00000030096,Slc6a6
50,SLC6A11,ENSG00000132164,ENSMUSG00000030307,Slc6a11
51,SLC9A5,ENSG00000135740,ENSMUSG00000014786,Slc9a5
52,SLCO2B1,ENSG00000137491,ENSMUSG00000030737,Slco2b1
53,SLC44A5,ENSG00000137968,ENSMUSG00000028360,Slc44a5
54,SLC5A6,ENSG00000138074,ENSMUSG00000006641,Slc5a6
55,SLCO1C1,ENSG00000139155,ENSMUSG00000030235,Slco1c1
56,SLC46A3,ENSG00000139508,ENSMUSG00000029650,Slc46a3
57,SLC7A1,ENSG00000139514,ENSMUSG00000041313,Slc7a1
58,SLC5A2,ENSG00000140675,ENSMUSG00000030781,Slc5a2
59,SLC6A3,ENSG00000142319,ENSMUSG00000021609,Slc6a3
60,SLC47A1,ENSG00000142494,ENSMUSG00000010122,Slc47a1
61,SLC44A3,ENSG00000143036,ENSMUSG00000039865,Slc44a3
62,SLC4A10,ENSG00000144290,ENSMUSG00000026904,Slc4a10
63,SLC5A12,ENSG00000148942,ENSMUSG00000041644,Slc5a12
64,SLC7A11,ENSG00000151012,ENSMUSG00000027737,Slc7a11
65,SLC5A10,ENSG00000154025,ENSMUSG00000042371,Slc5a10
66,SLC7A7,ENSG00000155465,ENSMUSG00000000958,Slc7a7
67,SLC6A1,ENSG00000157103,ENSMUSG00000030310,Slc6a1
68,SLC45A3,ENSG00000158715,ENSMUSG00000026435,Slc45a3
69,SLC5A11,ENSG00000158865,ENSMUSG00000030769,Slc5a11
70,SLC45A1,ENSG00000162426,ENSMUSG00000039838,Slc45a1
71,SLC4A1AP,ENSG00000163798,ENSMUSG00000029141,Slc4a1ap
72,SLC6A20,ENSG00000163817,ENSMUSG00000025243,Slc6a20b
73,SLC6A20,ENSG00000163817,ENSMUSG00000036814,Slc6a20a
74,SLC45A2,ENSG00000164175,ENSMUSG00000022243,Slc45a2
75,SLC6A18,ENSG00000164363,ENSMUSG00000021612,Slc6a18
76,SLC4A2,ENSG00000164889,ENSMUSG00000028962,Slc4a2
77,SLC7A13,ENSG00000164893,ENSMUSG00000041052,Slc7a13
78,SLC7A3,ENSG00000165349,ENSMUSG00000031297,Slc7a3
79,SLC6A5,ENSG00000165970,ENSMUSG00000039728,Slc6a5
80,SLC50A1,ENSG00000169241,ENSMUSG00000027953,Slc50a1
81,SLCO4C1,ENSG00000173930,ENSMUSG00000040693,Slco4c1
82,SLC6A19,ENSG00000174358,ENSMUSG00000021565,Slc6a19
83,SLCO2A1,ENSG00000174640,ENSMUSG00000032548,Slco2a1
84,SLCO3A1,ENSG00000176463,ENSMUSG00000025790,Slco3a1
85,SLC9A4,ENSG00000180251,ENSMUSG00000026065,Slc9a4
86,SLC9A9,ENSG00000181804,ENSMUSG00000031129,Slc9a9
87,SLC8A1,ENSG00000183023,ENSMUSG00000054640,Slc8a1
88,SLC52A2,ENSG00000185803,ENSMUSG00000022560,Slc52a2
89,SLC4A5,ENSG00000188687,ENSMUSG00000068323,Slc4a5
90,SLC6A9,ENSG00000196517,ENSMUSG00000028542,Slc6a9
91,SLC6A17,ENSG00000197106,ENSMUSG00000027894,Slc6a17
92,SLC9A8,ENSG00000197818,ENSMUSG00000039463,Slc9a8
93,SLC9A6,ENSG00000198689,ENSMUSG00000060681,Slc9a6
94,SLC5A3,ENSG00000198743,ENSMUSG00000089774,Slc5a3
95,SLC44A4,ENSG00000204385,ENSMUSG00000007034,Slc44a4
96,SLC48A1,ENSG00000211584,ENSMUSG00000081534,Slc48a1
97,SLC5A8,ENSG00000256870,ENSMUSG00000020062,Slc5a8
98,,,ENSMUSG00000020600,Slc7a15
99,,,ENSMUSG00000031089,Slc6a14
100,,,ENSMUSG00000039710,Slc7a12
101,,,ENSMUSG00000069855,Slc47a2
0,SLK,ENSG00000065613,ENSMUSG00000025060,Slk
1,SMARCD1,ENSG00000066117,ENSMUSG00000023018,Smarcd1
2,SMG6,ENSG00000070366,ENSMUSG00000038290,Smg6
3,SMC1A,ENSG00000072501,ENSMUSG00000041133,Smc1a
4,SMARCE1,ENSG00000073584,ENSMUSG00000037935,Smarce1
5,SMC1B,ENSG00000077935,ENSMUSG00000022432,Smc1b
6,SMARCA2,ENSG00000080503,ENSMUSG00000024921,Smarca2
7,SMARCD3,ENSG00000082014,ENSMUSG00000028949,Smarcd3
8,SMAP2,ENSG00000084070,ENSMUSG00000032870,Smap2
9,SMOX,ENSG00000088826,ENSMUSG00000027333,Smox
10,SMPX,ENSG00000091482,ENSMUSG00000041476,Smpx
11,SMARCB1,ENSG00000099956,ENSMUSG00000000902,Smarcb1
12,SMCHD1,ENSG00000101596,ENSMUSG00000024054,Smchd1
13,SMAD7,ENSG00000101665,ENSMUSG00000025880,Smad7
14,SMARCA1,ENSG00000102038,ENSMUSG00000031099,Smarca1
15,SMS,ENSG00000102172,ENSMUSG00000071708,Sms
16,SMPD3,ENSG00000103056,ENSMUSG00000031906,Smpd3
17,SMC3,ENSG00000108055,ENSMUSG00000024974,Smc3
18,SMARCD2,ENSG00000108604,ENSMUSG00000078619,Smarcd2
19,SMAP1,ENSG00000112305,ENSMUSG00000026155,Smap1
20,SMOC2,ENSG00000112562,ENSMUSG00000023886,Smoc2
21,SMAD5,ENSG00000113658,ENSMUSG00000021540,Smad5
22,SMC4,ENSG00000113810,ENSMUSG00000034349,Smc4
23,SMG7,ENSG00000116698,ENSMUSG00000042772,Smg7
24,SMNDC1,ENSG00000119953,ENSMUSG00000025024,Smndc1
25,SLITRK3,ENSG00000121871,ENSMUSG00000048304,Slitrk3
26,SMU1,ENSG00000122692,ENSMUSG00000028409,Smu1
27,SMUG1,ENSG00000123415,ENSMUSG00000036061,Smug1
28,SLPI,ENSG00000124107,ENSMUSG00000017002,Slpi
29,SLURP1,ENSG00000126233,ENSMUSG00000022596,Slurp1
30,SMARCA4,ENSG00000127616,ENSMUSG00000032187,Smarca4
31,SMO,ENSG00000128602,ENSMUSG00000001761,Smo
32,SMPDL3B,ENSG00000130768,ENSMUSG00000028885,Smpdl3b
33,SLX1A,ENSG00000132207,ENSMUSG00000059772,Slx1b
34,SLX1B,ENSG00000181625,ENSMUSG00000059772,Slx1b
35,SMPD2,ENSG00000135587,ENSMUSG00000019822,Smpd2
36,SMPD4,ENSG00000136699,ENSMUSG00000005899,Smpd4
37,SMC2,ENSG00000136824,ENSMUSG00000028312,Smc2
38,SLCO5A1,ENSG00000137571,ENSMUSG00000025938,Slco5a1
39,SLTM,ENSG00000137776,ENSMUSG00000032212,Sltm
40,SMAD6,ENSG00000137834,ENSMUSG00000036867,Smad6
41,SMARCAL1,ENSG00000138375,ENSMUSG00000039354,Smarcal1
42,SYCP3,ENSG00000139351,ENSMUSG00000067909,Slxl1
43,SYCP3,ENSG00000139351,ENSMUSG00000095063,Slx
44,SYCP3,ENSG00000139351,ENSMUSG00000101155,Sly
45,SMARCC2,ENSG00000139613,ENSMUSG00000025369,Smarcc2
46,SMAD4,ENSG00000141646,ENSMUSG00000024515,Smad4
47,SLIT2,ENSG00000145147,ENSMUSG00000031558,Slit2
48,SMARCA5,ENSG00000153147,ENSMUSG00000031715,Smarca5
49,SLFN13,ENSG00000154760,ENSMUSG00000035208,Slfn8
50,SLFN11,ENSG00000172716,ENSMUSG00000035208,Slfn8
51,SLFN13,ENSG00000154760,ENSMUSG00000069793,Slfn9
52,SLFN11,ENSG00000172716,ENSMUSG00000069793,Slfn9
53,SMG1,ENSG00000157106,ENSMUSG00000030655,Smg1
54,SMC6,ENSG00000163029,ENSMUSG00000020608,Smc6
55,SMARCAD1,ENSG00000163104,ENSMUSG00000029920,Smarcad1
56,SLMAP,ENSG00000163681,ENSMUSG00000021870,Slmap
57,SLU7,ENSG00000164609,ENSMUSG00000020409,Slu7
58,SLITRK5,ENSG00000165300,ENSMUSG00000033214,Slitrk5
59,SMPD1,ENSG00000166311,ENSMUSG00000037049,Smpd1
60,SLFN5,ENSG00000166750,ENSMUSG00000054404,Slfn5
61,SMAD3,ENSG00000166949,ENSMUSG00000032402,Smad3
62,SMAD1,ENSG00000170365,ENSMUSG00000031681,Smad1
63,SMAGP,ENSG00000170545,ENSMUSG00000053559,Smagp
64,SLFNL1,ENSG00000171790,ENSMUSG00000047518,Slfnl1
65,SMN1,ENSG00000172062,ENSMUSG00000021645,Smn1
66,SMN2,ENSG00000205571,ENSMUSG00000021645,Smn1
67,SLFN12,ENSG00000172123,ENSMUSG00000000204,Slfn4
68,SLFN12L,ENSG00000205045,ENSMUSG00000000204,Slfn4
69,SLFN12,ENSG00000172123,ENSMUSG00000018986,Slfn3
70,SLFN12L,ENSG00000205045,ENSMUSG00000018986,Slfn3
71,SLFN12,ENSG00000172123,ENSMUSG00000072620,Slfn2
72,SLFN12L,ENSG00000205045,ENSMUSG00000072620,Slfn2
73,SLFN12,ENSG00000172123,ENSMUSG00000078763,Slfn1
74,SLFN12L,ENSG00000205045,ENSMUSG00000078763,Slfn1
75,SMPDL3A,ENSG00000172594,ENSMUSG00000019872,Smpdl3a
76,SMARCC1,ENSG00000173473,ENSMUSG00000032481,Smarcc1
77,SMAD2,ENSG00000175387,ENSMUSG00000024563,Smad2
78,SMCR8,ENSG00000176994,ENSMUSG00000049323,Smcr8
79,SLITRK1,ENSG00000178235,ENSMUSG00000075478,Slitrk1
80,SLITRK4,ENSG00000179542,ENSMUSG00000046699,Slitrk4
81,SMTN,ENSG00000183963,ENSMUSG00000020439,Smtn
82,SLIT3,ENSG00000184347,ENSMUSG00000056427,Slit3
83,SLITRK6,ENSG00000184564,ENSMUSG00000045871,Slitrk6
84,SLITRK2,ENSG00000185985,ENSMUSG00000036790,Slitrk2
85,SLIT1,ENSG00000187122,ENSMUSG00000025020,Slit1
86,SMTNL2,ENSG00000188176,ENSMUSG00000045667,Smtnl2
87,SLX4,ENSG00000188827,ENSMUSG00000039738,Slx4
88,SMOC1,ENSG00000198732,ENSMUSG00000021136,Smoc1
89,SMC5,ENSG00000198887,ENSMUSG00000024943,Smc5
90,SMG5,ENSG00000198952,ENSMUSG00000001415,Smg5
91,SLCO6A1,ENSG00000205359,ENSMUSG00000026331,Slco6c1
92,SLCO6A1,ENSG00000205359,ENSMUSG00000026336,Slco6d1
93,SMTNL1,ENSG00000214872,ENSMUSG00000027077,Smtnl1
94,,,ENSMUSG00000027796,Smad9
95,,,ENSMUSG00000029280,Smr3a
96,,,ENSMUSG00000029281,Smr2
97,,,ENSMUSG00000042045,Sln
98,,,ENSMUSG00000045463,Slco6b1
99,,,ENSMUSG00000047295,Smgc
100,,,ENSMUSG00000052912,Smarca5-ps
101,,,ENSMUSG00000072621,Slfn10-ps
102,,,ENSMUSG00000073457,Smok2b
103,,,ENSMUSG00000073458,Smok2a
104,,,ENSMUSG00000074435,Smcp
105,,,ENSMUSG00000075599,Smok3a
106,,,ENSMUSG00000079156,Smok3b
107,,,ENSMUSG00000079711,Smok4a
0,SNAI2,ENSG00000019549,ENSMUSG00000022676,Snai2
1,SNAPC1,ENSG00000023608,ENSMUSG00000021113,Snapc1
2,SNCAIP,ENSG00000064692,ENSMUSG00000024534,Sncaip
3,SNAP91,ENSG00000065609,ENSMUSG00000033419,Snap91
4,SNCB,ENSG00000074317,ENSMUSG00000034891,Sncb
5,SNAP23,ENSG00000092531,ENSMUSG00000027287,Snap23
6,SNAP29,ENSG00000099940,ENSMUSG00000022765,Snap29
7,SNAPC2,ENSG00000104976,ENSMUSG00000011837,Snapc2
8,SMURF2,ENSG00000108854,ENSMUSG00000018363,Smurf2
9,SMYD1,ENSG00000115593,ENSMUSG00000055027,Smyd1
10,SNAI1,ENSG00000124216,ENSMUSG00000042821,Snai1
11,SNAP25,ENSG00000132639,ENSMUSG00000027273,Snap25
12,SMYD5,ENSG00000135632,ENSMUSG00000033706,Smyd5
13,SMYD2,ENSG00000143499,ENSMUSG00000026603,Smyd2
14,SNAPIN,ENSG00000143553,ENSMUSG00000001018,Snapin
15,SNAP47,ENSG00000143740,ENSMUSG00000009894,Snap47
16,SNCA,ENSG00000145335,ENSMUSG00000025889,Snca
17,SNF8,ENSG00000159210,ENSMUSG00000006058,Snf8
18,SNED1,ENSG00000162804,ENSMUSG00000047793,Sned1
19,SNIP1,ENSG00000163877,ENSMUSG00000050213,Snip1
20,SNAPC3,ENSG00000164975,ENSMUSG00000028483,Snapc3
21,SNAPC4,ENSG00000165684,ENSMUSG00000036281,Snapc4
22,SNCG,ENSG00000173267,ENSMUSG00000023064,Sncg
23,SNAPC5,ENSG00000174446,ENSMUSG00000032398,Snapc5
24,SNN,ENSG00000184602,ENSMUSG00000037972,Snn
25,SMYD3,ENSG00000185420,ENSMUSG00000055067,Smyd3
26,SNAI3,ENSG00000185669,ENSMUSG00000006587,Snai3
27,SMYD4,ENSG00000186532,ENSMUSG00000018809,Smyd4
28,SND1,ENSG00000197157,ENSMUSG00000001424,Snd1
29,SMURF1,ENSG00000198742,ENSMUSG00000038780,Smurf1
30,SNORA21,ENSG00000199293,ENSMUSG00000064901,Snora21
31,SNORA31,ENSG00000199477,ENSMUSG00000065147,Snora31
32,,ENSG00000252238,ENSMUSG00000065147,Snora31
33,,ENSG00000252349,ENSMUSG00000065147,Snora31
34,SNORD16,ENSG00000199673,ENSMUSG00000119388,Snord16a
35,SNORD104,ENSG00000199753,ENSMUSG00000065126,Snord104
36,SNORA52,ENSG00000199785,ENSMUSG00000064666,Snora52
37,,ENSG00000199815,ENSMUSG00000064858,Snora43
38,,ENSG00000202216,ENSMUSG00000064858,Snora43
39,SNORA17B,ENSG00000276161,ENSMUSG00000064858,Snora43
40,SNORD118,ENSG00000200463,ENSMUSG00000064899,Snord118
41,SNORA74A,ENSG00000200959,ENSMUSG00000065649,Snora74a
42,SNORA3A,ENSG00000200983,ENSMUSG00000065016,Snora3
43,SNORA65,ENSG00000201302,ENSMUSG00000065124,Snora65
44,SNORD14B,ENSG00000201403,ENSMUSG00000064741,Snord14a
45,,ENSG00000202479,ENSMUSG00000064741,Snord14a
46,SNORA5C,ENSG00000201772,ENSMUSG00000065686,Snora5c
47,SNORA23,ENSG00000201998,ENSMUSG00000064451,Snora23
48,SNORD14C,ENSG00000202252,ENSMUSG00000119805,Snord14c
49,SNORD116-9,ENSG00000206727,ENSMUSG00000119352,Snord116l2
50,SNORD116-2,ENSG00000207001,ENSMUSG00000119352,Snord116l2
51,SNORD116-3,ENSG00000207014,ENSMUSG00000119352,Snord116l2
52,SNORD116-1,ENSG00000207063,ENSMUSG00000119352,Snord116l2
53,SNORD116-8,ENSG00000207093,ENSMUSG00000119352,Snord116l2
54,SNORD116-7,ENSG00000207133,ENSMUSG00000119352,Snord116l2
55,SNORD116-5,ENSG00000207191,ENSMUSG00000119352,Snord116l2
56,SNORD116-6,ENSG00000207442,ENSMUSG00000119352,Snord116l2
57,SNORD116-4,ENSG00000275529,ENSMUSG00000119352,Snord116l2
58,SNORD116-9,ENSG00000206727,ENSMUSG00000119415,Snord116l1
59,SNORD116-2,ENSG00000207001,ENSMUSG00000119415,Snord116l1
60,SNORD116-3,ENSG00000207014,ENSMUSG00000119415,Snord116l1
61,SNORD116-1,ENSG00000207063,ENSMUSG00000119415,Snord116l1
62,SNORD116-8,ENSG00000207093,ENSMUSG00000119415,Snord116l1
63,SNORD116-7,ENSG00000207133,ENSMUSG00000119415,Snord116l1
64,SNORD116-5,ENSG00000207191,ENSMUSG00000119415,Snord116l1
65,SNORD116-6,ENSG00000207442,ENSMUSG00000119415,Snord116l1
66,SNORD116-4,ENSG00000275529,ENSMUSG00000119415,Snord116l1
67,SNORA30,ENSG00000206755,ENSMUSG00000065259,Snora30
68,SNORA15B-2,ENSG00000206785,ENSMUSG00000093413,Snora15
69,SNORA15B-1,ENSG00000207062,ENSMUSG00000093413,Snora15
70,SNORA15,ENSG00000207168,ENSMUSG00000093413,Snora15
71,SNORD15A,ENSG00000206941,ENSMUSG00000065822,Snord15a
72,SNORA7B,ENSG00000207088,ENSMUSG00000064563,Snora7a
73,SNORA7A,ENSG00000207496,ENSMUSG00000064563,Snora7a
74,SNORD14D,ENSG00000207118,ENSMUSG00000118706,Snord14d
75,SNORA68,ENSG00000207166,ENSMUSG00000077563,Snora68
76,SNORA20,ENSG00000207392,ENSMUSG00000064637,Snora20
77,SNORA64,ENSG00000207405,ENSMUSG00000077709,Snora64
78,SNORD15B,ENSG00000207445,ENSMUSG00000064966,Snord15b
79,SNORA19,ENSG00000207468,ENSMUSG00002075991,Snora19
80,SNORA41B,ENSG00000207516,ENSMUSG00000064602,Snora41
81,SNORA35,ENSG00000208839,ENSMUSG00000077767,Snora35
82,,ENSG00000212206,ENSMUSG00000065642,Snora69
83,SNORD17,ENSG00000212232,ENSMUSG00000077714,Snord17
84,SNORD12,ENSG00000212304,ENSMUSG00000077698,Snord12
85,SNORD19,ENSG00000212493,ENSMUSG00000077797,Snord19
86,SNORD111,ENSG00000221066,ENSMUSG00000080396,Snord111
87,,ENSG00000252230,ENSMUSG00000080396,Snord111
88,SNORD110,ENSG00000221116,ENSMUSG00000080610,Snord110
89,SNORA81,ENSG00000221420,ENSMUSG00000087935,Snora81
90,SNORA2C,ENSG00000221491,ENSMUSG00002076288,Snora34
91,SNORD100,ENSG00000221500,ENSMUSG00002076971,Snord100
92,SNORA36B,ENSG00000222370,ENSMUSG00002075146,Snora36b
93,SNORD11,ENSG00000238317,ENSMUSG00000089093,Snord11
94,,ENSG00000238819,ENSMUSG00000089093,Snord11
95,,ENSG00000238707,ENSMUSG00000088524,Snord2
96,SNORD2,ENSG00000238942,ENSMUSG00000088524,Snord2
97,SNORA47,ENSG00000238961,ENSMUSG00000088108,Snora47
98,SNORD123,ENSG00000239112,ENSMUSG00000089317,Snord123
99,SNORA28,ENSG00000272533,ENSMUSG00000064493,Snora28
100,SNORA78,ENSG00000273587,ENSMUSG00000089255,Snora78
101,SNORD1C,ENSG00000274091,ENSMUSG00000065640,Snord1c
102,SNORD1C,ENSG00000274091,ENSMUSG00000077604,Snord1b
103,SNORA16A,ENSG00000274582,ENSMUSG00002075525,Snora16a
104,SNORD22,ENSG00000277194,ENSMUSG00000065087,Snord22
105,SNORD1A,ENSG00000278261,ENSMUSG00000065094,Snord1a
106,SNORA17B,ENSG00000280496,ENSMUSG00000097052,Snora43
107,,,ENSMUSG00000044349,Snhg11
108,,,ENSMUSG00000064604,Snora44
109,,,ENSMUSG00000064837,Snora75
110,,,ENSMUSG00000064925,Snora62
111,,,ENSMUSG00000064949,Snora61
112,,,ENSMUSG00000065097,Snora16a
113,,,ENSMUSG00000065939,Snora2b
114,,,ENSMUSG00000070063,Snora33
115,,,ENSMUSG00000077192,Snora17
116,,,ENSMUSG00000085241,Snhg3
117,,,ENSMUSG00000086290,Snhg12
118,,,ENSMUSG00000090101,Snhg9
119,,,ENSMUSG00000092730,Snora24
120,,,ENSMUSG00000093355,Snora26
121,,,ENSMUSG00000097195,Snhg5
122,,,ENSMUSG00000098234,Snhg6
123,,,ENSMUSG00000104960,Snhg8
124,,,ENSMUSG00000108414,Snhg1
125,,,ENSMUSG00000113722,Snhg10
126,,,ENSMUSG00000117694,Snhg4
127,,,ENSMUSG00000117869,Snhg4
128,,,ENSMUSG00000119320,Snora70
129,,,ENSMUSG00000120369,Snhg7
0,SNX11,ENSG00000002919,ENSMUSG00000020876,Snx11
1,SNX1,ENSG00000028528,ENSMUSG00000032382,Snx1
2,SNX29,ENSG00000048471,ENSMUSG00000071669,Snx29
3,SNRNP40,ENSG00000060688,ENSMUSG00000074088,Snrnp40
4,SNX24,ENSG00000064652,ENSMUSG00000024535,Snx24
5,SNX13,ENSG00000071189,ENSMUSG00000020590,Snx13
6,SNRPA,ENSG00000077312,ENSMUSG00000061479,Snrpa
7,SNX10,ENSG00000086300,ENSMUSG00000038301,Snx10
8,SNRPD3,ENSG00000100028,ENSMUSG00000020180,Snrpd3
9,SNW1,ENSG00000100603,ENSMUSG00000021039,Snw1
10,SNPH,ENSG00000101298,ENSMUSG00000027457,Snph
11,SNTA1,ENSG00000101400,ENSMUSG00000027488,Snta1
12,SNX16,ENSG00000104497,ENSMUSG00000027534,Snx16
13,SNRNP70,ENSG00000104852,ENSMUSG00000063511,Snrnp70
14,SNX25,ENSG00000109762,ENSMUSG00000038291,Snx25
15,SNX15,ENSG00000110025,ENSMUSG00000024787,Snx15
16,SNX3,ENSG00000112335,ENSMUSG00000019804,Snx3
17,SNX17,ENSG00000115234,ENSMUSG00000029146,Snx17
18,SNX19,ENSG00000120451,ENSMUSG00000031993,Snx19
19,SNX21,ENSG00000124104,ENSMUSG00000050373,Snx21
20,SNRPC,ENSG00000124562,ENSMUSG00000024217,Snrpc
21,SNRPB,ENSG00000125835,ENSMUSG00000027404,Snrpb
22,SNRPB2,ENSG00000125870,ENSMUSG00000008333,Snrpb2
23,SNRPN,ENSG00000128739,ENSMUSG00000102252,Snrpn
24,SNRPA1,ENSG00000131876,ENSMUSG00000030512,Snrpa1
25,SNX14,ENSG00000135317,ENSMUSG00000032422,Snx14
26,SNRPF,ENSG00000139343,ENSMUSG00000020018,Snrpf
27,SNX27,ENSG00000143376,ENSMUSG00000028136,Snx27
28,SNRPG,ENSG00000143977,ENSMUSG00000057278,Snrpg
29,SNRNP200,ENSG00000144028,ENSMUSG00000003660,Snrnp200
30,SNX12,ENSG00000147164,ENSMUSG00000046032,Snx12
31,SNTG1,ENSG00000147481,ENSMUSG00000025909,Sntg1
32,SNX22,ENSG00000157734,ENSMUSG00000039452,Snx22
33,SNRNP25,ENSG00000161981,ENSMUSG00000040767,Snrnp25
34,SNRK,ENSG00000163788,ENSMUSG00000038145,Snrk
35,SNRPD1,ENSG00000167088,ENSMUSG00000002477,Snrpd1
36,SNX20,ENSG00000167208,ENSMUSG00000031662,Snx20
37,SNRNP48,ENSG00000168566,ENSMUSG00000021431,Snrnp48
38,SNTB2,ENSG00000168807,ENSMUSG00000041308,Sntb2
39,SNUPN,ENSG00000169371,ENSMUSG00000055334,Snupn
40,SNTB1,ENSG00000172164,ENSMUSG00000060429,Sntb1
41,SNTG2,ENSG00000172554,ENSMUSG00000020672,Sntg2
42,SNX18,ENSG00000178996,ENSMUSG00000042364,Snx18
43,SNRNP35,ENSG00000184209,ENSMUSG00000029402,Snrnp35
44,SNTN,ENSG00000188817,ENSMUSG00000044772,Sntn
45,SNORD33,ENSG00000199631,ENSMUSG00002076766,Snord33
46,SNORD68,ENSG00000200084,ENSMUSG00000064450,Snord68
47,,ENSG00000253072,ENSMUSG00000064450,Snord68
48,SNORD35A,ENSG00000200259,ENSMUSG00000065818,Snord35a
49,,ENSG00000200422,ENSMUSG00000065463,Snord45c
50,SNORD35B,ENSG00000200530,ENSMUSG00000064767,Snord35b
51,SNORD8,ENSG00000200785,ENSMUSG00000093044,Snord8
52,SNORD45B,ENSG00000201487,ENSMUSG00000064731,Snord45b
53,SNORD32A,ENSG00000201675,ENSMUSG00000065219,Snord32a
54,SNORD52,ENSG00000201754,ENSMUSG00000093009,Snord52
55,SNORD38A,ENSG00000202031,ENSMUSG00000065680,Snord38a
56,SNORD82,ENSG00000202400,ENSMUSG00000064823,Snord82
57,SNORD34,ENSG00000202503,ENSMUSG00000065878,Snord34
58,SNX2,ENSG00000205302,ENSMUSG00000034484,Snx2
59,SNORD37,ENSG00000206775,ENSMUSG00000064441,Snord37
60,,ENSG00000212270,ENSMUSG00000064441,Snord37
61,,ENSG00000212377,ENSMUSG00000064441,Snord37
62,SNORD61,ENSG00000206979,ENSMUSG00000065110,Snord61
63,SNORD7,ENSG00000207297,ENSMUSG00000065715,Snord7
64,SNORD73A,ENSG00000208797,ENSMUSG00000064984,Snord73a
65,SNORD96B,ENSG00000208883,ENSMUSG00000064725,Snord96a
66,SNORD96A,ENSG00000272296,ENSMUSG00000064725,Snord96a
67,SNORD83B,ENSG00000209480,ENSMUSG00000077734,Snord83b
68,SNORD67,ENSG00000212135,ENSMUSG00000077221,Snord67
69,SNORD66,ENSG00000212158,ENSMUSG00000077239,Snord66
70,,ENSG00000212161,ENSMUSG00000077191,Snord64
71,SNORD64,ENSG00000276610,ENSMUSG00000077191,Snord64
72,SNORD89,ENSG00000212283,ENSMUSG00000077704,Snord89
73,SNORD72,ENSG00000212296,ENSMUSG00000077737,Snord72
74,SNORD90,ENSG00000212447,ENSMUSG00000077756,Snord90
75,SNORD69,ENSG00000212452,ENSMUSG00000077212,Snord69
76,SNORD70,ENSG00000212534,ENSMUSG00000077345,Snord70
77,SNORD99,ENSG00000221539,ENSMUSG00000080615,Snord99
78,SNORD93,ENSG00000221740,ENSMUSG00000118905,Snord93
79,SNORD71,ENSG00000223224,ENSMUSG00000077549,Snord71
80,SNORD57,ENSG00000226572,ENSMUSG00000065272,Snord57
81,SNORD42B,ENSG00000238423,ENSMUSG00000065676,Snord42b
82,SNORD4A,ENSG00000238578,ENSMUSG00000077625,Snord4a
83,SNORD42A,ENSG00000238649,ENSMUSG00000064540,Snord42a
84,SNORD87,ENSG00000254341,ENSMUSG00000093178,Snord87
85,SNORD55,ENSG00000264294,ENSMUSG00000092680,Snord55
86,SNORD92,ENSG00000264994,ENSMUSG00000093289,Snord92
87,SNORD53,ENSG00000265145,ENSMUSG00000092887,Snord53
88,SNORD58B,ENSG00000271982,ENSMUSG00000064871,Snord58b
89,SNURF,ENSG00000273173,ENSMUSG00000102627,Snurf
90,SNORD49B,ENSG00000277108,ENSMUSG00000064437,Snord49b
91,SNORD65,ENSG00000277512,ENSMUSG00000077457,Snord65
92,SNORD98,ENSG00000283551,ENSMUSG00000080469,Snord98
93,,,ENSMUSG00000001158,Snrnp27
94,,,ENSMUSG00000040824,Snrpd2
95,,,ENSMUSG00000064780,Snord95
96,,,ENSMUSG00000064968,Snord47
97,,,ENSMUSG00000065196,Snord85
98,,,ENSMUSG00000065734,Snord49a
99,,,ENSMUSG00000077493,Snord91a
100,,,ENSMUSG00000080478,Snord23
101,,,ENSMUSG00000090553,Snrpe
102,,,ENSMUSG00000105167,Snord43
103,,,ENSMUSG00000118729,Snord88c
104,,,ENSMUSG00000119643,Snord88a
0,SOX8,ENSG00000005513,ENSMUSG00000024176,Sox8
1,SPAG9,ENSG00000008294,ENSMUSG00000020859,Spag9
2,SPAST,ENSG00000021574,ENSMUSG00000024068,Spast
3,SOX30,ENSG00000039600,ENSMUSG00000040489,Sox30
4,SOAT1,ENSG00000057252,ENSMUSG00000026600,Soat1
5,SPAG4,ENSG00000061656,ENSMUSG00000038180,Spag4
6,SPA17,ENSG00000064199,ENSMUSG00000001948,Spa17
7,SPAG5,ENSG00000076382,ENSMUSG00000002055,Spag5
8,SPAG6,ENSG00000077327,ENSMUSG00000037708,Spag6
9,SP140,ENSG00000079263,ENSMUSG00000026222,Sp100
10,SNX5,ENSG00000089006,ENSMUSG00000027423,Snx5
11,SPAG7,ENSG00000091640,ENSMUSG00000018287,Spag7
12,SORBS1,ENSG00000095637,ENSMUSG00000025006,Sorbs1
13,SOX10,ENSG00000100146,ENSMUSG00000033006,Sox10
14,SOS2,ENSG00000100485,ENSMUSG00000034801,Sos2
15,SPAG1,ENSG00000104450,ENSMUSG00000037617,Spag1
16,SP4,ENSG00000105866,ENSMUSG00000025323,Sp4
17,SNX8,ENSG00000106266,ENSMUSG00000029560,Snx8
18,SPAM1,ENSG00000106304,ENSMUSG00000029682,Spam1
19,SORCS1,ENSG00000108018,ENSMUSG00000043531,Sorcs1
20,SOD3,ENSG00000109610,ENSMUSG00000072941,Sod3
21,SOX6,ENSG00000110693,ENSMUSG00000051910,Sox6
22,SOBP,ENSG00000112320,ENSMUSG00000038248,Sobp
23,SPARC,ENSG00000113140,ENSMUSG00000018593,Sparc
24,SNX4,ENSG00000114520,ENSMUSG00000022808,Snx4
25,SOS1,ENSG00000115904,ENSMUSG00000024241,Sos1
26,SPACA1,ENSG00000118434,ENSMUSG00000028264,Spaca1
27,SOHLH2,ENSG00000120669,ENSMUSG00000027794,Sohlh2
28,SOCS2,ENSG00000120833,ENSMUSG00000020027,Socs2
29,SORBS3,ENSG00000120896,ENSMUSG00000022091,Sorbs3
30,SPATA1,ENSG00000122432,ENSMUSG00000028188,Spata1
31,SOX4,ENSG00000124766,ENSMUSG00000076431,Sox4
32,SOX21,ENSG00000125285,ENSMUSG00000061517,Sox21
33,SOX9,ENSG00000125398,ENSMUSG00000000567,Sox9
34,SOX15,ENSG00000129194,ENSMUSG00000041287,Sox15
35,SNX6,ENSG00000129515,ENSMUSG00000005656,Snx6
36,SNX9,ENSG00000130340,ENSMUSG00000002365,Snx9
37,SORT1,ENSG00000134243,ENSMUSG00000068747,Sort1
38,SOX5,ENSG00000134532,ENSMUSG00000041540,Sox5
39,SOX3,ENSG00000134595,ENSMUSG00000045179,Sox3
40,SP110,ENSG00000135899,ENSMUSG00000070034,Sp110
41,SPAG8,ENSG00000137098,ENSMUSG00000066196,Spag8
42,SORL1,ENSG00000137642,ENSMUSG00000049313,Sorl1
43,SORD,ENSG00000140263,ENSMUSG00000027227,Sord
44,SPACA3,ENSG00000141316,ENSMUSG00000053184,Spaca3
45,SOD1,ENSG00000142168,ENSMUSG00000022982,Sod1
46,SOX13,ENSG00000143842,ENSMUSG00000070643,Sox13
47,SPAG16,ENSG00000144451,ENSMUSG00000053153,Spag16
48,SPATA16,ENSG00000144962,ENSMUSG00000039335,Spata16
49,SNX30,ENSG00000148158,ENSMUSG00000028385,Snx30
50,SPARCL1,ENSG00000152583,ENSMUSG00000029309,Sparcl1
51,SPACA7,ENSG00000153498,ENSMUSG00000010435,Spaca7
52,SORBS2,ENSG00000154556,ENSMUSG00000031626,Sorbs2
53,SPAG17,ENSG00000155761,ENSMUSG00000027867,Spag17
54,SORCS3,ENSG00000156395,ENSMUSG00000063434,Sorcs3
55,SON,ENSG00000159140,ENSMUSG00000022961,Son
56,SNX7,ENSG00000162627,ENSMUSG00000028007,Snx7
57,SPATA17,ENSG00000162814,ENSMUSG00000026611,Spata17
58,SP8,ENSG00000164651,ENSMUSG00000048562,Sp8
59,SOX17,ENSG00000164736,ENSMUSG00000025902,Sox17
60,SPAG11B,ENSG00000164871,ENSMUSG00000059463,Spag11b
61,SPAG11A,ENSG00000178287,ENSMUSG00000059463,Spag11b
62,SPAG11B,ENSG00000164871,ENSMUSG00000079842,Spag11a
63,SPAG11A,ENSG00000178287,ENSMUSG00000079842,Spag11a
64,SOHLH1,ENSG00000165643,ENSMUSG00000059625,Sohlh1
65,SP2,ENSG00000167182,ENSMUSG00000018678,Sp2
66,SOAT2,ENSG00000167780,ENSMUSG00000023045,Soat2
67,SOST,ENSG00000167941,ENSMUSG00000001494,Sost
68,SOX14,ENSG00000168875,ENSMUSG00000053747,Sox14
69,SP7,ENSG00000170374,ENSMUSG00000060284,Sp7
70,SOCS6,ENSG00000170677,ENSMUSG00000056153,Socs6
71,SOX7,ENSG00000171056,ENSMUSG00000063060,Sox7
72,SOCS5,ENSG00000171150,ENSMUSG00000037104,Socs5
73,SOSTDC1,ENSG00000171243,ENSMUSG00000036169,Sostdc1
74,SPACA5B,ENSG00000171478,ENSMUSG00000037167,Spaca5
75,SPACA5,ENSG00000171489,ENSMUSG00000037167,Spaca5
76,SNX32,ENSG00000172803,ENSMUSG00000056185,Snx32
77,SP3,ENSG00000172845,ENSMUSG00000027109,Sp3
78,SNX33,ENSG00000173548,ENSMUSG00000032733,Snx33
79,SNX31,ENSG00000174226,ENSMUSG00000013611,Snx31
80,SOX11,ENSG00000176887,ENSMUSG00000063632,Sox11
81,SPACA4,ENSG00000177202,ENSMUSG00000070563,Spaca4
82,SOX12,ENSG00000177732,ENSMUSG00000051817,Sox12
83,SOCS4,ENSG00000180008,ENSMUSG00000048379,Socs4
84,SOX2,ENSG00000181449,ENSMUSG00000074637,Sox2
85,SPATA13,ENSG00000182957,ENSMUSG00000021990,Spata13
86,SOX1,ENSG00000182968,ENSMUSG00000096014,Sox1
87,SOCS3,ENSG00000184557,ENSMUSG00000053113,Socs3
88,SORCS2,ENSG00000184985,ENSMUSG00000029093,Sorcs2
89,SOCS1,ENSG00000185338,ENSMUSG00000038037,Socs1
90,SP1,ENSG00000185591,ENSMUSG00000001280,Sp1
91,SOWAHB,ENSG00000186212,ENSMUSG00000045314,Sowahb
92,SOWAHD,ENSG00000187808,ENSMUSG00000044400,Sowahd
93,SP6,ENSG00000189120,ENSMUSG00000038560,Sp6
94,SOWAHC,ENSG00000198142,ENSMUSG00000098188,Sowahc
95,SOWAHA,ENSG00000198944,ENSMUSG00000044352,Sowaha
96,SOX18,ENSG00000203883,ENSMUSG00000046470,Sox18
97,SP5,ENSG00000204335,ENSMUSG00000075304,Sp5
98,SP9,ENSG00000217236,ENSMUSG00000068859,Sp9
99,SOCS7,ENSG00000274211,ENSMUSG00000038485,Socs7
100,SOD2,ENSG00000291237,ENSMUSG00000006818,Sod2
101,,,ENSMUSG00000070031,Sp140
102,,,ENSMUSG00000105265,Sox2ot
0,SPATA20,ENSG00000006282,ENSMUSG00000020867,Spata20
1,SPATA7,ENSG00000042317,ENSMUSG00000021007,Spata7
2,SPO11,ENSG00000054796,ENSMUSG00000005883,Spo11
3,SPHK2,ENSG00000063176,ENSMUSG00000057342,Sphk2
4,SPEN,ENSG00000065526,ENSMUSG00000040761,Spen
5,SPP2,ENSG00000072080,ENSMUSG00000026295,Spp2
6,SPEG,ENSG00000072195,ENSMUSG00000026207,Speg
7,SPG21,ENSG00000090487,ENSMUSG00000032388,Spg21
8,SPECC1L,ENSG00000100014,ENSMUSG00000033444,Specc1l
9,SPEF1,ENSG00000101222,ENSMUSG00000027329,Spef1
10,SPINT3,ENSG00000101446,ENSMUSG00000074596,Spint3
11,SPG11,ENSG00000104133,ENSMUSG00000033396,Spg11
12,SPIN1,ENSG00000106723,ENSMUSG00000021395,Spin1
13,SPOCK2,ENSG00000107742,ENSMUSG00000058297,Spock2
14,SPCS1,ENSG00000114902,ENSMUSG00000021917,Spcs1
15,SPR,ENSG00000116096,ENSMUSG00000033735,Spr
16,SPCS2,ENSG00000118363,ENSMUSG00000035227,Spcs2
17,SPP1,ENSG00000118785,ENSMUSG00000029304,Spp1
18,SPOP,ENSG00000121067,ENSMUSG00000057522,Spop
19,SPINK4,ENSG00000122711,ENSMUSG00000028415,Spink4
20,SPATS2,ENSG00000123352,ENSMUSG00000051934,Spats2
21,SPDEF,ENSG00000124664,ENSMUSG00000024215,Spdef
22,SPINK2,ENSG00000128040,ENSMUSG00000053030,Spink2
23,SPECC1,ENSG00000128487,ENSMUSG00000042331,Specc1
24,SPATA6,ENSG00000132122,ENSMUSG00000034401,Spata6
25,SPINK5,ENSG00000133710,ENSMUSG00000055561,Spink5
26,SPIRE1,ENSG00000134278,ENSMUSG00000024533,Spire1
27,SPATA22,ENSG00000141255,ENSMUSG00000112920,Spata22
28,SPOPL,ENSG00000144228,ENSMUSG00000026771,Spopl
29,SPATA9,ENSG00000145757,ENSMUSG00000021590,Spata9
30,SPINK7,ENSG00000145879,ENSMUSG00000060201,Spink7
31,SPATA25,ENSG00000149634,ENSMUSG00000017767,Spata25
32,SPINT4,ENSG00000149651,ENSMUSG00000017310,Spint4
33,SPATA4,ENSG00000150628,ENSMUSG00000031518,Spata4
34,SPC25,ENSG00000152253,ENSMUSG00000005233,Spc25
35,SPOCK1,ENSG00000152377,ENSMUSG00000056222,Spock1
36,SPEF2,ENSG00000152582,ENSMUSG00000072663,Spef2
37,SPHKAP,ENSG00000153820,ENSMUSG00000026163,Sphkap
38,SPPL3,ENSG00000157837,ENSMUSG00000029550,Sppl3
39,SPATA2,ENSG00000158480,ENSMUSG00000047030,Spata2
40,SPATA2L,ENSG00000158792,ENSMUSG00000033594,Spata2l
41,SPON2,ENSG00000159674,ENSMUSG00000037379,Spon2
42,SPC24,ENSG00000161888,ENSMUSG00000074476,Spc24
43,SPATA18,ENSG00000163071,ENSMUSG00000029155,Spata18
44,SPICE1,ENSG00000163611,ENSMUSG00000043065,Spice1
45,SPDYA,ENSG00000163806,ENSMUSG00000052525,Spdya
46,SPRED1,ENSG00000166068,ENSMUSG00000027351,Spred1
47,SPATA19,ENSG00000166118,ENSMUSG00000031991,Spata19
48,SPINT1,ENSG00000166145,ENSMUSG00000027315,Spint1
49,SPIC,ENSG00000166211,ENSMUSG00000004359,Spic
50,SPINT2,ENSG00000167642,ENSMUSG00000074227,Spint2
51,SPNS1,ENSG00000169682,ENSMUSG00000030741,Spns1
52,SPATA24,ENSG00000170469,ENSMUSG00000024352,Spata24
53,SPATA3,ENSG00000173699,ENSMUSG00000026226,Spata3
54,SPHK1,ENSG00000176170,ENSMUSG00000061878,Sphk1
55,SPINK6,ENSG00000178172,ENSMUSG00000055095,Spink6
56,SPEM1,ENSG00000181323,ENSMUSG00000041165,Spem1
57,SPNS3,ENSG00000182557,ENSMUSG00000020798,Spns3
58,SPNS2,ENSG00000183018,ENSMUSG00000040447,Spns2
59,SPATC1,ENSG00000186583,ENSMUSG00000049653,Spatc1
60,SPIN4,ENSG00000186767,ENSMUSG00000071722,Spin4
61,SPATA21,ENSG00000187144,ENSMUSG00000045004,Spata21
62,SPRED3,ENSG00000188766,ENSMUSG00000037239,Spred3
63,SPOCK3,ENSG00000196104,ENSMUSG00000054162,Spock3
64,SPATS2L,ENSG00000196141,ENSMUSG00000038305,Spats2l
65,SPINK14,ENSG00000196800,ENSMUSG00000051050,Spink14
66,SPN,ENSG00000197471,ENSMUSG00000051457,Spn
67,SPG7,ENSG00000197912,ENSMUSG00000000738,Spg7
68,SPRED2,ENSG00000198369,ENSMUSG00000045671,Spred2
69,SPRN,ENSG00000203772,ENSMUSG00000045733,Sprn
70,SPINK9,ENSG00000204909,ENSMUSG00000044176,Spink10
71,SPINK9,ENSG00000204909,ENSMUSG00000053729,Spinkl
72,SPINK9,ENSG00000204909,ENSMUSG00000073573,Spink11
73,SPIRE2,ENSG00000204991,ENSMUSG00000010154,Spire2
74,SPINK13,ENSG00000214510,ENSMUSG00000073551,Spink13
75,SPINK8,ENSG00000229453,ENSMUSG00000050074,Spink8
76,SPATS1,ENSG00000249481,ENSMUSG00000023935,Spats1
77,SPESP1,ENSG00000258484,ENSMUSG00000046846,Spesp1
78,SPON1,ENSG00000262655,ENSMUSG00000038156,Spon1
79,SPIB,ENSG00000269404,ENSMUSG00000008193,Spib
80,,,ENSMUSG00000048455,Sprr1b
81,,,ENSMUSG00000048703,Speer4b
82,,,ENSMUSG00000050092,Sprr2b
83,,,ENSMUSG00000050359,Sprr1a
84,,,ENSMUSG00000054408,Spcs3
85,,,ENSMUSG00000061144,Spink12
86,,,ENSMUSG00000063163,Speer2
87,,,ENSMUSG00000067855,Speer3
88,,,ENSMUSG00000068893,Sprr2a2
89,,,ENSMUSG00000070933,Speer4d
90,,,ENSMUSG00000073119,Speer4a
91,,,ENSMUSG00000078664,Sprr2a1
92,,,ENSMUSG00000091255,Speer4e
93,,,ENSMUSG00000091304,Speer6-ps1
94,,,ENSMUSG00000091358,Speer5-ps1
95,,,ENSMUSG00000107956,Speer9-ps1
96,,,ENSMUSG00000116210,Spn-ps
0,SRBD1,ENSG00000068784,ENSMUSG00000024135,Srbd1
1,SREBF1,ENSG00000072310,ENSMUSG00000020538,Srebf1
2,SRI,ENSG00000075142,ENSMUSG00000003161,Sri
3,SSH1,ENSG00000084112,ENSMUSG00000042121,Ssh1
4,SRRT,ENSG00000087087,ENSMUSG00000037364,Srrt
5,SPTLC1,ENSG00000090054,ENSMUSG00000021468,Sptlc1
6,SRPK1,ENSG00000096063,ENSMUSG00000004865,Srpk1
7,SRRD,ENSG00000100104,ENSMUSG00000029346,Srrd
8,SPTLC2,ENSG00000100596,ENSMUSG00000021036,Sptlc2
9,SRSF5,ENSG00000100650,ENSMUSG00000021134,Srsf5
10,SRP54,ENSG00000100883,ENSMUSG00000073079,Srp54a
11,SRP54,ENSG00000100883,ENSMUSG00000079108,Srp54c
12,SRP54,ENSG00000100883,ENSMUSG00000112449,Srp54b
13,SRPX,ENSG00000101955,ENSMUSG00000090084,Srpx
14,SRPX2,ENSG00000102359,ENSMUSG00000031253,Srpx2
15,SQLE,ENSG00000104549,ENSMUSG00000022351,Sqle
16,SSBP1,ENSG00000106028,ENSMUSG00000029911,Ssbp1
17,SPSB2,ENSG00000111671,ENSMUSG00000038451,Spsb2
18,SRSF9,ENSG00000111786,ENSMUSG00000029538,Srsf9
19,SRSF3,ENSG00000112081,ENSMUSG00000071172,Srsf3
20,SRF,ENSG00000112658,ENSMUSG00000015605,Srf
21,SSR3,ENSG00000114850,ENSMUSG00000027828,Ssr3
22,SRSF7,ENSG00000115875,ENSMUSG00000024097,Srsf7
23,SRSF4,ENSG00000116350,ENSMUSG00000028911,Srsf4
24,SRM,ENSG00000116649,ENSMUSG00000006442,Srm
25,SRSF11,ENSG00000116754,ENSMUSG00000055436,Srsf11
26,SRGN,ENSG00000122862,ENSMUSG00000020077,Srgn
27,SSPN,ENSG00000123096,ENSMUSG00000030255,Sspn
28,SRSF6,ENSG00000124193,ENSMUSG00000016921,Srsf6
29,SSR1,ENSG00000124783,ENSMUSG00000021427,Ssr1
30,SRMS,ENSG00000125508,ENSMUSG00000027579,Srms
31,SRD5A3,ENSG00000128039,ENSMUSG00000029233,Srd5a3
32,SSBP4,ENSG00000130511,ENSMUSG00000070003,Ssbp4
33,SRRM1,ENSG00000133226,ENSMUSG00000028809,Srrm1
34,SRPK2,ENSG00000135250,ENSMUSG00000062604,Srpk2
35,SPRY2,ENSG00000136158,ENSMUSG00000022114,Spry2
36,SRSF1,ENSG00000136450,ENSMUSG00000018379,Srsf1
37,SSB,ENSG00000138385,ENSMUSG00000068882,Ssb
38,SRRM4,ENSG00000139767,ENSMUSG00000063919,Srrm4
39,SRP14,ENSG00000140319,ENSMUSG00000009549,Srp14
40,SSH2,ENSG00000141298,ENSMUSG00000037926,Ssh2
41,SS18,ENSG00000141380,ENSMUSG00000037013,Ss18
42,SRP9,ENSG00000143742,ENSMUSG00000026511,Srp9
43,SRPRB,ENSG00000144867,ENSMUSG00000032553,Srprb
44,SRD5A1,ENSG00000145545,ENSMUSG00000021594,Srd5a1
45,SSBP2,ENSG00000145687,ENSMUSG00000003992,Ssbp2
46,SSRP1,ENSG00000149136,ENSMUSG00000027067,Ssrp1
47,SRFBP1,ENSG00000151304,ENSMUSG00000024528,Srfbp1
48,SREK1IP1,ENSG00000153006,ENSMUSG00000021716,Srek1ip1
49,SRP19,ENSG00000153037,ENSMUSG00000014504,Srp19
50,SRSF12,ENSG00000154548,ENSMUSG00000054679,Srsf12
51,SSBP3,ENSG00000157216,ENSMUSG00000061887,Ssbp3
52,SQSTM1,ENSG00000161011,ENSMUSG00000015837,Sqstm1
53,SRSF2,ENSG00000161547,ENSMUSG00000034120,Srsf2
54,SPSB3,ENSG00000162032,ENSMUSG00000024160,Spsb3
55,SPRR3,ENSG00000163209,ENSMUSG00000045539,Sprr3
56,SSR2,ENSG00000163479,ENSMUSG00000041355,Ssr2
57,SPRY1,ENSG00000164056,ENSMUSG00000037211,Spry1
58,SPZ1,ENSG00000164299,ENSMUSG00000046957,Spz1
59,SRR,ENSG00000167720,ENSMUSG00000001323,Srr
60,SPRYD3,ENSG00000167778,ENSMUSG00000036966,Spryd3
61,SRP68,ENSG00000167881,ENSMUSG00000020780,Srp68
62,SRRM2,ENSG00000167978,ENSMUSG00000039218,Srrm2
63,SPSB1,ENSG00000171621,ENSMUSG00000039911,Spsb1
64,SRGAP2C,ENSG00000171943,ENSMUSG00000026425,Srgap2
65,SRGAP2B,ENSG00000196369,ENSMUSG00000026425,Srgap2
66,SRGAP2,ENSG00000266028,ENSMUSG00000026425,Srgap2
67,SPTLC3,ENSG00000172296,ENSMUSG00000039092,Sptlc3
68,SSH3,ENSG00000172830,ENSMUSG00000034616,Ssh3
69,SRP72,ENSG00000174780,ENSMUSG00000036323,Srp72
70,SPSB4,ENSG00000175093,ENSMUSG00000046997,Spsb4
71,SSNA1,ENSG00000176101,ENSMUSG00000026966,Ssna1
72,SPRYD4,ENSG00000176422,ENSMUSG00000051346,Spryd4
73,SRRM3,ENSG00000177679,ENSMUSG00000039860,Srrm3
74,SPTY2D1,ENSG00000179119,ENSMUSG00000049516,Spty2d1
75,SSR4,ENSG00000180879,ENSMUSG00000002014,Ssr4
76,SRPRA,ENSG00000182934,ENSMUSG00000032042,Srpr
77,SPRR4,ENSG00000184148,ENSMUSG00000045566,Sprr4
78,SRPK3,ENSG00000184343,ENSMUSG00000002007,Srpk3
79,SS18L1,ENSG00000184402,ENSMUSG00000039086,Ss18l1
80,SRY,ENSG00000184895,ENSMUSG00000069036,Sry
81,SRL,ENSG00000185739,ENSMUSG00000022519,Srl
82,SPRY4,ENSG00000187678,ENSMUSG00000024427,Spry4
83,SRSF10,ENSG00000188529,ENSMUSG00000028676,Srsf10
84,SRGAP3,ENSG00000196220,ENSMUSG00000030257,Srgap3
85,SRGAP1,ENSG00000196935,ENSMUSG00000020121,Srgap1
86,SRC,ENSG00000197122,ENSMUSG00000027646,Src
87,SREBF2,ENSG00000198911,ENSMUSG00000022463,Srebf2
88,SRA1,ENSG00000213523,ENSMUSG00000006050,Sra1
89,SRXN1,ENSG00000271303,ENSMUSG00000032802,Srxn1
90,SRCIN1,ENSG00000277363,ENSMUSG00000038453,Srcin1
91,SRD5A2,ENSG00000277893,ENSMUSG00000038541,Srd5a2
92,,,ENSMUSG00000027925,Sprr2j-ps
93,,,ENSMUSG00000029797,Sspo
94,,,ENSMUSG00000032621,Srek1
95,,,ENSMUSG00000042157,Sprr2i
96,,,ENSMUSG00000042212,Sprr2d
97,,,ENSMUSG00000046203,Sprr2g
98,,,ENSMUSG00000046259,Sprr2h
99,,,ENSMUSG00000050635,Sprr2f
100,,,ENSMUSG00000054215,Sprr2k
101,,,ENSMUSG00000055030,Sprr2e
0,ST7,ENSG00000004866,ENSMUSG00000029534,St7
1,ST7L,ENSG00000007341,ENSMUSG00000045576,St7l
2,ST3GAL1,ENSG00000008513,ENSMUSG00000013846,St3gal1
3,STARD3NL,ENSG00000010270,ENSMUSG00000003062,Stard3nl
4,STAB1,ENSG00000010327,ENSMUSG00000042286,Stab1
5,STAP1,ENSG00000035720,ENSMUSG00000029254,Stap1
6,STAU2,ENSG00000040341,ENSMUSG00000025920,Stau2
7,ST3GAL6,ENSG00000064225,ENSMUSG00000022747,St3gal6
8,STAG3,ENSG00000066923,ENSMUSG00000036928,Stag3
9,ST6GALNAC1,ENSG00000070526,ENSMUSG00000009588,St6galnac1
10,ST6GALNAC2,ENSG00000070731,ENSMUSG00000057286,St6galnac2
11,STK10,ENSG00000072786,ENSMUSG00000020272,Stk10
12,ST6GAL1,ENSG00000073849,ENSMUSG00000022885,St6gal1
13,STK17B,ENSG00000081320,ENSMUSG00000026094,Stk17b
14,STARD7,ENSG00000084090,ENSMUSG00000027367,Stard7
15,ST13,ENSG00000100380,ENSMUSG00000022403,St13
16,ST8SIA5,ENSG00000101638,ENSMUSG00000025425,St8sia5
17,STAG2,ENSG00000101972,ENSMUSG00000025862,Stag2
18,STK24,ENSG00000102572,ENSMUSG00000063410,Stk24
19,STEAP1B,ENSG00000105889,ENSMUSG00000015652,Steap1
20,STEAP1,ENSG00000164647,ENSMUSG00000015652,Steap1
21,STIM2,ENSG00000109689,ENSMUSG00000039156,Stim2
22,ST3GAL4,ENSG00000110080,ENSMUSG00000032038,St3gal4
23,ST8SIA1,ENSG00000111728,ENSMUSG00000030283,St8sia1
24,ST8SIA4,ENSG00000113532,ENSMUSG00000040710,St8sia4
25,STC2,ENSG00000113739,ENSMUSG00000020303,Stc2
26,STEAP3,ENSG00000115107,ENSMUSG00000026389,Steap3
27,STAM2,ENSG00000115145,ENSMUSG00000055371,Stam2
28,STAT1,ENSG00000115415,ENSMUSG00000026104,Stat1
29,ST3GAL5,ENSG00000115525,ENSMUSG00000056091,St3gal5
30,STK16,ENSG00000115661,ENSMUSG00000026201,Stk16
31,STK25,ENSG00000115694,ENSMUSG00000026277,Stk25
32,ST6GALNAC5,ENSG00000117069,ENSMUSG00000039037,St6galnac5
33,SSX2IP,ENSG00000117155,ENSMUSG00000036825,Ssx2ip
34,STAG1,ENSG00000118007,ENSMUSG00000037286,Stag1
35,STK11,ENSG00000118046,ENSMUSG00000003068,Stk11
36,STBD1,ENSG00000118804,ENSMUSG00000047963,Stbd1
37,CSTA,ENSG00000121552,ENSMUSG00000022902,Stfa2
38,CSTA,ENSG00000121552,ENSMUSG00000054905,Stfa3
39,CSTA,ENSG00000121552,ENSMUSG00000059657,Stfa2l1
40,CSTA,ENSG00000121552,ENSMUSG00000071562,Stfa1
41,STIL,ENSG00000123473,ENSMUSG00000028718,Stil
42,STAU1,ENSG00000124214,ENSMUSG00000039536,Stau1
43,STAMBP,ENSG00000124356,ENSMUSG00000006906,Stambp
44,ST3GAL3,ENSG00000126091,ENSMUSG00000028538,St3gal3
45,STAT5A,ENSG00000126561,ENSMUSG00000004043,Stat5a
46,SSX1,ENSG00000126752,ENSMUSG00000023165,Ssxb2
47,SSX5,ENSG00000165583,ENSMUSG00000023165,Ssxb2
48,SSX3,ENSG00000165584,ENSMUSG00000023165,Ssxb2
49,SSX7,ENSG00000187754,ENSMUSG00000023165,Ssxb2
50,SSX2,ENSG00000241476,ENSMUSG00000023165,Ssxb2
51,SSX4,ENSG00000268009,ENSMUSG00000023165,Ssxb2
52,SSX2B,ENSG00000268447,ENSMUSG00000023165,Ssxb2
53,SSX4B,ENSG00000269791,ENSMUSG00000023165,Ssxb2
54,SSX1,ENSG00000126752,ENSMUSG00000035371,Ssx9
55,SSX5,ENSG00000165583,ENSMUSG00000035371,Ssx9
56,SSX3,ENSG00000165584,ENSMUSG00000035371,Ssx9
57,SSX7,ENSG00000187754,ENSMUSG00000035371,Ssx9
58,SSX2,ENSG00000241476,ENSMUSG00000035371,Ssx9
59,SSX4,ENSG00000268009,ENSMUSG00000035371,Ssx9
60,SSX2B,ENSG00000268447,ENSMUSG00000035371,Ssx9
61,SSX4B,ENSG00000269791,ENSMUSG00000035371,Ssx9
62,SSX1,ENSG00000126752,ENSMUSG00000068218,Ssxb9
63,SSX5,ENSG00000165583,ENSMUSG00000068218,Ssxb9
64,SSX3,ENSG00000165584,ENSMUSG00000068218,Ssxb9
65,SSX7,ENSG00000187754,ENSMUSG00000068218,Ssxb9
66,SSX2,ENSG00000241476,ENSMUSG00000068218,Ssxb9
67,SSX4,ENSG00000268009,ENSMUSG00000068218,Ssxb9
68,SSX2B,ENSG00000268447,ENSMUSG00000068218,Ssxb9
69,SSX4B,ENSG00000269791,ENSMUSG00000068218,Ssxb9
70,SSX1,ENSG00000126752,ENSMUSG00000068219,Ssxb10
71,SSX5,ENSG00000165583,ENSMUSG00000068219,Ssxb10
72,SSX3,ENSG00000165584,ENSMUSG00000068219,Ssxb10
73,SSX7,ENSG00000187754,ENSMUSG00000068219,Ssxb10
74,SSX2,ENSG00000241476,ENSMUSG00000068219,Ssxb10
75,SSX4,ENSG00000268009,ENSMUSG00000068219,Ssxb10
76,SSX2B,ENSG00000268447,ENSMUSG00000068219,Ssxb10
77,SSX4B,ENSG00000269791,ENSMUSG00000068219,Ssxb10
78,SSX1,ENSG00000126752,ENSMUSG00000071816,Ssxb5
79,SSX5,ENSG00000165583,ENSMUSG00000071816,Ssxb5
80,SSX3,ENSG00000165584,ENSMUSG00000071816,Ssxb5
81,SSX7,ENSG00000187754,ENSMUSG00000071816,Ssxb5
82,SSX2,ENSG00000241476,ENSMUSG00000071816,Ssxb5
83,SSX4,ENSG00000268009,ENSMUSG00000071816,Ssxb5
84,SSX2B,ENSG00000268447,ENSMUSG00000071816,Ssxb5
85,SSX4B,ENSG00000269791,ENSMUSG00000071816,Ssxb5
86,SSX1,ENSG00000126752,ENSMUSG00000079701,Ssxb3
87,SSX5,ENSG00000165583,ENSMUSG00000079701,Ssxb3
88,SSX3,ENSG00000165584,ENSMUSG00000079701,Ssxb3
89,SSX7,ENSG00000187754,ENSMUSG00000079701,Ssxb3
90,SSX2,ENSG00000241476,ENSMUSG00000079701,Ssxb3
91,SSX4,ENSG00000268009,ENSMUSG00000079701,Ssxb3
92,SSX2B,ENSG00000268447,ENSMUSG00000079701,Ssxb3
93,SSX4B,ENSG00000269791,ENSMUSG00000079701,Ssxb3
94,SSX1,ENSG00000126752,ENSMUSG00000079702,Ssxb6
95,SSX5,ENSG00000165583,ENSMUSG00000079702,Ssxb6
96,SSX3,ENSG00000165584,ENSMUSG00000079702,Ssxb6
97,SSX7,ENSG00000187754,ENSMUSG00000079702,Ssxb6
98,SSX2,ENSG00000241476,ENSMUSG00000079702,Ssxb6
99,SSX4,ENSG00000268009,ENSMUSG00000079702,Ssxb6
100,SSX2B,ENSG00000268447,ENSMUSG00000079702,Ssxb6
101,SSX4B,ENSG00000269791,ENSMUSG00000079702,Ssxb6
102,SSX1,ENSG00000126752,ENSMUSG00000079703,Ssxb8
103,SSX5,ENSG00000165583,ENSMUSG00000079703,Ssxb8
104,SSX3,ENSG00000165584,ENSMUSG00000079703,Ssxb8
105,SSX7,ENSG00000187754,ENSMUSG00000079703,Ssxb8
106,SSX2,ENSG00000241476,ENSMUSG00000079703,Ssxb8
107,SSX4,ENSG00000268009,ENSMUSG00000079703,Ssxb8
108,SSX2B,ENSG00000268447,ENSMUSG00000079703,Ssxb8
109,SSX4B,ENSG00000269791,ENSMUSG00000079703,Ssxb8
110,SSX1,ENSG00000126752,ENSMUSG00000079705,Ssxb1
111,SSX5,ENSG00000165583,ENSMUSG00000079705,Ssxb1
112,SSX3,ENSG00000165584,ENSMUSG00000079705,Ssxb1
113,SSX7,ENSG00000187754,ENSMUSG00000079705,Ssxb1
114,SSX2,ENSG00000241476,ENSMUSG00000079705,Ssxb1
115,SSX4,ENSG00000268009,ENSMUSG00000079705,Ssxb1
116,SSX2B,ENSG00000268447,ENSMUSG00000079705,Ssxb1
117,SSX4B,ENSG00000269791,ENSMUSG00000079705,Ssxb1
118,STEAP4,ENSG00000127954,ENSMUSG00000012428,Steap4
119,STARD8,ENSG00000130052,ENSMUSG00000031216,Stard8
120,STARD3,ENSG00000131748,ENSMUSG00000018167,Stard3
121,SSTR4,ENSG00000132671,ENSMUSG00000037014,Sstr4
122,STARD13,ENSG00000133121,ENSMUSG00000016128,Stard13
123,STAB2,ENSG00000136011,ENSMUSG00000035459,Stab2
124,STAM,ENSG00000136738,ENSMUSG00000026718,Stam
125,ST6GALNAC4,ENSG00000136840,ENSMUSG00000079442,St6galnac4
126,STAMBPL1,ENSG00000138134,ENSMUSG00000024776,Stambpl1
127,STAT4,ENSG00000138378,ENSMUSG00000062939,Stat4
128,SSTR1,ENSG00000139874,ENSMUSG00000035431,Sstr1
129,ST8SIA2,ENSG00000140557,ENSMUSG00000025789,St8sia2
130,STAC2,ENSG00000141750,ENSMUSG00000017400,Stac2
131,ST6GAL2,ENSG00000144057,ENSMUSG00000024172,St6gal2
132,STK11IP,ENSG00000144589,ENSMUSG00000026213,Stk11ip
133,STAC,ENSG00000144681,ENSMUSG00000032502,Stac
134,SPIN2A,ENSG00000147059,ENSMUSG00000095267,Ssty1
135,SPIN2B,ENSG00000186787,ENSMUSG00000095267,Ssty1
136,SPIN2A,ENSG00000147059,ENSMUSG00000095302,Ssty2
137,SPIN2B,ENSG00000186787,ENSMUSG00000095302,Ssty2
138,STAR,ENSG00000147465,ENSMUSG00000031574,Star
139,ST18,ENSG00000147488,ENSMUSG00000033740,St18
140,ST8SIA6,ENSG00000148488,ENSMUSG00000003418,St8sia6
141,ST14,ENSG00000149418,ENSMUSG00000031995,St14
142,SST,ENSG00000157005,ENSMUSG00000004366,Sst
143,STEAP2,ENSG00000157214,ENSMUSG00000015653,Steap2
144,ST3GAL2,ENSG00000157350,ENSMUSG00000031749,St3gal2
145,STC1,ENSG00000159167,ENSMUSG00000014813,Stc1
146,SSU72,ENSG00000160075,ENSMUSG00000029038,Ssu72
147,ST6GALNAC6,ENSG00000160408,ENSMUSG00000026811,St6galnac6
148,SSTR5,ENSG00000162009,ENSMUSG00000050824,Sstr5
149,STARD4,ENSG00000164211,ENSMUSG00000024378,Stard4
150,STAT6,ENSG00000166888,ENSMUSG00000002147,Stat6
151,STIM1,ENSG00000167323,ENSMUSG00000030987,Stim1
152,STIP1,ENSG00000168439,ENSMUSG00000024966,Stip1
153,STAT3,ENSG00000168610,ENSMUSG00000004040,Stat3
154,STAT2,ENSG00000170581,ENSMUSG00000040033,Stat2
155,STARD5,ENSG00000172345,ENSMUSG00000046027,Stard5
156,STAT5B,ENSG00000173757,ENSMUSG00000020919,Stat5b
157,STARD6,ENSG00000174448,ENSMUSG00000079608,Stard6
158,ST8SIA3,ENSG00000177511,ENSMUSG00000056812,St8sia3
159,STAP2,ENSG00000178078,ENSMUSG00000038781,Stap2
160,SSTR2,ENSG00000180616,ENSMUSG00000047904,Sstr2
161,ST6GALNAC3,ENSG00000184005,ENSMUSG00000052544,St6galnac3
162,STAC3,ENSG00000185482,ENSMUSG00000040287,Stac3
163,STK19,ENSG00000204344,ENSMUSG00000061207,Stk19
164,STARD10,ENSG00000214530,ENSMUSG00000030688,Stard10
165,SSTR3,ENSG00000278195,ENSMUSG00000044933,Sstr3
166,,ENSG00000284526,ENSMUSG00000110170,St6galnac2
0,STMN4,ENSG00000015592,ENSMUSG00000022044,Stmn4
1,STRAP,ENSG00000023734,ENSMUSG00000030224,Strap
2,STYK1,ENSG00000060140,ENSMUSG00000032899,Styk1
3,SUGP2,ENSG00000064607,ENSMUSG00000036054,Sugp2
4,STOML1,ENSG00000067221,ENSMUSG00000032333,Stoml1
5,STXBP2,ENSG00000076944,ENSMUSG00000004626,Stxbp2
6,STX7,ENSG00000079950,ENSMUSG00000019998,Stx7
7,STRADB,ENSG00000082146,ENSMUSG00000026027,Stradb
8,SULT2B1,ENSG00000088002,ENSMUSG00000003271,Sult2b1
9,STRN4,ENSG00000090372,ENSMUSG00000030374,Strn4
10,STX1B,ENSG00000099365,ENSMUSG00000030806,Stx1b
11,SUN2,ENSG00000100242,ENSMUSG00000042524,Sun2
12,STK4,ENSG00000101109,ENSMUSG00000018209,Stk4
13,STUB1,ENSG00000103266,ENSMUSG00000039615,Stub1
14,STX4,ENSG00000103496,ENSMUSG00000030805,Stx4a
15,STK3,ENSG00000104375,ENSMUSG00000022329,Stk3
16,STMN2,ENSG00000104435,ENSMUSG00000027500,Stmn2
17,SULT2A1,ENSG00000105398,ENSMUSG00000070810,Sult2a6
18,SULT2A1,ENSG00000105398,ENSMUSG00000070811,Sult2a2
19,SULT2A1,ENSG00000105398,ENSMUSG00000074375,Sult2a3
20,SULT2A1,ENSG00000105398,ENSMUSG00000074377,Sult2a4
21,SULT2A1,ENSG00000105398,ENSMUSG00000078798,Sult2a1
22,SULT2A1,ENSG00000105398,ENSMUSG00000078799,Sult2a5
23,SULT2A1,ENSG00000105398,ENSMUSG00000094156,Sult2a7
24,SUGP1,ENSG00000105705,ENSMUSG00000011306,Sugp1
25,STX1A,ENSG00000106089,ENSMUSG00000007207,Stx1a
26,SUFU,ENSG00000107882,ENSMUSG00000025231,Sufu
27,SULT1E1,ENSG00000109193,ENSMUSG00000029272,Sult1e1
28,STX2,ENSG00000111450,ENSMUSG00000029428,Stx2
29,SUDS3,ENSG00000111707,ENSMUSG00000066900,Suds3
30,STK38,ENSG00000112079,ENSMUSG00000024006,Stk38
31,SUB1,ENSG00000113387,ENSMUSG00000022205,Sub1
32,STRN,ENSG00000115808,ENSMUSG00000024077,Strn
33,STMN1,ENSG00000117632,ENSMUSG00000028832,Stmn1
34,STX12,ENSG00000117758,ENSMUSG00000028879,Stx12
35,STX16,ENSG00000124222,ENSMUSG00000027522,Stx16
36,STK35,ENSG00000125834,ENSMUSG00000037885,Stk35
37,STYXL1,ENSG00000127952,ENSMUSG00000019178,Styxl1
38,SUMF2,ENSG00000129103,ENSMUSG00000025538,Sumf2
39,STK33,ENSG00000130413,ENSMUSG00000031027,Stk33
40,SULT4A1,ENSG00000130540,ENSMUSG00000018865,Sult4a1
41,STOML3,ENSG00000133115,ENSMUSG00000027744,Stoml3
42,STT3A,ENSG00000134910,ENSMUSG00000032116,Stt3a
43,STX11,ENSG00000135604,ENSMUSG00000039232,Stx11
44,STX6,ENSG00000135823,ENSMUSG00000026470,Stx6
45,SUCLA2,ENSG00000136143,ENSMUSG00000022110,Sucla2
46,STXBP1,ENSG00000136854,ENSMUSG00000026797,Stxbp1
47,STX17,ENSG00000136874,ENSMUSG00000061455,Stx17
48,SULF1,ENSG00000137573,ENSMUSG00000016918,Sulf1
49,STRA6,ENSG00000137868,ENSMUSG00000032327,Stra6
50,SULT6B1,ENSG00000138068,ENSMUSG00000038045,Sult6b1
51,STON2,ENSG00000140022,ENSMUSG00000020961,Ston2
52,SUMF1,ENSG00000144455,ENSMUSG00000030101,Sumf1
53,STXBP5L,ENSG00000145087,ENSMUSG00000022829,Stxbp5l
54,STRA8,ENSG00000146857,ENSMUSG00000029848,Stra8
55,STOM,ENSG00000148175,ENSMUSG00000026880,Stom
56,STK32B,ENSG00000152953,ENSMUSG00000029123,Stk32b
57,STX5,ENSG00000162236,ENSMUSG00000010110,Stx5a
58,STK36,ENSG00000163482,ENSMUSG00000033276,Stk36
59,STT3B,ENSG00000163527,ENSMUSG00000032437,Stt3b
60,SUCLG1,ENSG00000163541,ENSMUSG00000052738,Suclg1
61,STXBP5,ENSG00000164506,ENSMUSG00000019790,Stxbp5
62,SUN1,ENSG00000164828,ENSMUSG00000036817,Sun1
63,STRBP,ENSG00000165209,ENSMUSG00000026915,Strbp
64,STOML2,ENSG00000165283,ENSMUSG00000028455,Stoml2
65,SUGT1,ENSG00000165416,ENSMUSG00000022024,Sugt1
66,STOX1,ENSG00000165730,ENSMUSG00000036923,Stox1
67,STK32C,ENSG00000165752,ENSMUSG00000015981,Stk32c
68,STXBP4,ENSG00000166263,ENSMUSG00000020546,Stxbp4
69,STX3,ENSG00000166900,ENSMUSG00000041488,Stx3
70,STX18,ENSG00000168818,ENSMUSG00000029125,Stx18
71,STXBP6,ENSG00000168952,ENSMUSG00000046314,Stxbp6
72,STK32A,ENSG00000169302,ENSMUSG00000039954,Stk32a
73,STX8,ENSG00000170310,ENSMUSG00000020903,Stx8
74,SUCLG2,ENSG00000172340,ENSMUSG00000061838,Suclg2
75,STOX2,ENSG00000173320,ENSMUSG00000038143,Stox2
76,SULT1B1,ENSG00000173597,ENSMUSG00000029269,Sult1b1
77,STX19,ENSG00000178750,ENSMUSG00000047854,Stx19
78,SUMO3,ENSG00000184900,ENSMUSG00000020265,Sumo3
79,SUMO2,ENSG00000188612,ENSMUSG00000020738,Sumo2
80,STK40,ENSG00000196182,ENSMUSG00000042608,Stk40
81,SULT1C3,ENSG00000196228,ENSMUSG00000023943,Sult1c1
82,STK31,ENSG00000196335,ENSMUSG00000023403,Stk31
83,SULT1A1,ENSG00000196502,ENSMUSG00000000739,Sult5a1
84,SULT1A2,ENSG00000197165,ENSMUSG00000000739,Sult5a1
85,SULT1A4,ENSG00000213648,ENSMUSG00000000739,Sult5a1
86,SULT1A3,ENSG00000261052,ENSMUSG00000000739,Sult5a1
87,SULF2,ENSG00000196562,ENSMUSG00000006800,Sulf2
88,STRN3,ENSG00000196792,ENSMUSG00000020954,Strn3
89,STMN3,ENSG00000197457,ENSMUSG00000027581,Stmn3
90,SULT1C2,ENSG00000198203,ENSMUSG00000023122,Sult1c2
91,STYX,ENSG00000198252,ENSMUSG00000053205,Styx
92,STK39,ENSG00000198648,ENSMUSG00000027030,Stk39
93,SUCNR1,ENSG00000198829,ENSMUSG00000027762,Sucnr1
94,STK38L,ENSG00000211455,ENSMUSG00000001630,Stk38l
95,STRC,ENSG00000242866,ENSMUSG00000033498,Strc
96,STON1,ENSG00000243244,ENSMUSG00000033855,Ston1
97,STRADA,ENSG00000266173,ENSMUSG00000069631,Strada
98,,,ENSMUSG00000026021,Sumo1
99,,,ENSMUSG00000029273,Sult1d1
100,,,ENSMUSG00000030711,Sult1a1
101,,,ENSMUSG00000069668,Sult3a1
102,,,ENSMUSG00000111564,Stmn1-rs1
0,SYN1,ENSG00000008056,ENSMUSG00000037217,Syn1
1,SYPL1,ENSG00000008282,ENSMUSG00000020570,Sypl
2,SYT7,ENSG00000011347,ENSMUSG00000024743,Syt7
3,SYT13,ENSG00000019505,ENSMUSG00000027220,Syt13
4,SYNE2,ENSG00000054654,ENSMUSG00000063450,Syne2
5,SYT1,ENSG00000067715,ENSMUSG00000035864,Syt1
6,SYNJ2,ENSG00000078269,ENSMUSG00000023805,Synj2
7,SYDE2,ENSG00000097096,ENSMUSG00000036863,Syde2
8,SUSD2,ENSG00000099994,ENSMUSG00000006342,Susd2
9,SYNGR1,ENSG00000100321,ENSMUSG00000022415,Syngr1
10,SUV39H1,ENSG00000101945,ENSMUSG00000039231,Suv39h1
11,SYP,ENSG00000102003,ENSMUSG00000031144,Syp
12,SYTL4,ENSG00000102362,ENSMUSG00000031255,Sytl4
13,SYT17,ENSG00000103528,ENSMUSG00000058420,Syt17
14,SYDE1,ENSG00000105137,ENSMUSG00000032714,Syde1
15,SYNGR4,ENSG00000105467,ENSMUSG00000040231,Syngr4
16,SUSD1,ENSG00000106868,ENSMUSG00000038578,Susd1
17,SYNGR2,ENSG00000108639,ENSMUSG00000048277,Syngr2
18,SYT10,ENSG00000110975,ENSMUSG00000063260,Syt10
19,SYF2,ENSG00000117614,ENSMUSG00000028821,Syf2
20,SUPT7L,ENSG00000119760,ENSMUSG00000053134,Supt7l
21,SV2C,ENSG00000122012,ENSMUSG00000051111,Sv2c
22,SEMG2,ENSG00000124157,ENSMUSG00000017003,Svs3a
23,SEMG1,ENSG00000124233,ENSMUSG00000017003,Svs3a
24,SEMG2,ENSG00000124157,ENSMUSG00000050383,Svs3b
25,SEMG1,ENSG00000124233,ENSMUSG00000050383,Svs3b
26,SYMPK,ENSG00000125755,ENSMUSG00000023118,Sympk
27,SYNGR3,ENSG00000127561,ENSMUSG00000007021,Syngr3
28,SYT5,ENSG00000129990,ENSMUSG00000004961,Syt5
29,SYNE1,ENSG00000131018,ENSMUSG00000096054,Syne1
30,SYT11,ENSG00000132718,ENSMUSG00000068923,Syt11
31,SYT4,ENSG00000132872,ENSMUSG00000024261,Syt4
32,SWAP70,ENSG00000133789,ENSMUSG00000031015,Swap70
33,SYT6,ENSG00000134207,ENSMUSG00000027849,Syt6
34,SYNCRIP,ENSG00000135316,ENSMUSG00000032423,Syncrip
35,SYTL2,ENSG00000137501,ENSMUSG00000030616,Sytl2
36,SYCP3,ENSG00000139351,ENSMUSG00000020059,Sycp3
37,SUOX,ENSG00000139531,ENSMUSG00000049858,Suox
38,SYT16,ENSG00000139973,ENSMUSG00000044912,Syt16
39,SYTL1,ENSG00000142765,ENSMUSG00000028860,Sytl1
40,SYPL2,ENSG00000143028,ENSMUSG00000027887,Sypl2
41,SYT14,ENSG00000143469,ENSMUSG00000016200,Syt14
42,SUSD4,ENSG00000143502,ENSMUSG00000038576,Susd4
43,SYT2,ENSG00000143858,ENSMUSG00000026452,Syt2
44,SYTL5,ENSG00000147041,ENSMUSG00000054453,Sytl5
45,SYBU,ENSG00000147642,ENSMUSG00000022340,Sybu
46,SURF4,ENSG00000148248,ENSMUSG00000014867,Surf4
47,SURF1,ENSG00000148290,ENSMUSG00000015790,Surf1
48,SURF2,ENSG00000148291,ENSMUSG00000014873,Surf2
49,SURF6,ENSG00000148296,ENSMUSG00000036160,Surf6
50,SYT8,ENSG00000149043,ENSMUSG00000031098,Syt8
51,SUV39H2,ENSG00000152455,ENSMUSG00000026646,Suv39h2
52,SUPV3L1,ENSG00000156502,ENSMUSG00000020079,Supv3l1
53,SYN2,ENSG00000157152,ENSMUSG00000009394,Syn2
54,SUSD3,ENSG00000157303,ENSMUSG00000021384,Susd3
55,SVOPL,ENSG00000157703,ENSMUSG00000029830,Svopl
56,SYNJ1,ENSG00000159082,ENSMUSG00000022973,Synj1
57,SV2A,ENSG00000159164,ENSMUSG00000038486,Sv2a
58,SYCE2,ENSG00000161860,ENSMUSG00000003824,Syce2
59,SYNC,ENSG00000162520,ENSMUSG00000001333,Sync
60,SYNPR,ENSG00000163630,ENSMUSG00000056296,Synpr
61,SYTL3,ENSG00000164674,ENSMUSG00000041831,Sytl3
62,SUN3,ENSG00000164744,ENSMUSG00000040985,Sun3
63,SYK,ENSG00000165025,ENSMUSG00000021457,Syk
64,SVEP1,ENSG00000165124,ENSMUSG00000028369,Svep1
65,SVOP,ENSG00000166111,ENSMUSG00000042078,Svop
66,SYNPO2L,ENSG00000166317,ENSMUSG00000039376,Synpo2l
67,SUN5,ENSG00000167098,ENSMUSG00000027480,Sun5
68,SYAP1,ENSG00000169895,ENSMUSG00000031357,Syap1
69,SYT9,ENSG00000170743,ENSMUSG00000062542,Syt9
70,SYCE1,ENSG00000171772,ENSMUSG00000025480,Syce1
71,SYNPO,ENSG00000171992,ENSMUSG00000043079,Synpo
72,SYNPO2,ENSG00000172403,ENSMUSG00000050315,Synpo2
73,SYT12,ENSG00000173227,ENSMUSG00000049303,Syt12
74,SUSD5,ENSG00000173705,ENSMUSG00000086596,Susd5
75,SWI5,ENSG00000175854,ENSMUSG00000044627,Swi5
76,SUZ12,ENSG00000178691,ENSMUSG00000017548,Suz12
77,SYCN,ENSG00000179751,ENSMUSG00000084174,Sycn
78,SYNM,ENSG00000182253,ENSMUSG00000030554,Synm
79,SV2B,ENSG00000185518,ENSMUSG00000053025,Sv2b
80,SYN3,ENSG00000185666,ENSMUSG00000059602,Syn3
81,SYCP2,ENSG00000196074,ENSMUSG00000060445,Sycp2
82,SVIL,ENSG00000197321,ENSMUSG00000024236,Svil
83,SVIP,ENSG00000198168,ENSMUSG00000074093,Svip
84,SYCP1,ENSG00000198765,ENSMUSG00000027855,Sycp1
85,SYS1,ENSG00000204070,ENSMUSG00000045503,Sys1
86,SYT15,ENSG00000204176,ENSMUSG00000041479,Syt15
87,SYT15B,ENSG00000277758,ENSMUSG00000041479,Syt15
88,SYCE1L,ENSG00000205078,ENSMUSG00000033409,Syce1l
89,SYT3,ENSG00000213023,ENSMUSG00000030731,Syt3
90,SYNJ2BP,ENSG00000213463,ENSMUSG00000090935,Synj2bp
91,SYCE3,ENSG00000217442,ENSMUSG00000078938,Syce3
92,ERVFRD-1,ENSG00000244476,ENSMUSG00000047977,Synb
93,ERVFRD-1,ENSG00000244476,ENSMUSG00000085957,Syna
94,SYNRG,ENSG00000275066,ENSMUSG00000034940,Synrg
95,,,ENSMUSG00000014104,Sval2
96,,,ENSMUSG00000016998,Svs4
97,,,ENSMUSG00000017000,Svs6
98,,,ENSMUSG00000017004,Svs5
99,,,ENSMUSG00000023289,Sva
100,,,ENSMUSG00000029865,Sval1
101,,,ENSMUSG00000062833,Sval3
102,,,ENSMUSG00000109116,Sycp1-ps1
0,TAC1,ENSG00000006128,ENSMUSG00000061762,Tac1
1,TACC3,ENSG00000013810,ENSMUSG00000037313,Tacc3
2,TAB2,ENSG00000055208,ENSMUSG00000015755,Tab2
3,TAF2,ENSG00000064313,ENSMUSG00000037343,Taf2
4,TAF11,ENSG00000064995,ENSMUSG00000024218,Taf11
5,TACR2,ENSG00000075073,ENSMUSG00000020081,Tacr2
6,TAB1,ENSG00000100324,ENSMUSG00000022414,Tab1
7,TAF7L,ENSG00000102387,ENSMUSG00000009596,Taf7l
8,TAF1C,ENSG00000103168,ENSMUSG00000031832,Taf1c
9,TAF6,ENSG00000106290,ENSMUSG00000036980,Taf6
10,TARS1,ENSG00000113407,ENSMUSG00000022241,Tars
11,TANC1,ENSG00000115183,ENSMUSG00000035168,Tanc1
12,TACR1,ENSG00000115353,ENSMUSG00000030043,Tacr1
13,TAF1B,ENSG00000115750,ENSMUSG00000059669,Taf1b
14,TAF12,ENSG00000120656,ENSMUSG00000028899,Taf12
15,TARDBP,ENSG00000120948,ENSMUSG00000041459,Tardbp
16,TAS2R10,ENSG00000121318,ENSMUSG00000051153,Tas2r105
17,TAS2R10,ENSG00000121318,ENSMUSG00000053389,Tas2r107
18,TAS2R10,ENSG00000121318,ENSMUSG00000057754,Tas2r106
19,TAS2R10,ENSG00000121318,ENSMUSG00000061977,Tas2r104
20,TAS2R10,ENSG00000121318,ENSMUSG00000063478,Tas2r114
21,TAF1L,ENSG00000122728,ENSMUSG00000031314,Taf1
22,TAF1,ENSG00000147133,ENSMUSG00000031314,Taf1
23,TAS2R4,ENSG00000127364,ENSMUSG00000037140,Tas2r108
24,TAOK3,ENSG00000135090,ENSMUSG00000061288,Taok3
25,TAAR5,ENSG00000135569,ENSMUSG00000069706,Taar5
26,TAF5L,ENSG00000135801,ENSMUSG00000038697,Taf5l
27,TACO1,ENSG00000136463,ENSMUSG00000001983,Taco1
28,TANK,ENSG00000136560,ENSMUSG00000064289,Tank
29,TAF8,ENSG00000137413,ENSMUSG00000023980,Taf8
30,TACC2,ENSG00000138162,ENSMUSG00000030852,Tacc2
31,TAPBPL,ENSG00000139192,ENSMUSG00000038213,Tapbpl
32,TARBP2,ENSG00000139546,ENSMUSG00000023051,Tarbp2
33,TAF4B,ENSG00000141384,ENSMUSG00000054321,Taf4b
34,TARS2,ENSG00000143374,ENSMUSG00000028107,Tars2
35,TAF1A,ENSG00000143498,ENSMUSG00000072258,Taf1a
36,TAGLN3,ENSG00000144834,ENSMUSG00000022658,Tagln3
37,TAAR2,ENSG00000146378,ENSMUSG00000059763,Taar2
38,TAAR8,ENSG00000146385,ENSMUSG00000096442,Taar8a
39,TAAR8,ENSG00000146385,ENSMUSG00000100004,Taar8c
40,TAAR8,ENSG00000146385,ENSMUSG00000100186,Taar8b
41,TAAR1,ENSG00000146399,ENSMUSG00000056379,Taar1
42,TACC1,ENSG00000147526,ENSMUSG00000065954,Tacc1
43,TAF5,ENSG00000148835,ENSMUSG00000025049,Taf5
44,TAGLN,ENSG00000149591,ENSMUSG00000032085,Tagln
45,TAOK2,ENSG00000149930,ENSMUSG00000059981,Taok2
46,TADA1,ENSG00000152382,ENSMUSG00000026563,Tada1
47,TAB3,ENSG00000157625,ENSMUSG00000035476,Tab3
48,TAGLN2,ENSG00000158710,ENSMUSG00000026547,Tagln2
49,TAOK1,ENSG00000160551,ENSMUSG00000017291,Taok1
50,TAF6L,ENSG00000162227,ENSMUSG00000003680,Taf6l
51,SYVN1,ENSG00000162298,ENSMUSG00000024807,Syvn1
52,TAL1,ENSG00000162367,ENSMUSG00000028717,Tal1
53,TBXT,ENSG00000164458,ENSMUSG00000062327,T
54,TAGAP,ENSG00000164691,ENSMUSG00000033450,Tagap
55,TAGAP,ENSG00000164691,ENSMUSG00000052031,Tagap1
56,TAF3,ENSG00000165632,ENSMUSG00000025782,Taf3
57,TAF1D,ENSG00000166012,ENSMUSG00000031939,Taf1d
58,TAF10,ENSG00000166337,ENSMUSG00000043866,Taf10
59,TAC3,ENSG00000166863,ENSMUSG00000025400,Tac2
60,TAP1,ENSG00000168394,ENSMUSG00000037321,Tap1
61,TAPT1,ENSG00000169762,ENSMUSG00000046985,Tapt1
62,TACR3,ENSG00000169836,ENSMUSG00000028172,Tacr3
63,TAS1R3,ENSG00000169962,ENSMUSG00000029072,Tas1r3
64,TANC2,ENSG00000170921,ENSMUSG00000053580,Tanc2
65,TADA3,ENSG00000171148,ENSMUSG00000048930,Tada3
66,TADA2B,ENSG00000173011,ENSMUSG00000029196,Tada2b
67,TAS1R1,ENSG00000173662,ENSMUSG00000028950,Tas1r1
68,TAC4,ENSG00000176358,ENSMUSG00000020872,Tac4
69,TALDO1,ENSG00000177156,ENSMUSG00000025503,Taldo1
70,TAF7,ENSG00000178913,ENSMUSG00000051316,Taf7
71,TAS1R2,ENSG00000179002,ENSMUSG00000028738,Tas1r2
72,TACSTD2,ENSG00000184292,ENSMUSG00000051397,Tacstd2
73,TARS3,ENSG00000185418,ENSMUSG00000030515,Tarsl2
74,TAL2,ENSG00000186051,ENSMUSG00000028417,Tal2
75,TAF9B,ENSG00000187325,ENSMUSG00000047242,Taf9b
76,TAF13,ENSG00000197780,ENSMUSG00000048100,Taf13
77,SZT2,ENSG00000198198,ENSMUSG00000033253,Szt2
78,TAP2,ENSG00000204267,ENSMUSG00000024339,Tap2
79,TAS2R14,ENSG00000212127,ENSMUSG00000030194,Tas2r116
80,TAS2R14,ENSG00000212127,ENSMUSG00000030196,Tas2r103
81,TAS2R14,ENSG00000212127,ENSMUSG00000056926,Tas2r113
82,TAS2R14,ENSG00000212127,ENSMUSG00000062528,Tas2r109
83,TAS2R14,ENSG00000212127,ENSMUSG00000062952,Tas2r110
84,TAS2R14,ENSG00000212127,ENSMUSG00000071149,Tas2r115
85,TAS2R13,ENSG00000212128,ENSMUSG00000056901,Tas2r102
86,TAPBP,ENSG00000231925,ENSMUSG00000024308,Tapbp
87,TAAR9,ENSG00000237110,ENSMUSG00000037424,Taar9
88,TARM1,ENSG00000248385,ENSMUSG00000053338,Tarm1
89,TAF15,ENSG00000270647,ENSMUSG00000020680,Taf15
90,TAF9,ENSG00000273841,ENSMUSG00000052293,Taf9
91,TADA2A,ENSG00000276234,ENSMUSG00000018651,Tada2a
92,,,ENSMUSG00000045111,Taar6
93,,,ENSMUSG00000058159,T2
94,,,ENSMUSG00000069707,Taar4
95,,,ENSMUSG00000069708,Taar3
96,,,ENSMUSG00000095171,Taar7b
97,,,ENSMUSG00000095569,Taar7d
98,,,ENSMUSG00000095647,Taar7a
99,,,ENSMUSG00000100689,Taar7e
100,,,ENSMUSG00000100950,Taar7f
0,TBXA2R,ENSG00000006638,ENSMUSG00000034881,Tbxa2r
1,TBPL1,ENSG00000028839,ENSMUSG00000071359,Tbpl1
2,TBC1D23,ENSG00000036054,ENSMUSG00000022749,Tbc1d23
3,TBC1D22A,ENSG00000054611,ENSMUSG00000051864,Tbc1d22a
4,TBXAS1,ENSG00000059377,ENSMUSG00000029925,Tbxas1
5,TBC1D22B,ENSG00000065491,ENSMUSG00000042203,Tbc1d22b
6,TBC1D1,ENSG00000065882,ENSMUSG00000029174,Tbc1d1
7,TBC1D25,ENSG00000068354,ENSMUSG00000039201,Tbc1d25
8,TBX21,ENSG00000073861,ENSMUSG00000001444,Tbx21
9,TASP1,ENSG00000089123,ENSMUSG00000039033,Tasp1
10,TBX5,ENSG00000089225,ENSMUSG00000018263,Tbx5
11,TBL1Y,ENSG00000092377,ENSMUSG00000025246,Tbl1x
12,TBL1X,ENSG00000101849,ENSMUSG00000025246,Tbl1x
13,TBX15,ENSG00000092607,ENSMUSG00000027868,Tbx15
14,TBC1D2,ENSG00000095383,ENSMUSG00000039813,Tbc1d2
15,TBC1D10A,ENSG00000099992,ENSMUSG00000034412,Tbc1d10a
16,TBC1D17,ENSG00000104946,ENSMUSG00000038520,Tbc1d17
17,TBCB,ENSG00000105254,ENSMUSG00000006095,Tbcb
18,TAX1BP1,ENSG00000106052,ENSMUSG00000004535,Tax1bp1
19,TBL2,ENSG00000106638,ENSMUSG00000005374,Tbl2
20,TBC1D13,ENSG00000107021,ENSMUSG00000039678,Tbc1d13
21,TBC1D12,ENSG00000108239,ENSMUSG00000048720,Tbc1d12
22,TBC1D9,ENSG00000109436,ENSMUSG00000031709,Tbc1d9
23,TBC1D19,ENSG00000109680,ENSMUSG00000039178,Tbc1d19
24,TBC1D30,ENSG00000111490,ENSMUSG00000052302,Tbc1d30
25,TBP,ENSG00000112592,ENSMUSG00000014767,Tbp
26,TBX18,ENSG00000112837,ENSMUSG00000032419,Tbx18
27,TBCCD1,ENSG00000113838,ENSMUSG00000004462,Tbccd1
28,TBX2,ENSG00000121068,ENSMUSG00000000093,Tbx2
29,TBX4,ENSG00000121075,ENSMUSG00000000094,Tbx4
30,TAS2R7,ENSG00000121377,ENSMUSG00000054497,Tas2r130
31,TBC1D15,ENSG00000121749,ENSMUSG00000020130,Tbc1d15
32,TBX22,ENSG00000122145,ENSMUSG00000031241,Tbx22
33,TBCC,ENSG00000124659,ENSMUSG00000036430,Tbcc
34,TBC1D20,ENSG00000125875,ENSMUSG00000027465,Tbc1d20
35,TAS2R3,ENSG00000127362,ENSMUSG00000052850,Tas2r137
36,TAS2R16,ENSG00000128519,ENSMUSG00000043865,Tas2r118
37,TBC1D5,ENSG00000131374,ENSMUSG00000023923,Tbc1d5
38,TBC1D14,ENSG00000132405,ENSMUSG00000029192,Tbc1d14
39,TBC1D8B,ENSG00000133138,ENSMUSG00000042473,Tbc1d8b
40,TBX3,ENSG00000135111,ENSMUSG00000018604,Tbx3
41,TBC1D4,ENSG00000136111,ENSMUSG00000033083,Tbc1d4
42,TBRG4,ENSG00000136270,ENSMUSG00000000384,Tbrg4
43,TBR1,ENSG00000136535,ENSMUSG00000035033,Tbr1
44,TBCD,ENSG00000141556,ENSMUSG00000039230,Tbcd
45,TBX19,ENSG00000143178,ENSMUSG00000026572,Tbx19
46,TBCK,ENSG00000145348,ENSMUSG00000028030,Tbck
47,TBC1D7,ENSG00000145979,ENSMUSG00000021368,Tbc1d7
48,TATDN1,ENSG00000147687,ENSMUSG00000050891,Tatdn1
49,TBX6,ENSG00000149922,ENSMUSG00000030699,Tbx6
50,TBCEL,ENSG00000154114,ENSMUSG00000037287,Tbcel
51,TBRG1,ENSG00000154144,ENSMUSG00000011114,Tbrg1
52,TATDN2,ENSG00000157014,ENSMUSG00000056952,Tatdn2
53,TBC1D24,ENSG00000162065,ENSMUSG00000036473,Tbc1d24
54,TBX20,ENSG00000164532,ENSMUSG00000031965,Tbx20
55,TC2N,ENSG00000165929,ENSMUSG00000021187,Tc2n
56,TBATA,ENSG00000166220,ENSMUSG00000020096,Tbata
57,TBC1D21,ENSG00000167139,ENSMUSG00000036244,Tbc1d21
58,TBC1D2B,ENSG00000167202,ENSMUSG00000037410,Tbc1d2b
59,TBC1D16,ENSG00000167291,ENSMUSG00000039976,Tbc1d16
60,TBC1D10B,ENSG00000169221,ENSMUSG00000042492,Tbc1d10b
61,TAS2R1,ENSG00000169777,ENSMUSG00000045267,Tas2r119
62,TBCA,ENSG00000171530,ENSMUSG00000042043,Tbca
63,TCEA2,ENSG00000171703,ENSMUSG00000059540,Tcea2
64,TCEAL1,ENSG00000172465,ENSMUSG00000049536,Tceal1
65,TCAP,ENSG00000173991,ENSMUSG00000007877,Tcap
66,TBC1D10C,ENSG00000175463,ENSMUSG00000040247,Tbc1d10c
67,TBL1XR1,ENSG00000177565,ENSMUSG00000027630,Tbl1xr1
68,TBPL2,ENSG00000182521,ENSMUSG00000061809,Tbpl2
69,TBK1,ENSG00000183735,ENSMUSG00000020115,Tbk1
70,TBL3,ENSG00000183751,ENSMUSG00000040688,Tbl3
71,TBX1,ENSG00000184058,ENSMUSG00000009097,Tbx1
72,TAS2R60,ENSG00000185899,ENSMUSG00000056203,Tas2r135
73,TAS2R42,ENSG00000186136,ENSMUSG00000057699,Tas2r131
74,TCEA1,ENSG00000187735,ENSMUSG00000033813,Tcea1
75,TBC1D9B,ENSG00000197226,ENSMUSG00000036644,Tbc1d9b
76,TAT,ENSG00000198650,ENSMUSG00000001670,Tat
77,TBKBP1,ENSG00000198933,ENSMUSG00000038517,Tbkbp1
78,TATDN3,ENSG00000203705,ENSMUSG00000026632,Tatdn3
79,TCEA3,ENSG00000204219,ENSMUSG00000001604,Tcea3
80,TBC1D8,ENSG00000204634,ENSMUSG00000003134,Tbc1d8
81,TAS2R19,ENSG00000212124,ENSMUSG00000053217,Tas2r136
82,TAS2R50,ENSG00000212126,ENSMUSG00000053217,Tas2r136
83,TAS2R46,ENSG00000226761,ENSMUSG00000053217,Tas2r136
84,TAS2R43,ENSG00000255374,ENSMUSG00000053217,Tas2r136
85,TAS2R20,ENSG00000255837,ENSMUSG00000053217,Tas2r136
86,TAS2R30,ENSG00000256188,ENSMUSG00000053217,Tas2r136
87,TAS2R31,ENSG00000256436,ENSMUSG00000053217,Tas2r136
88,TAS2R19,ENSG00000212124,ENSMUSG00000059382,Tas2r120
89,TAS2R50,ENSG00000212126,ENSMUSG00000059382,Tas2r120
90,TAS2R46,ENSG00000226761,ENSMUSG00000059382,Tas2r120
91,TAS2R43,ENSG00000255374,ENSMUSG00000059382,Tas2r120
92,TAS2R20,ENSG00000255837,ENSMUSG00000059382,Tas2r120
93,TAS2R30,ENSG00000256188,ENSMUSG00000059382,Tas2r120
94,TAS2R31,ENSG00000256436,ENSMUSG00000059382,Tas2r120
95,TAS2R14,ENSG00000212127,ENSMUSG00000057381,Tas2r123
96,TAS2R14,ENSG00000212127,ENSMUSG00000058349,Tas2r117
97,TAS2R14,ENSG00000212127,ENSMUSG00000059410,Tas2r125
98,TAS2R14,ENSG00000212127,ENSMUSG00000063762,Tas2r129
99,TAS2R14,ENSG00000212127,ENSMUSG00000071147,Tas2r140
100,TAS2R13,ENSG00000212128,ENSMUSG00000060412,Tas2r124
101,TAS2R13,ENSG00000212128,ENSMUSG00000071150,Tas2r121
102,TAX1BP3,ENSG00000213977,ENSMUSG00000040158,Tax1bp3
103,TAS2R41,ENSG00000221855,ENSMUSG00000048284,Tas2r126
104,TAS2R40,ENSG00000221937,ENSMUSG00000051917,Tas2r144
105,TAS2R39,ENSG00000236398,ENSMUSG00000047102,Tas2r139
106,TAS2R38,ENSG00000257138,ENSMUSG00000058250,Tas2r138
107,TBCE,ENSG00000284770,ENSMUSG00000039233,Tbce
108,,,ENSMUSG00000020712,Tcam1
109,,,ENSMUSG00000037477,Tbx10
110,,,ENSMUSG00000046652,Tas2r143
111,,,ENSMUSG00000056115,Tas2r134
112,,,ENSMUSG00000078280,Tas2r122
0,TEAD3,ENSG00000007866,ENSMUSG00000002249,Tead3
1,TDP1,ENSG00000042088,ENSMUSG00000021177,Tdp1
2,TESK2,ENSG00000070759,ENSMUSG00000033985,Tesk2
3,TCOF1,ENSG00000070814,ENSMUSG00000024613,Tcof1
4,TCF3,ENSG00000071564,ENSMUSG00000020167,Tcf3
5,TEAD2,ENSG00000074219,ENSMUSG00000030796,Tead2
6,TCF7,ENSG00000081059,ENSMUSG00000000782,Tcf7
7,TDRD3,ENSG00000083544,ENSMUSG00000022019,Tdrd3
8,TEKT2,ENSG00000092850,ENSMUSG00000028845,Tekt2
9,TDRD1,ENSG00000095627,ENSMUSG00000025081,Tdrd1
10,TECR,ENSG00000099797,ENSMUSG00000031708,Tecr
11,TCF20,ENSG00000100207,ENSMUSG00000041852,Tcf20
12,TCL1A,ENSG00000100721,ENSMUSG00000041359,Tcl1
13,TELO2,ENSG00000100726,ENSMUSG00000024170,Telo2
14,TCFL5,ENSG00000101190,ENSMUSG00000038932,Tcfl5
15,TESK1,ENSG00000107140,ENSMUSG00000028458,Tesk1
16,TECTA,ENSG00000109927,ENSMUSG00000037705,Tecta
17,TCIRG1,ENSG00000110719,ENSMUSG00000001750,Tcirg1
18,TDP2,ENSG00000111802,ENSMUSG00000035958,Tdp2
19,TCERG1,ENSG00000113649,ENSMUSG00000024498,Tcerg1
20,TCF21,ENSG00000118526,ENSMUSG00000045680,Tcf21
21,TECTB,ENSG00000119913,ENSMUSG00000024979,Tectb
22,TCTN3,ENSG00000119977,ENSMUSG00000025008,Tctn3
23,TEK,ENSG00000120156,ENSMUSG00000006386,Tek
24,TCP1,ENSG00000120438,ENSMUSG00000068039,Tcp1
25,SPOP,ENSG00000121067,ENSMUSG00000058005,Tdpoz3
26,SPOP,ENSG00000121067,ENSMUSG00000060256,Tdpoz4
27,SPOP,ENSG00000121067,ENSMUSG00000094084,Tdpoz1
28,SPOP,ENSG00000121067,ENSMUSG00000094163,Tdpoz5
29,SPOP,ENSG00000121067,ENSMUSG00000103362,Tdpoz2
30,TCP11,ENSG00000124678,ENSMUSG00000062859,Tcp11
31,TEKT3,ENSG00000125409,ENSMUSG00000042189,Tekt3
32,TCF15,ENSG00000125878,ENSMUSG00000068079,Tcf15
33,TEP1,ENSG00000129566,ENSMUSG00000006281,Tep1
34,TERF2,ENSG00000132604,ENSMUSG00000031921,Terf2
35,TES,ENSG00000135269,ENSMUSG00000029552,Tes
36,TESPA1,ENSG00000135426,ENSMUSG00000034833,Tespa1
37,TEC,ENSG00000135605,ENSMUSG00000029217,Tec
38,TCF19,ENSG00000137310,ENSMUSG00000050410,Tcf19
39,TET1,ENSG00000138336,ENSMUSG00000047146,Tet1
40,TDG,ENSG00000139372,ENSMUSG00000034674,Tdg
41,TCF12,ENSG00000140262,ENSMUSG00000032228,Tcf12
42,TCF25,ENSG00000141002,ENSMUSG00000001472,Tcf25
43,TCTA,ENSG00000145022,ENSMUSG00000039461,Tcta
44,TCTE1,ENSG00000146221,ENSMUSG00000023949,Tcte1
45,TERF1,ENSG00000147601,ENSMUSG00000025925,Terf1
46,TCF7L2,ENSG00000148737,ENSMUSG00000024985,Tcf7l2
47,TDO2,ENSG00000151790,ENSMUSG00000028011,Tdo2
48,TCF7L1,ENSG00000152284,ENSMUSG00000055799,Tcf7l1
49,TEKT5,ENSG00000153060,ENSMUSG00000039179,Tekt5
50,TDRD9,ENSG00000156414,ENSMUSG00000054003,Tdrd9
51,TCHH,ENSG00000159450,ENSMUSG00000052415,Tchh
52,SPMIP8,ENSG00000159648,ENSMUSG00000090206,Tepp
53,TDRD5,ENSG00000162782,ENSMUSG00000060985,Tdrd5
54,TEKT4,ENSG00000163060,ENSMUSG00000024175,Tekt4
55,MAFIP,ENSG00000274847,ENSMUSG00000024175,Tekt4
56,TCF23,ENSG00000163792,ENSMUSG00000006642,Tcf23
57,TERT,ENSG00000164362,ENSMUSG00000021611,Tert
58,TCP11L2,ENSG00000166046,ENSMUSG00000020034,Tcp11l2
59,TERF2IP,ENSG00000166848,ENSMUSG00000033430,Terf2ip
60,TEF,ENSG00000167074,ENSMUSG00000022389,Tef
61,TEKT1,ENSG00000167858,ENSMUSG00000020799,Tekt1
62,TET2,ENSG00000168769,ENSMUSG00000040943,Tet2
63,TCTN2,ENSG00000168778,ENSMUSG00000118662,Tctn2
64,TDRD12,ENSG00000173809,ENSMUSG00000030491,Tdrd12
65,TCP11L1,ENSG00000176148,ENSMUSG00000027175,Tcp11l1
66,TCERG1L,ENSG00000176769,ENSMUSG00000091002,Tcerg1l
67,TCEANC,ENSG00000176896,ENSMUSG00000051224,Tceanc
68,TDRD6,ENSG00000180113,ENSMUSG00000040140,Tdrd6
69,TCEAL8,ENSG00000180964,ENSMUSG00000051579,Tceal8
70,TDRKH,ENSG00000182134,ENSMUSG00000041912,Tdrkh
71,TCHHL1,ENSG00000182898,ENSMUSG00000027908,Tchhl1
72,TCEAL7,ENSG00000182916,ENSMUSG00000079428,Tceal7
73,TCN2,ENSG00000185339,ENSMUSG00000020432,Tcn2
74,TEAD1,ENSG00000187079,ENSMUSG00000055320,Tead1
75,TDRD7,ENSG00000196116,ENSMUSG00000035517,Tdrd7
76,TCEAL3,ENSG00000196507,ENSMUSG00000031409,Tceal6
77,TCEAL5,ENSG00000204065,ENSMUSG00000031409,Tceal6
78,TCEAL6,ENSG00000204071,ENSMUSG00000031409,Tceal6
79,TCEAL3,ENSG00000196507,ENSMUSG00000044550,Tceal3
80,TCEAL5,ENSG00000204065,ENSMUSG00000044550,Tceal3
81,TCEAL6,ENSG00000204071,ENSMUSG00000044550,Tceal3
82,TCEAL3,ENSG00000196507,ENSMUSG00000054034,Tceal5
83,TCEAL5,ENSG00000204065,ENSMUSG00000054034,Tceal5
84,TCEAL6,ENSG00000204071,ENSMUSG00000054034,Tceal5
85,TCF4,ENSG00000196628,ENSMUSG00000053477,Tcf4
86,TECPR2,ENSG00000196663,ENSMUSG00000021275,Tecpr2
87,TEAD4,ENSG00000197905,ENSMUSG00000030353,Tead4
88,TCTN1,ENSG00000204852,ENSMUSG00000038593,Tctn1
89,TECPR1,ENSG00000205356,ENSMUSG00000066621,Tecpr1
90,TECRL,ENSG00000205678,ENSMUSG00000049537,Tecrl
91,TCL1B,ENSG00000213231,ENSMUSG00000000701,Tcl1b5
92,TCL1B,ENSG00000213231,ENSMUSG00000060863,Tcl1b2
93,TCL1B,ENSG00000213231,ENSMUSG00000066359,Tcl1b1
94,TCL1B,ENSG00000213231,ENSMUSG00000068940,Tcl1b3
95,TCL1B,ENSG00000213231,ENSMUSG00000079007,Tcl1b4
96,TDGF1P3,ENSG00000225366,ENSMUSG00000032494,Tdgf1
97,TDGF1,ENSG00000241186,ENSMUSG00000032494,Tdgf1
98,TCP10L,ENSG00000242220,ENSMUSG00000052469,Tcp10c
99,TCP10L,ENSG00000242220,ENSMUSG00000055602,Tcp10b
100,TCP10L,ENSG00000242220,ENSMUSG00000071322,Tcp10a
101,,ENSG00000277925,ENSMUSG00002075569,Terc
102,,,ENSMUSG00000002486,Tchp
103,,,ENSMUSG00000021953,Tdh
104,,,ENSMUSG00000029359,Tesc
105,,,ENSMUSG00000038347,Tcte2
106,,,ENSMUSG00000095821,Tcstv3
107,,,ENSMUSG00000096284,Tcstv1
108,,,ENSMUSG00000118406,Terc
0,TFPI,ENSG00000003436,ENSMUSG00000027082,Tfpi
1,TFAP2B,ENSG00000008196,ENSMUSG00000025927,Tfap2b
2,TFAP2D,ENSG00000008197,ENSMUSG00000042596,Tfap2d
3,TFB1M,ENSG00000029639,ENSMUSG00000036983,Tfb1m
4,THAP3,ENSG00000041988,ENSMUSG00000039759,Thap3
5,TG,ENSG00000042832,ENSMUSG00000053469,Tg
6,THOC3,ENSG00000051596,ENSMUSG00000025872,Thoc3
7,TFE3,ENSG00000068323,ENSMUSG00000000134,Tfe3
8,TGFBR3,ENSG00000069702,ENSMUSG00000029287,Tgfbr3
9,TFRC,ENSG00000072274,ENSMUSG00000022797,Tfrc
10,THOC1,ENSG00000079134,ENSMUSG00000024287,Thoc1
11,TFAP2C,ENSG00000087510,ENSMUSG00000028640,Tfap2c
12,TGDS,ENSG00000088451,ENSMUSG00000022130,Tgds
13,TFAP4,ENSG00000090447,ENSMUSG00000005718,Tfap4
14,TGM1,ENSG00000092295,ENSMUSG00000022218,Tgm1
15,TGFB2,ENSG00000092969,ENSMUSG00000039239,Tgfb2
16,TFIP11,ENSG00000100109,ENSMUSG00000029345,Tfip11
17,THOC5,ENSG00000100296,ENSMUSG00000034274,Thoc5
18,TGM5,ENSG00000104055,ENSMUSG00000053675,Tgm5
19,TGFB1,ENSG00000105329,ENSMUSG00000002603,Tgfb1
20,SPMAP2,ENSG00000105549,ENSMUSG00000020317,Theg
21,TFPT,ENSG00000105619,ENSMUSG00000006335,Tfpt
22,TFPI2,ENSG00000105825,ENSMUSG00000029664,Tfpi2
23,TFEC,ENSG00000105967,ENSMUSG00000029553,Tfec
24,TFR2,ENSG00000106327,ENSMUSG00000029716,Tfr2
25,TGFBR1,ENSG00000106799,ENSMUSG00000007613,Tgfbr1
26,TFAM,ENSG00000108064,ENSMUSG00000003923,Tfam
27,TFEB,ENSG00000112561,ENSMUSG00000023990,Tfeb
28,THG1L,ENSG00000113272,ENSMUSG00000011254,Thg1l
29,THBS4,ENSG00000113296,ENSMUSG00000021702,Thbs4
30,TFDP2,ENSG00000114126,ENSMUSG00000032411,Tfdp2
31,TFG,ENSG00000114354,ENSMUSG00000022757,Tfg
32,TFCP2L1,ENSG00000115112,ENSMUSG00000026380,Tfcp2l1
33,THADA,ENSG00000115970,ENSMUSG00000024251,Thada
34,TFAP2E,ENSG00000116819,ENSMUSG00000042477,Tfap2e
35,TGIF2,ENSG00000118707,ENSMUSG00000062175,Tgif2
36,TGFB3,ENSG00000119699,ENSMUSG00000021253,Tgfb3
37,TEX11,ENSG00000120498,ENSMUSG00000009670,Tex11
38,TGFBI,ENSG00000120708,ENSMUSG00000035493,Tgfbi
39,TEX14,ENSG00000121101,ENSMUSG00000010342,Tex14
40,THOC2,ENSG00000125676,ENSMUSG00000037475,Thoc2
41,TGM3,ENSG00000125780,ENSMUSG00000027401,Tgm3
42,TEX101,ENSG00000131126,ENSMUSG00000062773,Tex101
43,THOC6,ENSG00000131652,ENSMUSG00000041319,Thoc6
44,THAP1,ENSG00000131931,ENSMUSG00000037214,Thap1
45,TEX15,ENSG00000133863,ENSMUSG00000009628,Tex15
46,TFCP2,ENSG00000135457,ENSMUSG00000009733,Tfcp2
47,TGFBRAP1,ENSG00000135966,ENSMUSG00000070939,Tgfbrap1
48,TEX2,ENSG00000136478,ENSMUSG00000040548,Tex2
49,TEX10,ENSG00000136891,ENSMUSG00000028345,Tex10
50,TFAP2A,ENSG00000137203,ENSMUSG00000021359,Tfap2a
51,TGS1,ENSG00000137574,ENSMUSG00000028233,Tgs1
52,THBS1,ENSG00000137801,ENSMUSG00000040152,Thbs1
53,TGFB1I1,ENSG00000140682,ENSMUSG00000030782,Tgfb1i1
54,TEX261,ENSG00000144043,ENSMUSG00000014748,Tex261
55,THNSL2,ENSG00000144115,ENSMUSG00000054474,Thnsl2
56,TEX12,ENSG00000150783,ENSMUSG00000032065,Tex12
57,TEX9,ENSG00000151575,ENSMUSG00000090626,Tex9
58,TGOLN2,ENSG00000152291,ENSMUSG00000056429,Tgoln1
59,TGIF2LX,ENSG00000153779,ENSMUSG00000100133,Tgif2lx1
60,TGIF2LY,ENSG00000176679,ENSMUSG00000100133,Tgif2lx1
61,TGIF2LX,ENSG00000153779,ENSMUSG00000100194,Tgif2lx2
62,TGIF2LY,ENSG00000176679,ENSMUSG00000100194,Tgif2lx2
63,THEM4,ENSG00000159445,ENSMUSG00000028145,Them4
64,TGM7,ENSG00000159495,ENSMUSG00000079103,Tgm7
65,TFF3,ENSG00000160180,ENSMUSG00000024029,Tff3
66,TFF2,ENSG00000160181,ENSMUSG00000024028,Tff2
67,TFF1,ENSG00000160182,ENSMUSG00000024032,Tff1
68,TFB2M,ENSG00000162851,ENSMUSG00000026492,Tfb2m
69,TGFA,ENSG00000163235,ENSMUSG00000029999,Tgfa
70,TGFBR2,ENSG00000163513,ENSMUSG00000032440,Tgfbr2
71,THOC7,ENSG00000163634,ENSMUSG00000053453,Thoc7
72,TGM4,ENSG00000163810,ENSMUSG00000025787,Tgm4
73,TEX264,ENSG00000164081,ENSMUSG00000040813,Tex264
74,TGM6,ENSG00000166948,ENSMUSG00000027403,Tgm6
75,THAP11,ENSG00000168286,ENSMUSG00000036442,Thap11
76,THBS3,ENSG00000169231,ENSMUSG00000028047,Thbs3
77,TEX13B,ENSG00000170925,ENSMUSG00000071686,Tex13a
78,THEMIS,ENSG00000172673,ENSMUSG00000049109,Themis
79,THAP2,ENSG00000173451,ENSMUSG00000020137,Thap2
80,THAP4,ENSG00000176946,ENSMUSG00000026279,Thap4
81,TGIF1,ENSG00000177426,ENSMUSG00000047407,Tgif1
82,THBD,ENSG00000178726,ENSMUSG00000074743,Thbd
83,TH,ENSG00000180176,ENSMUSG00000000214,Th
84,TEX19,ENSG00000182459,ENSMUSG00000039329,Tex19.1
85,TEX19,ENSG00000182459,ENSMUSG00000039337,Tex19.2
86,THAP7,ENSG00000184436,ENSMUSG00000022760,Thap7
87,THNSL1,ENSG00000185875,ENSMUSG00000048550,Thnsl1
88,THBS2,ENSG00000186340,ENSMUSG00000023885,Thbs2
89,TET3,ENSG00000187605,ENSMUSG00000034832,Tet3
90,THEM5,ENSG00000196407,ENSMUSG00000028148,Them5
91,TFDP1,ENSG00000198176,ENSMUSG00000038482,Tfdp1
92,TGM2,ENSG00000198959,ENSMUSG00000037820,Tgm2
93,TEX22,ENSG00000226174,ENSMUSG00000012211,Tex22
94,TEX28,ENSG00000278057,ENSMUSG00000062564,Tex28
95,,,ENSMUSG00000017713,Tha1
96,,,ENSMUSG00000021056,Tex21
97,,,ENSMUSG00000034555,Tex16
98,,,ENSMUSG00000071138,Tex24
99,,,ENSMUSG00000078921,Tgtp2
100,,,ENSMUSG00000078922,Tgtp1
101,,,ENSMUSG00000102644,Thap6
0,THSD7A,ENSG00000005108,ENSMUSG00000032625,Thsd7a
1,TKTL1,ENSG00000007350,ENSMUSG00000031397,Tktl1
2,TIMP2,ENSG00000035862,ENSMUSG00000017466,Timp2
3,TLL1,ENSG00000038295,ENSMUSG00000053626,Tll1
4,THRAP3,ENSG00000054118,ENSMUSG00000043962,Thrap3
5,TIE1,ENSG00000066056,ENSMUSG00000033191,Tie1
6,THUMPD1,ENSG00000066654,ENSMUSG00000030942,Thumpd1
7,TIPIN,ENSG00000075131,ENSMUSG00000032397,Tipin
8,THPO,ENSG00000090534,ENSMUSG00000022847,Thpo
9,TINF2,ENSG00000092330,ENSMUSG00000007589,Tinf2
10,TLL2,ENSG00000095587,ENSMUSG00000025013,Tll2
11,TIMM13,ENSG00000099800,ENSMUSG00000020219,Timm13
12,TIMP3,ENSG00000100234,ENSMUSG00000020044,Timp3
13,TIMM9,ENSG00000100575,ENSMUSG00000021079,Timm9
14,TLR8,ENSG00000101916,ENSMUSG00000040522,Tlr8
15,TIMP1,ENSG00000102265,ENSMUSG00000001131,Timp1
16,TJP1,ENSG00000104067,ENSMUSG00000030516,Tjp1
17,TLE6,ENSG00000104953,ENSMUSG00000034758,Tle6
18,TIMM44,ENSG00000104980,ENSMUSG00000002949,Timm44
19,TIMM50,ENSG00000105197,ENSMUSG00000003438,Timm50
20,TJP3,ENSG00000105289,ENSMUSG00000034917,Tjp3
21,TLE4,ENSG00000106829,ENSMUSG00000024642,Tle4
22,TLX1,ENSG00000107807,ENSMUSG00000025215,Tlx1
23,TIMELESS,ENSG00000111602,ENSMUSG00000039994,Timeless
24,HAVCR1,ENSG00000113249,ENSMUSG00000040413,Timd2
25,TLX2,ENSG00000115297,ENSMUSG00000068327,Tlx2
26,TIA1,ENSG00000116001,ENSMUSG00000071337,Tia1
27,TJP2,ENSG00000119139,ENSMUSG00000024812,Tjp2
28,THRA,ENSG00000126351,ENSMUSG00000058756,Thra
29,TIMM17B,ENSG00000126768,ENSMUSG00000031158,Timm17b
30,TIMM8A,ENSG00000126953,ENSMUSG00000048007,Timm8a1
31,TIMM8A,ENSG00000126953,ENSMUSG00000071229,Timm8a2
32,TICAM1,ENSG00000127666,ENSMUSG00000047123,Ticam1
33,THUMPD3,ENSG00000134077,ENSMUSG00000030264,Thumpd3
34,TIMM17A,ENSG00000134375,ENSMUSG00000062580,Timm17a
35,TIMM10,ENSG00000134809,ENSMUSG00000027076,Timm10
36,THSD1,ENSG00000136114,ENSMUSG00000031480,Thsd1
37,TLR4,ENSG00000136869,ENSMUSG00000039005,Tlr4
38,TLN1,ENSG00000137076,ENSMUSG00000028465,Tln1
39,TJAP1,ENSG00000137221,ENSMUSG00000012296,Tjap1
40,TINAG,ENSG00000137251,ENSMUSG00000032357,Tinag
41,TLR2,ENSG00000137462,ENSMUSG00000027995,Tlr2
42,THUMPD2,ENSG00000138050,ENSMUSG00000024246,Thumpd2
43,TLE3,ENSG00000140332,ENSMUSG00000032280,Tle3
44,TINAGL1,ENSG00000142910,ENSMUSG00000028776,Tinagl1
45,TIPRL,ENSG00000143155,ENSMUSG00000040843,Tiprl
46,THSD7B,ENSG00000144229,ENSMUSG00000042581,Thsd7b
47,TM4SF19,ENSG00000145107,ENSMUSG00000079625,Tm4sf19
48,TIFA,ENSG00000145365,ENSMUSG00000046688,Tifa
49,TIMD4,ENSG00000145850,ENSMUSG00000055546,Timd4
50,TIAM2,ENSG00000146426,ENSMUSG00000023800,Tiam2
51,TLK2,ENSG00000146872,ENSMUSG00000020694,Tlk2
52,TIRAP,ENSG00000150455,ENSMUSG00000032041,Tirap
53,TIMM8B,ENSG00000150779,ENSMUSG00000039016,Timm8b
54,TKTL2,ENSG00000151005,ENSMUSG00000025519,Tktl2
55,THRB,ENSG00000151090,ENSMUSG00000021779,Thrb
56,THRSP,ENSG00000151365,ENSMUSG00000035686,Thrsp
57,THYN1,ENSG00000151500,ENSMUSG00000035443,Thyn1
58,TIAL1,ENSG00000151923,ENSMUSG00000030846,Tial1
59,THY1,ENSG00000154096,ENSMUSG00000032011,Thy1
60,TIAM1,ENSG00000156299,ENSMUSG00000002489,Tiam1
61,TIMP4,ENSG00000157150,ENSMUSG00000030317,Timp4
62,TLCD1,ENSG00000160606,ENSMUSG00000019437,Tlcd1
63,TM2D1,ENSG00000162604,ENSMUSG00000028563,Tm2d1
64,TIPARP,ENSG00000163659,ENSMUSG00000034640,Tiparp
65,TKT,ENSG00000163931,ENSMUSG00000021957,Tkt
66,TLR3,ENSG00000164342,ENSMUSG00000031639,Tlr3
67,TLX3,ENSG00000164438,ENSMUSG00000040610,Tlx3
68,TK2,ENSG00000166548,ENSMUSG00000035824,Tk2
69,TK1,ENSG00000167900,ENSMUSG00000025574,Tk1
70,TM4SF20,ENSG00000168955,ENSMUSG00000026149,Tm4sf20
71,TM2D2,ENSG00000169490,ENSMUSG00000031556,Tm2d2
72,TM4SF4,ENSG00000169903,ENSMUSG00000027801,Tm4sf4
73,TM4SF1,ENSG00000169908,ENSMUSG00000027800,Tm4sf1
74,TIGD4,ENSG00000169989,ENSMUSG00000047819,Tigd4
75,TLN2,ENSG00000171914,ENSMUSG00000052698,Tln2
76,THOP1,ENSG00000172009,ENSMUSG00000004929,Thop1
77,TIGD3,ENSG00000173825,ENSMUSG00000044390,Tigd3
78,TLR1,ENSG00000174125,ENSMUSG00000044827,Tlr1
79,TLR6,ENSG00000174130,ENSMUSG00000051498,Tlr6
80,TIMM22,ENSG00000177370,ENSMUSG00000020843,Timm22
81,TIGD5,ENSG00000179886,ENSMUSG00000103906,Tigd5
82,TIGD2,ENSG00000180346,ENSMUSG00000049232,Tigd2
83,TIGIT,ENSG00000181847,ENSMUSG00000071552,Tigit
84,TM2D3,ENSG00000184277,ENSMUSG00000078681,Tm2d3
85,TLCD2,ENSG00000185561,ENSMUSG00000038217,Tlcd2
86,TLR5,ENSG00000187554,ENSMUSG00000079164,Tlr5
87,THSD4,ENSG00000187720,ENSMUSG00000032289,Thsd4
88,TLR7,ENSG00000196664,ENSMUSG00000044583,Tlr7
89,TLE1,ENSG00000196781,ENSMUSG00000008305,Tle1
90,TLK1,ENSG00000198586,ENSMUSG00000041997,Tlk1
91,TIMM23B,ENSG00000204152,ENSMUSG00000013701,Timm23
92,TIMM23,ENSG00000265354,ENSMUSG00000013701,Timm23
93,TLR9,ENSG00000239732,ENSMUSG00000045322,Tlr9
94,TIFAB,ENSG00000255833,ENSMUSG00000049625,Tifab
95,THTPA,ENSG00000259431,ENSMUSG00000045691,Thtpa
96,,,ENSMUSG00000033777,Tlr13
97,,,ENSMUSG00000034771,Tle2
98,,,ENSMUSG00000051969,Tlr11
99,,,ENSMUSG00000056130,Ticam2
100,,,ENSMUSG00000062545,Tlr12
0,TMEM132A,ENSG00000006118,ENSMUSG00000024736,Tmem132a
1,TMCC3,ENSG00000057704,ENSMUSG00000020023,Tmcc3
2,TM7SF3,ENSG00000064115,ENSMUSG00000040234,Tm7sf3
3,TMEM161A,ENSG00000064545,ENSMUSG00000002342,Tmem161a
4,TMEM131,ENSG00000075568,ENSMUSG00000026116,Tmem131
5,TM9SF3,ENSG00000077147,ENSMUSG00000025016,Tm9sf3
6,TMED2,ENSG00000086598,ENSMUSG00000029390,Tmed2
7,TMEM101,ENSG00000091947,ENSMUSG00000020921,Tmem101
8,TMEM14A,ENSG00000096092,ENSMUSG00000025933,Tmem14a
9,TMED1,ENSG00000099203,ENSMUSG00000032180,Tmed1
10,TMED8,ENSG00000100580,ENSMUSG00000034111,Tmed8
11,TM9SF1,ENSG00000100926,ENSMUSG00000002320,Tm9sf1
12,TM9SF4,ENSG00000101337,ENSMUSG00000068040,Tm9sf4
13,TMC5,ENSG00000103534,ENSMUSG00000030650,Tmc5
14,TMEM147,ENSG00000105677,ENSMUSG00000006315,Tmem147
15,TMEM106B,ENSG00000106460,ENSMUSG00000029571,Tmem106b
16,TMEM104,ENSG00000109066,ENSMUSG00000045980,Tmem104
17,TMEM109,ENSG00000110108,ENSMUSG00000034659,Tmem109
18,TMEM14C,ENSG00000111843,ENSMUSG00000021361,Tmem14c
19,TMCO6,ENSG00000113119,ENSMUSG00000006850,Tmco6
20,TMED5,ENSG00000117500,ENSMUSG00000063406,Tmed5
21,TM9SF2,ENSG00000125304,ENSMUSG00000025544,Tm9sf2
22,TMEM115,ENSG00000126062,ENSMUSG00000010045,Tmem115
23,TMEM160,ENSG00000130748,ENSMUSG00000019158,Tmem160
24,TMEM128,ENSG00000132406,ENSMUSG00000067365,Tmem128
25,TMCC2,ENSG00000133069,ENSMUSG00000042066,Tmcc2
26,TMEM106C,ENSG00000134291,ENSMUSG00000052369,Tmem106c
27,TMED7,ENSG00000134970,ENSMUSG00000033184,Tmed7
28,TMBIM1,ENSG00000135926,ENSMUSG00000006301,Tmbim1
29,TMEM127,ENSG00000135956,ENSMUSG00000034850,Tmem127
30,TM6SF1,ENSG00000136404,ENSMUSG00000038623,Tm6sf1
31,TMEM117,ENSG00000139173,ENSMUSG00000063296,Tmem117
32,TMEM132B,ENSG00000139364,ENSMUSG00000070498,Tmem132b
33,TMBIM6,ENSG00000139644,ENSMUSG00000023010,Tmbim6
34,TMC6,ENSG00000141524,ENSMUSG00000025572,Tmc6
35,TM4SF5,ENSG00000142484,ENSMUSG00000018919,Tm4sf5
36,TMCO1,ENSG00000143183,ENSMUSG00000052428,Tmco1
37,TMEFF2,ENSG00000144339,ENSMUSG00000026109,Tmeff2
38,TMEM108,ENSG00000144868,ENSMUSG00000042757,Tmem108
39,TMEM140,ENSG00000146859,ENSMUSG00000057137,Tmem140
40,TMEM138,ENSG00000149483,ENSMUSG00000024666,Tmem138
41,TMC2,ENSG00000149488,ENSMUSG00000060332,Tmc2
42,TM7SF2,ENSG00000149809,ENSMUSG00000024799,Tm7sf2
43,TMCO3,ENSG00000150403,ENSMUSG00000038497,Tmco3
44,TMEM132D,ENSG00000151952,ENSMUSG00000034310,Tmem132d
45,TMEM163,ENSG00000152128,ENSMUSG00000026347,Tmem163
46,TMEM123,ENSG00000152558,ENSMUSG00000050912,Tmem123
47,TMBIM4,ENSG00000155957,ENSMUSG00000020225,Tmbim4
48,TMED6,ENSG00000157315,ENSMUSG00000031919,Tmed6
49,TMEM164,ENSG00000157600,ENSMUSG00000047045,Tmem164
50,TMED4,ENSG00000158604,ENSMUSG00000004394,Tmed4
51,TMEM143,ENSG00000161558,ENSMUSG00000002781,Tmem143
52,TMCO4,ENSG00000162542,ENSMUSG00000041143,Tmco4
53,TMEM144,ENSG00000164124,ENSMUSG00000027956,Tmem144
54,TMEM161B,ENSG00000164180,ENSMUSG00000035762,Tmem161b
55,TMC1,ENSG00000165091,ENSMUSG00000024749,Tmc1
56,TMCO5A,ENSG00000166069,ENSMUSG00000027355,Tmco5
57,TMEM100,ENSG00000166292,ENSMUSG00000069763,Tmem100
58,TMEM130,ENSG00000166448,ENSMUSG00000043388,Tmem130
59,TMED3,ENSG00000166557,ENSMUSG00000032353,Tmed3
60,TMEM135,ENSG00000166575,ENSMUSG00000039428,Tmem135
61,TMC4,ENSG00000167608,ENSMUSG00000019734,Tmc4
62,TMEM145,ENSG00000167619,ENSMUSG00000043843,Tmem145
63,TMC8,ENSG00000167895,ENSMUSG00000050106,Tmc8
64,TMEM150A,ENSG00000168890,ENSMUSG00000055912,Tmem150a
65,TMEM129,ENSG00000168936,ENSMUSG00000019295,Tmem129
66,TMEM154,ENSG00000170006,ENSMUSG00000056498,Tmem154
67,TMED10,ENSG00000170348,ENSMUSG00000021248,Tmed10
68,TMC7,ENSG00000170537,ENSMUSG00000042246,Tmc7
69,TMEM126A,ENSG00000171202,ENSMUSG00000030615,Tmem126a
70,TMEM126B,ENSG00000171204,ENSMUSG00000030614,Tmem126b
71,TMEM134,ENSG00000172663,ENSMUSG00000024845,Tmem134
72,TMCC1,ENSG00000172765,ENSMUSG00000030126,Tmcc1
73,TMEM151B,ENSG00000178233,ENSMUSG00000096847,Tmem151b
74,TMEM11,ENSG00000178307,ENSMUSG00000043284,Tmem11
75,TMEM139,ENSG00000178826,ENSMUSG00000071506,Tmem139
76,TMEM107,ENSG00000179029,ENSMUSG00000020895,Tmem107
77,TMEM125,ENSG00000179178,ENSMUSG00000050854,Tmem125
78,TMEM151A,ENSG00000179292,ENSMUSG00000061451,Tmem151a
79,TMEM150B,ENSG00000180061,ENSMUSG00000046456,Tmem150b
80,TMEM132C,ENSG00000181234,ENSMUSG00000034324,Tmem132c
81,TMEM102,ENSG00000181284,ENSMUSG00000089876,Tmem102
82,TMEM132E,ENSG00000181291,ENSMUSG00000020701,Tmem132e
83,TMEM119,ENSG00000183160,ENSMUSG00000054675,Tmem119
84,TMED9,ENSG00000184840,ENSMUSG00000058569,Tmed9
85,TMEM121,ENSG00000184986,ENSMUSG00000049036,Tmem121
86,TMEM106A,ENSG00000184988,ENSMUSG00000034947,Tmem106a
87,TMEM120B,ENSG00000188735,ENSMUSG00000054434,Tmem120b
88,TMCO2,ENSG00000188800,ENSMUSG00000078577,Tmco2
89,TMC3,ENSG00000188869,ENSMUSG00000038540,Tmc3
90,TMEM120A,ENSG00000189077,ENSMUSG00000039886,Tmem120a
91,TMEM116,ENSG00000198270,ENSMUSG00000029452,Tmem116
92,TM6SF2,ENSG00000213996,ENSMUSG00000036151,Tm6sf2
93,TMEFF1,ENSG00000241697,ENSMUSG00000028347,Tmeff1
94,TMEM141,ENSG00000244187,ENSMUSG00000026939,Tmem141
95,TMEM150C,ENSG00000249242,ENSMUSG00000050640,Tmem150c
96,TMEM158,ENSG00000249992,ENSMUSG00000054871,Tmem158
97,,,ENSMUSG00000004821,Tmed11
98,,,ENSMUSG00000041255,Tmco5b
0,TMEM176A,ENSG00000002933,ENSMUSG00000023367,Tmem176a
1,TMEM38A,ENSG00000072954,ENSMUSG00000031791,Tmem38a
2,TMEM40,ENSG00000088726,ENSMUSG00000059900,Tmem40
3,TMEM38B,ENSG00000095209,ENSMUSG00000028420,Tmem38b
4,TMEM205,ENSG00000105518,ENSMUSG00000040883,Tmem205
5,TMEM59L,ENSG00000105696,ENSMUSG00000035964,Tmem59l
6,TMEM176B,ENSG00000106565,ENSMUSG00000029810,Tmem176b
7,TMEM33,ENSG00000109133,ENSMUSG00000037720,Tmem33
8,TMEM30A,ENSG00000112697,ENSMUSG00000032328,Tmem30a
9,TMEM59,ENSG00000116209,ENSMUSG00000028618,Tmem59
10,TMEM214,ENSG00000119777,ENSMUSG00000038828,Tmem214
11,TMEM39B,ENSG00000121775,ENSMUSG00000053730,Tmem39b
12,TMEM54,ENSG00000121900,ENSMUSG00000028786,Tmem54
13,TMEM53,ENSG00000126106,ENSMUSG00000048772,Tmem53
14,TMEM175,ENSG00000127419,ENSMUSG00000013495,Tmem175
15,TMEM204,ENSG00000131634,ENSMUSG00000024168,Tmem204
16,TMEM165,ENSG00000134851,ENSMUSG00000029234,Tmem165
17,TMEM60,ENSG00000135211,ENSMUSG00000045435,Tmem60
18,TMEM63B,ENSG00000137216,ENSMUSG00000036026,Tmem63b
19,TMEM62,ENSG00000137842,ENSMUSG00000054484,Tmem62
20,TMEM19,ENSG00000139291,ENSMUSG00000069520,Tmem19
21,TMEM50B,ENSG00000142188,ENSMUSG00000022964,Tmem50b
22,TMEM177,ENSG00000144120,ENSMUSG00000036975,Tmem177
23,TMEM44,ENSG00000145014,ENSMUSG00000022537,Tmem44
24,TMEM181,ENSG00000146433,ENSMUSG00000038141,Tmem181a
25,TMEM168,ENSG00000146802,ENSMUSG00000029569,Tmem168
26,TMEM209,ENSG00000146842,ENSMUSG00000029782,Tmem209
27,TMEM47,ENSG00000147027,ENSMUSG00000025666,Tmem47
28,TMEM25,ENSG00000149582,ENSMUSG00000002032,Tmem25
29,TMEM219,ENSG00000149932,ENSMUSG00000060538,Tmem219
30,TMEM218,ENSG00000150433,ENSMUSG00000032121,Tmem218
31,TMEM18,ENSG00000151353,ENSMUSG00000043061,Tmem18
32,TMEM45B,ENSG00000151715,ENSMUSG00000041737,Tmem45b
33,TMEM178A,ENSG00000152154,ENSMUSG00000024245,Tmem178
34,TMEM171,ENSG00000157111,ENSMUSG00000052485,Tmem171
35,TMEM190,ENSG00000160472,ENSMUSG00000013091,Tmem190
36,TMEM183A,ENSG00000163444,ENSMUSG00000042305,Tmem183a
37,TMEM169,ENSG00000163449,ENSMUSG00000026188,Tmem169
38,TMEM184C,ENSG00000164168,ENSMUSG00000031617,Tmem184c
39,TMEM174,ENSG00000164325,ENSMUSG00000046082,Tmem174
40,TMEM200A,ENSG00000164484,ENSMUSG00000049420,Tmem200a
41,TMEM184A,ENSG00000164855,ENSMUSG00000036687,Tmem184a
42,TMEM63C,ENSG00000165548,ENSMUSG00000034145,Tmem63c
43,TMEM41B,ENSG00000166471,ENSMUSG00000047554,Tmem41b
44,TMEM170A,ENSG00000166822,ENSMUSG00000031953,Tmem170
45,TMEM223,ENSG00000168569,ENSMUSG00000117924,Tmem223
46,TMEM208,ENSG00000168701,ENSMUSG00000014856,Tmem208
47,TMEM42,ENSG00000169964,ENSMUSG00000066233,Tmem42
48,TMEM192,ENSG00000170088,ENSMUSG00000025521,Tmem192
49,TMEM182,ENSG00000170417,ENSMUSG00000079588,Tmem182
50,TMEM43,ENSG00000170876,ENSMUSG00000030095,Tmem43
51,TMEM37,ENSG00000171227,ENSMUSG00000050777,Tmem37
52,TMEM51,ENSG00000171729,ENSMUSG00000040616,Tmem51
53,TMEM217,ENSG00000172738,ENSMUSG00000079580,Tmem217
54,TMEM167A,ENSG00000174695,ENSMUSG00000012422,Tmem167
55,TMEM39A,ENSG00000176142,ENSMUSG00000002845,Tmem39a
56,TMEM52,ENSG00000178821,ENSMUSG00000023153,Tmem52
57,FAM156B,ENSG00000179304,ENSMUSG00000041353,Tmem29
58,FAM156A,ENSG00000268350,ENSMUSG00000041353,Tmem29
59,TMEM45A,ENSG00000181458,ENSMUSG00000022754,Tmem45a
60,TMEM30B,ENSG00000182107,ENSMUSG00000034435,Tmem30b
61,TMEM50A,ENSG00000183726,ENSMUSG00000028822,Tmem50a
62,TMEM186,ENSG00000184857,ENSMUSG00000043140,Tmem186
63,TMEM179B,ENSG00000185475,ENSMUSG00000118346,Tmem179b
64,TMEM210,ENSG00000185863,ENSMUSG00000026963,Tmem210
65,TMEM212,ENSG00000186329,ENSMUSG00000043164,Tmem212
66,TMEM222,ENSG00000186501,ENSMUSG00000028857,Tmem222
67,TMEM17,ENSG00000186889,ENSMUSG00000049904,Tmem17
68,TMEM232,ENSG00000186952,ENSMUSG00000045036,Tmem232
69,TMEM216,ENSG00000187049,ENSMUSG00000024667,Tmem216
70,TMEM203,ENSG00000187713,ENSMUSG00000078201,Tmem203
71,TMEM220,ENSG00000187824,ENSMUSG00000050270,Tmem220
72,TMEM221,ENSG00000188051,ENSMUSG00000043664,Tmem221
73,TMEM215,ENSG00000188133,ENSMUSG00000046593,Tmem215
74,TMEM198,ENSG00000188760,ENSMUSG00000051703,Tmem198
75,TMEM201,ENSG00000188807,ENSMUSG00000044700,Tmem201
76,TMEM63A,ENSG00000196187,ENSMUSG00000026519,Tmem63a
77,TMEM26,ENSG00000196932,ENSMUSG00000060044,Tmem26
78,TMEM229B,ENSG00000198133,ENSMUSG00000046157,Tmem229b
79,TMEM207,ENSG00000198398,ENSMUSG00000091972,Tmem207
80,TMEM184B,ENSG00000198792,ENSMUSG00000009035,Tmem184b
81,TMEM225,ENSG00000204300,ENSMUSG00000040541,Tmem225
82,TMEM231,ENSG00000205084,ENSMUSG00000031951,Tmem231
83,TMEM170B,ENSG00000205269,ENSMUSG00000087370,Tmem170b
84,TMEM200C,ENSG00000206432,ENSMUSG00000095407,Tmem200c
85,TMEM213,ENSG00000214128,ENSMUSG00000029829,Tmem213
86,TMEM233,ENSG00000224982,ENSMUSG00000079278,Tmem233
87,TMEM185B,ENSG00000226479,ENSMUSG00000098923,Tmem185b
88,TMEM229A,ENSG00000234224,ENSMUSG00000048022,Tmem229a
89,TMEM199,ENSG00000244045,ENSMUSG00000051232,Tmem199
90,TMEM200B,ENSG00000253304,ENSMUSG00000070720,Tmem200b
91,TMEM179,ENSG00000258986,ENSMUSG00000054013,Tmem179
92,,,ENSMUSG00000022753,Tmem30c
93,,,ENSMUSG00000022856,Tmem41a
94,,,ENSMUSG00000047090,Tmem198b
95,,,ENSMUSG00000048004,Tmem196
96,,,ENSMUSG00000049526,Tmem202
97,,,ENSMUSG00000068732,Tmem167b
98,,,ENSMUSG00000093880,Tmem181c-ps
99,,,ENSMUSG00000096780,Tmem181b-ps
0,TMEM98,ENSG00000006042,ENSMUSG00000035413,Tmem98
1,TNFRSF1B,ENSG00000028137,ENSMUSG00000028599,Tnfrsf1b
2,TNC,ENSG00000041982,ENSMUSG00000028364,Tnc
3,TNFRSF17,ENSG00000048462,ENSMUSG00000022496,Tnfrsf17
4,TNFRSF9,ENSG00000049249,ENSMUSG00000028965,Tnfrsf9
5,TNFRSF1A,ENSG00000067182,ENSMUSG00000030341,Tnfrsf1a
6,TMPRSS11E,ENSG00000087128,ENSMUSG00000054537,Tmprss11e
7,TMEM87A,ENSG00000103978,ENSMUSG00000033808,Tmem87a
8,TNFAIP1,ENSG00000109079,ENSMUSG00000017615,Tnfaip1
9,TMEM97,ENSG00000109084,ENSMUSG00000037278,Tmem97
10,TMEM9,ENSG00000116857,ENSMUSG00000026411,Tmem9
11,TNFAIP3,ENSG00000118503,ENSMUSG00000019850,Tnfaip3
12,TMPO,ENSG00000120802,ENSMUSG00000019961,Tmpo
13,TNFRSF10B,ENSG00000120889,ENSMUSG00000010751,Tnfrsf22
14,TNFRSF10D,ENSG00000173530,ENSMUSG00000010751,Tnfrsf22
15,TNFRSF10C,ENSG00000173535,ENSMUSG00000010751,Tnfrsf22
16,TNFRSF10B,ENSG00000120889,ENSMUSG00000037613,Tnfrsf23
17,TNFRSF10D,ENSG00000173530,ENSMUSG00000037613,Tnfrsf23
18,TNFRSF10C,ENSG00000173535,ENSMUSG00000037613,Tnfrsf23
19,TNFRSF10B,ENSG00000120889,ENSMUSG00000045362,Tnfrsf26
20,TNFRSF10D,ENSG00000173530,ENSMUSG00000045362,Tnfrsf26
21,TNFRSF10C,ENSG00000173535,ENSMUSG00000045362,Tnfrsf26
22,TNFRSF8,ENSG00000120949,ENSMUSG00000028602,Tnfrsf8
23,TNFSF10,ENSG00000121858,ENSMUSG00000039304,Tnfsf10
24,TNFAIP6,ENSG00000123610,ENSMUSG00000053475,Tnfaip6
25,TMTC4,ENSG00000125247,ENSMUSG00000041594,Tmtc4
26,TMX4,ENSG00000125827,ENSMUSG00000034723,Tmx4
27,TNFRSF19,ENSG00000127863,ENSMUSG00000060548,Tnfrsf19
28,TMOD2,ENSG00000128872,ENSMUSG00000032186,Tmod2
29,TMTC1,ENSG00000133687,ENSMUSG00000030306,Tmtc1
30,TMOD1,ENSG00000136842,ENSMUSG00000028328,Tmod1
31,TMEM8B,ENSG00000137103,ENSMUSG00000078716,Tmem8b
32,TMPRSS4,ENSG00000137648,ENSMUSG00000032091,Tmprss4
33,TMPRSS13,ENSG00000137747,ENSMUSG00000037129,Tmprss13
34,TMOD3,ENSG00000138594,ENSMUSG00000058587,Tmod3
35,TMTC3,ENSG00000139324,ENSMUSG00000036676,Tmtc3
36,TMX1,ENSG00000139921,ENSMUSG00000021072,Tmx1
37,TNFRSF11A,ENSG00000141655,ENSMUSG00000026321,Tnfrsf11a
38,TMEM91,ENSG00000142046,ENSMUSG00000061702,Tmem91
39,TMF1,ENSG00000144747,ENSMUSG00000030059,Tmf1
40,TNFAIP8,ENSG00000145779,ENSMUSG00000062210,Tnfaip8
41,TNFRSF21,ENSG00000146072,ENSMUSG00000023915,Tnfrsf21
42,TMEM86A,ENSG00000151117,ENSMUSG00000010307,Tmem86a
43,TMEM87B,ENSG00000153214,ENSMUSG00000014353,Tmem87b
44,TMPRSS11D,ENSG00000153802,ENSMUSG00000061259,Tmprss11d
45,TMSB4Y,ENSG00000154620,ENSMUSG00000049775,Tmsb4x
46,TMPRSS15,ENSG00000154646,ENSMUSG00000022857,Tmprss15
47,TNFRSF14,ENSG00000157873,ENSMUSG00000022074,Tnfrsf10b
48,TNFRSF14,ENSG00000157873,ENSMUSG00000042333,Tnfrsf14
49,TMEM69,ENSG00000159596,ENSMUSG00000055900,Tmem69
50,TNFRSF13C,ENSG00000159958,ENSMUSG00000068105,Tnfrsf13c
51,TMPRSS3,ENSG00000160183,ENSMUSG00000024034,Tmprss3
52,TMEM82,ENSG00000162460,ENSMUSG00000043085,Tmem82
53,TNFAIP8L2,ENSG00000163154,ENSMUSG00000013707,Tnfaip8l2
54,TMOD4,ENSG00000163157,ENSMUSG00000005628,Tmod4
55,TMEM79,ENSG00000163472,ENSMUSG00000001420,Tmem79
56,TNFRSF11B,ENSG00000164761,ENSMUSG00000063727,Tnfrsf11b
57,TMEM74,ENSG00000164841,ENSMUSG00000054409,Tmem74
58,TMUB1,ENSG00000164897,ENSMUSG00000028958,Tmub1
59,TMEM67,ENSG00000164953,ENSMUSG00000049488,Tmem67
60,TMEM65,ENSG00000164983,ENSMUSG00000062373,Tmem65
61,TMEM71,ENSG00000165071,ENSMUSG00000036944,Tmem71
62,TMX3,ENSG00000166479,ENSMUSG00000024614,Tmx3
63,TMPRSS5,ENSG00000166682,ENSMUSG00000032268,Tmprss5
64,TMEM92,ENSG00000167105,ENSMUSG00000075610,Tmem92
65,TMEM88,ENSG00000167874,ENSMUSG00000045377,Tmem88
66,TMEM68,ENSG00000167904,ENSMUSG00000028232,Tmem68
67,TMUB2,ENSG00000168591,ENSMUSG00000034757,Tmub2
68,TMEM81,ENSG00000174529,ENSMUSG00000048174,Tmem81
69,TMEM9B,ENSG00000175348,ENSMUSG00000031021,Tmem9b
70,TMEM70,ENSG00000175606,ENSMUSG00000025940,Tmem70
71,TMPRSS7,ENSG00000176040,ENSMUSG00000033177,Tmprss7
72,TMEM80,ENSG00000177042,ENSMUSG00000025505,Tmem80
73,TMPRSS9,ENSG00000178297,ENSMUSG00000059406,Tmprss9
74,TMTC2,ENSG00000179104,ENSMUSG00000036019,Tmtc2
75,TMEM86B,ENSG00000180089,ENSMUSG00000045282,Tmem86b
76,TMEM64,ENSG00000180694,ENSMUSG00000043252,Tmem64
77,TMIE,ENSG00000181585,ENSMUSG00000049555,Tmie
78,TMIGD1,ENSG00000182271,ENSMUSG00000020839,Tmigd1
79,TMEM95,ENSG00000182896,ENSMUSG00000094845,Tmem95
80,TMEM89,ENSG00000183396,ENSMUSG00000025652,Tmem89
81,TNFAIP8L3,ENSG00000183578,ENSMUSG00000074345,Tnfaip8l3
82,TMPRSS2,ENSG00000184012,ENSMUSG00000000385,Tmprss2
83,TNFAIP2,ENSG00000185215,ENSMUSG00000021281,Tnfaip2
84,TNFAIP8L1,ENSG00000185361,ENSMUSG00000044469,Tnfaip8l1
85,TMPRSS12,ENSG00000186452,ENSMUSG00000045631,Tmprss12
86,TNFRSF4,ENSG00000186827,ENSMUSG00000029075,Tnfrsf4
87,TNFRSF18,ENSG00000186891,ENSMUSG00000041954,Tnfrsf18
88,TMPRSS6,ENSG00000187045,ENSMUSG00000016942,Tmprss6
89,TMPRSS11A,ENSG00000187054,ENSMUSG00000072845,Tmprss11a
90,TMEM72,ENSG00000187783,ENSMUSG00000048108,Tmem72
91,TMPPE,ENSG00000188167,ENSMUSG00000079260,Tmppe
92,TMPRSS11F,ENSG00000198092,ENSMUSG00000048764,Tmprss11f
93,TMEM88B,ENSG00000205116,ENSMUSG00000073680,Tmem88b
94,TMX2,ENSG00000213593,ENSMUSG00000050043,Tmx2
95,TNFRSF25,ENSG00000215788,ENSMUSG00000024793,Tnfrsf25
96,TNF,ENSG00000232810,ENSMUSG00000024401,Tnf
97,TNFRSF13B,ENSG00000240505,ENSMUSG00000010142,Tnfrsf13b
98,,,ENSMUSG00000023905,Tnfrsf12a
99,,,ENSMUSG00000060726,Tmsb15a
100,,,ENSMUSG00000061184,Tmprss11c
101,,,ENSMUSG00000072955,Tmsb15l
102,,,ENSMUSG00000079451,Tmprss11g
103,,,ENSMUSG00000079523,Tmsb10
104,,,ENSMUSG00000089768,Tmsb15b1
105,,,ENSMUSG00000089996,Tmsb15b2
0,TNMD,ENSG00000000005,ENSMUSG00000031250,Tnmd
1,TOMM34,ENSG00000025772,ENSMUSG00000018322,Tomm34
2,TNIP3,ENSG00000050730,ENSMUSG00000044162,Tnip3
3,TNK2,ENSG00000061938,ENSMUSG00000022791,Tnk2
4,TNPO3,ENSG00000064419,ENSMUSG00000012535,Tnpo3
5,TPD52,ENSG00000076554,ENSMUSG00000027506,Tpd52
6,TOP2B,ENSG00000077097,ENSMUSG00000017485,Top2b
7,TNRC6C,ENSG00000078687,ENSMUSG00000025571,Tnrc6c
8,TOLLIP,ENSG00000078902,ENSMUSG00000025139,Tollip
9,TNS1,ENSG00000079308,ENSMUSG00000055322,Tns1
10,TNPO1,ENSG00000083312,ENSMUSG00000009470,Tnpo1
11,TNRC6A,ENSG00000090905,ENSMUSG00000052707,Tnrc6a
12,TOX4,ENSG00000092203,ENSMUSG00000016831,Tox4
13,TOP3B,ENSG00000100038,ENSMUSG00000022779,Top3b
14,TOMM22,ENSG00000100216,ENSMUSG00000022427,Tomm22
15,TOM1,ENSG00000100284,ENSMUSG00000042870,Tom1
16,TNRC6B,ENSG00000100354,ENSMUSG00000047888,Tnrc6b
17,TPD52L2,ENSG00000101150,ENSMUSG00000000827,Tpd52l2
18,TNNC2,ENSG00000101470,ENSMUSG00000017300,Tnnc2
19,TNFSF13B,ENSG00000102524,ENSMUSG00000031497,Tnfsf13b
20,TOX3,ENSG00000103460,ENSMUSG00000043668,Tox3
21,TNNT1,ENSG00000105048,ENSMUSG00000064179,Tnnt1
22,TNPO2,ENSG00000105576,ENSMUSG00000031691,Tnpo2
23,TNFSF8,ENSG00000106952,ENSMUSG00000028362,Tnfsf8
24,TNKS2,ENSG00000107854,ENSMUSG00000024811,Tnks2
25,TPI1,ENSG00000111669,ENSMUSG00000023456,Tpi1
26,TPD52L1,ENSG00000111907,ENSMUSG00000000296,Tpd52l1
27,TNNC1,ENSG00000114854,ENSMUSG00000091898,Tnnc1
28,TPO,ENSG00000115705,ENSMUSG00000020673,Tpo
29,TNR,ENSG00000116147,ENSMUSG00000015829,Tnr
30,TNNI3K,ENSG00000116783,ENSMUSG00000040086,Tnni3k
31,TNFSF4,ENSG00000117586,ENSMUSG00000026700,Tnfsf4
32,TNNT2,ENSG00000118194,ENSMUSG00000026414,Tnnt2
33,TNP1,ENSG00000118245,ENSMUSG00000026182,Tnp1
34,TNN,ENSG00000120332,ENSMUSG00000026725,Tnn
35,TNFSF18,ENSG00000120337,ENSMUSG00000066755,Tnfsf18
36,TNFSF11,ENSG00000120659,ENSMUSG00000022015,Tnfsf11
37,TOX2,ENSG00000124191,ENSMUSG00000074607,Tox2
38,TNFSF9,ENSG00000125657,ENSMUSG00000035678,Tnfsf9
39,TNFSF14,ENSG00000125735,ENSMUSG00000005824,Tnfsf14
40,TPH1,ENSG00000129167,ENSMUSG00000040046,Tph1
41,TNNI3,ENSG00000129991,ENSMUSG00000035458,Tnni3
42,TOMM40,ENSG00000130204,ENSMUSG00000002984,Tomm40
43,TNNT3,ENSG00000130595,ENSMUSG00000061723,Tnnt3
44,TNNI2,ENSG00000130598,ENSMUSG00000031097,Tnni2
45,TNS4,ENSG00000131746,ENSMUSG00000017607,Tns4
46,TOP2A,ENSG00000131747,ENSMUSG00000020914,Top2a
47,TOE1,ENSG00000132773,ENSMUSG00000028688,Toe1
48,TNS3,ENSG00000136205,ENSMUSG00000020422,Tns3
49,TOR1B,ENSG00000136816,ENSMUSG00000026848,Tor1b
50,TOR1A,ENSG00000136827,ENSMUSG00000026849,Tor1a
51,TPMT,ENSG00000137364,ENSMUSG00000021376,Tpmt
52,TPH2,ENSG00000139287,ENSMUSG00000006764,Tph2
53,TPM1,ENSG00000140416,ENSMUSG00000032366,Tpm1
54,TOM1L1,ENSG00000141198,ENSMUSG00000020541,Tom1l1
55,TOB1,ENSG00000141232,ENSMUSG00000037573,Tob1
56,TOR1AIP1,ENSG00000143337,ENSMUSG00000026466,Tor1aip1
57,TNIP1,ENSG00000145901,ENSMUSG00000020400,Tnip1
58,TPBG,ENSG00000146242,ENSMUSG00000035274,Tpbg
59,TNKS1BP1,ENSG00000149115,ENSMUSG00000033955,Tnks1bp1
60,TOMM70,ENSG00000154174,ENSMUSG00000022752,Tomm70a
61,TNIK,ENSG00000154310,ENSMUSG00000027692,Tnik
62,TOMM40L,ENSG00000158882,ENSMUSG00000005674,Tomm40l
63,TNNI1,ENSG00000159173,ENSMUSG00000026418,Tnni1
64,TOR2A,ENSG00000160404,ENSMUSG00000009563,Tor2a
65,TONSL,ENSG00000160949,ENSMUSG00000059323,Tonsl
66,TNFSF13,ENSG00000161955,ENSMUSG00000089669,Tnfsf13
67,TPCN2,ENSG00000162341,ENSMUSG00000048677,Tpcn2
68,TOPBP1,ENSG00000163781,ENSMUSG00000032555,Topbp1
69,TPP1,ENSG00000166340,ENSMUSG00000030894,Tpp1
70,TPM4,ENSG00000167460,ENSMUSG00000031799,Tpm4
71,TNXB,ENSG00000168477,ENSMUSG00000033327,Tnxb
72,TNIP2,ENSG00000168884,ENSMUSG00000059866,Tnip2
73,TOR1AIP2,ENSG00000169905,ENSMUSG00000050565,Tor1aip2
74,TNKS,ENSG00000173273,ENSMUSG00000031529,Tnks
75,TOMM20,ENSG00000173726,ENSMUSG00000093904,Tomm20
76,TNK1,ENSG00000174292,ENSMUSG00000001583,Tnk1
77,TOM1L2,ENSG00000175662,ENSMUSG00000000538,Tom1l2
78,TOP3A,ENSG00000177302,ENSMUSG00000002814,Top3a
79,TNP2,ENSG00000178279,ENSMUSG00000043050,Tnp2
80,TNFSF15,ENSG00000181634,ENSMUSG00000050395,Tnfsf15
81,TNRC18,ENSG00000182095,ENSMUSG00000039477,Tnrc18
82,TOB2,ENSG00000183864,ENSMUSG00000048546,Tob2
83,TOP1MT,ENSG00000184428,ENSMUSG00000000934,Top1mt
84,TOR3A,ENSG00000186283,ENSMUSG00000060519,Tor3a
85,TPCN1,ENSG00000186815,ENSMUSG00000032741,Tpcn1
86,TPK1,ENSG00000196511,ENSMUSG00000029735,Tpk1
87,TOMM7,ENSG00000196683,ENSMUSG00000028998,Tomm7
88,TOMM20L,ENSG00000196860,ENSMUSG00000021078,Tomm20l
89,TOPORS,ENSG00000197579,ENSMUSG00000036822,Topors
90,TOX,ENSG00000198846,ENSMUSG00000041272,Tox
91,TOP1,ENSG00000198900,ENSMUSG00000070544,Top1
92,TOMM6,ENSG00000214736,ENSMUSG00000033475,Tomm6
93,TNFSF12,ENSG00000239697,ENSMUSG00000097328,Tnfsf12
94,TOMT,ENSG00000284844,ENSMUSG00000078630,Tomt
95,,,ENSMUSG00000027940,Tpm3
96,,,ENSMUSG00000028464,Tpm2
97,,,ENSMUSG00000033834,Tpbpa
98,,,ENSMUSG00000062705,Tpbpb
99,,,ENSMUSG00000078713,Tomm5
0,TRAPPC6A,ENSG00000007255,ENSMUSG00000002043,Trappc6a
1,TRAF3IP3,ENSG00000009790,ENSMUSG00000037318,Traf3ip3
2,TPR,ENSG00000047410,ENSMUSG00000006005,Tpr
3,TRAPPC3,ENSG00000054116,ENSMUSG00000028847,Trappc3
4,TRAF1,ENSG00000056558,ENSMUSG00000026875,Traf1
5,TRAF3IP2,ENSG00000056972,ENSMUSG00000019842,Traf3ip2
6,TRAM2,ENSG00000065308,ENSMUSG00000041779,Tram2
7,TRAM1,ENSG00000067167,ENSMUSG00000025935,Tram1
8,TRIB2,ENSG00000071575,ENSMUSG00000020601,Trib2
9,TRHDE,ENSG00000072657,ENSMUSG00000050663,Trhde
10,TRAF4,ENSG00000076604,ENSMUSG00000017386,Traf4
11,TRAF5,ENSG00000082512,ENSMUSG00000026637,Traf5
12,TPX2,ENSG00000088325,ENSMUSG00000027469,Tpx2
13,TF,ENSG00000091513,ENSMUSG00000032554,Trf
14,TREM2,ENSG00000095970,ENSMUSG00000023992,Trem2
15,TRIB3,ENSG00000101255,ENSMUSG00000032715,Trib3
16,TRADD,ENSG00000102871,ENSMUSG00000031887,Tradd
17,TRIM14,ENSG00000106785,ENSMUSG00000039853,Trim14
18,TRDMT1,ENSG00000107614,ENSMUSG00000026723,Trdmt1
19,TRIM2,ENSG00000109654,ENSMUSG00000027993,Trim2
20,TRIM3,ENSG00000110171,ENSMUSG00000036989,Trim3
21,TREML2,ENSG00000112195,ENSMUSG00000071068,Treml2
22,TRIM23,ENSG00000113595,ENSMUSG00000021712,Trim23
23,TRAK2,ENSG00000115993,ENSMUSG00000026028,Trak2
24,TPSG1,ENSG00000116176,ENSMUSG00000033200,Tpsg1
25,TREH,ENSG00000118094,ENSMUSG00000032098,Treh
26,TRIM25,ENSG00000121060,ENSMUSG00000000275,Trim25
27,TRIM24,ENSG00000122779,ENSMUSG00000029833,Trim24
28,TRERF1,ENSG00000124496,ENSMUSG00000064043,Trerf1
29,TREM1,ENSG00000124731,ENSMUSG00000042265,Trem1
30,TRAP1,ENSG00000126602,ENSMUSG00000005981,Trap1
31,TRAF2,ENSG00000127191,ENSMUSG00000026942,Traf2
32,TPST2,ENSG00000128294,ENSMUSG00000029344,Tpst2
33,TRIM28,ENSG00000130726,ENSMUSG00000005566,Trim28
34,TRAF3,ENSG00000131323,ENSMUSG00000021277,Traf3
35,TRAF7,ENSG00000131653,ENSMUSG00000052752,Traf7
36,TRIM21,ENSG00000132109,ENSMUSG00000030966,Trim21
37,TRIM5,ENSG00000132256,ENSMUSG00000030921,Trim30a
38,TRIM5,ENSG00000132256,ENSMUSG00000052749,Trim30b
39,TRIM5,ENSG00000132256,ENSMUSG00000057143,Trim12c
40,TRIM5,ENSG00000132256,ENSMUSG00000057596,Trim30d
41,TRIM5,ENSG00000132256,ENSMUSG00000066258,Trim12a
42,TPTE2,ENSG00000132958,ENSMUSG00000031481,Tpte
43,TPTE,ENSG00000274391,ENSMUSG00000031481,Tpte
44,TPT1,ENSG00000133112,ENSMUSG00000060126,Tpt1
45,TPP2,ENSG00000134900,ENSMUSG00000041763,Tpp2
46,TRAFD1,ENSG00000135148,ENSMUSG00000042726,Trafd1
47,TRA2B,ENSG00000136527,ENSMUSG00000022858,Tra2b
48,TRIM29,ENSG00000137699,ENSMUSG00000032013,Trim29
49,TPRKB,ENSG00000144034,ENSMUSG00000054226,Tprkb
50,TRAPPC8,ENSG00000153339,ENSMUSG00000033382,Trappc8
51,TRIM11,ENSG00000154370,ENSMUSG00000020455,Trim11
52,TPRG1L,ENSG00000158109,ENSMUSG00000029030,Tprgl
53,TPPP3,ENSG00000159713,ENSMUSG00000014846,Tppp3
54,TRAPPC10,ENSG00000160218,ENSMUSG00000000374,Trappc10
55,TREML1,ENSG00000161911,ENSMUSG00000023993,Treml1
56,TRIM17,ENSG00000162931,ENSMUSG00000036964,Trim17
57,TRAT1,ENSG00000163519,ENSMUSG00000030775,Trat1
58,TPRA1,ENSG00000163870,ENSMUSG00000002871,Tpra1
59,TRA2A,ENSG00000164548,ENSMUSG00000029817,Tra2a
60,TRAPPC2L,ENSG00000167515,ENSMUSG00000015013,Trappc2l
61,TRAPPC9,ENSG00000167632,ENSMUSG00000047921,Trappc9
62,TRANK1,ENSG00000168016,ENSMUSG00000062296,Trank1
63,TPST1,ENSG00000169902,ENSMUSG00000034118,Tpst1
64,TRAPPC1,ENSG00000170043,ENSMUSG00000049299,Trappc1
65,TRABD,ENSG00000170638,ENSMUSG00000015363,Trabd
66,TRIAP1,ENSG00000170855,ENSMUSG00000029535,Triap1
67,TRH,ENSG00000170893,ENSMUSG00000005892,Trh
68,TPPP,ENSG00000171368,ENSMUSG00000021573,Tppp
69,TPSAB1,ENSG00000172236,ENSMUSG00000024173,Tpsab1
70,TPSB2,ENSG00000197253,ENSMUSG00000024173,Tpsab1
71,TPSAB1,ENSG00000172236,ENSMUSG00000033825,Tpsb2
72,TPSB2,ENSG00000197253,ENSMUSG00000033825,Tpsb2
73,TRIB1,ENSG00000173334,ENSMUSG00000032501,Trib1
74,TRHR,ENSG00000174417,ENSMUSG00000038760,Trhr
75,TRAM1L1,ENSG00000174599,ENSMUSG00000044528,Tram1l1
76,TRAF6,ENSG00000175104,ENSMUSG00000027164,Traf6
77,TPRN,ENSG00000176058,ENSMUSG00000048707,Tprn
78,TPPP2,ENSG00000179636,ENSMUSG00000008813,Tppp2
79,TRAPPC5,ENSG00000181029,ENSMUSG00000040236,Trappc5
80,TRAPPC6B,ENSG00000182400,ENSMUSG00000020993,Trappc6b
81,TRAK1,ENSG00000182606,ENSMUSG00000032536,Trak1
82,TREX2,ENSG00000183479,ENSMUSG00000031372,Trex2
83,TRAIP,ENSG00000183763,ENSMUSG00000032586,Traip
84,TRDN,ENSG00000186439,ENSMUSG00000019787,Trdn
85,TPRG1,ENSG00000188001,ENSMUSG00000048399,Tprg
86,TREML4,ENSG00000188056,ENSMUSG00000051682,Treml4
87,TRAPPC2,ENSG00000196459,ENSMUSG00000079317,Trappc2
88,TRAPPC4,ENSG00000196655,ENSMUSG00000032112,Trappc4
89,TRAF3IP1,ENSG00000204104,ENSMUSG00000034292,Traf3ip1
90,TRIM15,ENSG00000204610,ENSMUSG00000050747,Trim15
91,TRIM10,ENSG00000204613,ENSMUSG00000073400,Trim10
92,TRIM27,ENSG00000204713,ENSMUSG00000021326,Trim27
93,TRIM13,ENSG00000204977,ENSMUSG00000035235,Trim13
94,TREX1,ENSG00000213689,ENSMUSG00000049734,Trex1
95,TRIM16,ENSG00000221926,ENSMUSG00000047821,Trim16
96,TRIM26,ENSG00000234127,ENSMUSG00000024457,Trim26
97,TRIL,ENSG00000255690,ENSMUSG00000043496,Tril
98,,,ENSMUSG00000039079,Trhr2
99,,,ENSMUSG00000041754,Trem3
100,,,ENSMUSG00000051257,Trap1a
101,,,ENSMUSG00000070298,Trcg1
102,,,ENSMUSG00000073929,Trim30e-ps1
0,TRIO,ENSG00000038382,ENSMUSG00000022263,Trio
1,TRIT1,ENSG00000043514,ENSMUSG00000028653,Trit1
2,TRMT11,ENSG00000066651,ENSMUSG00000019792,Trmt11
3,TP53BP1,ENSG00000067369,ENSMUSG00000043909,Trp53bp1
4,TRO,ENSG00000067445,ENSMUSG00000025272,Tro
5,TRPC7,ENSG00000069018,ENSMUSG00000021541,Trpc7
6,TRPM5,ENSG00000070985,ENSMUSG00000009246,Trpm5
7,TRIP13,ENSG00000071539,ENSMUSG00000021569,Trip13
8,TRPC5,ENSG00000072315,ENSMUSG00000041710,Trpc5
9,TRNT1,ENSG00000072756,ENSMUSG00000013736,Trnt1
10,TP63,ENSG00000073282,ENSMUSG00000022510,Trp63
11,TP53INP2,ENSG00000078804,ENSMUSG00000038375,Trp53inp2
12,TP73,ENSG00000078900,ENSMUSG00000029026,Trp73
13,TRPM3,ENSG00000083067,ENSMUSG00000052387,Trpm3
14,TRIP6,ENSG00000087077,ENSMUSG00000023348,Trip6
15,TRMT6,ENSG00000089195,ENSMUSG00000037376,Trmt6
16,TRPM7,ENSG00000092439,ENSMUSG00000027365,Trpm7
17,TRMT2A,ENSG00000099899,ENSMUSG00000022721,Trmt2a
18,TRIOBP,ENSG00000100106,ENSMUSG00000033088,Triobp
19,TRMU,ENSG00000100416,ENSMUSG00000022386,Trmu
20,TRIM9,ENSG00000100505,ENSMUSG00000021071,Trim9
21,TRIP11,ENSG00000100815,ENSMUSG00000021188,Trip11
22,TRPC4AP,ENSG00000100991,ENSMUSG00000038324,Trpc4ap
23,TRIP4,ENSG00000103671,ENSMUSG00000032386,Trip4
24,TRIM35,ENSG00000104228,ENSMUSG00000022043,Trim35
25,TRPA1,ENSG00000104321,ENSMUSG00000032769,Trpa1
26,TRPS1,ENSG00000104447,ENSMUSG00000038679,Trps1
27,TRMT1,ENSG00000104907,ENSMUSG00000001909,Trmt1
28,TRIM37,ENSG00000108395,ENSMUSG00000018548,Trim37
29,TRIM38,ENSG00000112343,ENSMUSG00000064140,Trim38
30,TRIM62,ENSG00000116525,ENSMUSG00000041000,Trim62
31,TRPM6,ENSG00000119121,ENSMUSG00000024727,Trpm6
32,TRIM67,ENSG00000119283,ENSMUSG00000036913,Trim67
33,TRIM32,ENSG00000119401,ENSMUSG00000051675,Trim32
34,TRIM6,ENSG00000121236,ENSMUSG00000072244,Trim6
35,TRIP10,ENSG00000125733,ENSMUSG00000019487,Trip10
36,TRMT5,ENSG00000126814,ENSMUSG00000034442,Trmt5
37,TRPM4,ENSG00000130529,ENSMUSG00000038260,Trpm4
38,TRIM22,ENSG00000132274,ENSMUSG00000071089,Trim75
39,TRIM47,ENSG00000132481,ENSMUSG00000020773,Trim47
40,TRPC4,ENSG00000133107,ENSMUSG00000027748,Trpc4
41,TRPM1,ENSG00000134160,ENSMUSG00000030523,Trpm1
42,TRIM45,ENSG00000134253,ENSMUSG00000033233,Trim45
43,TROAP,ENSG00000135451,ENSMUSG00000032783,Troap
44,TRPC6,ENSG00000137672,ENSMUSG00000031997,Trpc6
45,TRIM54,ENSG00000138100,ENSMUSG00000062077,Trim54
46,TRPC3,ENSG00000138741,ENSMUSG00000027716,Trpc3
47,TP53,ENSG00000141510,ENSMUSG00000059552,Trp53
48,TRIM65,ENSG00000141569,ENSMUSG00000054517,Trim65
49,TRPM2,ENSG00000142185,ENSMUSG00000009292,Trpm2
50,TP53BP2,ENSG00000143514,ENSMUSG00000026510,Trp53bp2
51,TRIM43B,ENSG00000144010,ENSMUSG00000067399,Trim43c
52,TRIM43,ENSG00000144015,ENSMUSG00000067399,Trim43c
53,TRIM43B,ENSG00000144010,ENSMUSG00000079162,Trim43b
54,TRIM43,ENSG00000144015,ENSMUSG00000079162,Trim43b
55,TRIM43B,ENSG00000144010,ENSMUSG00000090693,Trim43a
56,TRIM43,ENSG00000144015,ENSMUSG00000090693,Trim43a
57,TRPM8,ENSG00000144481,ENSMUSG00000036251,Trpm8
58,TRPC1,ENSG00000144935,ENSMUSG00000032839,Trpc1
59,TRIM7,ENSG00000146054,ENSMUSG00000040350,Trim7
60,TRIM41,ENSG00000146063,ENSMUSG00000040365,Trim41
61,TRIM50,ENSG00000146755,ENSMUSG00000053388,Trim50
62,TRIM55,ENSG00000147573,ENSMUSG00000060913,Trim55
63,TRPT1,ENSG00000149743,ENSMUSG00000047656,Trpt1
64,TRIM36,ENSG00000152503,ENSMUSG00000033949,Trim36
65,TRIP12,ENSG00000153827,ENSMUSG00000026219,Trip12
66,TRIM42,ENSG00000155890,ENSMUSG00000032451,Trim42
67,TRIM63,ENSG00000158022,ENSMUSG00000028834,Trim63
68,TRIM58,ENSG00000162722,ENSMUSG00000037124,Trim58
69,TRIM46,ENSG00000163462,ENSMUSG00000042766,Trim46
70,TP53INP1,ENSG00000164938,ENSMUSG00000028211,Trp53inp1
71,TRMT61A,ENSG00000166166,ENSMUSG00000060950,Trmt61a
72,TRIM44,ENSG00000166326,ENSMUSG00000027189,Trim44
73,TRIM66,ENSG00000166436,ENSMUSG00000031026,Trim66
74,TRIM68,ENSG00000167333,ENSMUSG00000073968,Trim68
75,TP53I13,ENSG00000167543,ENSMUSG00000044328,Trp53i13
76,TRIM56,ENSG00000169871,ENSMUSG00000043279,Trim56
77,TPD52L3,ENSG00000170777,ENSMUSG00000024815,Trpd52l3
78,TRIM8,ENSG00000171206,ENSMUSG00000025034,Trim8
79,TRMT112,ENSG00000173113,ENSMUSG00000038812,Trmt112
80,TP53I11,ENSG00000175274,ENSMUSG00000068735,Trp53i11
81,TRIM60,ENSG00000176979,ENSMUSG00000053490,Trim60
82,TRIM72,ENSG00000177238,ENSMUSG00000042828,Trim72
83,TRIML2,ENSG00000179046,ENSMUSG00000091490,Triml2
84,TRNAU1AP,ENSG00000180098,ENSMUSG00000028898,Trnau1ap
85,TRIM61,ENSG00000183439,ENSMUSG00000109718,Trim61
86,TRMT12,ENSG00000183665,ENSMUSG00000037085,Trmt12
87,TRIM52,ENSG00000183718,ENSMUSG00000022113,Trim52
88,TRIML1,ENSG00000184108,ENSMUSG00000031651,Triml1
89,TRIM69,ENSG00000185880,ENSMUSG00000033368,Trim69
90,TRMT2B,ENSG00000188917,ENSMUSG00000067369,Trmt2b
91,TRPV1,ENSG00000196689,ENSMUSG00000005952,Trpv1
92,TRIM33,ENSG00000197323,ENSMUSG00000033014,Trim33
93,TRIM39,ENSG00000204599,ENSMUSG00000045409,Trim39
94,TRIM40,ENSG00000204614,ENSMUSG00000073399,Trim40
95,TRIM31,ENSG00000204616,ENSMUSG00000058063,Trim31
96,TRIM71,ENSG00000206557,ENSMUSG00000079259,Trim71
97,TRIM59,ENSG00000213186,ENSMUSG00000034317,Trim59
98,TRNP1,ENSG00000253368,ENSMUSG00000056596,Trnp1
99,TRIM34,ENSG00000258659,ENSMUSG00000056144,Trim34a
100,TRIM34,ENSG00000258659,ENSMUSG00000090215,Trim34b
101,,,ENSMUSG00000085492,Trmt61b
102,,,ENSMUSG00000100254,Trpc2
0,TSPAN6,ENSG00000000003,ENSMUSG00000067377,Tspan6
1,TTC22,ENSG00000006555,ENSMUSG00000034919,Ttc22
2,PRSS3,ENSG00000010438,ENSMUSG00000036938,Try5
3,PRSS1,ENSG00000204983,ENSMUSG00000036938,Try5
4,PRSS2,ENSG00000275896,ENSMUSG00000036938,Try5
5,PRSS3,ENSG00000010438,ENSMUSG00000054106,Try4
6,PRSS1,ENSG00000204983,ENSMUSG00000054106,Try4
7,PRSS2,ENSG00000275896,ENSMUSG00000054106,Try4
8,PRSS3,ENSG00000010438,ENSMUSG00000071521,Try10
9,PRSS1,ENSG00000204983,ENSMUSG00000071521,Try10
10,PRSS2,ENSG00000275896,ENSMUSG00000071521,Try10
11,TSPAN9,ENSG00000011105,ENSMUSG00000030352,Tspan9
12,TTC19,ENSG00000011295,ENSMUSG00000042298,Ttc19
13,TTC27,ENSG00000018699,ENSMUSG00000024078,Ttc27
14,TSPAN17,ENSG00000048140,ENSMUSG00000025875,Tspan17
15,TTC17,ENSG00000052841,ENSMUSG00000027194,Ttc17
16,TSPAN32,ENSG00000064201,ENSMUSG00000000244,Tspan32
17,TSG101,ENSG00000074319,ENSMUSG00000014402,Tsg101
18,TSPAN15,ENSG00000099282,ENSMUSG00000037031,Tspan15
19,TTC28,ENSG00000100154,ENSMUSG00000033209,Ttc28
20,TSPO,ENSG00000100300,ENSMUSG00000041736,Tspo
21,TSC22D1,ENSG00000102804,ENSMUSG00000022010,Tsc22d1
22,TSNAXIP1,ENSG00000102904,ENSMUSG00000031893,Tsnaxip1
23,TSC2,ENSG00000103197,ENSMUSG00000002496,Tsc2
24,TTC23,ENSG00000103852,ENSMUSG00000030555,Ttc23
25,TSPAN12,ENSG00000106025,ENSMUSG00000029669,Tspan12
26,TSPAN13,ENSG00000106537,ENSMUSG00000020577,Tspan13
27,TSPAN14,ENSG00000108219,ENSMUSG00000037824,Tspan14
28,TSPAN11,ENSG00000110900,ENSMUSG00000030351,Tspan11
29,TRPV4,ENSG00000111199,ENSMUSG00000014158,Trpv4
30,TSPO2,ENSG00000112212,ENSMUSG00000023995,Tspo2
31,TTC1,ENSG00000113312,ENSMUSG00000041278,Ttc1
32,TSNAX,ENSG00000116918,ENSMUSG00000056820,Tsnax
33,TSPAN1,ENSG00000117472,ENSMUSG00000028699,Tspan1
34,TSHZ3,ENSG00000121297,ENSMUSG00000021217,Tshz3
35,TSFM,ENSG00000123297,ENSMUSG00000040521,Tsfm
36,TTC21B,ENSG00000123607,ENSMUSG00000034848,Ttc21b
37,TSKS,ENSG00000126467,ENSMUSG00000059891,Tsks
38,TSPAN8,ENSG00000127324,ENSMUSG00000034127,Tspan8
39,TRPV5,ENSG00000127412,ENSMUSG00000036899,Trpv5
40,TST,ENSG00000128311,ENSMUSG00000044986,Tst
41,TTBK2,ENSG00000128881,ENSMUSG00000090100,Ttbk2
42,TSPAN2,ENSG00000134198,ENSMUSG00000027858,Tspan2
43,TSHB,ENSG00000134200,ENSMUSG00000027857,Tshb
44,TSPAN31,ENSG00000135452,ENSMUSG00000006736,Tspan31
45,TSGA10,ENSG00000135951,ENSMUSG00000060771,Tsga10
46,TSTD2,ENSG00000136925,ENSMUSG00000035495,Tstd2
47,TTC29,ENSG00000137473,ENSMUSG00000037101,Ttc29
48,TSSK4,ENSG00000139908,ENSMUSG00000007591,Tssk4
49,TSPAN3,ENSG00000140391,ENSMUSG00000032324,Tspan3
50,TTC13,ENSG00000143643,ENSMUSG00000037300,Ttc13
51,TSLP,ENSG00000145777,ENSMUSG00000024379,Tslp
52,TTBK1,ENSG00000146216,ENSMUSG00000015599,Ttbk1
53,TTC12,ENSG00000149292,ENSMUSG00000040219,Ttc12
54,TSEN2,ENSG00000154743,ENSMUSG00000042389,Tsen2
55,TSPAN7,ENSG00000156298,ENSMUSG00000058254,Tspan7
56,TSC22D3,ENSG00000157514,ENSMUSG00000031431,Tsc22d3
57,TSPAN18,ENSG00000157570,ENSMUSG00000027217,Tspan18
58,TSPAN33,ENSG00000158457,ENSMUSG00000001763,Tspan33
59,TSR2,ENSG00000158526,ENSMUSG00000025264,Tsr2
60,TSSK3,ENSG00000162526,ENSMUSG00000000411,Tssk3
61,TTC14,ENSG00000163728,ENSMUSG00000027677,Ttc14
62,TRPV6,ENSG00000165125,ENSMUSG00000029868,Trpv6
63,TSHR,ENSG00000165409,ENSMUSG00000020963,Tshr
64,TSC1,ENSG00000165699,ENSMUSG00000026812,Tsc1
65,TRUB1,ENSG00000165832,ENSMUSG00000025086,Trub1
66,TTC16,ENSG00000167094,ENSMUSG00000039021,Ttc16
67,TRUB2,ENSG00000167112,ENSMUSG00000039826,Trub2
68,TSR1,ENSG00000167721,ENSMUSG00000038335,Tsr1
69,TRPV3,ENSG00000167723,ENSMUSG00000043029,Trpv3
70,TTC21A,ENSG00000168026,ENSMUSG00000032514,Ttc21a
71,TSPAN5,ENSG00000168785,ENSMUSG00000028152,Tspan5
72,TSEN34,ENSG00000170892,ENSMUSG00000035585,Tsen34
73,TSSK6,ENSG00000178093,ENSMUSG00000047654,Tssk6
74,TSHZ1,ENSG00000179981,ENSMUSG00000046982,Tshz1
75,TSPYL5,ENSG00000180543,ENSMUSG00000038984,Tspyl5
76,TSEN54,ENSG00000182173,ENSMUSG00000020781,Tsen54
77,TSHZ2,ENSG00000182463,ENSMUSG00000047907,Tshz2
78,TSPAN10,ENSG00000182612,ENSMUSG00000039691,Tspan10
79,TTC3,ENSG00000182670,ENSMUSG00000040785,Ttc3
80,TSKU,ENSG00000182704,ENSMUSG00000049580,Tsku
81,TSPYL2,ENSG00000184205,ENSMUSG00000041096,Tspyl2
82,TSSC4,ENSG00000184281,ENSMUSG00000045752,Tssc4
83,TSPYL4,ENSG00000187189,ENSMUSG00000039485,Tspyl4
84,TRPV2,ENSG00000187688,ENSMUSG00000018507,Trpv2
85,TSPYL1,ENSG00000189241,ENSMUSG00000047514,Tspyl1
86,TRRAP,ENSG00000196367,ENSMUSG00000045482,Trrap
87,TSC22D2,ENSG00000196428,ENSMUSG00000027806,Tsc22d2
88,TSEN15,ENSG00000198860,ENSMUSG00000014980,Tsen15
89,TTC23L,ENSG00000205838,ENSMUSG00000022249,Ttc23l
90,TSSK2,ENSG00000206203,ENSMUSG00000045521,Tssk2
91,TSN,ENSG00000211460,ENSMUSG00000026374,Tsn
92,TSSK1B,ENSG00000212122,ENSMUSG00000041566,Tssk1
93,TSGA13,ENSG00000213265,ENSMUSG00000039032,Tsga13
94,TSPAN4,ENSG00000214063,ENSMUSG00000025511,Tspan4
95,TSTD1,ENSG00000215845,ENSMUSG00000103711,Tstd1
96,,,ENSMUSG00000031329,Tsx
97,,,ENSMUSG00000035522,Tsga8
98,,,ENSMUSG00000051036,Ttc24
99,,,ENSMUSG00000060794,Tssk5
100,,,ENSMUSG00000074671,Tspyl3
101,,,ENSMUSG00000085715,Tsix
102,,,ENSMUSG00000091749,Tspy-ps
0,TUBG2,ENSG00000037042,ENSMUSG00000045007,Tubg2
1,TTC7A,ENSG00000068724,ENSMUSG00000036918,Ttc7
2,TUBE1,ENSG00000074935,ENSMUSG00000019845,Tube1
3,TXK,ENSG00000074966,ENSMUSG00000054892,Txk
4,TTC38,ENSG00000075234,ENSMUSG00000035944,Ttc38
5,TULP3,ENSG00000078246,ENSMUSG00000001521,Tulp3
6,TXLNA,ENSG00000084652,ENSMUSG00000053841,Txlna
7,TTC39A,ENSG00000085831,ENSMUSG00000028555,Ttc39a
8,TXLNG,ENSG00000086712,ENSMUSG00000038344,Txlng
9,TXNDC16,ENSG00000087301,ENSMUSG00000021830,Txndc16
10,TTLL1,ENSG00000100271,ENSMUSG00000022442,Ttll1
11,TTLL12,ENSG00000100304,ENSMUSG00000016757,Ttll12
12,TXN2,ENSG00000100348,ENSMUSG00000005354,Txn2
13,TUBB1,ENSG00000101162,ENSMUSG00000016255,Tubb1
14,TTI1,ENSG00000101407,ENSMUSG00000027650,Tti1
15,TUSC3,ENSG00000104723,ENSMUSG00000118664,Tusc3
16,TULP2,ENSG00000104804,ENSMUSG00000023467,Tulp2
17,TUBB4A,ENSG00000104833,ENSMUSG00000062591,Tubb4a
18,TUBD1,ENSG00000108423,ENSMUSG00000020513,Tubd1
19,TULP1,ENSG00000112041,ENSMUSG00000037446,Tulp1
20,TTK,ENSG00000112742,ENSMUSG00000038379,Ttk
21,TXNDC15,ENSG00000113621,ENSMUSG00000021497,Txndc15
22,TTC33,ENSG00000113638,ENSMUSG00000022151,Ttc33
23,TUSC2,ENSG00000114383,ENSMUSG00000010054,Tusc2
24,TTL,ENSG00000114999,ENSMUSG00000027394,Ttl
25,TTF2,ENSG00000116830,ENSMUSG00000033222,Ttf2
26,TXNDC12,ENSG00000117862,ENSMUSG00000028567,Txndc12
27,TTR,ENSG00000118271,ENSMUSG00000061808,Ttr
28,TTLL2,ENSG00000120440,ENSMUSG00000079722,Ttll2
29,TWIST1,ENSG00000122691,ENSMUSG00000035799,Twist1
30,TUBA1B,ENSG00000123416,ENSMUSG00000023004,Tuba1b
31,TTPAL,ENSG00000124120,ENSMUSG00000017679,Ttpal
32,TTF1,ENSG00000125482,ENSMUSG00000026803,Ttf1
33,TUBGCP3,ENSG00000126216,ENSMUSG00000000759,Tubgcp3
34,TUBA4A,ENSG00000127824,ENSMUSG00000026202,Tuba4a
35,TUBGCP6,ENSG00000128159,ENSMUSG00000051786,Tubgcp6
36,TWSG1,ENSG00000128791,ENSMUSG00000024098,Twsg1
37,TXNDC17,ENSG00000129235,ENSMUSG00000020803,Txndc17
38,TTI2,ENSG00000129696,ENSMUSG00000031577,Tti2
39,TULP4,ENSG00000130338,ENSMUSG00000034377,Tulp4
40,TUBGCP2,ENSG00000130640,ENSMUSG00000025474,Tubgcp2
41,TTLL9,ENSG00000131044,ENSMUSG00000074673,Ttll9
42,TUBG1,ENSG00000131462,ENSMUSG00000035198,Tubg1
43,TTC9,ENSG00000133985,ENSMUSG00000042734,Ttc9
44,TTLL4,ENSG00000135912,ENSMUSG00000033257,Ttll4
45,TTYH3,ENSG00000136295,ENSMUSG00000036565,Ttyh3
46,TTC5,ENSG00000136319,ENSMUSG00000006288,Ttc5
47,TXN,ENSG00000136810,ENSMUSG00000028367,Txn1
48,TUBB2A,ENSG00000137267,ENSMUSG00000058672,Tubb2a
49,TUBB2B,ENSG00000137285,ENSMUSG00000045136,Tubb2b
50,TTPA,ENSG00000137561,ENSMUSG00000073988,Ttpa
51,TUBGCP4,ENSG00000137822,ENSMUSG00000027263,Tubgcp4
52,TTLL7,ENSG00000137941,ENSMUSG00000036745,Ttll7
53,TTLL8,ENSG00000138892,ENSMUSG00000022388,Ttll8
54,TTYH2,ENSG00000141540,ENSMUSG00000034714,Ttyh2
55,TUFT1,ENSG00000143367,ENSMUSG00000005968,Tuft1
56,TUT1,ENSG00000149016,ENSMUSG00000071645,Tut1
57,TWF1,ENSG00000151239,ENSMUSG00000022451,Twf1
58,TXNDC11,ENSG00000153066,ENSMUSG00000022498,Txndc11
59,TTC39B,ENSG00000155158,ENSMUSG00000038172,Ttc39b
60,TTN,ENSG00000155657,ENSMUSG00000051747,Ttn
61,TTC9C,ENSG00000162222,ENSMUSG00000071660,Ttc9c
62,TTLL10,ENSG00000162571,ENSMUSG00000029074,Ttll10
63,TXLNB,ENSG00000164440,ENSMUSG00000039891,Txlnb
64,TTC8,ENSG00000165533,ENSMUSG00000021013,Ttc8
65,TTC7B,ENSG00000165914,ENSMUSG00000033530,Ttc7b
66,TUB,ENSG00000166402,ENSMUSG00000031028,Tub
67,TUBA1A,ENSG00000167552,ENSMUSG00000072235,Tuba1a
68,TUBA1C,ENSG00000167553,ENSMUSG00000043091,Tuba1c
69,TTYH1,ENSG00000167614,ENSMUSG00000030428,Ttyh1
70,TTC39C,ENSG00000168234,ENSMUSG00000024424,Ttc39c
71,TXNDC2,ENSG00000168454,ENSMUSG00000050612,Txndc2
72,TTLL6,ENSG00000170703,ENSMUSG00000038756,Ttll6
73,TTC36,ENSG00000172425,ENSMUSG00000039438,Ttc36
74,TTC9B,ENSG00000174521,ENSMUSG00000007944,Ttc9b
75,TTLL11,ENSG00000175764,ENSMUSG00000026885,Ttll11
76,TUBB6,ENSG00000176014,ENSMUSG00000001473,Tubb6
77,TUBAL3,ENSG00000178462,ENSMUSG00000021216,Tubal3
78,TUFM,ENSG00000178952,ENSMUSG00000073838,Tufm
79,TUBA8,ENSG00000183785,ENSMUSG00000030137,Tuba8
80,TTC32,ENSG00000183891,ENSMUSG00000066637,Ttc32
81,TUBB4B,ENSG00000188229,ENSMUSG00000036752,Tubb4b
82,TUBB,ENSG00000196230,ENSMUSG00000001525,Tubb5
83,TUBA3C,ENSG00000198033,ENSMUSG00000067338,Tuba3b
84,TUSC1,ENSG00000198680,ENSMUSG00000054000,Tusc1
85,TTLL13,ENSG00000213471,ENSMUSG00000045467,Ttll13
86,TTLL3,ENSG00000214021,ENSMUSG00000030276,Ttll3
87,TTC34,ENSG00000215912,ENSMUSG00000046637,Ttc34
88,TWIST2,ENSG00000233608,ENSMUSG00000007805,Twist2
89,TXNDC5,ENSG00000239264,ENSMUSG00000038991,Txndc5
90,TTC4,ENSG00000243725,ENSMUSG00000025413,Ttc4
91,TWF2,ENSG00000247596,ENSMUSG00000023277,Twf2
92,TUG1,ENSG00000253352,ENSMUSG00000056579,Tug1
93,TUBB3,ENSG00000258947,ENSMUSG00000062380,Tubb3
94,TUBGCP5,ENSG00000275835,ENSMUSG00000033790,Tubgcp5
95,,,ENSMUSG00000012609,Ttll5
96,,,ENSMUSG00000046196,Ttc39d
97,,,ENSMUSG00000067702,Tuba3a
98,,,ENSMUSG00000113275,Tubb2a-ps2
0,UBE3C,ENSG00000009335,ENSMUSG00000039000,Ube3c
1,TYROBP,ENSG00000011600,ENSMUSG00000030579,Tyrobp
2,UBR2,ENSG00000024048,ENSMUSG00000023977,Ubr2
3,TYMP,ENSG00000025708,ENSMUSG00000022615,Tymp
4,UBA6,ENSG00000033178,ENSMUSG00000035898,Uba6
5,U2AF2,ENSG00000063244,ENSMUSG00000030435,U2af2
6,UBE2D1,ENSG00000072401,ENSMUSG00000019927,Ube2d1
7,UBE2T,ENSG00000077152,ENSMUSG00000026429,Ube2t
8,TYR,ENSG00000077498,ENSMUSG00000004651,Tyr
9,UBE2A,ENSG00000077721,ENSMUSG00000016308,Ube2a
10,UBE2K,ENSG00000078140,ENSMUSG00000029203,Ube2k
11,UBA5,ENSG00000081307,ENSMUSG00000032557,Uba5
12,TXNL1,ENSG00000091164,ENSMUSG00000024583,Txnl1
13,TYRO3,ENSG00000092445,ENSMUSG00000027298,Tyro3
14,UBE2I,ENSG00000103275,ENSMUSG00000015120,Ube2i
15,UBFD1,ENSG00000103353,ENSMUSG00000030870,Ubfd1
16,UBE2W,ENSG00000104343,ENSMUSG00000025939,Ube2w
17,TYK2,ENSG00000105397,ENSMUSG00000032175,Tyk2
18,TYRP1,ENSG00000107165,ENSMUSG00000005994,Tyrp1
19,UBE2R2,ENSG00000107341,ENSMUSG00000036241,Ube2r2
20,UBE2S,ENSG00000108106,ENSMUSG00000060860,Ube2s
21,UBE4A,ENSG00000110344,ENSMUSG00000059890,Ube4a
22,UBE3A,ENSG00000114062,ENSMUSG00000025326,Ube3a
23,TXNDC9,ENSG00000115514,ENSMUSG00000058407,Txndc9
24,UAP1,ENSG00000117143,ENSMUSG00000026670,Uap1
25,UBE3D,ENSG00000118420,ENSMUSG00000032415,Ube2cbp
26,UBN1,ENSG00000118900,ENSMUSG00000039473,Ubn1
27,UBE2B,ENSG00000119048,ENSMUSG00000020390,Ube2b
28,UBIAD1,ENSG00000120942,ENSMUSG00000047719,Ubiad1
29,UBL3,ENSG00000122042,ENSMUSG00000001687,Ubl3
30,UBA2,ENSG00000126261,ENSMUSG00000052997,Uba2
31,UBAC1,ENSG00000130560,ENSMUSG00000036352,Ubac1
32,UBE2M,ENSG00000130725,ENSMUSG00000005575,Ube2m
33,UBE4B,ENSG00000130939,ENSMUSG00000028960,Ube4b
34,UBA1,ENSG00000130985,ENSMUSG00000001924,Uba1
35,UBE2G1,ENSG00000132388,ENSMUSG00000020794,Ube2g1
36,UBAC2,ENSG00000134882,ENSMUSG00000041765,Ubac2
37,UBQLN1,ENSG00000135018,ENSMUSG00000005312,Ubqln1
38,UBAP2,ENSG00000137073,ENSMUSG00000028433,Ubap2
39,UACA,ENSG00000137831,ENSMUSG00000034485,Uaca
40,UBL7,ENSG00000138629,ENSMUSG00000055720,Ubl7
41,UBE2Q2,ENSG00000140367,ENSMUSG00000032307,Ube2q2
42,TXNL4B,ENSG00000140830,ENSMUSG00000031723,Txnl4b
43,TXNL4A,ENSG00000141759,ENSMUSG00000057130,Txnl4a
44,UBAP2L,ENSG00000143569,ENSMUSG00000042520,Ubap2l
45,UBA3,ENSG00000144744,ENSMUSG00000030061,Uba3
46,UBC,ENSG00000150991,ENSMUSG00000008348,Ubc
47,UBE3B,ENSG00000151148,ENSMUSG00000029577,Ube3b
48,UBP1,ENSG00000153560,ENSMUSG00000009741,Ubp1
49,UBASH3B,ENSG00000154127,ENSMUSG00000032020,Ubash3b
50,TYSND1,ENSG00000156521,ENSMUSG00000020087,Tysnd1
51,UBE2L6,ENSG00000156587,ENSMUSG00000027078,Ube2l6
52,UBN2,ENSG00000157741,ENSMUSG00000038538,Ubn2
53,UBE2Z,ENSG00000159202,ENSMUSG00000014349,Ube2z
54,UBR1,ENSG00000159459,ENSMUSG00000027272,Ubr1
55,UBE2J2,ENSG00000160087,ENSMUSG00000023286,Ube2j2
56,UBASH3A,ENSG00000160185,ENSMUSG00000042345,Ubash3a
57,U2AF1,ENSG00000160201,ENSMUSG00000061613,U2af1
58,UBE2Q1,ENSG00000160714,ENSMUSG00000042572,Ube2q1
59,UBQLN4,ENSG00000160803,ENSMUSG00000008604,Ubqln4
60,U2AF1L4,ENSG00000161265,ENSMUSG00000078765,U2af1l4
61,TYW3,ENSG00000162623,ENSMUSG00000047583,Tyw3
62,UBLCP1,ENSG00000164332,ENSMUSG00000041231,Ublcp1
63,UBAP1,ENSG00000165006,ENSMUSG00000028437,Ubap1
64,UBE2V2,ENSG00000169139,ENSMUSG00000022674,Ube2v2
65,UBE2E3,ENSG00000170035,ENSMUSG00000027011,Ube2e3
66,UBE2E1,ENSG00000170142,ENSMUSG00000021774,Ube2e1
67,UBB,ENSG00000170315,ENSMUSG00000019505,Ubb
68,UBE2C,ENSG00000175063,ENSMUSG00000001403,Ube2c
69,UBQLNL,ENSG00000175518,ENSMUSG00000051437,Ubqlnl
70,UBQLN3,ENSG00000175520,ENSMUSG00000051618,Ubqln3
71,UBE2O,ENSG00000175931,ENSMUSG00000020802,Ube2o
72,TYMS,ENSG00000176890,ENSMUSG00000025747,Tyms
73,UBE2U,ENSG00000177414,ENSMUSG00000069733,Ube2u
74,UBE2N,ENSG00000177889,ENSMUSG00000074781,Ube2n
75,UBE2NL,ENSG00000276380,ENSMUSG00000074781,Ube2n
76,UBA7,ENSG00000182179,ENSMUSG00000032596,Uba7
77,UBE2E2,ENSG00000182247,ENSMUSG00000058317,Ube2e2
78,UBE2F,ENSG00000184182,ENSMUSG00000034343,Ube2f
79,TXNRD2,ENSG00000184470,ENSMUSG00000075704,Txnrd2
80,UBE2G2,ENSG00000184787,ENSMUSG00000009293,Ube2g2
81,UBOX5,ENSG00000185019,ENSMUSG00000027300,Ubox5
82,UBE2L3,ENSG00000185651,ENSMUSG00000038965,Ube2l3
83,UBL4B,ENSG00000186150,ENSMUSG00000055891,Ubl4b
84,UBE2H,ENSG00000186591,ENSMUSG00000039159,Ube2h
85,UBQLN2,ENSG00000188021,ENSMUSG00000050148,Ubqln2
86,UAP1L1,ENSG00000197355,ENSMUSG00000026956,Uap1l1
87,TXNRD3,ENSG00000197763,ENSMUSG00000000811,Txnrd3
88,TXNRD1,ENSG00000198431,ENSMUSG00000020250,Txnrd1
89,UBE2J1,ENSG00000198833,ENSMUSG00000028277,Ube2j1
90,TYW1,ENSG00000198874,ENSMUSG00000056310,Tyw1
91,TYW1B,ENSG00000277149,ENSMUSG00000056310,Tyw1
92,TXNDC8,ENSG00000204193,ENSMUSG00000038709,Txndc8
93,UBD,ENSG00000213886,ENSMUSG00000035186,Ubd
94,UBE2QL1,ENSG00000215218,ENSMUSG00000052981,Ube2ql1
95,UBE2V1,ENSG00000244687,ENSMUSG00000078923,Ube2v1
96,TXNIP,ENSG00000265972,ENSMUSG00000038393,Txnip
97,,,ENSMUSG00000029409,U90926
98,,,ENSMUSG00000078578,Ube2d3
99,,,ENSMUSG00000084786,Ubl5
100,,,ENSMUSG00000090137,Uba52
101,,,ENSMUSG00000112222,Tyms-ps
0,UBR7,ENSG00000012963,ENSMUSG00000041712,Ubr7
1,UNKL,ENSG00000059145,ENSMUSG00000015127,Unkl
2,UNG,ENSG00000076248,ENSMUSG00000029591,Ung
3,ULK2,ENSG00000083290,ENSMUSG00000004798,Ulk2
4,UIMC1,ENSG00000087206,ENSMUSG00000025878,Uimc1
5,UNC13D,ENSG00000092929,ENSMUSG00000057948,Unc13d
6,UPB1,ENSG00000100024,ENSMUSG00000033427,Upb1
7,UGGT2,ENSG00000102595,ENSMUSG00000042104,Uggt2
8,UBR5,ENSG00000104517,ENSMUSG00000037487,Ubr5
9,UBXN8,ENSG00000104691,ENSMUSG00000052906,Ubxn8
10,UNC5B,ENSG00000107731,ENSMUSG00000020099,Unc5b
11,UBTF,ENSG00000108312,ENSMUSG00000020923,Ubtf
12,UNC119,ENSG00000109103,ENSMUSG00000002058,Unc119
13,UCP1,ENSG00000109424,ENSMUSG00000031710,Ucp1
14,UFSP2,ENSG00000109775,ENSMUSG00000031634,Ufsp2
15,UGDH,ENSG00000109814,ENSMUSG00000029201,Ugdh
16,UNC93B1,ENSG00000110057,ENSMUSG00000036908,Unc93b1
17,UNC93A,ENSG00000112494,ENSMUSG00000067049,Unc93a
18,UNC5A,ENSG00000113763,ENSMUSG00000025876,Unc5a
19,UMPS,ENSG00000114491,ENSMUSG00000022814,Umps
20,UNC50,ENSG00000115446,ENSMUSG00000026111,Unc50
21,UCHL5,ENSG00000116750,ENSMUSG00000018189,Uchl5
22,UCHL3,ENSG00000118939,ENSMUSG00000022111,Uchl3
23,UCHL3,ENSG00000118939,ENSMUSG00000035337,Uchl4
24,UFM1,ENSG00000120686,ENSMUSG00000027746,Ufm1
25,UNC5CL,ENSG00000124602,ENSMUSG00000043592,Unc5cl
26,UBR4,ENSG00000127481,ENSMUSG00000066036,Ubr4
27,UNC13A,ENSG00000130477,ENSMUSG00000034799,Unc13a
28,UCK1,ENSG00000130717,ENSMUSG00000002550,Uck1
29,UNK,ENSG00000132478,ENSMUSG00000020770,Unk
30,UNC79,ENSG00000133958,ENSMUSG00000021198,Unc79
31,UGT2A3,ENSG00000135220,ENSMUSG00000035780,Ugt2a3
32,UGGT1,ENSG00000136731,ENSMUSG00000037470,Uggt1
33,UNC13C,ENSG00000137766,ENSMUSG00000062151,Unc13c
34,ULK3,ENSG00000140474,ENSMUSG00000032308,Ulk3
35,UNC45A,ENSG00000140553,ENSMUSG00000030533,Unc45a
36,UNC45B,ENSG00000141161,ENSMUSG00000018845,Unc45b
37,UCK2,ENSG00000143179,ENSMUSG00000026558,Uck2
38,UFC1,ENSG00000143222,ENSMUSG00000062963,Ufc1
39,UBXN4,ENSG00000144224,ENSMUSG00000026353,Ubxn4
40,UBR3,ENSG00000144357,ENSMUSG00000044308,Ubr3
41,UNC80,ENSG00000144406,ENSMUSG00000055567,Unc80
42,UCN2,ENSG00000145040,ENSMUSG00000049699,Ucn2
43,UHRF2,ENSG00000147854,ENSMUSG00000024817,Uhrf2
44,UGCG,ENSG00000148154,ENSMUSG00000028381,Ugcg
45,UEVLD,ENSG00000151116,ENSMUSG00000043262,Uevld
46,UHMK1,ENSG00000152332,ENSMUSG00000026667,Uhmk1
47,UCHL1,ENSG00000154277,ENSMUSG00000029223,Uchl1
48,UNC5D,ENSG00000156687,ENSMUSG00000063626,Unc5d
49,UBXN11,ENSG00000158062,ENSMUSG00000012126,Ubxn11
50,UBXN1,ENSG00000162191,ENSMUSG00000071655,Ubxn1
51,UBXN10,ENSG00000162543,ENSMUSG00000043621,Ubxn10
52,UCN,ENSG00000163794,ENSMUSG00000038676,Ucn
53,UBXN7,ENSG00000163960,ENSMUSG00000053774,Ubxn7
54,UNCX,ENSG00000164853,ENSMUSG00000029546,Uncx
55,UCMA,ENSG00000165623,ENSMUSG00000026668,Ucma
56,UBTD1,ENSG00000165886,ENSMUSG00000025171,Ubtd1
57,UGT1A6,ENSG00000167165,ENSMUSG00000054545,Ugt1a6a
58,UGT1A6,ENSG00000167165,ENSMUSG00000090124,Ugt1a7c
59,UGT1A6,ENSG00000167165,ENSMUSG00000090145,Ugt1a6b
60,UBXN6,ENSG00000167671,ENSMUSG00000019578,Ubxn6
61,ULK4,ENSG00000168038,ENSMUSG00000040936,Ulk4
62,UBTD2,ENSG00000168246,ENSMUSG00000044949,Ubtd2
63,UGT3A2,ENSG00000168671,ENSMUSG00000049152,Ugt3a2
64,UGT3A2,ENSG00000168671,ENSMUSG00000072664,Ugt3a1
65,UMOD,ENSG00000169344,ENSMUSG00000030963,Umod
66,UGP2,ENSG00000169764,ENSMUSG00000001891,Ugp2
67,UGT2A1,ENSG00000173610,ENSMUSG00000106677,Ugt2a1
68,UBXN2A,ENSG00000173960,ENSMUSG00000020634,Ubxn2a
69,UGT8,ENSG00000174607,ENSMUSG00000032854,Ugt8a
70,UCP3,ENSG00000175564,ENSMUSG00000032942,Ucp3
71,UCP2,ENSG00000175567,ENSMUSG00000033685,Ucp2
72,UNC119B,ENSG00000175970,ENSMUSG00000046562,Unc119b
73,UFSP1,ENSG00000176125,ENSMUSG00000051502,Ufsp1
74,ULK1,ENSG00000177169,ENSMUSG00000029512,Ulk1
75,UMODL1,ENSG00000177398,ENSMUSG00000054134,Umodl1
76,UCN3,ENSG00000178473,ENSMUSG00000044988,Ucn3
77,UNC5C,ENSG00000182168,ENSMUSG00000059921,Unc5c
78,UCKL1,ENSG00000198276,ENSMUSG00000089917,Uckl1
79,UNC13B,ENSG00000198722,ENSMUSG00000028456,Unc13b
80,UBXN2B,ENSG00000215114,ENSMUSG00000028243,Ubxn2b
81,UGT1A9,ENSG00000241119,ENSMUSG00000090165,Ugt1a10
82,UGT1A8,ENSG00000242366,ENSMUSG00000090165,Ugt1a10
83,UGT1A10,ENSG00000242515,ENSMUSG00000090165,Ugt1a10
84,UGT1A7,ENSG00000244122,ENSMUSG00000090165,Ugt1a10
85,UGT1A9,ENSG00000241119,ENSMUSG00000090175,Ugt1a9
86,UGT1A8,ENSG00000242366,ENSMUSG00000090175,Ugt1a9
87,UGT1A10,ENSG00000242515,ENSMUSG00000090175,Ugt1a9
88,UGT1A7,ENSG00000244122,ENSMUSG00000090175,Ugt1a9
89,UGT1A1,ENSG00000241635,ENSMUSG00000089960,Ugt1a1
90,UGT1A4,ENSG00000244474,ENSMUSG00000089943,Ugt1a5
91,UGT1A3,ENSG00000288702,ENSMUSG00000089943,Ugt1a5
92,UGT1A5,ENSG00000288705,ENSMUSG00000089943,Ugt1a5
93,UGT1A4,ENSG00000244474,ENSMUSG00000090171,Ugt1a2
94,UGT1A3,ENSG00000288702,ENSMUSG00000090171,Ugt1a2
95,UGT1A5,ENSG00000288705,ENSMUSG00000090171,Ugt1a2
96,UBTFL1,ENSG00000255009,ENSMUSG00000074502,Ubtfl1
97,UGT2A2,ENSG00000271271,ENSMUSG00000029268,Ugt2a2
98,UHRF1,ENSG00000276043,ENSMUSG00000001228,Uhrf1
99,,,ENSMUSG00000028186,Uox
100,,,ENSMUSG00000029260,Ugt2b34
101,,,ENSMUSG00000035811,Ugt2b35
102,,,ENSMUSG00000035836,Ugt2b1
103,,,ENSMUSG00000054630,Ugt2b5
104,,,ENSMUSG00000057425,Ugt2b37
105,,,ENSMUSG00000061906,Ugt2b38
106,,,ENSMUSG00000070704,Ugt2b36
107,,,ENSMUSG00000079685,Ulbp1
0,UPF1,ENSG00000005007,ENSMUSG00000058301,Upf1
1,USH1C,ENSG00000006611,ENSMUSG00000030838,Ush1c
2,UPP2,ENSG00000007001,ENSMUSG00000026839,Upp2
3,UQCRC1,ENSG00000010256,ENSMUSG00000025651,Uqcrc1
4,UTP18,ENSG00000011260,ENSMUSG00000054079,Utp18
5,USP2,ENSG00000036672,ENSMUSG00000032010,Usp2
6,USH2A,ENSG00000042781,ENSMUSG00000026609,Ush2a
7,USP28,ENSG00000048028,ENSMUSG00000032267,Usp28
8,UTS2,ENSG00000049247,ENSMUSG00000028963,Uts2
9,USE1,ENSG00000053501,ENSMUSG00000002395,Use1
10,USP36,ENSG00000055483,ENSMUSG00000033909,Usp36
11,USP13,ENSG00000058056,ENSMUSG00000056900,Usp13
12,USP33,ENSG00000077254,ENSMUSG00000025437,Usp33
13,USP40,ENSG00000085982,ENSMUSG00000005501,Usp40
14,USP48,ENSG00000090686,ENSMUSG00000043411,Usp48
15,UPRT,ENSG00000094841,ENSMUSG00000073016,Uprt
16,UPK3A,ENSG00000100373,ENSMUSG00000022435,Upk3a
17,USP14,ENSG00000101557,ENSMUSG00000047879,Usp14
18,USP11,ENSG00000102226,ENSMUSG00000031066,Usp11
19,USP10,ENSG00000103194,ENSMUSG00000031826,Usp10
20,USP31,ENSG00000103404,ENSMUSG00000063317,Usp31
21,UPK1A,ENSG00000105668,ENSMUSG00000006313,Upk1a
22,USF2,ENSG00000105698,ENSMUSG00000058239,Usf2
23,USP42,ENSG00000106346,ENSMUSG00000051306,Usp42
24,URGCP,ENSG00000106608,ENSMUSG00000049680,Urgcp
25,UTP6,ENSG00000108651,ENSMUSG00000035575,Utp6
26,USP46,ENSG00000109189,ENSMUSG00000054814,Usp46
27,UPK2,ENSG00000110375,ENSMUSG00000041523,Upk2
28,USP5,ENSG00000111667,ENSMUSG00000038429,Usp5
29,UST,ENSG00000111962,ENSMUSG00000047712,Ust
30,USP4,ENSG00000114316,ENSMUSG00000032612,Usp4
31,USP9Y,ENSG00000114374,ENSMUSG00000069044,Usp9y
32,UPK1B,ENSG00000114638,ENSMUSG00000049436,Upk1b
33,USP34,ENSG00000115464,ENSMUSG00000056342,Usp34
34,USP35,ENSG00000118369,ENSMUSG00000035713,Usp35
35,UTP20,ENSG00000120800,ENSMUSG00000004356,Utp20
36,USP45,ENSG00000123552,ENSMUSG00000040455,Usp45
37,USP22,ENSG00000124422,ENSMUSG00000042506,Usp22
38,USP9X,ENSG00000124486,ENSMUSG00000031010,Usp9x
39,UPF3B,ENSG00000125351,ENSMUSG00000036572,Upf3b
40,UROD,ENSG00000126088,ENSMUSG00000028684,Urod
41,UQCR11,ENSG00000127540,ENSMUSG00000020163,Uqcr11
42,USP6,ENSG00000129204,ENSMUSG00000000804,Usp32
43,USP32,ENSG00000170832,ENSMUSG00000000804,Usp32
44,USHBP1,ENSG00000130307,ENSMUSG00000034911,Ushbp1
45,USP29,ENSG00000131864,ENSMUSG00000055780,Usp26
46,UTP3,ENSG00000132467,ENSMUSG00000070697,Utp3
47,USPL1,ENSG00000132952,ENSMUSG00000041264,Uspl1
48,USP30,ENSG00000135093,ENSMUSG00000029592,Usp30
49,USP15,ENSG00000135655,ENSMUSG00000020124,Usp15
50,URB2,ENSG00000135763,ENSMUSG00000031976,Urb2
51,USP37,ENSG00000135913,ENSMUSG00000033364,Usp37
52,USP44,ENSG00000136014,ENSMUSG00000020020,Usp44
53,USP20,ENSG00000136878,ENSMUSG00000026854,Usp20
54,USP8,ENSG00000138592,ENSMUSG00000027363,Usp8
55,USO1,ENSG00000138768,ENSMUSG00000029407,Uso1
56,USP3,ENSG00000140455,ENSMUSG00000032376,Usp3
57,UQCRC2,ENSG00000140740,ENSMUSG00000030884,Uqcrc2
58,URB1,ENSG00000142207,ENSMUSG00000039929,Urb1
59,USP21,ENSG00000143258,ENSMUSG00000053483,Usp21
60,USP53,ENSG00000145390,ENSMUSG00000039701,Usp53
61,UTP23,ENSG00000147679,ENSMUSG00000022313,Utp23
62,USP6NL,ENSG00000148429,ENSMUSG00000039046,Usp6nl
63,UPF2,ENSG00000151461,ENSMUSG00000043241,Upf2
64,USP12,ENSG00000152484,ENSMUSG00000029640,Usp12
65,UTRN,ENSG00000152818,ENSMUSG00000019820,Utrn
66,USP43,ENSG00000154914,ENSMUSG00000020905,Usp43
67,USP25,ENSG00000155313,ENSMUSG00000022867,Usp25
68,USP16,ENSG00000156256,ENSMUSG00000025616,Usp16
69,UQCRB,ENSG00000156467,ENSMUSG00000021520,Uqcrb
70,UTP14A,ENSG00000156697,ENSMUSG00000063785,Utp14a
71,UTP14C,ENSG00000253797,ENSMUSG00000063785,Utp14a
72,UTP14A,ENSG00000156697,ENSMUSG00000079470,Utp14b
73,UTP14C,ENSG00000253797,ENSMUSG00000079470,Utp14b
74,USF1,ENSG00000158773,ENSMUSG00000026641,Usf1
75,UROC1,ENSG00000159650,ENSMUSG00000034456,Uroc1
76,USP24,ENSG00000162402,ENSMUSG00000028514,Usp24
77,USP1,ENSG00000162607,ENSMUSG00000028560,Usp1
78,UTP15,ENSG00000164338,ENSMUSG00000041747,Utp15
79,UQCRQ,ENSG00000164405,ENSMUSG00000044894,Uqcrq
80,USP49,ENSG00000164663,ENSMUSG00000090115,Usp49
81,USP54,ENSG00000166348,ENSMUSG00000034235,Usp54
82,URM1,ENSG00000167118,ENSMUSG00000069020,Urm1
83,USP39,ENSG00000168883,ENSMUSG00000056305,Usp39
84,UQCRFS1,ENSG00000169021,ENSMUSG00000038462,Uqcrfs1
85,UPF3A,ENSG00000169062,ENSMUSG00000038398,Upf3a
86,USP38,ENSG00000170185,ENSMUSG00000038250,Usp38
87,USP50,ENSG00000170236,ENSMUSG00000027364,Usp50
88,USP47,ENSG00000170242,ENSMUSG00000059263,Usp47
89,USP19,ENSG00000172046,ENSMUSG00000006676,Usp19
90,UQCRH,ENSG00000173660,ENSMUSG00000063882,Uqcrh
91,UQCRHL,ENSG00000233954,ENSMUSG00000063882,Uqcrh
92,USH1G,ENSG00000182040,ENSMUSG00000045288,Ush1g
93,UPP1,ENSG00000183696,ENSMUSG00000020407,Upp1
94,UQCR10,ENSG00000184076,ENSMUSG00000059534,Uqcr10
95,USP18,ENSG00000184979,ENSMUSG00000030107,Usp18
96,USP7,ENSG00000187555,ENSMUSG00000022710,Usp7
97,UROS,ENSG00000188690,ENSMUSG00000030979,Uros
98,UPK3B,ENSG00000243566,ENSMUSG00000042985,Upk3b
99,USP51,ENSG00000247746,ENSMUSG00000067215,Usp51
100,USP27X,ENSG00000273820,ENSMUSG00000046269,Usp27x
101,,,ENSMUSG00000039321,Uts2r
102,,,ENSMUSG00000047751,Utf1
103,,,ENSMUSG00000051527,Usp29
0,VIM,ENSG00000026025,ENSMUSG00000026728,Vim
1,VEZT,ENSG00000028203,ENSMUSG00000036099,Vezt
2,VCL,ENSG00000035403,ENSMUSG00000021823,Vcl
3,VCAN,ENSG00000038427,ENSMUSG00000021614,Vcan
4,VAMP3,ENSG00000049245,ENSMUSG00000028955,Vamp3
5,VASH1,ENSG00000071246,ENSMUSG00000021256,Vash1
6,VDAC3,ENSG00000078668,ENSMUSG00000008892,Vdac3
7,VAPA,ENSG00000101558,ENSMUSG00000024091,Vapa
8,VGLL1,ENSG00000102243,ENSMUSG00000031131,Vgll1
9,VAC14,ENSG00000103043,ENSMUSG00000010936,Vac14
10,VIPR2,ENSG00000106018,ENSMUSG00000011171,Vipr2
11,VAT1,ENSG00000108828,ENSMUSG00000034993,Vat1
12,VDR,ENSG00000111424,ENSMUSG00000022479,Vdr
13,VEGFA,ENSG00000112715,ENSMUSG00000023951,Vegfa
14,VIPR1,ENSG00000114812,ENSMUSG00000032528,Vipr1
15,UXS1,ENSG00000115652,ENSMUSG00000057363,Uxs1
16,VAX2,ENSG00000116035,ENSMUSG00000034777,Vax2
17,VAMP4,ENSG00000117533,ENSMUSG00000026696,Vamp4
18,VAMP8,ENSG00000118640,ENSMUSG00000050732,Vamp8
19,VAPB,ENSG00000124164,ENSMUSG00000054455,Vapb
20,VASP,ENSG00000125753,ENSMUSG00000030403,Vasp
21,UXT,ENSG00000126756,ENSMUSG00000001134,Uxt
22,VIL1,ENSG00000127831,ENSMUSG00000026175,Vil1
23,VGF,ENSG00000128564,ENSMUSG00000037428,Vgf
24,VHL,ENSG00000134086,ENSMUSG00000033933,Vhl
25,VHLL,ENSG00000189030,ENSMUSG00000033933,Vhl
26,VAV3,ENSG00000134215,ENSMUSG00000033721,Vav3
27,VILL,ENSG00000136059,ENSMUSG00000038775,Vill
28,VEZF1,ENSG00000136451,ENSMUSG00000018377,Vezf1
29,VARS2,ENSG00000137411,ENSMUSG00000038838,Vars2
30,VAMP1,ENSG00000139190,ENSMUSG00000030337,Vamp1
31,VAV1,ENSG00000141968,ENSMUSG00000034116,Vav1
32,VASH2,ENSG00000143494,ENSMUSG00000037568,Vash2
33,VGLL4,ENSG00000144560,ENSMUSG00000030315,Vgll4
34,VIP,ENSG00000146469,ENSMUSG00000019772,Vip
35,VLDLR,ENSG00000147852,ENSMUSG00000024924,Vldlr
36,VAX1,ENSG00000148704,ENSMUSG00000006270,Vax1
37,VEGFC,ENSG00000150630,ENSMUSG00000031520,Vegfc
38,VBP1,ENSG00000155959,ENSMUSG00000031197,Vbp1
39,VMA21,ENSG00000160131,ENSMUSG00000073131,Vma21
40,VAV2,ENSG00000160293,ENSMUSG00000009621,Vav2
41,VCAM1,ENSG00000162692,ENSMUSG00000027962,Vcam1
42,VANGL2,ENSG00000162738,ENSMUSG00000026556,Vangl2
43,VCP,ENSG00000165280,ENSMUSG00000028452,Vcp
44,VDAC2,ENSG00000165637,ENSMUSG00000021771,Vdac2
45,VKORC1,ENSG00000167397,ENSMUSG00000096145,Vkorc1
46,VASN,ENSG00000168140,ENSMUSG00000039646,Vasn
47,VAMP5,ENSG00000168899,ENSMUSG00000073002,Vamp5
48,VGLL2,ENSG00000170162,ENSMUSG00000049641,Vgll2
49,VAT1L,ENSG00000171724,ENSMUSG00000046844,Vat1l
50,VANGL1,ENSG00000173218,ENSMUSG00000027860,Vangl1
51,VEGFB,ENSG00000173511,ENSMUSG00000024962,Vegfb
52,VCPIP1,ENSG00000175073,ENSMUSG00000045210,Vcpip1
53,UTY,ENSG00000183878,ENSMUSG00000068457,Uty
54,VMAC,ENSG00000187650,ENSMUSG00000054723,Vmac
55,VKORC1L1,ENSG00000196715,ENSMUSG00000066735,Vkorc1l1
56,VEPH1,ENSG00000197415,ENSMUSG00000027831,Veph1
57,VN1R5,ENSG00000197617,ENSMUSG00000057981,Vmn1r12
58,VN1R5,ENSG00000197617,ENSMUSG00000062546,V1ra8
59,VN1R5,ENSG00000197617,ENSMUSG00000064259,Vmn1r13
60,VN1R5,ENSG00000197617,ENSMUSG00000091013,Vmn1r1
61,VN1R5,ENSG00000197617,ENSMUSG00000115181,Vmn1r10
62,VN1R5,ENSG00000197617,ENSMUSG00000115236,Vmn1r11
63,UVRAG,ENSG00000198382,ENSMUSG00000035354,Uvrag
64,VTRNA1-1,ENSG00000199990,ENSMUSG00002074846,Vaultrc5
65,VTRNA1-2,ENSG00000202111,ENSMUSG00002074846,Vaultrc5
66,VTRNA1-3,ENSG00000202515,ENSMUSG00002074846,Vaultrc5
67,VTRNA2-2P,ENSG00000251900,ENSMUSG00002074846,Vaultrc5
68,,ENSG00000252283,ENSMUSG00002074846,Vaultrc5
69,,ENSG00000252328,ENSMUSG00002074846,Vaultrc5
70,,ENSG00000252485,ENSMUSG00002074846,Vaultrc5
71,VARS1,ENSG00000204394,ENSMUSG00000007029,Vars
72,VIT,ENSG00000205221,ENSMUSG00000024076,Vit
73,VGLL3,ENSG00000206538,ENSMUSG00000091243,Vgll3
74,VDAC1,ENSG00000213585,ENSMUSG00000020402,Vdac1
75,VAMP2,ENSG00000220205,ENSMUSG00000020894,Vamp2
76,,,ENSMUSG00000074322,Vmn1r132
77,,,ENSMUSG00000084924,Vmn1r-ps103
78,,,ENSMUSG00000091435,Vmn1r115
79,,,ENSMUSG00000091638,Vmn1r113
80,,,ENSMUSG00000092456,V1rd19
81,,,ENSMUSG00000093890,Vmn1r127
82,,,ENSMUSG00000093986,Vmn1r120
83,,,ENSMUSG00000094001,Vmn1r122
84,,,ENSMUSG00000094010,Vmn1r119
85,,,ENSMUSG00000094085,Vmn1r114
86,,,ENSMUSG00000094160,Vmn1r-ps79
87,,,ENSMUSG00000094208,Vmn1r130
88,,,ENSMUSG00000094221,Vmn1r124
89,,,ENSMUSG00000094284,Vmn1r112
90,,,ENSMUSG00000094385,Vmn1r123
91,,,ENSMUSG00000094545,Vmn1r101
92,,,ENSMUSG00000094589,Vmn1r118
93,,,ENSMUSG00000094680,Vmn1r121
94,,,ENSMUSG00000094879,Vmn1r129
95,,,ENSMUSG00000095064,Vmn1r135
96,,,ENSMUSG00000095275,Vmn1r107
97,,,ENSMUSG00000095309,Vmn1r125
98,,,ENSMUSG00000095758,Vmn1r128
99,,,ENSMUSG00000095768,Vmn1r111
100,,,ENSMUSG00000095973,Vmn1r116
101,,,ENSMUSG00000096386,Vmn1r100
102,,,ENSMUSG00000096663,Vmn1r103
103,,,ENSMUSG00000096737,Vmn1r117
104,,,ENSMUSG00000096813,Vmn1r126
105,,,ENSMUSG00000096903,Vmn1r104
106,,,ENSMUSG00000098947,V1rg10
0,VN1R5,ENSG00000197617,ENSMUSG00000048697,Vmn1r26
1,VN1R5,ENSG00000197617,ENSMUSG00000071428,Vmn1r27
2,VN1R5,ENSG00000197617,ENSMUSG00000091382,Vmn1r18
3,VN1R5,ENSG00000197617,ENSMUSG00000091734,Vmn1r29
4,VN1R5,ENSG00000197617,ENSMUSG00000093376,Vmn1r23
5,VN1R5,ENSG00000197617,ENSMUSG00000114982,Vmn1r14
6,VN1R5,ENSG00000197617,ENSMUSG00000115091,Vmn1r22
7,VN1R5,ENSG00000197617,ENSMUSG00000115199,Vmn1r15
8,VN1R5,ENSG00000197617,ENSMUSG00000115253,Vmn1r20
9,VN1R5,ENSG00000197617,ENSMUSG00000115343,Vmn1r21
10,VN1R5,ENSG00000197617,ENSMUSG00000115507,Vmn1r24
11,VN1R5,ENSG00000197617,ENSMUSG00000115644,Vmn1r17
12,VN1R5,ENSG00000197617,ENSMUSG00000115668,Vmn1r25
13,VN1R5,ENSG00000197617,ENSMUSG00000115705,Vmn1r28
14,VN1R5,ENSG00000197617,ENSMUSG00000115792,Vmn1r16
15,VN1R5,ENSG00000197617,ENSMUSG00000115799,Vmn1r19
16,VN1R4,ENSG00000228567,ENSMUSG00000045575,Vmn1r233
17,VN1R4,ENSG00000228567,ENSMUSG00000050102,Vmn1r235
18,VN1R4,ENSG00000228567,ENSMUSG00000054142,Vmn1r236
19,VN1R4,ENSG00000228567,ENSMUSG00000057203,Vmn1r234
20,VN1R4,ENSG00000228567,ENSMUSG00000058030,Vmn1r237
21,,,ENSMUSG00000035523,Vmn1r172
22,,,ENSMUSG00000042848,Vmn1r226
23,,,ENSMUSG00000043537,Vmn1r225
24,,,ENSMUSG00000045417,Vmn1r230
25,,,ENSMUSG00000046130,Vmn1r184
26,,,ENSMUSG00000046924,Vmn1r179
27,,,ENSMUSG00000046932,Vmn1r193
28,,,ENSMUSG00000050933,Vmn1r231
29,,,ENSMUSG00000057513,Vmn1r177
30,,,ENSMUSG00000060024,Vmn1r213
31,,,ENSMUSG00000060245,Vmn1r228
32,,,ENSMUSG00000061022,Vmn1r222
33,,,ENSMUSG00000061296,Vmn1r210
34,,,ENSMUSG00000061376,Vmn1r219
35,,,ENSMUSG00000061829,Vmn1r214
36,,,ENSMUSG00000062165,Vmn1r232
37,,,ENSMUSG00000062483,Vmn1r171
38,,,ENSMUSG00000062598,Vmn1r178
39,,,ENSMUSG00000063998,Vmn1r211
40,,,ENSMUSG00000067951,Vmn1r227
41,,,ENSMUSG00000069280,Vmn1r223
42,,,ENSMUSG00000069289,Vmn1r203
43,,,ENSMUSG00000069292,Vmn1r199
44,,,ENSMUSG00000069294,Vmn1r197
45,,,ENSMUSG00000069295,Vmn1r196
46,,,ENSMUSG00000069296,Vmn1r195
47,,,ENSMUSG00000069297,Vmn1r194
48,,,ENSMUSG00000069299,Vmn1r188
49,,,ENSMUSG00000071490,Vmn1r212
50,,,ENSMUSG00000071491,Vmn1r209
51,,,ENSMUSG00000071493,Vmn1r208
52,,,ENSMUSG00000074291,Vmn1r168
53,,,ENSMUSG00000074311,Vmn1r139
54,,,ENSMUSG00000082316,Vmn1r221
55,,,ENSMUSG00000090411,Vmn1r174
56,,,ENSMUSG00000090715,Vmn1r167
57,,,ENSMUSG00000091151,Vmn1r224
58,,,ENSMUSG00000091539,Vmn1r238
59,,,ENSMUSG00000091924,Vmn1r185
60,,,ENSMUSG00000092473,Vmn1r180
61,,,ENSMUSG00000093853,Vmn1r151
62,,,ENSMUSG00000094187,Vmn1r170
63,,,ENSMUSG00000094379,Vmn1r202
64,,,ENSMUSG00000094542,Vmn1r149
65,,,ENSMUSG00000094602,Vmn1r169
66,,,ENSMUSG00000094637,Vmn1r204
67,,,ENSMUSG00000094700,Vmn1r158
68,,,ENSMUSG00000094898,Vmn1r201
69,,,ENSMUSG00000094905,Vmn1r155
70,,,ENSMUSG00000094931,Vmn1r160
71,,,ENSMUSG00000094934,Vmn1r163
72,,,ENSMUSG00000095125,Vmn1r198
73,,,ENSMUSG00000095273,Vmn1r142
74,,,ENSMUSG00000095358,Vmn1r165
75,,,ENSMUSG00000095383,Vmn1r152
76,,,ENSMUSG00000095543,Vmn1r148
77,,,ENSMUSG00000095619,Vmn1r157
78,,,ENSMUSG00000095632,Vmn1r175
79,,,ENSMUSG00000095916,Vmn1r191
80,,,ENSMUSG00000095931,Vmn1r159
81,,,ENSMUSG00000095962,Vmn1r137
82,,,ENSMUSG00000096071,Vmn1r143
83,,,ENSMUSG00000096099,Vmn1r220
84,,,ENSMUSG00000096859,Vmn1r176
85,,,ENSMUSG00000097425,Vmn1r181
86,,,ENSMUSG00000099611,Vmn1r189
87,,,ENSMUSG00000099787,Vmn1r192
88,,,ENSMUSG00000099917,Vmn1r215
89,,,ENSMUSG00000100296,Vmn1r205
90,,,ENSMUSG00000101073,Vmn1r200
91,,,ENSMUSG00000101578,Vmn1r206
92,,,ENSMUSG00000115020,Vmn1r218
93,,,ENSMUSG00000115021,Vmn1r173
94,,,ENSMUSG00000115072,Vmn1r2
95,,,ENSMUSG00000115466,Vmn1r3
96,,,ENSMUSG00000115697,Vmn1r216
97,,,ENSMUSG00000115791,Vmn1r217
98,,,ENSMUSG00000116057,Vmn1r216
99,,,ENSMUSG00000117148,Vmn1r229
100,,,ENSMUSG00000118318,Vmn1r183
0,VN1R5,ENSG00000197617,ENSMUSG00000044248,Vmn1r45
1,VN1R5,ENSG00000197617,ENSMUSG00000047203,Vmn1r54
2,VN1R5,ENSG00000197617,ENSMUSG00000057592,Vmn1r48
3,VN1R5,ENSG00000197617,ENSMUSG00000057697,Vmn1r53
4,VN1R5,ENSG00000197617,ENSMUSG00000059375,Vmn1r33
5,VN1R5,ENSG00000197617,ENSMUSG00000060699,Vmn1r35
6,VN1R5,ENSG00000197617,ENSMUSG00000060724,Vmn1r47
7,VN1R5,ENSG00000197617,ENSMUSG00000060816,Vmn1r52
8,VN1R5,ENSG00000197617,ENSMUSG00000061208,Vmn1r8
9,VN1R5,ENSG00000197617,ENSMUSG00000061653,Vmn1r46
10,VN1R5,ENSG00000197617,ENSMUSG00000062818,Vmn1r51
11,VN1R5,ENSG00000197617,ENSMUSG00000062905,Vmn1r32
12,VN1R5,ENSG00000197617,ENSMUSG00000068231,Vmn1r43
13,VN1R5,ENSG00000197617,ENSMUSG00000068232,Vmn1r42
14,VN1R5,ENSG00000197617,ENSMUSG00000068234,Vmn1r44
15,VN1R5,ENSG00000197617,ENSMUSG00000071893,Vmn1r4
16,VN1R5,ENSG00000197617,ENSMUSG00000090346,Vmn1r5
17,VN1R5,ENSG00000197617,ENSMUSG00000091012,Vmn1r34
18,VN1R5,ENSG00000197617,ENSMUSG00000091541,Vmn1r9
19,VN1R5,ENSG00000197617,ENSMUSG00000093696,Vmn1r7
20,VN1R5,ENSG00000197617,ENSMUSG00000093755,Vmn1r39
21,VN1R5,ENSG00000197617,ENSMUSG00000094553,Vmn1r50
22,VN1R5,ENSG00000197617,ENSMUSG00000094586,Vmn1r41
23,VN1R5,ENSG00000197617,ENSMUSG00000095670,Vmn1r30
24,VN1R5,ENSG00000197617,ENSMUSG00000095932,Vmn1r49
25,VN1R5,ENSG00000197617,ENSMUSG00000096051,Vmn1r40
26,VN1R5,ENSG00000197617,ENSMUSG00000115170,Vmn1r38
27,VN1R5,ENSG00000197617,ENSMUSG00000115404,Vmn1r31
28,VN1R5,ENSG00000197617,ENSMUSG00000115467,Vmn1r37
29,VN1R5,ENSG00000197617,ENSMUSG00000115482,Vmn1r36
30,VN1R5,ENSG00000197617,ENSMUSG00000115701,Vmn1r6
31,,,ENSMUSG00000027824,Vmn2r1
32,,,ENSMUSG00000043066,Vmn1r66
33,,,ENSMUSG00000043308,Vmn1r75
34,,,ENSMUSG00000045340,Vmn1r70
35,,,ENSMUSG00000046716,Vmn1r67
36,,,ENSMUSG00000047031,Vmn1r68
37,,,ENSMUSG00000047655,Vmn1r74
38,,,ENSMUSG00000051687,Vmn1r73
39,,,ENSMUSG00000056910,Vmn2r107
40,,,ENSMUSG00000058132,Vmn1r82
41,,,ENSMUSG00000058631,Vmn1r63
42,,,ENSMUSG00000059206,Vmn1r71
43,,,ENSMUSG00000061602,Vmn1r78
44,,,ENSMUSG00000066803,Vmn1r84
45,,,ENSMUSG00000066804,Vmn1r83
46,,,ENSMUSG00000066850,Vmn1r65
47,,,ENSMUSG00000067010,Vmn2r10
48,,,ENSMUSG00000070621,Vmn2r-ps60
49,,,ENSMUSG00000070815,Vmn1r87
50,,,ENSMUSG00000070816,Vmn1r86
51,,,ENSMUSG00000070817,Vmn1r85
52,,,ENSMUSG00000072049,Vmn2r121
53,,,ENSMUSG00000074164,Vmn2r-ps54
54,,,ENSMUSG00000078808,Vmn1r58
55,,,ENSMUSG00000090315,Vmn2r104
56,,,ENSMUSG00000090572,Vmn2r109
57,,,ENSMUSG00000090655,Vmn2r120
58,,,ENSMUSG00000090688,Vmn2r12
59,,,ENSMUSG00000090966,Vmn2r116
60,,,ENSMUSG00000091076,Vmn2r115
61,,,ENSMUSG00000091259,Vmn2r110
62,,,ENSMUSG00000091407,Vmn2r117
63,,,ENSMUSG00000091450,Vmn2r11
64,,,ENSMUSG00000091504,Vmn2r118
65,,,ENSMUSG00000091652,Vmn1r57
66,,,ENSMUSG00000091656,Vmn2r106
67,,,ENSMUSG00000091662,Vmn1r69
68,,,ENSMUSG00000091670,Vmn2r105
69,,,ENSMUSG00000091771,Vmn2r103
70,,,ENSMUSG00000091805,Vmn2r108
71,,,ENSMUSG00000091859,Vmn2r100
72,,,ENSMUSG00000091874,Vmn1r56
73,,,ENSMUSG00000091945,Vmn2r114
74,,,ENSMUSG00000092111,Vmn2r113
75,,,ENSMUSG00000092579,Vmn1r62
76,,,ENSMUSG00000093434,Vmn2r-ps11
77,,,ENSMUSG00000094011,Vmn1r94
78,,,ENSMUSG00000094735,Vmn1r95
79,,,ENSMUSG00000094752,Vmn2r-ps129
80,,,ENSMUSG00000094892,Vmn2r101
81,,,ENSMUSG00000094921,Vmn2r112
82,,,ENSMUSG00000095093,Vmn2r111
83,,,ENSMUSG00000095201,Vmn1r91
84,,,ENSMUSG00000095430,Vmn1r72
85,,,ENSMUSG00000095629,Vmn1r89
86,,,ENSMUSG00000095864,Vmn1r77
87,,,ENSMUSG00000095961,Vmn2r102
88,,,ENSMUSG00000096164,Vmn1r93
89,,,ENSMUSG00000096735,Vmn1r79
90,,,ENSMUSG00000100586,Vmn1r90
91,,,ENSMUSG00000115027,Vmn1r81
92,,,ENSMUSG00000115267,Vmn1r76
93,,,ENSMUSG00000115744,Vmn1r80
94,,,ENSMUSG00000117744,Vmn1r59
95,,,ENSMUSG00000117853,Vmn1r88
96,,,ENSMUSG00000117863,Vmn1r61
97,,,ENSMUSG00000118215,Vmn1r55
98,,,ENSMUSG00000118298,Vmn1r60
99,,,ENSMUSG00000118388,Vmn1r64
0,VMP1,ENSG00000062716,ENSMUSG00000018171,Vmp1
1,VNN1,ENSG00000112299,ENSMUSG00000037440,Vnn1
2,VPREB3,ENSG00000128218,ENSMUSG00000000903,Vpreb3
3,VOPP1,ENSG00000154978,ENSMUSG00000037788,Vopp1
4,VPS11,ENSG00000160695,ENSMUSG00000032127,Vps11
5,VMO1,ENSG00000182853,ENSMUSG00000020830,Vmo1
6,VPS13A,ENSG00000197969,ENSMUSG00000046230,Vps13a
7,,,ENSMUSG00000000606,Vmn2r88
8,,,ENSMUSG00000020010,Vnn3
9,,,ENSMUSG00000043897,Vmn2r2
10,,,ENSMUSG00000053720,Vmn2r43
11,,,ENSMUSG00000055515,Vmn2r81
12,,,ENSMUSG00000058685,Vmn2r51
13,,,ENSMUSG00000062200,Vmn2r7
14,,,ENSMUSG00000066372,Vmn2r65
15,,,ENSMUSG00000066537,Vmn2r57
16,,,ENSMUSG00000066820,Vmn2r28
17,,,ENSMUSG00000066828,Vmn2r37
18,,,ENSMUSG00000068999,Vmn2r5
19,,,ENSMUSG00000070448,Vmn2r89
20,,,ENSMUSG00000070458,Vmn2r73
21,,,ENSMUSG00000070601,Vmn2r84
22,,,ENSMUSG00000070841,Vmn2r34
23,,,ENSMUSG00000070844,Vmn2r42
24,,,ENSMUSG00000070847,Vmn2r30
25,,,ENSMUSG00000072778,Vmn2r27
26,,,ENSMUSG00000072780,Vmn2r24
27,,,ENSMUSG00000079698,Vmn2r93
28,,,ENSMUSG00000090304,Vmn2r99
29,,,ENSMUSG00000090352,Vmn2r46
30,,,ENSMUSG00000090362,Vmn2r79
31,,,ENSMUSG00000090383,Vmn2r58
32,,,ENSMUSG00000090417,Vmn2r94
33,,,ENSMUSG00000090436,Vmn2r75
34,,,ENSMUSG00000090581,Vmn2r6
35,,,ENSMUSG00000090619,Vmn2r60
36,,,ENSMUSG00000090662,Vmn2r45
37,,,ENSMUSG00000090751,Vmn2r63
38,,,ENSMUSG00000090762,Vmn2r56
39,,,ENSMUSG00000090774,Vmn2r74
40,,,ENSMUSG00000090806,Vmn2r70
41,,,ENSMUSG00000090864,Vmn2r40
42,,,ENSMUSG00000090892,Vmn2r41
43,,,ENSMUSG00000090949,Vmn2r77
44,,,ENSMUSG00000090961,Vmn2r8
45,,,ENSMUSG00000090967,Vmn2r61
46,,,ENSMUSG00000091006,Vmn2r69
47,,,ENSMUSG00000091045,Vmn2r55
48,,,ENSMUSG00000091059,Vmn2r14
49,,,ENSMUSG00000091205,Vmn2r71
50,,,ENSMUSG00000091206,Vmn2r91
51,,,ENSMUSG00000091239,Vmn2r76
52,,,ENSMUSG00000091260,Vmn2r19
53,,,ENSMUSG00000091350,Vmn2r92
54,,,ENSMUSG00000091375,Vmn2r15
55,,,ENSMUSG00000091381,Vmn2r83
56,,,ENSMUSG00000091468,Vmn2r82
57,,,ENSMUSG00000091491,Vmn2r97
58,,,ENSMUSG00000091511,Vmn2r87
59,,,ENSMUSG00000091572,Vmn2r3
60,,,ENSMUSG00000091620,Vmn2r23
61,,,ENSMUSG00000091624,Vmn2r9
62,,,ENSMUSG00000091631,Vmn2r95
63,,,ENSMUSG00000091635,Vmn2r13
64,,,ENSMUSG00000091651,Vmn2r36
65,,,ENSMUSG00000091679,Vmn2r96
66,,,ENSMUSG00000091794,Vmn2r18
67,,,ENSMUSG00000091879,Vmn2r17
68,,,ENSMUSG00000091888,Vmn2r80
69,,,ENSMUSG00000091926,Vmn2r62
70,,,ENSMUSG00000091930,Vmn2r52
71,,,ENSMUSG00000091962,Vmn2r78
72,,,ENSMUSG00000092032,Vmn2r59
73,,,ENSMUSG00000092048,Vmn2r85
74,,,ENSMUSG00000092049,Vmn2r4
75,,,ENSMUSG00000092080,Vmn2r16
76,,,ENSMUSG00000092120,Vmn2r90
77,,,ENSMUSG00000092162,Vmn2r86
78,,,ENSMUSG00000093820,Vmn2r21
79,,,ENSMUSG00000094098,Vmn2r44
80,,,ENSMUSG00000094145,Vmn2r20
81,,,ENSMUSG00000094606,Vmn2r50
82,,,ENSMUSG00000094672,Vmn2r25
83,,,ENSMUSG00000094950,Vmn2r66
84,,,ENSMUSG00000095486,Vmn2r22
85,,,ENSMUSG00000095664,Vmn2r67
86,,,ENSMUSG00000095730,Vmn2r29
87,,,ENSMUSG00000095773,Vmn2r38
88,,,ENSMUSG00000095914,Vmn2r48
89,,,ENSMUSG00000096002,Vmn2r53
90,,,ENSMUSG00000096180,Vmn2r49
91,,,ENSMUSG00000096294,Vmn2r47
92,,,ENSMUSG00000096373,Vmn2r31
93,,,ENSMUSG00000096399,Vmn2r35
94,,,ENSMUSG00000096593,Vmn2r54
95,,,ENSMUSG00000096630,Vmn2r26
96,,,ENSMUSG00000096658,Vmn2r39
97,,,ENSMUSG00000096691,Vmn2r33
98,,,ENSMUSG00000096717,Vmn2r98
99,,,ENSMUSG00000096743,Vmn2r32
0,VPS41,ENSG00000006715,ENSMUSG00000041236,Vps41
1,VTA1,ENSG00000009844,ENSMUSG00000019868,Vta1
2,WAS,ENSG00000015285,ENSMUSG00000031165,Was
3,VSIG2,ENSG00000019102,ENSMUSG00000001943,Vsig2
4,VRK2,ENSG00000028116,ENSMUSG00000064090,Vrk2
5,WDR37,ENSG00000047056,ENSMUSG00000021147,Wdr37
6,VPS13D,ENSG00000048707,ENSMUSG00000020220,Vps13d
7,WDR3,ENSG00000065183,ENSMUSG00000033285,Wdr3
8,WDR18,ENSG00000065268,ENSMUSG00000035754,Wdr18
9,VPS35,ENSG00000069329,ENSMUSG00000031696,Vps35
10,WDR1,ENSG00000071127,ENSMUSG00000005103,Wdr1
11,WDFY1,ENSG00000085449,ENSMUSG00000073643,Wdfy1
12,WAC,ENSG00000095787,ENSMUSG00000024283,Wac
13,VTI1B,ENSG00000100568,ENSMUSG00000021124,Vti1b
14,VRK1,ENSG00000100749,ENSMUSG00000021115,Vrk1
15,VSX1,ENSG00000100987,ENSMUSG00000033080,Vsx1
16,VSIG1,ENSG00000101842,ENSMUSG00000031430,Vsig1
17,WDR13,ENSG00000101940,ENSMUSG00000031166,Wdr13
18,VPS18,ENSG00000104142,ENSMUSG00000034216,Vps18
19,VRK3,ENSG00000105053,ENSMUSG00000002205,Vrk3
20,WASL,ENSG00000106299,ENSMUSG00000029684,Wasl
21,VTN,ENSG00000109072,ENSMUSG00000017344,Vtn
22,VWA5A,ENSG00000110002,ENSMUSG00000023186,Vwa5a
23,VWF,ENSG00000110799,ENSMUSG00000001930,Vwf
24,VPS29,ENSG00000111237,ENSMUSG00000029462,Vps29
25,WASF1,ENSG00000112290,ENSMUSG00000019831,Wasf1
26,WARS2,ENSG00000116874,ENSMUSG00000004233,Wars2
27,WDR35,ENSG00000118965,ENSMUSG00000066643,Wdr35
28,VPS4B,ENSG00000119541,ENSMUSG00000009907,Vps4b
29,VSX2,ENSG00000119614,ENSMUSG00000021239,Vsx2
30,WDR11,ENSG00000120008,ENSMUSG00000042055,Wdr11
31,WBP4,ENSG00000120688,ENSMUSG00000022023,Wbp4
32,VPS26A,ENSG00000122958,ENSMUSG00000020078,Vps26a
33,WDR24,ENSG00000127580,ENSMUSG00000025737,Wdr24
34,WDFY4,ENSG00000128815,ENSMUSG00000051506,Wdfy4
35,VPS13C,ENSG00000129003,ENSMUSG00000035284,Vps13c
36,VPS25,ENSG00000131475,ENSMUSG00000078656,Vps25
37,WBP2,ENSG00000132471,ENSMUSG00000034341,Wbp2
38,VPS13B,ENSG00000132549,ENSMUSG00000037646,Vps13b
39,VPS4A,ENSG00000132612,ENSMUSG00000031913,Vps4a
40,VSTM2L,ENSG00000132821,ENSMUSG00000037843,Vstm2l
41,WASF3,ENSG00000132970,ENSMUSG00000029636,Wasf3
42,VRTN,ENSG00000133980,ENSMUSG00000071235,Vrtn
43,VTCN1,ENSG00000134258,ENSMUSG00000051076,Vtcn1
44,WDR36,ENSG00000134987,ENSMUSG00000038299,Wdr36
45,VPS36,ENSG00000136100,ENSMUSG00000031479,Vps36
46,VPS45,ENSG00000136631,ENSMUSG00000015747,Vps45
47,WDR33,ENSG00000136709,ENSMUSG00000024400,Wdr33
48,WDR38,ENSG00000136918,ENSMUSG00000035295,Wdr38
49,WDR12,ENSG00000138442,ENSMUSG00000026019,Wdr12
50,WDFY2,ENSG00000139668,ENSMUSG00000014547,Wdfy2
51,VPS33A,ENSG00000139719,ENSMUSG00000029434,Vps33a
52,VPS37B,ENSG00000139722,ENSMUSG00000066278,Vps37b
53,VPS53,ENSG00000141252,ENSMUSG00000017288,Vps53
54,WDPCP,ENSG00000143951,ENSMUSG00000020319,Wdpcp
55,VPS54,ENSG00000143952,ENSMUSG00000020128,Vps54
56,VWA5B2,ENSG00000145198,ENSMUSG00000046613,Vwa5b2
57,WDR31,ENSG00000148225,ENSMUSG00000028391,Wdr31
58,WDR17,ENSG00000150627,ENSMUSG00000039375,Wdr17
59,VPS26B,ENSG00000151502,ENSMUSG00000031988,Vps26b
60,VTI1A,ENSG00000151532,ENSMUSG00000024983,Vti1a
61,VSIG4,ENSG00000155659,ENSMUSG00000044206,Vsig4
62,VPS37A,ENSG00000155975,ENSMUSG00000031600,Vps37a
63,VPS8,ENSG00000156931,ENSMUSG00000033653,Vps8
64,WDR19,ENSG00000157796,ENSMUSG00000037890,Wdr19
65,WASF2,ENSG00000158195,ENSMUSG00000028868,Wasf2
66,VWA5B1,ENSG00000158816,ENSMUSG00000028753,Vwa5b1
67,WDR4,ENSG00000160193,ENSMUSG00000024037,Wdr4
68,VPS28,ENSG00000160948,ENSMUSG00000115987,Vps28
69,WDR26,ENSG00000162923,ENSMUSG00000038733,Wdr26
70,VSNL1,ENSG00000163032,ENSMUSG00000054459,Vsnl1
71,VPS72,ENSG00000163159,ENSMUSG00000008958,Vps72
72,WDFY3,ENSG00000163625,ENSMUSG00000043940,Wdfy3
73,WDR43,ENSG00000163811,ENSMUSG00000041057,Wdr43
74,WDR41,ENSG00000164253,ENSMUSG00000042015,Wdr41
75,VWA2,ENSG00000165816,ENSMUSG00000025082,Vwa2
76,VPS39,ENSG00000166887,ENSMUSG00000027291,Vps39
77,VPS37C,ENSG00000167987,ENSMUSG00000048832,Vps37c
78,VWCE,ENSG00000167992,ENSMUSG00000043789,Vwce
79,VSTM2A,ENSG00000170419,ENSMUSG00000048834,Vstm2a
80,VWC2L,ENSG00000174453,ENSMUSG00000045648,Vwc2l
81,VWA3A,ENSG00000175267,ENSMUSG00000030889,Vwa3a
82,VPS37D,ENSG00000176428,ENSMUSG00000043614,Vps37d
83,WDR25,ENSG00000176473,ENSMUSG00000040877,Wdr25
84,VSIG10,ENSG00000176834,ENSMUSG00000066894,Vsig10
85,VWA1,ENSG00000179403,ENSMUSG00000042116,Vwa1
86,WBP2NL,ENSG00000183066,ENSMUSG00000022455,Wbp2nl
87,VPS33B,ENSG00000184056,ENSMUSG00000030534,Vps33b
88,WDR27,ENSG00000184465,ENSMUSG00000046991,Wdr27
89,VSTM2B,ENSG00000187135,ENSMUSG00000039257,Vstm2b
90,VWC2,ENSG00000188730,ENSMUSG00000050830,Vwc2
91,WDHD1,ENSG00000198554,ENSMUSG00000037572,Wdhd1
92,VPS16,ENSG00000215305,ENSMUSG00000027411,Vps16
93,VPS52,ENSG00000223501,ENSMUSG00000024319,Vps52
94,WBP1,ENSG00000239779,ENSMUSG00000030035,Wbp1
95,VSIG8,ENSG00000243284,ENSMUSG00000049598,Vsig8
96,,,ENSMUSG00000000381,Wap
97,,,ENSMUSG00000030216,Wbp11
98,,,ENSMUSG00000054909,Wbscr25
99,,,ENSMUSG00000079679,Vwde
0,WNT16,ENSG00000002745,ENSMUSG00000029671,Wnt16
1,WDR54,ENSG00000005448,ENSMUSG00000030032,Wdr54
2,WIZ,ENSG00000011451,ENSMUSG00000024050,Wiz
3,WNK1,ENSG00000060237,ENSMUSG00000045962,Wnk1
4,WNT8A,ENSG00000061492,ENSMUSG00000012282,Wnt8a
5,WIPI1,ENSG00000070540,ENSMUSG00000041895,Wipi1
6,WSCD2,ENSG00000075035,ENSMUSG00000063430,Wscd2
7,WNT8B,ENSG00000075290,ENSMUSG00000036961,Wnt8b
8,WDR62,ENSG00000075702,ENSMUSG00000037020,Wdr62
9,WDR70,ENSG00000082068,ENSMUSG00000039828,Wdr70
10,WDR47,ENSG00000085433,ENSMUSG00000040389,Wdr47
11,WNT11,ENSG00000085741,ENSMUSG00000015957,Wnt11
12,WDR7,ENSG00000091157,ENSMUSG00000040560,Wdr7
13,WDR76,ENSG00000092470,ENSMUSG00000027242,Wdr76
14,WHRN,ENSG00000095397,ENSMUSG00000039137,Whrn
15,WFDC2,ENSG00000101443,ENSMUSG00000017723,Wfdc2
16,WDR59,ENSG00000103091,ENSMUSG00000031959,Wdr59
17,WFDC1,ENSG00000103175,ENSMUSG00000023336,Wfdc1
18,WDR91,ENSG00000105875,ENSMUSG00000058486,Wdr91
19,WNT2,ENSG00000105989,ENSMUSG00000010797,Wnt2
20,WNT3,ENSG00000108379,ENSMUSG00000000125,Wnt3
21,WSB1,ENSG00000109046,ENSMUSG00000017677,Wsb1
22,WFS1,ENSG00000109501,ENSMUSG00000039474,Wfs1
23,WNT5B,ENSG00000111186,ENSMUSG00000030170,Wnt5b
24,WWC1,ENSG00000113645,ENSMUSG00000018849,Wwc1
25,WNT5A,ENSG00000114251,ENSMUSG00000021994,Wnt5a
26,WDR48,ENSG00000114742,ENSMUSG00000032512,Wdr48
27,WDR75,ENSG00000115368,ENSMUSG00000025995,Wdr75
28,WNT6,ENSG00000115596,ENSMUSG00000033227,Wnt6
29,WIPF1,ENSG00000115935,ENSMUSG00000075284,Wipf1
30,WDR77,ENSG00000116455,ENSMUSG00000000561,Wdr77
31,WLS,ENSG00000116729,ENSMUSG00000028173,Wls
32,WDR55,ENSG00000120314,ENSMUSG00000042660,Wdr55
33,WIPF3,ENSG00000122574,ENSMUSG00000086040,Wipf3
34,WWP1,ENSG00000123124,ENSMUSG00000041058,Wwp1
35,WDR83,ENSG00000123154,ENSMUSG00000005150,Wdr83
36,WFDC3,ENSG00000124116,ENSMUSG00000076434,Wfdc3
37,WRNIP1,ENSG00000124535,ENSMUSG00000021400,Wrnip1
38,WNT1,ENSG00000125084,ENSMUSG00000022997,Wnt1
39,WNK4,ENSG00000126562,ENSMUSG00000035112,Wnk4
40,WFIKKN1,ENSG00000127578,ENSMUSG00000071192,Wfikkn1
41,WDR44,ENSG00000131725,ENSMUSG00000036769,Wdr44
42,WDR74,ENSG00000133316,ENSMUSG00000042729,Wdr74
43,WNT2B,ENSG00000134245,ENSMUSG00000027840,Wnt2b
44,WNT10A,ENSG00000135925,ENSMUSG00000026167,Wnt10a
45,WDR89,ENSG00000140006,ENSMUSG00000045690,Wdr89
46,WDR93,ENSG00000140527,ENSMUSG00000039099,Wdr93
47,WRAP53,ENSG00000141499,ENSMUSG00000041346,Wrap53
48,WTIP,ENSG00000142279,ENSMUSG00000036459,Wtip
49,WDTC1,ENSG00000142784,ENSMUSG00000037622,Wdtc1
50,WNT9A,ENSG00000143816,ENSMUSG00000000126,Wnt9a
51,WTAP,ENSG00000146457,ENSMUSG00000060475,Wtap
52,WWC2,ENSG00000151718,ENSMUSG00000031563,Wwc2
53,WNT3A,ENSG00000154342,ENSMUSG00000009900,Wnt3a
54,WNT7A,ENSG00000154764,ENSMUSG00000030093,Wnt7a
55,WIF1,ENSG00000156076,ENSMUSG00000020218,Wif1
56,WHAMM,ENSG00000156232,ENSMUSG00000045795,Whamm
57,WIPI2,ENSG00000157954,ENSMUSG00000029578,Wipi2
58,WFDC8,ENSG00000158901,ENSMUSG00000070533,Wfdc8
59,WNT9B,ENSG00000158955,ENSMUSG00000018486,Wnt9b
60,WDR90,ENSG00000161996,ENSMUSG00000073434,Wdr90
61,WNT4,ENSG00000162552,ENSMUSG00000036856,Wnt4
62,WDR64,ENSG00000162843,ENSMUSG00000026523,Wdr64
63,WDR82,ENSG00000164091,ENSMUSG00000020257,Wdr82
64,WNK2,ENSG00000165238,ENSMUSG00000037989,Wnk2
65,WRN,ENSG00000165392,ENSMUSG00000031583,Wrn
66,WDR72,ENSG00000166415,ENSMUSG00000044976,Wdr72
67,WEE1,ENSG00000166483,ENSMUSG00000031016,Wee1
68,WDR81,ENSG00000167716,ENSMUSG00000045374,Wdr81
69,WFDC13,ENSG00000168634,ENSMUSG00000067704,Wfdc13
70,WFDC12,ENSG00000168703,ENSMUSG00000042845,Wfdc12
71,WNT10B,ENSG00000169884,ENSMUSG00000022996,Wnt10b
72,WIPF2,ENSG00000171475,ENSMUSG00000038013,Wipf2
73,WFIKKN2,ENSG00000173714,ENSMUSG00000044177,Wfikkn2
74,WFDC5,ENSG00000175121,ENSMUSG00000040154,Wfdc5
75,WSB2,ENSG00000176871,ENSMUSG00000029364,Wsb2
76,WDR73,ENSG00000177082,ENSMUSG00000025722,Wdr73
77,WDR6,ENSG00000178252,ENSMUSG00000066357,Wdr6
78,WSCD1,ENSG00000179314,ENSMUSG00000020811,Wscd1
79,WFDC11,ENSG00000180083,ENSMUSG00000078940,Wfdc11
80,WFDC9,ENSG00000180205,ENSMUSG00000074594,Wfdc9
81,WFDC10A,ENSG00000180305,ENSMUSG00000070529,Wfdc10
82,WT1,ENSG00000184937,ENSMUSG00000016458,Wt1
83,WDR53,ENSG00000185798,ENSMUSG00000022787,Wdr53
84,WWOX,ENSG00000186153,ENSMUSG00000004637,Wwox
85,WDR86,ENSG00000187260,ENSMUSG00000055235,Wdr86
86,WNT7B,ENSG00000188064,ENSMUSG00000022382,Wnt7b
87,WDSUB1,ENSG00000196151,ENSMUSG00000026988,Wdsub1
88,WDR5,ENSG00000196363,ENSMUSG00000026917,Wdr5
89,WDR5B,ENSG00000196981,ENSMUSG00000034379,Wdr5b
90,WDR45,ENSG00000196998,ENSMUSG00000039382,Wdr45
91,WEE2,ENSG00000214102,ENSMUSG00000037159,Wee2
92,WDR46,ENSG00000227057,ENSMUSG00000024312,Wdr46
93,,,ENSMUSG00000018211,Wfdc15b
94,,,ENSMUSG00000029658,Wdr95
95,,,ENSMUSG00000051769,Wfdc15a
96,,,ENSMUSG00000070530,Wfdc16
97,,,ENSMUSG00000070531,Wfdc6b
98,,,ENSMUSG00000074595,Wfdc6a
0,YBX2,ENSG00000006047,ENSMUSG00000018554,Ybx2
1,YAF2,ENSG00000015153,ENSMUSG00000022634,Yaf2
2,XYLT2,ENSG00000015532,ENSMUSG00000020868,Xylt2
3,WWTR1,ENSG00000018408,ENSMUSG00000027803,Wwtr1
4,YTHDC2,ENSG00000047188,ENSMUSG00000034653,Ythdc2
5,XK,ENSG00000047597,ENSMUSG00000015342,Xk
6,YIPF1,ENSG00000058799,ENSMUSG00000057375,Yipf1
7,YBX1,ENSG00000065978,ENSMUSG00000028639,Ybx1
8,XRCC1,ENSG00000073050,ENSMUSG00000051768,Xrcc1
9,XAB2,ENSG00000076924,ENSMUSG00000019470,Xab2
10,XRCC5,ENSG00000079246,ENSMUSG00000026187,Xrcc5
11,XPO1,ENSG00000082898,ENSMUSG00000020290,Xpo1
12,YTHDC1,ENSG00000083896,ENSMUSG00000035851,Ythdc1
13,XRN2,ENSG00000088930,ENSMUSG00000027433,Xrn2
14,YPEL3,ENSG00000090238,ENSMUSG00000042675,Ypel3
15,XYLB,ENSG00000093217,ENSMUSG00000035769,Xylb
16,YPEL1,ENSG00000100027,ENSMUSG00000022773,Ypel1
17,XBP1,ENSG00000100219,ENSMUSG00000020484,Xbp1
18,YY1,ENSG00000100811,ENSMUSG00000021264,Yy1
19,XIAP,ENSG00000101966,ENSMUSG00000025860,Xiap
20,XYLT1,ENSG00000103489,ENSMUSG00000030657,Xylt1
21,YKT6,ENSG00000106636,ENSMUSG00000002741,Ykt6
22,XPNPEP1,ENSG00000108039,ENSMUSG00000025027,Xpnpep1
23,YWHAE,ENSG00000108953,ENSMUSG00000020849,Ywhae
24,XRN1,ENSG00000114127,ENSMUSG00000032410,Xrn1
25,ZAP70,ENSG00000115085,ENSMUSG00000026117,Zap70
26,YLPM1,ENSG00000119596,ENSMUSG00000021244,Ylpm1
27,YPEL5,ENSG00000119801,ENSMUSG00000039770,Ypel5
28,YIPF4,ENSG00000119820,ENSMUSG00000024072,Yipf4
29,XPNPEP2,ENSG00000122121,ENSMUSG00000037005,Xpnpep2
30,XPO5,ENSG00000124571,ENSMUSG00000067150,Xpo5
31,XRCC3,ENSG00000126215,ENSMUSG00000021287,Xrcc3
32,YEATS4,ENSG00000127337,ENSMUSG00000020171,Yeats4
33,YWHAH,ENSG00000128245,ENSMUSG00000018965,Ywhah
34,XPO7,ENSG00000130227,ENSMUSG00000022100,Xpo7
35,YIPF2,ENSG00000130733,ENSMUSG00000032182,Yipf2
36,XAF1,ENSG00000132530,ENSMUSG00000040483,Xaf1
37,XPO4,ENSG00000132953,ENSMUSG00000021952,Xpo4
38,YWHAQ,ENSG00000134308,ENSMUSG00000076432,Ywhaq
39,YARS1,ENSG00000134684,ENSMUSG00000028811,Yars
40,YME1L1,ENSG00000136758,ENSMUSG00000026775,Yme1l1
41,XPA,ENSG00000136936,ENSMUSG00000028329,Xpa
42,YIPF3,ENSG00000137207,ENSMUSG00000071074,Yipf3
43,YAP1,ENSG00000137693,ENSMUSG00000053110,Yap1
44,YARS2,ENSG00000139131,ENSMUSG00000022792,Yars2
45,SYCP3,ENSG00000139351,ENSMUSG00000054626,Xlr
46,XCL1,ENSG00000143184,ENSMUSG00000026573,Xcl1
47,XCL2,ENSG00000143185,ENSMUSG00000026573,Xcl1
48,XPR1,ENSG00000143324,ENSMUSG00000026469,Xpr1
49,YIPF5,ENSG00000145817,ENSMUSG00000024487,Yipf5
50,ZAN,ENSG00000146839,ENSMUSG00000079173,Zan
51,YTHDF1,ENSG00000149658,ENSMUSG00000038848,Ythdf1
52,XRCC4,ENSG00000152422,ENSMUSG00000021615,Xrcc4
53,XPC,ENSG00000154767,ENSMUSG00000030094,Xpc
54,XDH,ENSG00000158125,ENSMUSG00000024066,Xdh
55,XKR8,ENSG00000158156,ENSMUSG00000037752,Xkr8
56,YDJC,ENSG00000161179,ENSMUSG00000041774,Ydjc
57,XIRP2,ENSG00000163092,ENSMUSG00000027022,Xirp2
58,YEATS2,ENSG00000163872,ENSMUSG00000041215,Yeats2
59,XRRA1,ENSG00000166435,ENSMUSG00000035211,Xrra1
60,YPEL4,ENSG00000166793,ENSMUSG00000034059,Ypel4
61,YWHAB,ENSG00000166913,ENSMUSG00000018326,Ywhab
62,YIF1B,ENSG00000167645,ENSMUSG00000030588,Yif1b
63,XIRP1,ENSG00000168334,ENSMUSG00000079243,Xirp1
64,XPO6,ENSG00000169180,ENSMUSG00000000131,Xpo6
65,YWHAG,ENSG00000170027,ENSMUSG00000051391,Ywhag
66,XKR6,ENSG00000171044,ENSMUSG00000035067,Xkr6
67,XCR1,ENSG00000173578,ENSMUSG00000060509,Xcr1
68,YIF1A,ENSG00000174851,ENSMUSG00000024875,Yif1a
69,YPEL2,ENSG00000175155,ENSMUSG00000018427,Ypel2
70,YES1,ENSG00000176105,ENSMUSG00000014932,Yes1
71,FAM9B,ENSG00000177138,ENSMUSG00000058328,Xlr5a
72,FAM9A,ENSG00000183304,ENSMUSG00000058328,Xlr5a
73,FAM9C,ENSG00000187268,ENSMUSG00000058328,Xlr5a
74,FAM9B,ENSG00000177138,ENSMUSG00000067764,Xlr5c
75,FAM9A,ENSG00000183304,ENSMUSG00000067764,Xlr5c
76,FAM9C,ENSG00000187268,ENSMUSG00000067764,Xlr5c
77,FAM9B,ENSG00000177138,ENSMUSG00000072479,Xlr5b
78,FAM9A,ENSG00000183304,ENSMUSG00000072479,Xlr5b
79,FAM9C,ENSG00000187268,ENSMUSG00000072479,Xlr5b
80,YIPF7,ENSG00000177752,ENSMUSG00000029158,Yipf7
81,YOD1,ENSG00000180667,ENSMUSG00000046404,Yod1
82,YIPF6,ENSG00000181704,ENSMUSG00000047694,Yipf6
83,YBEY,ENSG00000182362,ENSMUSG00000033126,Ybey
84,XKRX,ENSG00000182489,ENSMUSG00000031258,Xkrx
85,XPOT,ENSG00000184575,ENSMUSG00000034667,Xpot
86,YTHDF3,ENSG00000185728,ENSMUSG00000047213,Ythdf3
87,XPNPEP3,ENSG00000196236,ENSMUSG00000022401,Xpnpep3
88,XRCC6,ENSG00000196419,ENSMUSG00000022471,Xrcc6
89,YRDC,ENSG00000196449,ENSMUSG00000028889,Yrdc
90,XRCC2,ENSG00000196584,ENSMUSG00000028933,Xrcc2
91,WWP2,ENSG00000198373,ENSMUSG00000031930,Wwp2
92,YTHDF2,ENSG00000198492,ENSMUSG00000040025,Ythdf2
93,XKR4,ENSG00000206579,ENSMUSG00000051951,Xkr4
94,XKR9,ENSG00000221947,ENSMUSG00000067813,Xkr9
95,XKR7,ENSG00000260903,ENSMUSG00000042631,Xkr7
96,XKR5,ENSG00000275591,ENSMUSG00000039814,Xkr5
97,,,ENSMUSG00000022285,Ywhaz
98,,,ENSMUSG00000031362,Xlr4c
99,,,ENSMUSG00000057836,Xlr3a
100,,,ENSMUSG00000058147,Xlr3c
101,,,ENSMUSG00000067768,Xlr4b
102,,,ENSMUSG00000073125,Xlr3b
103,,,ENSMUSG00000079845,Xlr4a
104,,,ENSMUSG00000086503,Xist
105,,,ENSMUSG00000091736,Yy2
0,ZBTB32,ENSG00000011590,ENSMUSG00000006310,Zbtb32
1,ZC3H3,ENSG00000014164,ENSMUSG00000075600,Zc3h3
2,ZCCHC8,ENSG00000033030,ENSMUSG00000029427,Zcchc8
3,ZC3H11A,ENSG00000058673,ENSMUSG00000102976,Zc3h11a
4,ZC3H11C,ENSG00000214558,ENSMUSG00000102976,Zc3h11a
5,ZC3H11B,ENSG00000215817,ENSMUSG00000102976,Zc3h11a
6,ZC3H15,ENSG00000065548,ENSMUSG00000027091,Zc3h15
7,ZBTB11,ENSG00000066422,ENSMUSG00000022601,Zbtb11
8,ZCWPW1,ENSG00000078487,ENSMUSG00000037108,Zcwpw1
9,ZBTB25,ENSG00000089775,ENSMUSG00000056459,Zbtb25
10,ZC3HC1,ENSG00000091732,ENSMUSG00000039130,Zc3hc1
11,ZC3H7B,ENSG00000100403,ENSMUSG00000022390,Zc3h7b
12,ZBED4,ENSG00000100426,ENSMUSG00000034333,Zbed4
13,ZC3H14,ENSG00000100722,ENSMUSG00000021012,Zc3h14
14,ZC3H12B,ENSG00000102053,ENSMUSG00000035045,Zc3h12b
15,ZDHHC15,ENSG00000102383,ENSMUSG00000033906,Zdhhc15
16,ZDHHC2,ENSG00000104219,ENSMUSG00000039470,Zdhhc2
17,ZC3HAV1,ENSG00000105939,ENSMUSG00000029826,Zc3hav1
18,ZBTB16,ENSG00000109906,ENSMUSG00000066687,Zbtb16
19,ZBTB24,ENSG00000112365,ENSMUSG00000019826,Zbtb24
20,ZBTB17,ENSG00000116809,ENSMUSG00000006215,Zbtb17
21,ZBTB45,ENSG00000119574,ENSMUSG00000049600,Zbtb45
22,ZCCHC17,ENSG00000121766,ENSMUSG00000028772,Zcchc17
23,ZC3H7A,ENSG00000122299,ENSMUSG00000037965,Zc3h7a
24,ZC3H13,ENSG00000123200,ENSMUSG00000022000,Zc3h13
25,ZBP1,ENSG00000124256,ENSMUSG00000027514,Zbp1
26,ZBTB1,ENSG00000126804,ENSMUSG00000033454,Zbtb1
27,ZC4H2,ENSG00000126970,ENSMUSG00000035062,Zc4h2
28,ZBTB46,ENSG00000130584,ENSMUSG00000027583,Zbtb46
29,ZC3H4,ENSG00000130749,ENSMUSG00000059273,Zc3h4
30,ZCCHC9,ENSG00000131732,ENSMUSG00000021621,Zcchc9
31,ZBED3,ENSG00000132846,ENSMUSG00000041995,Zbed3
32,ZC3H10,ENSG00000135482,ENSMUSG00000039810,Zc3h10
33,ZDHHC4,ENSG00000136247,ENSMUSG00000001844,Zdhhc4
34,ZCRB1,ENSG00000139168,ENSMUSG00000022635,Zcrb1
35,ZCCHC14,ENSG00000140948,ENSMUSG00000061410,Zcchc14
36,ZCCHC2,ENSG00000141664,ENSMUSG00000038866,Zcchc2
37,ZC3H8,ENSG00000144161,ENSMUSG00000027387,Zc3h8
38,ZC3HAV1L,ENSG00000146858,ENSMUSG00000047749,Zc3hav1l
39,ZCCHC7,ENSG00000147905,ENSMUSG00000035649,Zcchc7
40,ZC3H12C,ENSG00000149289,ENSMUSG00000035164,Zc3h12c
41,ZCCHC10,ENSG00000155329,ENSMUSG00000018239,Zcchc10
42,ZC3H18,ENSG00000158545,ENSMUSG00000017478,Zc3h18
43,ZDHHC1,ENSG00000159714,ENSMUSG00000039199,Zdhhc1
44,ZBTB8A,ENSG00000160062,ENSMUSG00000028807,Zbtb8a
45,ZDHHC12,ENSG00000160446,ENSMUSG00000015335,Zdhhc12
46,ZBTB7B,ENSG00000160685,ENSMUSG00000028042,Zbtb7b
47,ZDHHC3,ENSG00000163812,ENSMUSG00000025786,Zdhhc3
48,ZC3H12A,ENSG00000163874,ENSMUSG00000042677,Zc3h12a
49,ZDHHC19,ENSG00000163958,ENSMUSG00000052363,Zdhhc19
50,ZCCHC24,ENSG00000165424,ENSMUSG00000055538,Zcchc24
51,ZCCHC18,ENSG00000166707,ENSMUSG00000031428,Zcchc18
52,ZCCHC12,ENSG00000174460,ENSMUSG00000031428,Zcchc18
53,ZCCHC18,ENSG00000166707,ENSMUSG00000036699,Zcchc12
54,ZCCHC12,ENSG00000174460,ENSMUSG00000036699,Zcchc12
55,ZBTB39,ENSG00000166860,ENSMUSG00000044617,Zbtb39
56,ZCCHC4,ENSG00000168228,ENSMUSG00000029179,Zcchc4
57,ZBTB5,ENSG00000168795,ENSMUSG00000049657,Zbtb5
58,ZBTB49,ENSG00000168826,ENSMUSG00000029127,Zbtb49
59,ZBBX,ENSG00000169064,ENSMUSG00000034151,Zbbx
60,ZBTB43,ENSG00000169155,ENSMUSG00000026788,Zbtb43
61,ZDHHC16,ENSG00000171307,ENSMUSG00000025157,Zdhhc16
62,ZBTB26,ENSG00000171448,ENSMUSG00000050714,Zbtb26
63,ZDHHC24,ENSG00000174165,ENSMUSG00000006463,Zdhhc24
64,ZBTB4,ENSG00000174282,ENSMUSG00000018750,Zbtb4
65,ZDHHC14,ENSG00000175048,ENSMUSG00000034265,Zdhhc14
66,ZDHHC21,ENSG00000175893,ENSMUSG00000028403,Zdhhc21
67,ZBTB8OS,ENSG00000176261,ENSMUSG00000057572,Zbtb8os
68,ZDHHC13,ENSG00000177054,ENSMUSG00000030471,Zdhhc13
69,ZDHHC22,ENSG00000177108,ENSMUSG00000048483,Zdhhc22
70,ZBTB34,ENSG00000177125,ENSMUSG00000068966,Zbtb34
71,ZBTB38,ENSG00000177311,ENSMUSG00000040433,Zbtb38
72,ZBTB33,ENSG00000177485,ENSMUSG00000048047,Zbtb33
73,ZBTB41,ENSG00000177888,ENSMUSG00000033964,Zbtb41
74,ZC3H12D,ENSG00000178199,ENSMUSG00000039981,Zc3h12d
75,ZBTB7A,ENSG00000178951,ENSMUSG00000035011,Zbtb7a
76,ZBTB42,ENSG00000179627,ENSMUSG00000037638,Zbtb42
77,ZDHHC20,ENSG00000180776,ENSMUSG00000021969,Zdhhc20
78,ZBTB2,ENSG00000181472,ENSMUSG00000075327,Zbtb2
79,ZBTB20,ENSG00000181722,ENSMUSG00000022708,Zbtb20
80,ZAR1,ENSG00000182223,ENSMUSG00000063935,Zar1
81,ZDHHC23,ENSG00000184307,ENSMUSG00000036304,Zdhhc23
82,ZBTB40,ENSG00000184677,ENSMUSG00000060862,Zbtb40
83,ZBTB7C,ENSG00000184828,ENSMUSG00000044646,Zbtb7c
84,ZBTB37,ENSG00000185278,ENSMUSG00000043467,Zbtb37
85,ZBTB3,ENSG00000185670,ENSMUSG00000071661,Zbtb3
86,ZBTB6,ENSG00000186130,ENSMUSG00000066798,Zbtb6
87,ZDHHC17,ENSG00000186908,ENSMUSG00000035798,Zdhhc17
88,ZCCHC13,ENSG00000187969,ENSMUSG00000031330,Zcchc13
89,ZC3H6,ENSG00000188177,ENSMUSG00000042851,Zc3h6
90,ZDHHC11,ENSG00000188818,ENSMUSG00000069189,Zdhhc11
91,ZDHHC11B,ENSG00000206077,ENSMUSG00000069189,Zdhhc11
92,ZAR1L,ENSG00000189167,ENSMUSG00000056586,Zar1l
93,ZBTB44,ENSG00000196323,ENSMUSG00000047412,Zbtb44
94,ZDHHC18,ENSG00000204160,ENSMUSG00000037553,Zdhhc18
95,ZDBF2,ENSG00000204186,ENSMUSG00000027520,Zdbf2
96,ZBTB12,ENSG00000204366,ENSMUSG00000049823,Zbtb12
97,ZBTB48,ENSG00000204859,ENSMUSG00000028952,Zbtb48
98,ZBTB10,ENSG00000205189,ENSMUSG00000069114,Zbtb10
99,ZBTB9,ENSG00000213588,ENSMUSG00000079605,Zbtb9
100,ZBTB22,ENSG00000236104,ENSMUSG00000051390,Zbtb22
101,ZCCHC3,ENSG00000247315,ENSMUSG00000074682,Zcchc3
102,ZBED6,ENSG00000257315,ENSMUSG00000094410,Zbed6
103,ZBTB8B,ENSG00000273274,ENSMUSG00000048485,Zbtb8b
104,,,ENSMUSG00000054117,Zdhhc25
0,ZNF195,ENSG00000005801,ENSMUSG00000030446,Zfp273
1,ZNF429,ENSG00000197013,ENSMUSG00000030446,Zfp273
2,ZNF263,ENSG00000006194,ENSMUSG00000022529,Zfp263
3,,ENSG00000290183,ENSMUSG00000022529,Zfp263
4,ZNF207,ENSG00000010244,ENSMUSG00000017421,Zfp207
5,ZDHHC6,ENSG00000023041,ENSMUSG00000024982,Zdhhc6
6,ZNF280C,ENSG00000056277,ENSMUSG00000036916,Zfp280c
7,ZNF112,ENSG00000062370,ENSMUSG00000052675,Zfp112
8,ZFAT,ENSG00000066827,ENSMUSG00000022335,Zfat
9,ZNF324,ENSG00000083812,ENSMUSG00000004500,Zfp324
10,ZNF324B,ENSG00000249471,ENSMUSG00000004500,Zfp324
11,ZNF213,ENSG00000085644,ENSMUSG00000071256,Zfp213
12,ZFAND6,ENSG00000086666,ENSMUSG00000030629,Zfand6
13,ZFHX4,ENSG00000091656,ENSMUSG00000025255,Zfhx4
14,ZDHHC8,ENSG00000099904,ENSMUSG00000060166,Zdhhc8
15,ZNF174,ENSG00000103343,ENSMUSG00000054939,Zfp174
16,ZNF106,ENSG00000103994,ENSMUSG00000027288,Zfp106
17,ZFAND1,ENSG00000104231,ENSMUSG00000039795,Zfand1
18,ZFAND5,ENSG00000107372,ENSMUSG00000024750,Zfand5
19,ZNF330,ENSG00000109445,ENSMUSG00000031711,Zfp330
20,ZNF142,ENSG00000115568,ENSMUSG00000026135,Zfp142
21,ZFP30,ENSG00000120784,ENSMUSG00000047473,Zfp30
22,ZNF205,ENSG00000122386,ENSMUSG00000062012,Zfp13
23,ZNF317,ENSG00000130803,ENSMUSG00000057551,Zfp317
24,ZNF236,ENSG00000130856,ENSMUSG00000041258,Zfp236
25,ZNF341,ENSG00000131061,ENSMUSG00000059842,Zfp341
26,ZFC3H1,ENSG00000133858,ENSMUSG00000034163,Zfc3h1
27,ZFHX2,ENSG00000136367,ENSMUSG00000040721,Zfhx2
28,ZNF189,ENSG00000136870,ENSMUSG00000039634,Zfp189
29,ZNF280D,ENSG00000137871,ENSMUSG00000038535,Zfp280d
30,ZFHX3,ENSG00000140836,ENSMUSG00000038872,Zfhx3
31,ZNF287,ENSG00000141040,ENSMUSG00000005267,Zfp287
32,ZFP14,ENSG00000142065,ENSMUSG00000053985,Zfp14
33,ZNF182,ENSG00000147118,ENSMUSG00000054737,Zfp182
34,ZNF185,ENSG00000147394,ENSMUSG00000031351,Zfp185
35,ZEB1,ENSG00000148516,ENSMUSG00000024238,Zeb1
36,ZDHHC7,ENSG00000153786,ENSMUSG00000031823,Zdhhc7
37,ZDHHC5,ENSG00000156599,ENSMUSG00000034075,Zdhhc5
38,ZFAND3,ENSG00000156639,ENSMUSG00000044477,Zfand3
39,ZFAND2B,ENSG00000158552,ENSMUSG00000026197,Zfand2b
40,ZNF276,ENSG00000158805,ENSMUSG00000001065,Zfp276
41,ZNF233,ENSG00000159915,ENSMUSG00000030486,Zfp108
42,ZNF233,ENSG00000159915,ENSMUSG00000047603,Zfp235
43,ZNF233,ENSG00000159915,ENSMUSG00000068962,Zfp114
44,ZNF233,ENSG00000159915,ENSMUSG00000074283,Zfp109
45,ZER1,ENSG00000160445,ENSMUSG00000039686,Zer1
46,ZNF326,ENSG00000162664,ENSMUSG00000029290,Zfp326
47,ZNF281,ENSG00000162702,ENSMUSG00000041483,Zfp281
48,ZNF148,ENSG00000163848,ENSMUSG00000022811,Zfp148
49,ZNF12,ENSG00000164631,ENSMUSG00000029587,Zfp12
50,ZNF219,ENSG00000165804,ENSMUSG00000049295,Zfp219
51,ZNF319,ENSG00000166188,ENSMUSG00000046556,Zfp319
52,ZNF202,ENSG00000166261,ENSMUSG00000025602,Zfp202
53,ZNF143,ENSG00000166478,ENSMUSG00000061079,Zfp143
54,ZNF180,ENSG00000167384,ENSMUSG00000057101,Zfp180
55,ZNF146,ENSG00000167635,ENSMUSG00000037029,Zfp146
56,ZEB2,ENSG00000169554,ENSMUSG00000026872,Zeb2
57,ZNF35,ENSG00000169981,ENSMUSG00000057895,Zfp105
58,ZNF212,ENSG00000170260,ENSMUSG00000052763,Zfp212
59,ZNF282,ENSG00000170265,ENSMUSG00000025821,Zfp282
60,ZNF296,ENSG00000170684,ENSMUSG00000011267,Zfp296
61,ZNF160,ENSG00000170949,ENSMUSG00000067942,Zfp160
62,ZNF665,ENSG00000197497,ENSMUSG00000067942,Zfp160
63,ZNF318,ENSG00000171467,ENSMUSG00000015597,Zfp318
64,ZNF274,ENSG00000171606,ENSMUSG00000058638,Zfp110
65,ZNF217,ENSG00000171940,ENSMUSG00000052056,Zfp217
66,ZNF131,ENSG00000172262,ENSMUSG00000094870,Zfp131
67,ZNF266,ENSG00000174652,ENSMUSG00000060510,Zfp266
68,ZNF169,ENSG00000175787,ENSMUSG00000050954,Zfp169
69,ZFAND2A,ENSG00000178381,ENSMUSG00000053581,Zfand2a
70,ZFP3,ENSG00000180787,ENSMUSG00000043602,Zfp3
71,ZNF322,ENSG00000181315,ENSMUSG00000046351,Zfp322a
72,ZNF329,ENSG00000181894,ENSMUSG00000057894,Zfp329
73,ZFP1,ENSG00000184517,ENSMUSG00000055835,Zfp1
74,ZNF286A,ENSG00000187607,ENSMUSG00000047342,Zfp286
75,ZDHHC9,ENSG00000188706,ENSMUSG00000036985,Zdhhc9
76,ZNF292,ENSG00000188994,ENSMUSG00000039967,Zfp292
77,ZNF239,ENSG00000196793,ENSMUSG00000042097,Zfp239
78,ZFP28,ENSG00000196867,ENSMUSG00000062861,Zfp28
79,ZNF517,ENSG00000197363,ENSMUSG00000037007,Zfp113
80,ZNF335,ENSG00000198026,ENSMUSG00000039834,Zfp335
81,ZNF248,ENSG00000198105,ENSMUSG00000030145,Zfp248
82,ZNF251,ENSG00000198169,ENSMUSG00000022526,Zfp251
83,ZNF334,ENSG00000198185,ENSMUSG00000017667,Zfp334
84,ZNF277,ENSG00000198839,ENSMUSG00000055917,Zfp277
85,ZFP2,ENSG00000198939,ENSMUSG00000049321,Zfp2
86,ZNF316,ENSG00000205903,ENSMUSG00000046658,Zfp316
87,ZNF345,ENSG00000251247,ENSMUSG00000051034,Zfp11
88,ZNF260,ENSG00000254004,ENSMUSG00000049421,Zfp260
89,ZNF280B,ENSG00000275004,ENSMUSG00000049764,Zfp280b
90,ZNF8,ENSG00000278129,ENSMUSG00000060397,Zfp128
91,,,ENSMUSG00000006720,Zfp184
92,,,ENSMUSG00000031079,Zfp300
93,,,ENSMUSG00000031365,Zfp275
94,,,ENSMUSG00000036898,Zfp157
95,,,ENSMUSG00000055240,Zfp101
96,,,ENSMUSG00000057835,Zfp119a
97,,,ENSMUSG00000061544,Zfp229
98,,,ENSMUSG00000062040,Zfp27
99,,,ENSMUSG00000062101,Zfp119b
100,,,ENSMUSG00000063108,Zfp26
101,,,ENSMUSG00000068134,Zfp120
102,,,ENSMUSG00000083674,Zfp133-ps
103,,,ENSMUSG00000087598,Zfp111
0,ZNF195,ENSG00000005801,ENSMUSG00000051037,Zfp455
1,ZNF429,ENSG00000197013,ENSMUSG00000051037,Zfp455
2,ZNF195,ENSG00000005801,ENSMUSG00000071291,Zfp58
3,ZNF429,ENSG00000197013,ENSMUSG00000071291,Zfp58
4,ZNF195,ENSG00000005801,ENSMUSG00000078994,Zfp429
5,ZNF429,ENSG00000197013,ENSMUSG00000078994,Zfp429
6,ZNF195,ENSG00000005801,ENSMUSG00000078995,Zfp456
7,ZNF429,ENSG00000197013,ENSMUSG00000078995,Zfp456
8,ZNF195,ENSG00000005801,ENSMUSG00000090659,Zfp493
9,ZNF429,ENSG00000197013,ENSMUSG00000090659,Zfp493
10,ZNF76,ENSG00000065029,ENSMUSG00000024220,Zfp523
11,ZNF532,ENSG00000074657,ENSMUSG00000042439,Zfp532
12,ZNF446,ENSG00000083838,ENSMUSG00000033961,Zfp446
13,ZNF516,ENSG00000101493,ENSMUSG00000058881,Zfp516
14,ZNF423,ENSG00000102935,ENSMUSG00000045333,Zfp423
15,ZNF574,ENSG00000105732,ENSMUSG00000045252,Zfp574
16,ZNF85,ENSG00000105750,ENSMUSG00000055341,Zfp457
17,ZNF738,ENSG00000172687,ENSMUSG00000055341,Zfp457
18,ZNF678,ENSG00000181450,ENSMUSG00000055341,Zfp457
19,ZNF724,ENSG00000196081,ENSMUSG00000055341,Zfp457
20,ZNF681,ENSG00000196172,ENSMUSG00000055341,Zfp457
21,ZNF682,ENSG00000197124,ENSMUSG00000055341,Zfp457
22,ZNF695,ENSG00000197472,ENSMUSG00000055341,Zfp457
23,ZNF727,ENSG00000214652,ENSMUSG00000055341,Zfp457
24,ZNF736,ENSG00000234444,ENSMUSG00000055341,Zfp457
25,ZNF451,ENSG00000112200,ENSMUSG00000042197,Zfp451
26,ZNF346,ENSG00000113761,ENSMUSG00000021481,Zfp346
27,ZNF541,ENSG00000118156,ENSMUSG00000078796,Zfp541
28,ZNF410,ENSG00000119725,ENSMUSG00000042472,Zfp410
29,ZNF436,ENSG00000125945,ENSMUSG00000051351,Zfp46
30,ZNF384,ENSG00000126746,ENSMUSG00000038346,Zfp384
31,ZFP36,ENSG00000128016,ENSMUSG00000044786,Zfp36
32,ZNF426,ENSG00000130818,ENSMUSG00000059475,Zfp426
33,ZNF428,ENSG00000131116,ENSMUSG00000064264,Zfp428
34,ZNF414,ENSG00000133250,ENSMUSG00000073423,Zfp414
35,ZFP37,ENSG00000136866,ENSMUSG00000028389,Zfp37
36,ZNF365,ENSG00000138311,ENSMUSG00000037855,Zfp365
37,ZNF473,ENSG00000142528,ENSMUSG00000048012,Zfp473
38,ZNF385B,ENSG00000144331,ENSMUSG00000027016,Zfp385b
39,ZNF462,ENSG00000148143,ENSMUSG00000060206,Zfp462
40,ZFP36L2,ENSG00000152518,ENSMUSG00000045817,Zfp36l2
41,ZNF362,ENSG00000160094,ENSMUSG00000028799,Zfp362
42,ZNF382,ENSG00000161298,ENSMUSG00000074220,Zfp382
43,ZNF385A,ENSG00000161642,ENSMUSG00000000552,Zfp385a
44,ZNF513,ENSG00000163795,ENSMUSG00000043059,Zfp513
45,ZNF474,ENSG00000164185,ENSMUSG00000046886,Zfp474
46,ZNF367,ENSG00000165244,ENSMUSG00000044934,Zfp367
47,ZNF22,ENSG00000165512,ENSMUSG00000059878,Zfp422
48,ZNF503,ENSG00000165655,ENSMUSG00000039081,Zfp503
49,ZNF526,ENSG00000167625,ENSMUSG00000046541,Zfp526
50,ZNF444,ENSG00000167685,ENSMUSG00000044876,Zfp444
51,ZNF558,ENSG00000167785,ENSMUSG00000074500,Zfp558
52,ZNF507,ENSG00000168813,ENSMUSG00000044452,Zfp507
53,ZNF354A,ENSG00000169131,ENSMUSG00000020364,Zfp354a
54,ZNF524,ENSG00000171443,ENSMUSG00000051184,Zfp524
55,ZNF274,ENSG00000171606,ENSMUSG00000021514,Zfp369
56,ZNF570,ENSG00000171827,ENSMUSG00000037001,Zfp39
57,ZNF449,ENSG00000173275,ENSMUSG00000073176,Zfp449
58,ZNF408,ENSG00000175213,ENSMUSG00000075040,Zfp408
59,ZNF575,ENSG00000176472,ENSMUSG00000066721,Zfp575
60,ZNF518A,ENSG00000177853,ENSMUSG00000049164,Zfp518a
61,ZNF354C,ENSG00000177932,ENSMUSG00000044807,Zfp354c
62,ZNF518B,ENSG00000178163,ENSMUSG00000046572,Zfp518b
63,ZNF366,ENSG00000178175,ENSMUSG00000050919,Zfp366
64,ZNF454,ENSG00000178187,ENSMUSG00000048728,Zfp454
65,ZNF354B,ENSG00000178338,ENSMUSG00000020335,Zfp354b
66,ZFP42,ENSG00000179059,ENSMUSG00000051176,Zfp42
67,ZNF48,ENSG00000180035,ENSMUSG00000045598,Zfp553
68,ZNF467,ENSG00000181444,ENSMUSG00000068551,Zfp467
69,ZFP41,ENSG00000181638,ENSMUSG00000047003,Zfp41
70,ZNF721,ENSG00000182903,ENSMUSG00000058402,Zfp420
71,ZNF438,ENSG00000183621,ENSMUSG00000050945,Zfp438
72,ZNF445,ENSG00000185219,ENSMUSG00000047036,Zfp445
73,ZFP36L1,ENSG00000185650,ENSMUSG00000021127,Zfp36l1
74,ZNF566,ENSG00000186017,ENSMUSG00000078768,Zfp566
75,ZNF397,ENSG00000186812,ENSMUSG00000024276,Zfp397
76,ZNF395,ENSG00000186918,ENSMUSG00000034522,Zfp395
77,ZNF385C,ENSG00000187595,ENSMUSG00000014198,Zfp385c
78,ZNF383,ENSG00000188283,ENSMUSG00000099689,Zfp383
79,ZNF34,ENSG00000196378,ENSMUSG00000062518,Zfp534
80,ZNF775,ENSG00000196456,ENSMUSG00000042063,Zfp386
81,ZNF398,ENSG00000197024,ENSMUSG00000062519,Zfp398
82,ZNF121,ENSG00000197961,ENSMUSG00000045519,Zfp560
83,ZNF511,ENSG00000198546,ENSMUSG00000025470,Zfp511
84,ZNF536,ENSG00000198597,ENSMUSG00000043456,Zfp536
85,ZNF521,ENSG00000198795,ENSMUSG00000024420,Zfp521
86,ZNF358,ENSG00000198816,ENSMUSG00000047264,Zfp358
87,ZNF551,ENSG00000204519,ENSMUSG00000034071,Zfp551
88,ZFP57,ENSG00000204644,ENSMUSG00000036036,Zfp57
89,ZNF580,ENSG00000213015,ENSMUSG00000055633,Zfp580
90,ZNF845,ENSG00000213799,ENSMUSG00000055480,Zfp458
91,ZNF845,ENSG00000213799,ENSMUSG00000055560,Zfp459
92,ZNF407,ENSG00000215421,ENSMUSG00000048410,Zfp407
93,ZNF579,ENSG00000218891,ENSMUSG00000051550,Zfp579
94,ZNF512,ENSG00000243943,ENSMUSG00000062761,Zfp512
95,ZNF488,ENSG00000265763,ENSMUSG00000044519,Zfp488
96,KLF18,ENSG00000283039,ENSMUSG00000070902,Zfp352
97,,,ENSMUSG00000002617,Zfp40
98,,,ENSMUSG00000023882,Zfp54
99,,,ENSMUSG00000023892,Zfp51
100,,,ENSMUSG00000034538,Zfp418
101,,,ENSMUSG00000051341,Zfp52
102,,,ENSMUSG00000053600,Zfp472
103,,,ENSMUSG00000057409,Zfp53
104,,,ENSMUSG00000059334,Zfp36l3
105,,,ENSMUSG00000063281,Zfp35
106,,,ENSMUSG00000067424,Zfp563
107,,,ENSMUSG00000068130,Zfp442
108,,,ENSMUSG00000074221,Zfp568
109,,,ENSMUSG00000074731,Zfp345
110,,,ENSMUSG00000082396,Zfp389
111,,,ENSMUSG00000096795,Zfp433
112,,,ENSMUSG00000098528,Zfp572
0,ZNF195,ENSG00000005801,ENSMUSG00000058883,Zfp708
1,ZNF429,ENSG00000197013,ENSMUSG00000058883,Zfp708
2,ZNF195,ENSG00000005801,ENSMUSG00000069184,Zfp72
3,ZNF429,ENSG00000197013,ENSMUSG00000069184,Zfp72
4,ZFP64,ENSG00000020256,ENSMUSG00000027551,Zfp64
5,ZNF800,ENSG00000048405,ENSMUSG00000039841,Zfp800
6,ZNF629,ENSG00000102870,ENSMUSG00000045639,Zfp629
7,ZNF85,ENSG00000105750,ENSMUSG00000048280,Zfp738
8,ZNF738,ENSG00000172687,ENSMUSG00000048280,Zfp738
9,ZNF678,ENSG00000181450,ENSMUSG00000048280,Zfp738
10,ZNF724,ENSG00000196081,ENSMUSG00000048280,Zfp738
11,ZNF681,ENSG00000196172,ENSMUSG00000048280,Zfp738
12,ZNF682,ENSG00000197124,ENSMUSG00000048280,Zfp738
13,ZNF695,ENSG00000197472,ENSMUSG00000048280,Zfp738
14,ZNF727,ENSG00000214652,ENSMUSG00000048280,Zfp738
15,ZNF736,ENSG00000234444,ENSMUSG00000048280,Zfp738
16,ZNF85,ENSG00000105750,ENSMUSG00000057842,Zfp595
17,ZNF738,ENSG00000172687,ENSMUSG00000057842,Zfp595
18,ZNF678,ENSG00000181450,ENSMUSG00000057842,Zfp595
19,ZNF724,ENSG00000196081,ENSMUSG00000057842,Zfp595
20,ZNF681,ENSG00000196172,ENSMUSG00000057842,Zfp595
21,ZNF682,ENSG00000197124,ENSMUSG00000057842,Zfp595
22,ZNF695,ENSG00000197472,ENSMUSG00000057842,Zfp595
23,ZNF727,ENSG00000214652,ENSMUSG00000057842,Zfp595
24,ZNF736,ENSG00000234444,ENSMUSG00000057842,Zfp595
25,ZBTB47,ENSG00000114853,ENSMUSG00000013419,Zfp651
26,ZNF706,ENSG00000120963,ENSMUSG00000062397,Zfp706
27,ZNF639,ENSG00000121864,ENSMUSG00000027667,Zfp639
28,ZNF644,ENSG00000122482,ENSMUSG00000049606,Zfp644
29,ZNF337,ENSG00000130684,ENSMUSG00000055150,Zfp78
30,ZNF20,ENSG00000132010,ENSMUSG00000055150,Zfp78
31,KRBOX4,ENSG00000147121,ENSMUSG00000055150,Zfp78
32,PRDM9,ENSG00000164256,ENSMUSG00000055150,Zfp78
33,ZNF439,ENSG00000171291,ENSMUSG00000055150,Zfp78
34,ZNF440,ENSG00000171295,ENSMUSG00000055150,Zfp78
35,ZNF556,ENSG00000172000,ENSMUSG00000055150,Zfp78
36,ZNF554,ENSG00000172006,ENSMUSG00000055150,Zfp78
37,ZNF491,ENSG00000177599,ENSMUSG00000055150,Zfp78
38,ZNF749,ENSG00000186230,ENSMUSG00000055150,Zfp78
39,ZNF555,ENSG00000186300,ENSMUSG00000055150,Zfp78
40,ZNF669,ENSG00000188295,ENSMUSG00000055150,Zfp78
41,ZNF124,ENSG00000196418,ENSMUSG00000055150,Zfp78
42,ZNF705A,ENSG00000196946,ENSMUSG00000055150,Zfp78
43,ZNF763,ENSG00000197054,ENSMUSG00000055150,Zfp78
44,ZNF560,ENSG00000198028,ENSMUSG00000055150,Zfp78
45,ZNF69,ENSG00000198429,ENSMUSG00000055150,Zfp78
46,ZNF891,ENSG00000214029,ENSMUSG00000055150,Zfp78
47,ZNF705D,ENSG00000215343,ENSMUSG00000055150,Zfp78
48,ZNF705B,ENSG00000215356,ENSMUSG00000055150,Zfp78
49,ZNF705G,ENSG00000215372,ENSMUSG00000055150,Zfp78
50,ZNF674,ENSG00000251192,ENSMUSG00000055150,Zfp78
51,ZNF740,ENSG00000139651,ENSMUSG00000046897,Zfp740
52,ZNF750,ENSG00000141579,ENSMUSG00000039238,Zfp750
53,ZNF787,ENSG00000142409,ENSMUSG00000046792,Zfp787
54,ZNF593,ENSG00000142684,ENSMUSG00000028840,Zfp593
55,ZNF697,ENSG00000143067,ENSMUSG00000050064,Zfp697
56,ZNF687,ENSG00000143373,ENSMUSG00000019338,Zfp687
57,ZNF711,ENSG00000147180,ENSMUSG00000025529,Zfp711
58,ZNF7,ENSG00000147789,ENSMUSG00000033669,Zfp7
59,ZNF689,ENSG00000156853,ENSMUSG00000048921,Zfp689
60,ZNF618,ENSG00000157657,ENSMUSG00000028358,Zfp618
61,ZNF653,ENSG00000161914,ENSMUSG00000038895,Zfp653
62,ZNF691,ENSG00000164011,ENSMUSG00000045268,Zfp691
63,ZNF704,ENSG00000164684,ENSMUSG00000040209,Zfp704
64,ZNF606,ENSG00000166704,ENSMUSG00000030386,Zfp606
65,ZNF592,ENSG00000166716,ENSMUSG00000005621,Zfp592
66,ZNF23,ENSG00000167377,ENSMUSG00000044676,Zfp612
67,ZNF226,ENSG00000167380,ENSMUSG00000050605,Zfp61
68,ZNF668,ENSG00000167394,ENSMUSG00000049728,Zfp668
69,ZNF646,ENSG00000167395,ENSMUSG00000049739,Zfp646
70,ZNF641,ENSG00000167528,ENSMUSG00000022987,Zfp641
71,ZNF598,ENSG00000167962,ENSMUSG00000041130,Zfp598
72,ZNF597,ENSG00000167981,ENSMUSG00000039789,Zfp597
73,ZNF608,ENSG00000168916,ENSMUSG00000052713,Zfp608
74,ZNF32,ENSG00000169740,ENSMUSG00000059689,Zfp637
75,ZNF764,ENSG00000169951,ENSMUSG00000045757,Zfp764
76,ZNF747,ENSG00000169955,ENSMUSG00000045757,Zfp764
77,ZNF768,ENSG00000169957,ENSMUSG00000047371,Zfp768
78,ZNF778,ENSG00000170100,ENSMUSG00000067430,Zfp763
79,ZNF804A,ENSG00000170396,ENSMUSG00000070866,Zfp804a
80,ZNF672,ENSG00000171161,ENSMUSG00000049755,Zfp672
81,ZNF692,ENSG00000171163,ENSMUSG00000037243,Zfp692
82,ZNF622,ENSG00000173545,ENSMUSG00000052253,Zfp622
83,ZNF791,ENSG00000173875,ENSMUSG00000074194,Zfp791
84,ZNF654,ENSG00000175105,ENSMUSG00000047141,Zfp654
85,ZNF664,ENSG00000179195,ENSMUSG00000079215,Zfp664
86,ZNF784,ENSG00000179922,ENSMUSG00000043290,Zfp784
87,ZNF648,ENSG00000179930,ENSMUSG00000066797,Zfp648
88,ZNF771,ENSG00000179965,ENSMUSG00000054716,Zfp771
89,ZNF609,ENSG00000180357,ENSMUSG00000040524,Zfp609
90,ZNF746,ENSG00000181220,ENSMUSG00000057691,Zfp746
91,ZNF623,ENSG00000183309,ENSMUSG00000050846,Zfp623
92,ZNF703,ENSG00000183779,ENSMUSG00000085795,Zfp703
93,ZFP69,ENSG00000187815,ENSMUSG00000064141,Zfp69
94,ZNF250,ENSG00000196150,ENSMUSG00000054967,Zfp647
95,ZNF34,ENSG00000196378,ENSMUSG00000067928,Zfp760
96,ZNF569,ENSG00000196437,ENSMUSG00000059975,Zfp74
97,ZNF777,ENSG00000196453,ENSMUSG00000071477,Zfp777
98,ZNF775,ENSG00000196456,ENSMUSG00000030469,Zfp719
99,ZNF605,ENSG00000196458,ENSMUSG00000023284,Zfp605
100,ZFP62,ENSG00000196670,ENSMUSG00000046311,Zfp62
101,ZNF420,ENSG00000197050,ENSMUSG00000011427,Zfp790
102,ZNF420,ENSG00000197050,ENSMUSG00000063047,Zfp780b
103,ZNF655,ENSG00000197343,ENSMUSG00000007812,Zfp655
104,ZNF786,ENSG00000197362,ENSMUSG00000051499,Zfp786
105,ZNF628,ENSG00000197483,ENSMUSG00000074406,Zfp628
106,ZNF780A,ENSG00000197782,ENSMUSG00000037640,Zfp60
107,ZNF780A,ENSG00000197782,ENSMUSG00000078779,Zfp59
108,ZNF667,ENSG00000198046,ENSMUSG00000054893,Zfp667
109,ZNF770,ENSG00000198146,ENSMUSG00000040321,Zfp770
110,ZNF583,ENSG00000198440,ENSMUSG00000030443,Zfp583
111,ZNF652,ENSG00000198740,ENSMUSG00000075595,Zfp652
112,ZNF845,ENSG00000213799,ENSMUSG00000057396,Zfp759
113,ZNF845,ENSG00000213799,ENSMUSG00000090641,Zfp712
114,ZNF845,ENSG00000213799,ENSMUSG00000095432,Zfp748
115,ZNF688,ENSG00000229809,ENSMUSG00000045251,Zfp688
116,ZNF892,ENSG00000233757,ENSMUSG00000063535,Zfp773
117,ZNF892,ENSG00000233757,ENSMUSG00000066838,Zfp772
118,ZNF2,ENSG00000275111,ENSMUSG00000034800,Zfp661
119,,,ENSMUSG00000007216,Zfp775
120,,,ENSMUSG00000012640,Zfp715
121,,,ENSMUSG00000034429,Zfp707
122,,,ENSMUSG00000044501,Zfp758
123,,,ENSMUSG00000048897,Zfp710
124,,,ENSMUSG00000054381,Zfp747
125,,,ENSMUSG00000056019,Zfp709
126,,,ENSMUSG00000056592,Zfp658
127,,,ENSMUSG00000056824,Zfp663
128,,,ENSMUSG00000058291,Zfp68
129,,,ENSMUSG00000060630,Zfp735
130,,,ENSMUSG00000062743,Zfp677
131,,,ENSMUSG00000062794,Zfp599
132,,,ENSMUSG00000066007,Zfp600
133,,,ENSMUSG00000066880,Zfp617
134,,,ENSMUSG00000068959,Zfp619
135,,,ENSMUSG00000069476,Zfp616
136,,,ENSMUSG00000072653,Zfp783
137,,,ENSMUSG00000074165,Zfp788
138,,,ENSMUSG00000095253,Zfp799
139,,,ENSMUSG00000096718,Zfp781
0,ZNF195,ENSG00000005801,ENSMUSG00000059839,Zfp874b
1,ZNF429,ENSG00000197013,ENSMUSG00000059839,Zfp874b
2,ZNF195,ENSG00000005801,ENSMUSG00000060314,Zfp941
3,ZNF429,ENSG00000197013,ENSMUSG00000060314,Zfp941
4,ZNF195,ENSG00000005801,ENSMUSG00000069206,Zfp874a
5,ZNF429,ENSG00000197013,ENSMUSG00000069206,Zfp874a
6,ZNF195,ENSG00000005801,ENSMUSG00000097333,Zfp87
7,ZNF429,ENSG00000197013,ENSMUSG00000097333,Zfp87
8,ZFX,ENSG00000005889,ENSMUSG00000079509,Zfx
9,ZNF839,ENSG00000022976,ENSMUSG00000021271,Zfp839
10,ZIC2,ENSG00000043355,ENSMUSG00000061524,Zic2
11,ZFR,ENSG00000056097,ENSMUSG00000022201,Zfr
12,ZFYVE26,ENSG00000072121,ENSMUSG00000066440,Zfyve26
13,ZNF510,ENSG00000081386,ENSMUSG00000055102,Zfp819
14,ZNF586,ENSG00000083828,ENSMUSG00000000103,Zfy2
15,ZNF419,ENSG00000105136,ENSMUSG00000000103,Zfy2
16,ZNF549,ENSG00000121406,ENSMUSG00000000103,Zfy2
17,ZNF304,ENSG00000131845,ENSMUSG00000000103,Zfy2
18,ZNF773,ENSG00000152439,ENSMUSG00000000103,Zfy2
19,ZNF256,ENSG00000152454,ENSMUSG00000000103,Zfy2
20,ZNF837,ENSG00000152475,ENSMUSG00000000103,Zfy2
21,ZNF610,ENSG00000167554,ENSMUSG00000000103,Zfy2
22,ZNF562,ENSG00000171466,ENSMUSG00000000103,Zfy2
23,ZNF561,ENSG00000171469,ENSMUSG00000000103,Zfy2
24,ZNF584,ENSG00000171574,ENSMUSG00000000103,Zfy2
25,ZNF552,ENSG00000178935,ENSMUSG00000000103,Zfy2
26,ZNF154,ENSG00000179909,ENSMUSG00000000103,Zfy2
27,ZNF792,ENSG00000180884,ENSMUSG00000000103,Zfy2
28,ZNF793,ENSG00000188227,ENSMUSG00000000103,Zfy2
29,ZNF548,ENSG00000188785,ENSMUSG00000000103,Zfy2
30,ZNF418,ENSG00000196724,ENSMUSG00000000103,Zfy2
31,ZNF772,ENSG00000197128,ENSMUSG00000000103,Zfy2
32,ZNF480,ENSG00000198464,ENSMUSG00000000103,Zfy2
33,ZNF134,ENSG00000213762,ENSMUSG00000000103,Zfy2
34,ZNF587B,ENSG00000269343,ENSMUSG00000000103,Zfy2
35,ZNF586,ENSG00000083828,ENSMUSG00000053211,Zfy1
36,ZNF419,ENSG00000105136,ENSMUSG00000053211,Zfy1
37,ZNF549,ENSG00000121406,ENSMUSG00000053211,Zfy1
38,ZNF304,ENSG00000131845,ENSMUSG00000053211,Zfy1
39,ZNF773,ENSG00000152439,ENSMUSG00000053211,Zfy1
40,ZNF256,ENSG00000152454,ENSMUSG00000053211,Zfy1
41,ZNF837,ENSG00000152475,ENSMUSG00000053211,Zfy1
42,ZNF610,ENSG00000167554,ENSMUSG00000053211,Zfy1
43,ZNF562,ENSG00000171466,ENSMUSG00000053211,Zfy1
44,ZNF561,ENSG00000171469,ENSMUSG00000053211,Zfy1
45,ZNF584,ENSG00000171574,ENSMUSG00000053211,Zfy1
46,ZNF552,ENSG00000178935,ENSMUSG00000053211,Zfy1
47,ZNF154,ENSG00000179909,ENSMUSG00000053211,Zfy1
48,ZNF792,ENSG00000180884,ENSMUSG00000053211,Zfy1
49,ZNF793,ENSG00000188227,ENSMUSG00000053211,Zfy1
50,ZNF548,ENSG00000188785,ENSMUSG00000053211,Zfy1
51,ZNF418,ENSG00000196724,ENSMUSG00000053211,Zfy1
52,ZNF772,ENSG00000197128,ENSMUSG00000053211,Zfy1
53,ZNF480,ENSG00000198464,ENSMUSG00000053211,Zfy1
54,ZNF134,ENSG00000213762,ENSMUSG00000053211,Zfy1
55,ZNF587B,ENSG00000269343,ENSMUSG00000053211,Zfy1
56,TCF20,ENSG00000100207,ENSMUSG00000071262,Zfp957
57,ZFYVE21,ENSG00000100711,ENSMUSG00000021286,Zfyve21
58,ZNF821,ENSG00000102984,ENSMUSG00000031728,Zfp821
59,ZFR2,ENSG00000105278,ENSMUSG00000034949,Zfr2
60,ZNF85,ENSG00000105750,ENSMUSG00000098905,Zfp953
61,ZNF738,ENSG00000172687,ENSMUSG00000098905,Zfp953
62,ZNF678,ENSG00000181450,ENSMUSG00000098905,Zfp953
63,ZNF724,ENSG00000196081,ENSMUSG00000098905,Zfp953
64,ZNF681,ENSG00000196172,ENSMUSG00000098905,Zfp953
65,ZNF682,ENSG00000197124,ENSMUSG00000098905,Zfp953
66,ZNF695,ENSG00000197472,ENSMUSG00000098905,Zfp953
67,ZNF727,ENSG00000214652,ENSMUSG00000098905,Zfp953
68,ZNF736,ENSG00000234444,ENSMUSG00000098905,Zfp953
69,ZNF831,ENSG00000124203,ENSMUSG00000050600,Zfp831
70,ZNF45,ENSG00000124459,ENSMUSG00000074282,Zfp94
71,ZIC5,ENSG00000139800,ENSMUSG00000041703,Zic5
72,ZNF827,ENSG00000151612,ENSMUSG00000071064,Zfp827
73,ZIC1,ENSG00000152977,ENSMUSG00000032368,Zic1
74,ZFYVE27,ENSG00000155256,ENSMUSG00000018820,Zfyve27
75,ZIC3,ENSG00000156925,ENSMUSG00000067860,Zic3
76,ZFYVE9,ENSG00000157077,ENSMUSG00000034557,Zfyve9
77,ZFYVE28,ENSG00000159733,ENSMUSG00000037224,Zfyve28
78,ZNF233,ENSG00000159915,ENSMUSG00000055305,Zfp93
79,ZFPL1,ENSG00000162300,ENSMUSG00000024792,Zfpl1
80,ZHX1,ENSG00000165156,ENSMUSG00000022361,Zhx1
81,ZFYVE1,ENSG00000165861,ENSMUSG00000042628,Zfyve1
82,ZFYVE19,ENSG00000166140,ENSMUSG00000068580,Zfyve19
83,ZFPM2,ENSG00000169946,ENSMUSG00000022306,Zfpm2
84,ZIK1,ENSG00000171649,ENSMUSG00000030393,Zik1
85,ZHX3,ENSG00000174306,ENSMUSG00000035877,Zhx3
86,ZIC4,ENSG00000174963,ENSMUSG00000036972,Zic4
87,ZG16,ENSG00000174992,ENSMUSG00000049350,Zg16
88,ZNF25,ENSG00000175395,ENSMUSG00000072623,Zfp9
89,ZHX2,ENSG00000178764,ENSMUSG00000071757,Zhx2
90,ZFPM1,ENSG00000179588,ENSMUSG00000049577,Zfpm1
91,ZNF443,ENSG00000180855,ENSMUSG00000043090,Zfp866
92,ZNF563,ENSG00000188868,ENSMUSG00000043090,Zfp866
93,ZNF799,ENSG00000196466,ENSMUSG00000043090,Zfp866
94,ZNF700,ENSG00000196757,ENSMUSG00000043090,Zfp866
95,ZNF441,ENSG00000197044,ENSMUSG00000043090,Zfp866
96,ZNF433,ENSG00000197647,ENSMUSG00000043090,Zfp866
97,ZNF44,ENSG00000197857,ENSMUSG00000043090,Zfp866
98,ZNF823,ENSG00000197933,ENSMUSG00000043090,Zfp866
99,ZNF442,ENSG00000198342,ENSMUSG00000043090,Zfp866
100,ZNF443,ENSG00000180855,ENSMUSG00000054519,Zfp867
101,ZNF563,ENSG00000188868,ENSMUSG00000054519,Zfp867
102,ZNF799,ENSG00000196466,ENSMUSG00000054519,Zfp867
103,ZNF700,ENSG00000196757,ENSMUSG00000054519,Zfp867
104,ZNF441,ENSG00000197044,ENSMUSG00000054519,Zfp867
105,ZNF433,ENSG00000197647,ENSMUSG00000054519,Zfp867
106,ZNF44,ENSG00000197857,ENSMUSG00000054519,Zfp867
107,ZNF823,ENSG00000197933,ENSMUSG00000054519,Zfp867
108,ZNF442,ENSG00000198342,ENSMUSG00000054519,Zfp867
109,ZNF443,ENSG00000180855,ENSMUSG00000054648,Zfp869
110,ZNF563,ENSG00000188868,ENSMUSG00000054648,Zfp869
111,ZNF799,ENSG00000196466,ENSMUSG00000054648,Zfp869
112,ZNF700,ENSG00000196757,ENSMUSG00000054648,Zfp869
113,ZNF441,ENSG00000197044,ENSMUSG00000054648,Zfp869
114,ZNF433,ENSG00000197647,ENSMUSG00000054648,Zfp869
115,ZNF44,ENSG00000197857,ENSMUSG00000054648,Zfp869
116,ZNF823,ENSG00000197933,ENSMUSG00000054648,Zfp869
117,ZNF442,ENSG00000198342,ENSMUSG00000054648,Zfp869
118,ZNF443,ENSG00000180855,ENSMUSG00000060427,Zfp868
119,ZNF563,ENSG00000188868,ENSMUSG00000060427,Zfp868
120,ZNF799,ENSG00000196466,ENSMUSG00000060427,Zfp868
121,ZNF700,ENSG00000196757,ENSMUSG00000060427,Zfp868
122,ZNF441,ENSG00000197044,ENSMUSG00000060427,Zfp868
123,ZNF433,ENSG00000197647,ENSMUSG00000060427,Zfp868
124,ZNF44,ENSG00000197857,ENSMUSG00000060427,Zfp868
125,ZNF823,ENSG00000197933,ENSMUSG00000060427,Zfp868
126,ZNF442,ENSG00000198342,ENSMUSG00000060427,Zfp868
127,ZNF443,ENSG00000180855,ENSMUSG00000091764,Zfp964
128,ZNF563,ENSG00000188868,ENSMUSG00000091764,Zfp964
129,ZNF799,ENSG00000196466,ENSMUSG00000091764,Zfp964
130,ZNF700,ENSG00000196757,ENSMUSG00000091764,Zfp964
131,ZNF441,ENSG00000197044,ENSMUSG00000091764,Zfp964
132,ZNF433,ENSG00000197647,ENSMUSG00000091764,Zfp964
133,ZNF44,ENSG00000197857,ENSMUSG00000091764,Zfp964
134,ZNF823,ENSG00000197933,ENSMUSG00000091764,Zfp964
135,ZNF442,ENSG00000198342,ENSMUSG00000091764,Zfp964
136,ZNF443,ENSG00000180855,ENSMUSG00000092260,Zfp963
137,ZNF563,ENSG00000188868,ENSMUSG00000092260,Zfp963
138,ZNF799,ENSG00000196466,ENSMUSG00000092260,Zfp963
139,ZNF700,ENSG00000196757,ENSMUSG00000092260,Zfp963
140,ZNF441,ENSG00000197044,ENSMUSG00000092260,Zfp963
141,ZNF433,ENSG00000197647,ENSMUSG00000092260,Zfp963
142,ZNF44,ENSG00000197857,ENSMUSG00000092260,Zfp963
143,ZNF823,ENSG00000197933,ENSMUSG00000092260,Zfp963
144,ZNF442,ENSG00000198342,ENSMUSG00000092260,Zfp963
145,ZFP82,ENSG00000181007,ENSMUSG00000098022,Zfp82
146,ZNF804B,ENSG00000182348,ENSMUSG00000092094,Zfp804b
147,ZFP90,ENSG00000184939,ENSMUSG00000031907,Zfp90
148,ZFP91,ENSG00000186660,ENSMUSG00000024695,Zfp91
149,ZFP92,ENSG00000189420,ENSMUSG00000031374,Zfp92
150,ZNF34,ENSG00000196378,ENSMUSG00000033972,Zfp944
151,ZNF34,ENSG00000196378,ENSMUSG00000053347,Zfp943
152,ZNF34,ENSG00000196378,ENSMUSG00000059142,Zfp945
153,ZNF34,ENSG00000196378,ENSMUSG00000063383,Zfp947
154,ZNF34,ENSG00000196378,ENSMUSG00000069743,Zfp820
155,ZNF34,ENSG00000196378,ENSMUSG00000071266,Zfp946
156,ZNF34,ENSG00000196378,ENSMUSG00000071267,Zfp942
157,ZGPAT,ENSG00000197114,ENSMUSG00000027582,Zgpat
158,ZNF627,ENSG00000198551,ENSMUSG00000074472,Zfp872
159,ZNF830,ENSG00000198783,ENSMUSG00000046010,Zfp830
160,ZGLP1,ENSG00000220201,ENSMUSG00000079681,Zglp1
161,ZNF844,ENSG00000223547,ENSMUSG00000052446,Zfp961
162,ZNF892,ENSG00000233757,ENSMUSG00000062116,Zfp954
163,ZNF879,ENSG00000234284,ENSMUSG00000044296,Zfp879
164,ZNF865,ENSG00000261221,ENSMUSG00000074405,Zfp865
165,,,ENSMUSG00000003198,Zfp959
166,,,ENSMUSG00000003929,Zfp81
167,,,ENSMUSG00000021706,Zfyve16
168,,,ENSMUSG00000024298,Zfp871
169,,,ENSMUSG00000030424,Zfp939
170,,,ENSMUSG00000032425,Zfp949
171,,,ENSMUSG00000045466,Zfp956
172,,,ENSMUSG00000046185,Zfp84
173,,,ENSMUSG00000050855,Zfp940
174,,,ENSMUSG00000053390,Zfp952
175,,,ENSMUSG00000055202,Zfp811
176,,,ENSMUSG00000057982,Zfp809
177,,,ENSMUSG00000058192,Zfp846
178,,,ENSMUSG00000058748,Zfp958
179,,,ENSMUSG00000059423,Zfp933
180,,,ENSMUSG00000059897,Zfp930
181,,,ENSMUSG00000060336,Zfp937
182,,,ENSMUSG00000061371,Zfp873
183,,,ENSMUSG00000062931,Zfp938
184,,,ENSMUSG00000064194,Zfp936
185,,,ENSMUSG00000066613,Zfp932
186,,,ENSMUSG00000066829,Zfp810
187,,,ENSMUSG00000067931,Zfp948
188,,,ENSMUSG00000069208,Zfp825
189,,,ENSMUSG00000072774,Zfp951
190,,,ENSMUSG00000074865,Zfp934
191,,,ENSMUSG00000074867,Zfp808
192,,,ENSMUSG00000078861,Zfp931
193,,,ENSMUSG00000089857,Zfp882
194,,,ENSMUSG00000094441,Zfp955a
195,,,ENSMUSG00000095325,Zfp870
196,,,ENSMUSG00000095990,Zfp97
197,,,ENSMUSG00000096696,Zfp960
198,,,ENSMUSG00000096910,Zfp955b
199,,,ENSMUSG00000113450,Zfp935
0,ZMYND10,ENSG00000004838,ENSMUSG00000010044,Zmynd10
1,ZMYND11,ENSG00000015171,ENSMUSG00000021156,Zmynd11
2,ZRANB1,ENSG00000019995,ENSMUSG00000030967,Zranb1
3,ZZZ3,ENSG00000036549,ENSMUSG00000039068,Zzz3
4,ZPBP,ENSG00000042813,ENSMUSG00000020193,Zpbp
5,ZMYND12,ENSG00000066185,ENSMUSG00000070806,Zmynd12
6,ZXDC,ENSG00000070476,ENSMUSG00000034430,Zxdc
7,ZZEF1,ENSG00000074755,ENSMUSG00000055670,Zzef1
8,ZMPSTE24,ENSG00000084073,ENSMUSG00000043207,Zmpste24
9,ZW10,ENSG00000086827,ENSMUSG00000032264,Zw10
10,ZMAT5,ENSG00000100319,ENSMUSG00000009076,Zmat5
11,ZMYND8,ENSG00000101040,ENSMUSG00000039671,Zmynd8
12,ASIP,ENSG00000101440,ENSMUSG00000027596,a
13,ZP2,ENSG00000103310,ENSMUSG00000030911,Zp2
14,ZNRF4,ENSG00000105428,ENSMUSG00000044526,Znrf4
15,ZKSCAN1,ENSG00000106261,ENSMUSG00000029729,Zkscan1
16,ZNHIT1,ENSG00000106400,ENSMUSG00000059518,Znhit1
17,ZMIZ1,ENSG00000108175,ENSMUSG00000007817,Zmiz1
18,ZNHIT6,ENSG00000117174,ENSMUSG00000074182,Znhit6
19,ZSCAN18,ENSG00000121413,ENSMUSG00000070822,Zscan18
20,ZMYM2,ENSG00000121741,ENSMUSG00000021945,Zmym2
21,ZSCAN20,ENSG00000121903,ENSMUSG00000061894,Zscan20
22,ZRANB3,ENSG00000121988,ENSMUSG00000036086,Zranb3
23,ZMIZ2,ENSG00000122515,ENSMUSG00000041164,Zmiz2
24,ZWINT,ENSG00000122952,ENSMUSG00000019923,Zwint
25,ZNFX1,ENSG00000124201,ENSMUSG00000039501,Znfx1
26,ZSCAN10,ENSG00000130182,ENSMUSG00000023902,Zscan10
27,ZSWIM6,ENSG00000130449,ENSMUSG00000032846,Zswim6
28,ZSCAN5A,ENSG00000131848,ENSMUSG00000058028,Zscan5b
29,ZSCAN5B,ENSG00000197213,ENSMUSG00000058028,Zscan5b
30,ZSCAN5C,ENSG00000204532,ENSMUSG00000058028,Zscan5b
31,ZSWIM4,ENSG00000132003,ENSMUSG00000035671,Zswim4
32,ZRANB2,ENSG00000132485,ENSMUSG00000028180,Zranb2
33,ZSWIM3,ENSG00000132801,ENSMUSG00000045822,Zswim3
34,ZMYM5,ENSG00000132950,ENSMUSG00000040123,Zmym5
35,ZSCAN29,ENSG00000140265,ENSMUSG00000050619,Zscan29
36,ZMYND15,ENSG00000141497,ENSMUSG00000040829,Zmynd15
37,ZMAT2,ENSG00000146007,ENSMUSG00000001383,Zmat2
38,ZMYM4,ENSG00000146463,ENSMUSG00000042446,Zmym4
39,POMZP3,ENSG00000146707,ENSMUSG00000004948,Zp3
40,ZP3,ENSG00000188372,ENSMUSG00000004948,Zp3
41,ZMYM3,ENSG00000147130,ENSMUSG00000031310,Zmym3
42,ZP1,ENSG00000149506,ENSMUSG00000024734,Zp1
43,ZNF18,ENSG00000154957,ENSMUSG00000018347,Zkscan6
44,ZKSCAN2,ENSG00000155592,ENSMUSG00000030757,Zkscan2
45,ZSCAN12,ENSG00000158691,ENSMUSG00000036721,Zscan12
46,ZYX,ENSG00000159840,ENSMUSG00000029860,Zyx
47,ZNF394,ENSG00000160908,ENSMUSG00000029627,Zkscan14
48,ZYG11B,ENSG00000162378,ENSMUSG00000034636,Zyg11b
49,ZSWIM5,ENSG00000162415,ENSMUSG00000033948,Zswim5
50,ZNF496,ENSG00000162714,ENSMUSG00000020472,Zkscan17
51,ZSWIM2,ENSG00000163012,ENSMUSG00000034552,Zswim2
52,ZMYM6,ENSG00000163867,ENSMUSG00000042408,Zmym6
53,ZMAT4,ENSG00000165061,ENSMUSG00000037492,Zmat4
54,ZMYND19,ENSG00000165724,ENSMUSG00000026974,Zmynd19
55,ZMAT1,ENSG00000166432,ENSMUSG00000052676,Zmat1
56,ZSCAN21,ENSG00000166529,ENSMUSG00000037017,Zscan21
57,ZSWIM1,ENSG00000168612,ENSMUSG00000017764,Zswim1
58,ZPLD1,ENSG00000170044,ENSMUSG00000064310,Zpld1
59,ZMAT3,ENSG00000172667,ENSMUSG00000027663,Zmat3
60,ZNF483,ENSG00000173258,ENSMUSG00000038630,Zkscan16
61,ZWILCH,ENSG00000174442,ENSMUSG00000032400,Zwilch
62,ZSCAN2,ENSG00000176371,ENSMUSG00000038797,Zscan2
63,ZNRF2,ENSG00000180233,ENSMUSG00000058446,Znrf2
64,ZSCAN22,ENSG00000182318,ENSMUSG00000054715,Zscan22
65,ZNRF3,ENSG00000183579,ENSMUSG00000041961,Znrf3
66,ZPBP2,ENSG00000186075,ENSMUSG00000017195,Zpbp2
67,ZNRF1,ENSG00000186187,ENSMUSG00000033545,Znrf1
68,ZKSCAN4,ENSG00000187626,ENSMUSG00000021327,Zkscan3
69,ZKSCAN4,ENSG00000187626,ENSMUSG00000054931,Zkscan4
70,ZKSCAN5,ENSG00000196652,ENSMUSG00000055991,Zkscan5
71,ZMYM1,ENSG00000197056,ENSMUSG00000043872,Zmym1
72,ZYG11A,ENSG00000203995,ENSMUSG00000034645,Zyg11a
73,ZSWIM7,ENSG00000214941,ENSMUSG00000014243,Zswim7
74,ZNHIT3,ENSG00000273611,ENSMUSG00000020526,Znhit3
75,,,ENSMUSG00000002266,Zim1
76,,,ENSMUSG00000031370,Zrsr2
77,,,ENSMUSG00000042554,Zp3r
78,,,ENSMUSG00000054272,Zscan4c
79,,,ENSMUSG00000070828,Zscan4f
80,,,ENSMUSG00000073060,Zxda
81,,,ENSMUSG00000073062,Zxdb
82,,,ENSMUSG00000090714,Zscan4d
83,,,ENSMUSG00000095339,Zscan4b
84,,,ENSMUSG00000095936,Zscan4e
85,,,ENSMUSG00000108043,Zim3
86,,,ENSMUSG00000110097,Zscan4a
87,,,ENSMUSG00000113593,Zp4-ps
